{"type":"FeatureCollection","attribution":"Contains data from the Toilet Map © 2025 – CC BY 4.0 (https://www.toiletmap.org.uk/dataset)","generated_at":"2026-08-21T08:59:23.624Z","features":[{"type":"Feature","geometry":{"type":"Point","coordinates":[-0.0695014,51.472632521]},"properties":{"id":"toiletmap/001405572fdbb4273ba83c5c","source":"toiletmap-uk","name":"The Market Place","fee":"no","charge":null,"access":null,"wheelchair":"yes","opening_hours":null,"operator":null,"description":"The general toilets are located on the first floor. There is a very long staircase.","password":null}},{"type":"Feature","geometry":{"type":"Point","coordinates":[-0.12001562,51.58183162]},"properties":{"id":"toiletmap/001cb545e66f4e4e60bfbe22","source":"toiletmap-uk","name":"Arthouse cinema","fee":"no","charge":null,"access":null,"wheelchair":"no","opening_hours":null,"operator":null,"description":"Open during cinema open hours. On ground floor either side of counter area","password":null}},{"type":"Feature","geometry":{"type":"Point","coordinates":[-0.257878304,51.341701488]},"properties":{"id":"toiletmap/0022fcd2550b6a1c2fd3450f","source":"toiletmap-uk","name":"Sainsbury's Epsom","fee":"yes","charge":null,"access":null,"wheelchair":"yes","opening_hours":null,"operator":null,"description":null,"password":null}},{"type":"Feature","geometry":{"type":"Point","coordinates":[-0.166981,51.5715869]},"properties":{"id":"toiletmap/0047926d09a3ab865e8ddb43","source":"toiletmap-uk","name":"Kenwood House Public Conveniences","fee":"no","charge":null,"access":null,"wheelchair":"no","opening_hours":null,"operator":null,"description":"9am-7pm (Summer), 9am-4pm (Winter).\r\n\r\nToilets open to the public as part of the park and historic Kenwood House.","password":null}},{"type":"Feature","geometry":{"type":"Point","coordinates":[-0.18774372,51.42047448]},"properties":{"id":"toiletmap/0053a3ee0cc2609f9b7eb571","source":"toiletmap-uk","name":null,"fee":"no","charge":null,"access":null,"wheelchair":"no","opening_hours":null,"operator":null,"description":null,"password":null}},{"type":"Feature","geometry":{"type":"Point","coordinates":[-0.353118181,51.579563135]},"properties":{"id":"toiletmap/008897dadfac48d1260a4bb2","source":"toiletmap-uk","name":"West Harrow Underground Station","fee":"no","charge":null,"access":null,"wheelchair":"yes","opening_hours":null,"operator":null,"description":"All (except male toilets) are beyond the ticket gateline. Ask TfL staff for access. ","password":null}},{"type":"Feature","geometry":{"type":"Point","coordinates":[0.035544634,51.534350441]},"properties":{"id":"toiletmap/008b83795814d2b1db4212b8","source":"toiletmap-uk","name":"​Hamara Ghar","fee":"yes","charge":"10p","access":null,"wheelchair":"yes","opening_hours":"Mo-Su 00:00-00:00","operator":null,"description":null,"password":null}},{"type":"Feature","geometry":{"type":"Point","coordinates":[-0.218664408,51.306329613]},"properties":{"id":"toiletmap/00b7c4b4f5ad7b8ffffc6793","source":"toiletmap-uk","name":"Waitrose - Burgh Heath","fee":"yes","charge":null,"access":null,"wheelchair":"yes","opening_hours":"Mo-Su 09:00-17:00","operator":null,"description":"Open: Mon - Sun - Midnight - 11.30pm, Cafe. KT20 6BX","password":null}},{"type":"Feature","geometry":{"type":"Point","coordinates":[-0.099649429,51.333071812]},"properties":{"id":"toiletmap/00bf4fe7f5363541d7177ca0","source":"toiletmap-uk","name":"Riddlesdown Station","fee":"no","charge":null,"access":null,"wheelchair":"no","opening_hours":null,"operator":null,"description":null,"password":null}},{"type":"Feature","geometry":{"type":"Point","coordinates":[-0.046968162,51.495458824]},"properties":{"id":"toiletmap/00e363db802a2e8f4515be24","source":"toiletmap-uk","name":"Surrey Quays Shopping Centre","fee":"no","charge":null,"access":null,"wheelchair":"yes","opening_hours":"Mo-Sa 09:30-19:00; Su 11:00-17:00","operator":null,"description":"Monday to Sunday, 9am to 6pm","password":null}},{"type":"Feature","geometry":{"type":"Point","coordinates":[-0.332312286,51.449103317]},"properties":{"id":"toiletmap/00e5da3b3c3ba0479313ead2","source":"toiletmap-uk","name":"The Albany","fee":"no","charge":null,"access":null,"wheelchair":"yes","opening_hours":"Tu-Th 16:00-23:00; Fr-Su 12:00-20:00","operator":null,"description":"Part of Richmond Council's Community Toilet Scheme.","password":null}},{"type":"Feature","geometry":{"type":"Point","coordinates":[-0.227912664,51.493328148]},"properties":{"id":"toiletmap/010c036838cfcca98662d35c","source":"toiletmap-uk","name":"Livat Hammersmith Shopping Centre (Kings Mall)","fee":"no","charge":null,"access":null,"wheelchair":"yes","opening_hours":"Mo-Fr 06:30-21:30; Sa 07:30-21:30; Su 08:00-18:00","operator":null,"description":"Toilets are on the first floor. There is stair and lift access at the middle point of the mall (next to Lidl).","password":null}},{"type":"Feature","geometry":{"type":"Point","coordinates":[-0.063160805,51.419308744]},"properties":{"id":"toiletmap/013e0b4bc51e804b0b66e028","source":"toiletmap-uk","name":"Crystal Palace Park public toilets","fee":"no","charge":null,"access":null,"wheelchair":"no","opening_hours":null,"operator":null,"description":null,"password":null}},{"type":"Feature","geometry":{"type":"Point","coordinates":[0.1461723,51.4571036]},"properties":{"id":"toiletmap/01c512b2ddf8317b469bab10","source":"toiletmap-uk","name":"Friswell Place, Bexleyheath","fee":"no","charge":null,"access":null,"wheelchair":"no","opening_hours":"Mo-Su 00:00-00:00","operator":null,"description":null,"password":null}},{"type":"Feature","geometry":{"type":"Point","coordinates":[0.0138755,51.571388]},"properties":{"id":"toiletmap/01e615f4ee3fd70be6eb44aa","source":"toiletmap-uk","name":"Tesco Leytonstone","fee":"no","charge":null,"access":null,"wheelchair":"yes","opening_hours":"Mo-Su 09:00-17:00","operator":null,"description":"MON-SAT 0600-Midnight. SUN 1000-1600. Part of Mayor of London's 'Open London' Community Toilet Scheme","password":null}},{"type":"Feature","geometry":{"type":"Point","coordinates":[-0.067441463,51.602185949]},"properties":{"id":"toiletmap/021d840f452f2bff2f683a53","source":"toiletmap-uk","name":"Coombes Croft","fee":"no","charge":null,"access":null,"wheelchair":"no","opening_hours":"Mo-Su 09:00-17:00","operator":null,"description":"9am - 5pm\r\n\r\nMALE ONLY during Spurs match days and every Thursday only","password":null}},{"type":"Feature","geometry":{"type":"Point","coordinates":[-0.324983955,51.482939403]},"properties":{"id":"toiletmap/027091879bf7a585e757e08f","source":"toiletmap-uk","name":"Homebase","fee":"no","charge":null,"access":null,"wheelchair":"no","opening_hours":null,"operator":null,"description":"Part of Hounslow Community Toilet Scheme","password":null}},{"type":"Feature","geometry":{"type":"Point","coordinates":[0.020449162,51.403967915]},"properties":{"id":"toiletmap/028ce033d400713f208a74c9","source":"toiletmap-uk","name":"Bromley Civic Centre","fee":"no","charge":null,"access":null,"wheelchair":"yes","opening_hours":"Mo-Fr 09:00-17:00","operator":null,"description":"Mon - Fri 8.30 - 17.30. Part of Bromley Council Community Toilet Scheme.","password":null}},{"type":"Feature","geometry":{"type":"Point","coordinates":[0.0718831,51.4375837]},"properties":{"id":"toiletmap/02afbc2aaa606fcdb51f0001","source":"toiletmap-uk","name":null,"fee":"no","charge":null,"access":null,"wheelchair":"no","opening_hours":null,"operator":null,"description":null,"password":null}},{"type":"Feature","geometry":{"type":"Point","coordinates":[-0.0816679,51.313413547]},"properties":{"id":"toiletmap/02d30dc8aa0232ab2854718d","source":"toiletmap-uk","name":"BP Connect Filling Station - Whyteleafe","fee":"yes","charge":"0","access":null,"wheelchair":"yes","opening_hours":"Mo-Su 00:00-00:00","operator":null,"description":"More car parking towards rear. Large M&S shop / ATM / NOT very  HGV suitable - despite BP listing (4.2 m and  double rows). Wild Bean Cafe (Coffee/Sandwiches/Hot pies/ No seats). Checked Nov 2016.  CR3 0EG","password":null}},{"type":"Feature","geometry":{"type":"Point","coordinates":[-0.239574909,51.478636682]},"properties":{"id":"toiletmap/02d3e33a94561a7b6e90aa79","source":"toiletmap-uk","name":"London Wetland Centre","fee":"no","charge":null,"access":null,"wheelchair":"no","opening_hours":null,"operator":null,"description":null,"password":null}},{"type":"Feature","geometry":{"type":"Point","coordinates":[-0.081143929,51.30995682]},"properties":{"id":"toiletmap/02e2289ecb1e9873a44e64bf","source":"toiletmap-uk","name":"Whyteleafe Station","fee":"no","charge":null,"access":null,"wheelchair":"no","opening_hours":null,"operator":null,"description":null,"password":null}},{"type":"Feature","geometry":{"type":"Point","coordinates":[-0.079329937,51.511447343]},"properties":{"id":"toiletmap/0317ddb0c0eccd1b8e8ff258","source":"toiletmap-uk","name":"The Windsor","fee":"no","charge":null,"access":null,"wheelchair":"no","opening_hours":"Mo-Fr 09:00-17:00","operator":null,"description":"MONDAY TO FRIDAY: 09.00 - 23.00. Part of City of London Community Toilet Scheme.","password":null}},{"type":"Feature","geometry":{"type":"Point","coordinates":[-0.042075813,51.53389027]},"properties":{"id":"toiletmap/031dd1d35c9c2bf8a5a6a10e","source":"toiletmap-uk","name":"Victoria Park West Jubilee Toilets","fee":"no","charge":null,"access":null,"wheelchair":"no","opening_hours":"Mo-Su 08:00-17:00","operator":null,"description":"A Tower Hamlets Community Toilet Scheme Venue. The toilets are just off of Grove Road in West Park, opposite the Pavilion Toilets. There is also a Changing Places toilet. Please note all toilets in Victoria Park close one hour before the parks closing time. The parks closing time varies throughout the year, coinciding with sunset.","password":null}},{"type":"Feature","geometry":{"type":"Point","coordinates":[-0.103624463,51.666919365]},"properties":{"id":"toiletmap/032ab5c4bce8d8b86b00c650","source":"toiletmap-uk","name":"Chase Farm Hospital main entrance ","fee":"no","charge":null,"access":null,"wheelchair":"yes","opening_hours":null,"operator":null,"description":"In main entrance near outpatients","password":null}},{"type":"Feature","geometry":{"type":"Point","coordinates":[-0.103490353,51.570131414]},"properties":{"id":"toiletmap/034fc9daf9869b00d593a231","source":"toiletmap-uk","name":"Finsbury park","fee":"no","charge":null,"access":null,"wheelchair":"yes","opening_hours":null,"operator":null,"description":"Regularly locked due to maintenance issues ","password":null}},{"type":"Feature","geometry":{"type":"Point","coordinates":[-0.1518909,51.559457]},"properties":{"id":"toiletmap/03579711ae85dbb7d54e77dc","source":"toiletmap-uk","name":"Highgate Road Public Conveniences","fee":"no","charge":null,"access":null,"wheelchair":"yes","opening_hours":null,"operator":null,"description":"Mon-Sun 9am to 3pm","password":null}},{"type":"Feature","geometry":{"type":"Point","coordinates":[-0.1735859,51.5641856]},"properties":{"id":"toiletmap/037ab2aa201b8cf446f544b7","source":"toiletmap-uk","name":null,"fee":"no","charge":null,"access":null,"wheelchair":"no","opening_hours":null,"operator":null,"description":null,"password":null}},{"type":"Feature","geometry":{"type":"Point","coordinates":[-0.098851969,51.34704533]},"properties":{"id":"toiletmap/03ca1d3add103ada1dc58682","source":"toiletmap-uk","name":"Purley Oaks Station","fee":"no","charge":null,"access":null,"wheelchair":"no","opening_hours":null,"operator":null,"description":null,"password":null}},{"type":"Feature","geometry":{"type":"Point","coordinates":[0.069418431,51.52071543]},"properties":{"id":"toiletmap/03ca9cfa288dee15311e43c0","source":"toiletmap-uk","name":"Lidl","fee":"no","charge":null,"access":null,"wheelchair":"yes","opening_hours":"Mo-Sa 07:00-21:00; Su 11:00-17:00","operator":null,"description":null,"password":null}},{"type":"Feature","geometry":{"type":"Point","coordinates":[-0.03298313,51.500072855]},"properties":{"id":"toiletmap/03cc0f323c5913505e0332b8","source":"toiletmap-uk","name":"Surrey Docks Farm","fee":"no","charge":null,"access":null,"wheelchair":null,"opening_hours":"Mo-Su 10:00-16:00","operator":null,"description":"To the right of the Barn cafe. It's all open space so fine to use toilets if you don't use the cafe ","password":null}},{"type":"Feature","geometry":{"type":"Point","coordinates":[0.066424906,51.489143486]},"properties":{"id":"toiletmap/03cfb5de567032503390da01","source":"toiletmap-uk","name":"Woolwich Tesco Extra","fee":"no","charge":null,"access":null,"wheelchair":"yes","opening_hours":null,"operator":null,"description":"Mon-Sat 24 hours; Sun 11am-5pm. Next to the café.","password":null}},{"type":"Feature","geometry":{"type":"Point","coordinates":[-0.337184787,51.475123851]},"properties":{"id":"toiletmap/03dfc6ff1835e71a644e1ea9","source":"toiletmap-uk","name":"Coral","fee":"no","charge":null,"access":null,"wheelchair":"no","opening_hours":null,"operator":null,"description":"Part of Hounslow Community Toilet Scheme","password":null}},{"type":"Feature","geometry":{"type":"Point","coordinates":[-0.180064738,51.446545176]},"properties":{"id":"toiletmap/040de2476c3650e81c768104","source":"toiletmap-uk","name":"Wandsworth Cemetery","fee":"yes","charge":null,"access":null,"wheelchair":"no","opening_hours":"Mo-Su 09:00-18:00","operator":null,"description":null,"password":null}},{"type":"Feature","geometry":{"type":"Point","coordinates":[-0.45099366,51.28490042]},"properties":{"id":"toiletmap/0443f9cb6720b34eb8becfa9","source":"toiletmap-uk","name":"Horsely Camping and Caravan Site","fee":"no","charge":null,"access":null,"wheelchair":"no","opening_hours":null,"operator":null,"description":null,"password":null}},{"type":"Feature","geometry":{"type":"Point","coordinates":[-0.32395926,51.4314788]},"properties":{"id":"toiletmap/046cb4950ece791b757d31e1","source":"toiletmap-uk","name":null,"fee":"no","charge":null,"access":null,"wheelchair":"no","opening_hours":null,"operator":null,"description":null,"password":null}},{"type":"Feature","geometry":{"type":"Point","coordinates":[-0.399397016,51.324827698]},"properties":{"id":"toiletmap/04b147d1dc02ee319da61274","source":"toiletmap-uk","name":"Esso Filling Station - Cobham","fee":"no","charge":null,"access":null,"wheelchair":"yes","opening_hours":null,"operator":null,"description":"Small amount of free parking. Shop KT11 3AS. Checked October 2016","password":null}},{"type":"Feature","geometry":{"type":"Point","coordinates":[0.011370022,51.376218634]},"properties":{"id":"toiletmap/04c71803efaaeef321632cdd","source":"toiletmap-uk","name":"Costa's Coffee","fee":"no","charge":null,"access":null,"wheelchair":null,"opening_hours":null,"operator":null,"description":null,"password":null}},{"type":"Feature","geometry":{"type":"Point","coordinates":[-0.312530994,51.477173516]},"properties":{"id":"toiletmap/04d5638463d291807a9ad39c","source":"toiletmap-uk","name":"Syon Gardens","fee":"no","charge":null,"access":null,"wheelchair":"no","opening_hours":null,"operator":null,"description":"Part of Hounslow Community Toilet Scheme","password":null}},{"type":"Feature","geometry":{"type":"Point","coordinates":[0.064233541,51.523210042]},"properties":{"id":"toiletmap/04f7d985a902d5421361f342","source":"toiletmap-uk","name":"Goosley Playing Fields Public Toilets","fee":"no","charge":null,"access":null,"wheelchair":"no","opening_hours":null,"operator":null,"description":"Exact location in park unknown","password":null}},{"type":"Feature","geometry":{"type":"Point","coordinates":[0.055468082,51.36714873]},"properties":{"id":"toiletmap/0507136a9318a654ad7f103b","source":"toiletmap-uk","name":"BP Connect Filling Station - Locksbottom","fee":"yes","charge":null,"access":null,"wheelchair":"yes","opening_hours":"Mo-Su 00:00-00:00","operator":null,"description":"M&S Food Shop; Wild Bean Cafe; ATM. BR6 8NL","password":null}},{"type":"Feature","geometry":{"type":"Point","coordinates":[0.06943369,51.520929873]},"properties":{"id":"toiletmap/051ffb74a8c1214dba11931f","source":"toiletmap-uk","name":"Lidl ","fee":"no","charge":null,"access":null,"wheelchair":"yes","opening_hours":"Mo-Sa 07:00-21:00; Su 11:00-17:00","operator":null,"description":"Free toilet","password":null}},{"type":"Feature","geometry":{"type":"Point","coordinates":[-0.4163749,51.3834692]},"properties":{"id":"toiletmap/0538e24378200cbf0b12f2d4","source":"toiletmap-uk","name":"Automatic Toilet - Walton on Thames (Elm Grove)","fee":"yes","charge":"Unknown","access":null,"wheelchair":"yes","opening_hours":null,"operator":null,"description":"Updated from Elmbridge Borough Council Website Map - Dec 2016","password":null}},{"type":"Feature","geometry":{"type":"Point","coordinates":[-0.411271155,51.330069289]},"properties":{"id":"toiletmap/053daed53c2802c541613ff4","source":"toiletmap-uk","name":"Community Toilet: Pizza Express, Cobham","fee":"no","charge":null,"access":null,"wheelchair":"yes","opening_hours":null,"operator":null,"description":"https://www.elmbridge.gov.uk/your-streets/cts/\n\nOpening: https://www.pizzaexpress.com/\n\nKT11 2JZ","password":null}},{"type":"Feature","geometry":{"type":"Point","coordinates":[-0.129837692,51.509663955]},"properties":{"id":"toiletmap/055a293b13f6f9fe24b814a1","source":"toiletmap-uk","name":"Westminster Reference Library","fee":"no","charge":null,"access":null,"wheelchair":"no","opening_hours":"Mo-Fr 10:00-20:00; Sa 10:00-17:00","operator":null,"description":null,"password":null}},{"type":"Feature","geometry":{"type":"Point","coordinates":[-0.0202054,51.3999246]},"properties":{"id":"toiletmap/055a450b2edea259b729e57f","source":"toiletmap-uk","name":"Kelsey Park Public Toilets","fee":"no","charge":null,"access":null,"wheelchair":"no","opening_hours":null,"operator":null,"description":"Male toilet around the back of snack bar in park. Female to the side of snack bar with separate  disabled toilet (RADAR key)","password":null}},{"type":"Feature","geometry":{"type":"Point","coordinates":[-0.245338976,51.494871303]},"properties":{"id":"toiletmap/05a30c36eb3d5802d0775add","source":"toiletmap-uk","name":"Stamford Brook station","fee":"no","charge":null,"access":null,"wheelchair":"no","opening_hours":null,"operator":null,"description":"There are restricted opening hours. The toilets are on the paid side of the ticket barriers. There is no disabled toilet at this station. The women's and men's toilets are at street level. The station has stair access to the platforms only.","password":null}},{"type":"Feature","geometry":{"type":"Point","coordinates":[-0.161200687,51.475509491]},"properties":{"id":"toiletmap/05c393786f23ade64fb26835","source":"toiletmap-uk","name":"Battersea Park - South Carriage","fee":"no","charge":null,"access":null,"wheelchair":"yes","opening_hours":"Mo-Su 09:00-18:00","operator":null,"description":null,"password":null}},{"type":"Feature","geometry":{"type":"Point","coordinates":[-0.1073933,51.4839684]},"properties":{"id":"toiletmap/05ca6d2d58da9e4985cdf21a","source":"toiletmap-uk","name":"Kennington Park Toilet","fee":"no","charge":null,"access":null,"wheelchair":"no","opening_hours":null,"operator":null,"description":"Generally open when the park is open, however this is not reliable and on random days the facilities remain locked.","password":null}},{"type":"Feature","geometry":{"type":"Point","coordinates":[-0.193741322,51.365112399]},"properties":{"id":"toiletmap/05ef8b7cef65990a576aaf3c","source":"toiletmap-uk","name":"McDonalds, Sutton","fee":"no","charge":null,"access":null,"wheelchair":"yes","opening_hours":"Mo-Su 09:00-17:00","operator":null,"description":"Community Toilet Scheme toilet","password":null}},{"type":"Feature","geometry":{"type":"Point","coordinates":[-0.105727315,51.564671191]},"properties":{"id":"toiletmap/06622654c7c6beda21dd44e7","source":"toiletmap-uk","name":"Finsbury Park Station","fee":"no","charge":null,"access":null,"wheelchair":"no","opening_hours":null,"operator":null,"description":"Inside Ticket Barriers. Located on platforms 7 and 8.\n\nThere is also a male only toilet on platforms 3 and 4.","password":null}},{"type":"Feature","geometry":{"type":"Point","coordinates":[-0.128188133,51.480774788]},"properties":{"id":"toiletmap/067667cb02c3a6442faa3367","source":"toiletmap-uk","name":"Sainsbury's","fee":"no","charge":null,"access":null,"wheelchair":"yes","opening_hours":null,"operator":null,"description":"Toilets are located on the Sainsbury's shopping level by the in-store Argos","password":null}},{"type":"Feature","geometry":{"type":"Point","coordinates":[-0.142017603,51.463788559]},"properties":{"id":"toiletmap/068f0bcf6c67780d1e3f3a20","source":"toiletmap-uk","name":"Starbucks","fee":"no","charge":null,"access":null,"wheelchair":"no","opening_hours":"Mo-Su 09:00-17:00","operator":null,"description":"Mon - Sat: 07:00 - 18:00 \nSun: 08:00 - 18:00. Starbucks allow non-customers to use toilets.","password":null}},{"type":"Feature","geometry":{"type":"Point","coordinates":[-0.221947432,51.30909122]},"properties":{"id":"toiletmap/06b6baafe7424d2d6cc7772a","source":"toiletmap-uk","name":"Asda Superstore - Burgh Heath","fee":"yes","charge":null,"access":null,"wheelchair":"yes","opening_hours":"Mo-Su 09:00-17:00","operator":null,"description":"Open: Monday \tOpens at 7am\r\nTuesday \t24 hours\r\nWednesday \t24 hours\r\nThursday \t24 hours\r\nFriday \t24 hours\r\nSaturday \tCloses at 10pm\r\nSunday \t10am - 4pm.    KT20 5NZ","password":null}},{"type":"Feature","geometry":{"type":"Point","coordinates":[-0.086316277,51.510345973]},"properties":{"id":"toiletmap/06d3aba6d778ad228cb6d72d","source":"toiletmap-uk","name":"The Hydrant ","fee":"no","charge":null,"access":null,"wheelchair":"yes","opening_hours":"Mo-Fr 09:00-17:00","operator":null,"description":"MONDAY TO FRIDAY: 08.00 - 23.00;\r\nBANK HOLIDAYS: Closed. Part of City of London Community Toilet Scheme.","password":null}},{"type":"Feature","geometry":{"type":"Point","coordinates":[-0.023879659,51.564638174]},"properties":{"id":"toiletmap/06e363064aa4b2718585d092","source":"toiletmap-uk","name":"Kukoolala Cafe","fee":"no","charge":null,"access":null,"wheelchair":"yes","opening_hours":"Mo-Fr 09:30-17:00; Sa-Su 09:00-17:00","operator":null,"description":"Mon-Fri: 9.30am-5pm; Sat-Sun: 9am-5pm. Part of Waltham Forest Community Toilet Scheme. Standard (gender-neutral) toilet upstairs.","password":null}},{"type":"Feature","geometry":{"type":"Point","coordinates":[0.303132534,51.622266418]},"properties":{"id":"toiletmap/07038c4aa326f43533efce22","source":"toiletmap-uk","name":"Sainsburys","fee":"no","charge":null,"access":null,"wheelchair":"yes","opening_hours":"Mo-Sa 07:00-22:00; Su 10:00-16:00","operator":null,"description":"Ground Floor (located to the right as you enter the store)\n- Men\n- Women\n- Baby Changing\n- Accessible\n\nFirst Floor (located to the right as you exit the lifts)\n- Accessible (with Baby Changing) \n- Accessible (with Baby Changing)","password":null}},{"type":"Feature","geometry":{"type":"Point","coordinates":[-0.134315441,51.5653158]},"properties":{"id":"toiletmap/0706273779f5f605dd5fb7a4","source":"toiletmap-uk","name":"Starbucks","fee":"no","charge":null,"access":null,"wheelchair":"no","opening_hours":"Mo-Su 09:00-17:00","operator":null,"description":"Ask member of staff","password":null}},{"type":"Feature","geometry":{"type":"Point","coordinates":[0.011689067,51.40711348]},"properties":{"id":"toiletmap/0712feab30eea4b82896840b","source":"toiletmap-uk","name":"The Swan and Mitre Public House","fee":"no","charge":null,"access":null,"wheelchair":"no","opening_hours":"Mo-Su 09:00-17:00","operator":null,"description":"Mon-Sat 11.30-23.00 Sun 11.00-23.00. Part of Bromley Council Community Toilet Scheme.","password":null}},{"type":"Feature","geometry":{"type":"Point","coordinates":[-0.078151524,51.519324762]},"properties":{"id":"toiletmap/0724d0aef2c56bd188168661","source":"toiletmap-uk","name":"Costa Coffee","fee":"no","charge":null,"access":null,"wheelchair":"yes","opening_hours":"Mo-Fr 07:00-17:00; Sa 07:00-20:00; Su 08:00-20:00","operator":null,"description":"A Tower Hamlets Community Toilet Scheme Venue. Both toilets are located on the ground floor.","password":null}},{"type":"Feature","geometry":{"type":"Point","coordinates":[-0.379277766,51.450059682]},"properties":{"id":"toiletmap/074ddd3b316e8b163d7f987a","source":"toiletmap-uk","name":"Mangal Kebab","fee":"no","charge":null,"access":null,"wheelchair":"no","opening_hours":"Mo-Su 12:00-00:00","operator":null,"description":"Part of the Community Toilet Scheme ","password":null}},{"type":"Feature","geometry":{"type":"Point","coordinates":[-0.131848454,51.647690702]},"properties":{"id":"toiletmap/076646b857a9da18340faf0e","source":"toiletmap-uk","name":"Oakwood Underground Station","fee":"yes","charge":null,"access":null,"wheelchair":"no","opening_hours":"Mo-Su 09:00-17:00","operator":null,"description":"A bog standard TFL.\r\nTo the left of the booking hall as you look at the ticket gates","password":null}},{"type":"Feature","geometry":{"type":"Point","coordinates":[-0.113608701,51.33739162]},"properties":{"id":"toiletmap/0777c2d432cd607dae6c3ca0","source":"toiletmap-uk","name":"Purley - Railway Station","fee":"no","charge":null,"access":null,"wheelchair":"no","opening_hours":null,"operator":null,"description":".","password":null}},{"type":"Feature","geometry":{"type":"Point","coordinates":[-0.260372758,51.50862068]},"properties":{"id":"toiletmap/0793e2f9febc48a8dcb3ba94","source":"toiletmap-uk","name":"Southfields Park","fee":"no","charge":null,"access":null,"wheelchair":null,"opening_hours":null,"operator":null,"description":null,"password":null}},{"type":"Feature","geometry":{"type":"Point","coordinates":[-0.025985241,51.499212365]},"properties":{"id":"toiletmap/0796c2b62ac74714e9cca627","source":"toiletmap-uk","name":"The Old Fire Station Restaurant ","fee":"no","charge":null,"access":null,"wheelchair":"yes","opening_hours":"Mo-Fr 11:00-22:30; Sa-Su 10:00-22:30","operator":null,"description":"A Tower Hamlets Community Toilet Scheme Venue. The toilet is located on the ground floor.","password":null}},{"type":"Feature","geometry":{"type":"Point","coordinates":[-0.489696264,51.293127944]},"properties":{"id":"toiletmap/079992e50e14804d22394ca3","source":"toiletmap-uk","name":"BP Connect Services - Ripley Services (North)","fee":"no","charge":null,"access":null,"wheelchair":"yes","opening_hours":"Mo-Su 00:00-00:00","operator":null,"description":"M&S Shop; ATM; Wild Bean Cafe ( Hot & Cold Snacks); Truck Friendly; Truck Parking; Adjacent Starbucks.  GU23 6PT","password":null}},{"type":"Feature","geometry":{"type":"Point","coordinates":[-0.435038209,51.353162201]},"properties":{"id":"toiletmap/079aab8af0cef3fd5ece41ab","source":"toiletmap-uk","name":"Wyevale Garden Centre - St Georges Hill","fee":"yes","charge":null,"access":null,"wheelchair":"yes","opening_hours":"Mo-Su 09:00-17:00","operator":null,"description":"Open: Mon-Sat: 9am to 6pm.  Sun 10.30am-4.30pm.  No Cafe. KT12 4DD","password":null}},{"type":"Feature","geometry":{"type":"Point","coordinates":[-0.465883613,51.434892135]},"properties":{"id":"toiletmap/07d55274e5f0bec97eea919e","source":"toiletmap-uk","name":"Subway","fee":"yes","charge":null,"access":null,"wheelchair":"yes","opening_hours":null,"operator":null,"description":"Part of Community Toilet Scheme. Monday - Sunday 7am to 10pm","password":null}},{"type":"Feature","geometry":{"type":"Point","coordinates":[-0.09185036,51.36793216]},"properties":{"id":"toiletmap/07e76f6ddb391df61f462999","source":"toiletmap-uk","name":"Park Hill Recreation Ground","fee":"no","charge":null,"access":null,"wheelchair":"no","opening_hours":"Mo-Su 09:00-15:00","operator":null,"description":null,"password":null}},{"type":"Feature","geometry":{"type":"Point","coordinates":[-0.06835954,51.66991804]},"properties":{"id":"toiletmap/07eaffa42b5c90462bf304e8","source":"toiletmap-uk","name":"Forty Hall toilets","fee":"no","charge":null,"access":null,"wheelchair":"no","opening_hours":null,"operator":null,"description":"Toilets outside the Hallandale cafe, near the pond","password":null}},{"type":"Feature","geometry":{"type":"Point","coordinates":[0.27708292,51.452383953]},"properties":{"id":"toiletmap/0833e9abc095997ea3175b42","source":"toiletmap-uk","name":"Asda Superstore - Greehhithe","fee":"yes","charge":null,"access":null,"wheelchair":"yes","opening_hours":"Mo-Su 09:00-17:00","operator":null,"description":"Open: Mon-Sat - 24 hour; Sun: 10.30am-5pm.  Filling Station; ATM; Pharmacy; Cafe.  DA9 9BT","password":null}},{"type":"Feature","geometry":{"type":"Point","coordinates":[-0.078610182,51.445334823]},"properties":{"id":"toiletmap/08373d53e55c65bb2985a09d","source":"toiletmap-uk","name":"Dulwich Park Central Area Toilet Block","fee":"no","charge":null,"access":null,"wheelchair":"yes","opening_hours":"Mo-Su 07:30-18:00","operator":null,"description":"Closes at DUSK. Changing Places Toilet available : www.changing-places.org/find. Part of Southwark Council Toilet Network.  Managed by Parks Dept. 9 standard toilets, 1 accessible toilet, 1 Changing Places toilet, 2 baby changing.\n","password":null}},{"type":"Feature","geometry":{"type":"Point","coordinates":[-0.246352851,51.439389859]},"properties":{"id":"toiletmap/083c7dc05b077e604dcc0f40","source":"toiletmap-uk","name":"Asda - Putney Vale","fee":"no","charge":null,"access":null,"wheelchair":"no","opening_hours":null,"operator":null,"description":"Part of Mayor of London \"Open London\" scheme","password":null}},{"type":"Feature","geometry":{"type":"Point","coordinates":[-0.01452148,51.504324865]},"properties":{"id":"toiletmap/0850f8dfac85796b733d673b","source":"toiletmap-uk","name":"Churchill Place - Mall, Level -1 (by Barclays & Post Office)","fee":"no","charge":null,"access":null,"wheelchair":"yes","opening_hours":"Mo-Fr 10:00-20:00; Sa 10:00-19:00; Su 12:00-18:00","operator":null,"description":"A Tower Hamlets Community Toilet Scheme Venue. These toilets can be located on Level -1 and are situated near Barclays & the Post Office. The disabled toilet is unisex and a Changing Places toilet.","password":null}},{"type":"Feature","geometry":{"type":"Point","coordinates":[-0.3469397,51.4050017]},"properties":{"id":"toiletmap/085516ffe7add813757a71bb","source":"toiletmap-uk","name":"Public Toilet - Hampton Court","fee":"no","charge":null,"access":null,"wheelchair":"no","opening_hours":null,"operator":null,"description":"Updated from Elmbridge Borough Council Website Map - Dec 2016","password":null}},{"type":"Feature","geometry":{"type":"Point","coordinates":[-0.380544305,51.592694837]},"properties":{"id":"toiletmap/08633a2d42341f86775e3674","source":"toiletmap-uk","name":"Pinner Tube Station","fee":"no","charge":null,"access":null,"wheelchair":"yes","opening_hours":null,"operator":null,"description":"Toilets are inside ticket gateline!","password":null}},{"type":"Feature","geometry":{"type":"Point","coordinates":[0.0451704,51.4894888]},"properties":{"id":"toiletmap/086b15e0e2cc842c61628608","source":"toiletmap-uk","name":null,"fee":"no","charge":null,"access":null,"wheelchair":"no","opening_hours":null,"operator":null,"description":null,"password":null}},{"type":"Feature","geometry":{"type":"Point","coordinates":[0.002595,51.4734107]},"properties":{"id":"toiletmap/0875986aa41bab1d3e341456","source":"toiletmap-uk","name":"Rockery Toilets, Blackheath Gate","fee":"yes","charge":"No Charge","access":null,"wheelchair":"yes","opening_hours":null,"operator":null,"description":"Open \r\n10.00 - 17.30 November - February\r\n10.00 - 18.30 March & October\r\n10.00 - 19.30 April & September\r\n10.00 - 20.30 May & August\r\n10.00 - 21.00 June & July\r\n\r\nDrink Fountain also provided.","password":null}},{"type":"Feature","geometry":{"type":"Point","coordinates":[-0.149055719,51.535324809]},"properties":{"id":"toiletmap/08b522b70ff47a5fafef88d5","source":"toiletmap-uk","name":"Gloucester Gate","fee":"yes","charge":"No Charge","access":null,"wheelchair":"yes","opening_hours":"Mo-Su 09:00-18:00","operator":null,"description":"Open:\r\n10.00 - 16.15 January & December.\r\n10.00 - 17.00 October.\r\n10.00 - 17.15 February.\r\n10.00 - 18.15 March\r\n10.00 - 19.45 May, June, July, August & September.","password":null}},{"type":"Feature","geometry":{"type":"Point","coordinates":[-0.083538295,51.511839865]},"properties":{"id":"toiletmap/08bac688e8f9311555948eda","source":"toiletmap-uk","name":"Barcelona Tapas Bar & Restaurant","fee":"no","charge":null,"access":null,"wheelchair":"no","opening_hours":"Mo-Fr 09:00-17:00","operator":null,"description":"MONDAY TO FRIDAY: 11.00 - 23.00\r\n              Part of City of London Community Toilet Scheme.","password":null}},{"type":"Feature","geometry":{"type":"Point","coordinates":[-0.031000972,51.483888422]},"properties":{"id":"toiletmap/08c34a291fefefb8b51aa2bd","source":"toiletmap-uk","name":"Rough and Ready Café","fee":"no","charge":null,"access":null,"wheelchair":"no","opening_hours":"Mo-Su 09:00-17:00","operator":null,"description":"8.30am-4pm","password":null}},{"type":"Feature","geometry":{"type":"Point","coordinates":[-0.095980167,51.493586427]},"properties":{"id":"toiletmap/08d7472f662ca9a4cd02de82","source":"toiletmap-uk","name":"Elephant Park","fee":"no","charge":null,"access":null,"wheelchair":"yes","opening_hours":null,"operator":null,"description":"Open daily 10-18","password":null}},{"type":"Feature","geometry":{"type":"Point","coordinates":[-0.469912291,51.633788354]},"properties":{"id":"toiletmap/08ff048e1513e1bf110a7d0f","source":"toiletmap-uk","name":"Tesco Superstore - Rickmandsworth","fee":"yes","charge":null,"access":null,"wheelchair":"yes","opening_hours":null,"operator":null,"description":"Has Cafes (Costa & Harris and Hoole) Opening Hours: Mon-Sat 6am-11pm; Sun 11am-5pm. WD3 1LX","password":null}},{"type":"Feature","geometry":{"type":"Point","coordinates":[-0.103584554,51.51394069]},"properties":{"id":"toiletmap/091edeb7a3571fdee1d0db27","source":"toiletmap-uk","name":"City Thameslink","fee":"no","charge":null,"access":null,"wheelchair":"no","opening_hours":null,"operator":null,"description":null,"password":null}},{"type":"Feature","geometry":{"type":"Point","coordinates":[-0.089828451,51.505082981]},"properties":{"id":"toiletmap/094c6bc6737a6754a2bc51a3","source":"toiletmap-uk","name":"Borough market 2","fee":"yes","charge":null,"access":null,"wheelchair":"yes","opening_hours":null,"operator":null,"description":"Inside market seating  area","password":null}},{"type":"Feature","geometry":{"type":"Point","coordinates":[-0.024341868,51.492053986]},"properties":{"id":"toiletmap/0951a9a6fd956560c284afc4","source":"toiletmap-uk","name":"Space Theatre","fee":"no","charge":null,"access":null,"wheelchair":null,"opening_hours":null,"operator":null,"description":"Ground Floor close to back gate.","password":null}},{"type":"Feature","geometry":{"type":"Point","coordinates":[-0.4882616,51.4717996]},"properties":{"id":"toiletmap/09863dd487912146f45aad15","source":"toiletmap-uk","name":null,"fee":"no","charge":null,"access":null,"wheelchair":"no","opening_hours":null,"operator":null,"description":null,"password":null}},{"type":"Feature","geometry":{"type":"Point","coordinates":[-0.330373049,51.466251607]},"properties":{"id":"toiletmap/098b78f1b9a2d244ec0e6847","source":"toiletmap-uk","name":"Isleworth Leisure Centre / Community Room","fee":"no","charge":null,"access":null,"wheelchair":"no","opening_hours":null,"operator":null,"description":"Info provided by Hounslow Borough Council","password":null}},{"type":"Feature","geometry":{"type":"Point","coordinates":[-0.060408711,51.537752295]},"properties":{"id":"toiletmap/09e24bd9c51c73df1597f069","source":"toiletmap-uk","name":"London Fields Toilet","fee":"no","charge":null,"access":null,"wheelchair":"no","opening_hours":"Mo-Su 09:00-18:00","operator":null,"description":"Brand new facility","password":null}},{"type":"Feature","geometry":{"type":"Point","coordinates":[-0.322498083,51.575412619]},"properties":{"id":"toiletmap/09e9ae6c1ba76ef62fb71424","source":"toiletmap-uk","name":"Northwick Park Hospital Watford Rd Harrow, Middlesex HA1 3UJ","fee":"no","charge":null,"access":null,"wheelchair":"yes","opening_hours":"Mo-Su 09:00-17:00","operator":null,"description":null,"password":null}},{"type":"Feature","geometry":{"type":"Point","coordinates":[0.162944198,51.560987879]},"properties":{"id":"toiletmap/0a020768bd0347d3ceaacc8a","source":"toiletmap-uk","name":"Central Park, Next to Pavillion","fee":"no","charge":"No Charge","access":null,"wheelchair":"no","opening_hours":null,"operator":null,"description":"Summer (April - September): 07.30 - 20.00\r\nWinter (October - March): 07.30 - 15.45pm","password":null}},{"type":"Feature","geometry":{"type":"Point","coordinates":[-0.28671205,51.42002476]},"properties":{"id":"toiletmap/0a087983dac42d8c54fee6c3","source":"toiletmap-uk","name":"Kingston Gate","fee":"yes","charge":"O.20","access":null,"wheelchair":"no","opening_hours":"Mo-Su 09:00-18:00","operator":null,"description":"Open:\r\n10.00 - 16.00 January,February,March,April,October,November & December.\r\n10.00 - 17.00 September.\r\n10.00 - 19.00 May,June,July,August & September.","password":null}},{"type":"Feature","geometry":{"type":"Point","coordinates":[-0.309053779,51.483450637]},"properties":{"id":"toiletmap/0a2efa9237d2e695847cbcfe","source":"toiletmap-uk","name":"Verdict","fee":"no","charge":null,"access":null,"wheelchair":"no","opening_hours":null,"operator":null,"description":"Part of Hounslow Community Toilet Scheme","password":null}},{"type":"Feature","geometry":{"type":"Point","coordinates":[-0.0853387,51.6496269]},"properties":{"id":"toiletmap/0aa7de3c3693d3b7246513bf","source":"toiletmap-uk","name":null,"fee":"no","charge":null,"access":null,"wheelchair":"no","opening_hours":null,"operator":null,"description":null,"password":null}},{"type":"Feature","geometry":{"type":"Point","coordinates":[-0.067454875,51.516700041]},"properties":{"id":"toiletmap/0aad84f3957381fd83b6cd50","source":"toiletmap-uk","name":"x+why ","fee":"no","charge":null,"access":null,"wheelchair":"yes","opening_hours":"Mo-Fr 09:00-18:00","operator":null,"description":"NOT part of the Tower Hamlets Community Toilet Scheme Venue. The toilet can be found on the ground floor. The positioning of the pin on this Toilet Map is an estimate due to the map of this immediate area not being 100% true to life. For a more accurate pin, please use the What 3 Words reference of: ///feast.poetic.extra","password":null}},{"type":"Feature","geometry":{"type":"Point","coordinates":[-0.149596,51.65155]},"properties":{"id":"toiletmap/0aeacf17f0dcd5570b0334d1","source":"toiletmap-uk","name":"Cockfosters Underground Station","fee":"yes","charge":"true","access":null,"wheelchair":"no","opening_hours":"Mo-Sa 06:00-24:00","operator":null,"description":null,"password":null}},{"type":"Feature","geometry":{"type":"Point","coordinates":[-0.068541169,51.362372587]},"properties":{"id":"toiletmap/0af87d05ce58ebcdd9348e0d","source":"toiletmap-uk","name":"Coombe Lodge Gardens","fee":"no","charge":null,"access":null,"wheelchair":"yes","opening_hours":"Mo-Su 09:00-17:00","operator":null,"description":"When the gardens are open, daylight hours","password":null}},{"type":"Feature","geometry":{"type":"Point","coordinates":[-0.057313442,51.545007288]},"properties":{"id":"toiletmap/0b1e7aee1c14336087e7d4fb","source":"toiletmap-uk","name":"hackney service centre","fee":"yes","charge":null,"access":null,"wheelchair":"no","opening_hours":"Mo-Fr 09:00-17:00","operator":null,"description":null,"password":null}},{"type":"Feature","geometry":{"type":"Point","coordinates":[-0.192958117,51.650189321]},"properties":{"id":"toiletmap/0b23fd6a9578ce7e7b01515c","source":"toiletmap-uk","name":"High Barnet Underground Station","fee":"no","charge":null,"access":null,"wheelchair":"no","opening_hours":"Mo-Su 05:25-00:00","operator":null,"description":"On Platform 1. You need a tube ticket, or a validated contactless card, Oyster card or concessionary pass to be able to access the platform via ticket gates.","password":null}},{"type":"Feature","geometry":{"type":"Point","coordinates":[-0.208268166,51.422224524]},"properties":{"id":"toiletmap/0b5ea2e3fbcbb72fe3e746d7","source":"toiletmap-uk","name":"Wimbledon Library","fee":"no","charge":null,"access":null,"wheelchair":"yes","opening_hours":"Mo-Fr 09:30-19:00; Sa 09:30-17:00","operator":null,"description":"One cubicle here - ask a staff member for the key.","password":null}},{"type":"Feature","geometry":{"type":"Point","coordinates":[-0.386680663,51.592430864]},"properties":{"id":"toiletmap/0b8c4ec1afa2d716de893082","source":"toiletmap-uk","name":"West House (Heath Robinson Museum)","fee":"no","charge":null,"access":null,"wheelchair":"yes","opening_hours":null,"operator":null,"description":"Ground floor of West House. Daisy's in the Park Cafe.","password":null}},{"type":"Feature","geometry":{"type":"Point","coordinates":[-0.0984478,51.363886538]},"properties":{"id":"toiletmap/0bb264218ad3aa1eaec3bd39","source":"toiletmap-uk","name":"South End","fee":"no","charge":null,"access":null,"wheelchair":"no","opening_hours":"Mo-Su 00:00-00:00","operator":null,"description":"On Road-about in-front of Swan and Sugar Loaf Pub.","password":null}},{"type":"Feature","geometry":{"type":"Point","coordinates":[-0.383427143,51.512074447]},"properties":{"id":"toiletmap/0bde4810b5c33e8a158f0668","source":"toiletmap-uk","name":"Chaudhry’s TKC","fee":"no","charge":null,"access":null,"wheelchair":"yes","opening_hours":"Mo-Su 09:00-17:00","operator":null,"description":"Ealing Community Toilet Scheme. \nMon to Sun 12-11pm","password":null}},{"type":"Feature","geometry":{"type":"Point","coordinates":[-0.061264336,51.516514995]},"properties":{"id":"toiletmap/0bf1254ebc7a843495b32cd0","source":"toiletmap-uk","name":"Nucleus Cafe","fee":"no","charge":null,"access":null,"wheelchair":"yes","opening_hours":"Mo-Fr 08:30-15:00","operator":null,"description":"A Tower Hamlets Community Toilet Scheme Venue. This toilet can be found on the ground floor.","password":null}},{"type":"Feature","geometry":{"type":"Point","coordinates":[-0.123443378,51.511670796]},"properties":{"id":"toiletmap/0c129af6bd3171c92f440484","source":"toiletmap-uk","name":"Covent Garden","fee":"no","charge":null,"access":null,"wheelchair":"no","opening_hours":"Mo-Su 07:30-20:30","operator":null,"description":"Male & female toilets are positioned either side of the church. \nNot accessible as down a flight of stairs. Access by turnstile. Council run accessible toilet on Tavistock Court by the Transport Museum","password":null}},{"type":"Feature","geometry":{"type":"Point","coordinates":[-0.141998865,51.49475078]},"properties":{"id":"toiletmap/0c170afcb83d785a71cf60a6","source":"toiletmap-uk","name":"riu","fee":"no","charge":null,"access":null,"wheelchair":null,"opening_hours":null,"operator":null,"description":null,"password":null}},{"type":"Feature","geometry":{"type":"Point","coordinates":[-0.0693163,51.529534958]},"properties":{"id":"toiletmap/0c2af5440b2c9d11a15cf144","source":"toiletmap-uk","name":"Royal Oak","fee":"no","charge":null,"access":null,"wheelchair":"no","opening_hours":"Mo 12:00-22:00; Tu-Th 12:00-23:00; Fr-Sa 12:00-00:00; Su 12:00-22:00","operator":null,"description":"A Tower Hamlets Community Toilet Scheme Venue. Toilets are located on the ground floor and are step free.","password":null}},{"type":"Feature","geometry":{"type":"Point","coordinates":[-0.205100492,51.394980263]},"properties":{"id":"toiletmap/0c64c9e375664013eded5bf2","source":"toiletmap-uk","name":"Morden Leisure Centre","fee":"no","charge":null,"access":null,"wheelchair":null,"opening_hours":"Mo-Fr 06:00-22:00; Sa-Su 08:00-19:00","operator":null,"description":null,"password":null}},{"type":"Feature","geometry":{"type":"Point","coordinates":[-0.056101084,51.545471007]},"properties":{"id":"toiletmap/0c839b90733dcb33f61a553e","source":"toiletmap-uk","name":"Public Toilet, Rear of Hackney Empire","fee":"no","charge":null,"access":null,"wheelchair":"no","opening_hours":null,"operator":null,"description":null,"password":null}},{"type":"Feature","geometry":{"type":"Point","coordinates":[-0.312509537,51.482749696]},"properties":{"id":"toiletmap/0c958f7ac17b80057d6f6260","source":"toiletmap-uk","name":"Holiday Inn Brentford Lock","fee":"no","charge":null,"access":null,"wheelchair":"no","opening_hours":null,"operator":null,"description":"Part of Hounslow Community Toilet Scheme","password":null}},{"type":"Feature","geometry":{"type":"Point","coordinates":[-0.093452155,51.36296514]},"properties":{"id":"toiletmap/0cc336a1c3b1909530aaf04d","source":"toiletmap-uk","name":"South Croydon Station","fee":"no","charge":null,"access":null,"wheelchair":"no","opening_hours":null,"operator":null,"description":"Inside the station, need to have a ticket to pass through the barriers to use this facility.","password":null}},{"type":"Feature","geometry":{"type":"Point","coordinates":[-0.2929168,51.4834274]},"properties":{"id":"toiletmap/0cd1d730e4c27130c9b318a6","source":"toiletmap-uk","name":"Kew Gardens","fee":"no","charge":null,"access":null,"wheelchair":"no","opening_hours":null,"operator":null,"description":null,"password":null}},{"type":"Feature","geometry":{"type":"Point","coordinates":[0.031446218,51.486776287]},"properties":{"id":"toiletmap/0ceae68c96fd1df86e8da0b6","source":"toiletmap-uk","name":"Charlton","fee":"no","charge":null,"access":null,"wheelchair":"no","opening_hours":null,"operator":null,"description":null,"password":null}},{"type":"Feature","geometry":{"type":"Point","coordinates":[-0.174729824,51.497395844]},"properties":{"id":"toiletmap/0ced1f5fc250290baf0d4df1","source":"toiletmap-uk","name":"SCIENCE MUSEUM","fee":"yes","charge":null,"access":null,"wheelchair":"yes","opening_hours":"Mo-Su 09:00-17:00","operator":null,"description":null,"password":null}},{"type":"Feature","geometry":{"type":"Point","coordinates":[-0.0637157,51.4926787]},"properties":{"id":"toiletmap/0cfde834d592aae8cbe96607","source":"toiletmap-uk","name":"Blue Anchor Library","fee":"no","charge":null,"access":null,"wheelchair":"yes","opening_hours":"Mo-Tu 09:00-19:00; Th 09:00-19:00; Fr 10:00-18:00; Sa 09:00-17:00","operator":null,"description":"Monday, Tuesday and Thursday 9am to 7pm, Wednesday closed, Friday 10am to 6pm, Saturday 9am to 5pm, Sunday closed","password":null}},{"type":"Feature","geometry":{"type":"Point","coordinates":[-0.057745278,51.519834658]},"properties":{"id":"toiletmap/0d1d2d440f430df113933080","source":"toiletmap-uk","name":"Idea Store Whitechapel","fee":"no","charge":null,"access":null,"wheelchair":"yes","opening_hours":"Mo-Th 09:00-21:00; Fr 09:00-18:00; Sa 09:00-17:00; Su 11:00-15:00","operator":null,"description":"A Tower Hamlets Community Toilet Scheme Venue. All 8 toilets are split between the ground floor, first floor, second floor, third floor and fourth floor levels. The disabled toilet is a unisex toilet.","password":null}},{"type":"Feature","geometry":{"type":"Point","coordinates":[-0.1886781,51.5175162]},"properties":{"id":"toiletmap/0d2a5cac736093de61be202f","source":"toiletmap-uk","name":"Paddington Library ","fee":"no","charge":null,"access":null,"wheelchair":"yes","opening_hours":"Mo-Fr 10:30-17:30; Sa 10:30-17:00; Su 11:00-17:00","operator":null,"description":"Two stoma friendly toilets on the ground floor with level access. One is accessible with baby change facilities. \n\nPaddington Library will close from 5 January 2026 for approximately 12 weeks while we carry out improvement works.  ","password":null}},{"type":"Feature","geometry":{"type":"Point","coordinates":[-0.128391981,51.531947802]},"properties":{"id":"toiletmap/0d309eb2236d972e9a7aa64a","source":"toiletmap-uk","name":"FRANCIS CRICK small MUSEUM cafe","fee":"yes","charge":null,"access":null,"wheelchair":"no","opening_hours":"Mo-Fr 09:00-17:00","operator":null,"description":"FAR END OF LITTLE PUBLIC DISPLAY/MUSEUM","password":null}},{"type":"Feature","geometry":{"type":"Point","coordinates":[-0.071765184,51.520493613]},"properties":{"id":"toiletmap/0d3e3a127100f97e50cba328","source":"toiletmap-uk","name":"Nazrul","fee":"no","charge":null,"access":null,"wheelchair":"no","opening_hours":"Mo-Sa 12:00-00:00; Su 12:00-22:30","operator":null,"description":"A Tower Hamlets Community Toilet Scheme Venue. The toilets are located downstairs.","password":null}},{"type":"Feature","geometry":{"type":"Point","coordinates":[0.055830479,51.649080864]},"properties":{"id":"toiletmap/0d7c5ff3929a38244ff490aa","source":"toiletmap-uk","name":"Morrisons","fee":"no","charge":null,"access":null,"wheelchair":"yes","opening_hours":null,"operator":null,"description":"Located by the checkouts near the car park entrance","password":null}},{"type":"Feature","geometry":{"type":"Point","coordinates":[-0.102227215,51.376115728]},"properties":{"id":"toiletmap/0d89ee0d89fc9645ff427081","source":"toiletmap-uk","name":"Centrale Upstairs","fee":"yes","charge":null,"access":null,"wheelchair":"no","opening_hours":"Mo-Su 09:00-17:00","operator":null,"description":null,"password":null}},{"type":"Feature","geometry":{"type":"Point","coordinates":[-0.075573921,51.332341147]},"properties":{"id":"toiletmap/0de3d3e2a5913ff2ffe0b54b","source":"toiletmap-uk","name":"Shell Filling Station - Sanderstead","fee":"yes","charge":null,"access":null,"wheelchair":"yes","opening_hours":"Mo-Su 00:00-00:00","operator":null,"description":"Shop; ATM; Snacks.  CR2 9LE","password":null}},{"type":"Feature","geometry":{"type":"Point","coordinates":[0.003025532,51.604091777]},"properties":{"id":"toiletmap/0df2943b1eef26d686830a3e","source":"toiletmap-uk","name":"The Royal Oak Pub","fee":"yes","charge":null,"access":null,"wheelchair":"yes","opening_hours":null,"operator":null,"description":"Mon-Thurs: 11am-11pm; Fri-Sat: 11am-12am; Sun: 11am-10.30pm. Part of Waltham Forest Community Toilet Scheme.","password":null}},{"type":"Feature","geometry":{"type":"Point","coordinates":[-0.26494509,51.493212727]},"properties":{"id":"toiletmap/0dfbc7604d00fbca6563894c","source":"toiletmap-uk","name":"Sainsbury's","fee":"no","charge":null,"access":null,"wheelchair":null,"opening_hours":"Mo-Sa 07:00-22:00; Su 11:00-17:00","operator":null,"description":null,"password":null}},{"type":"Feature","geometry":{"type":"Point","coordinates":[-0.0614555,51.4417482]},"properties":{"id":"toiletmap/0dfeab46826a14d1dc131e7c","source":"toiletmap-uk","name":"Horniman Gardens Toilet (Lewisham Community Toilets)","fee":"no","charge":null,"access":null,"wheelchair":"yes","opening_hours":"Mo-Sa 07:15-19:30; Su 08:00-19:30","operator":null,"description":"Opening hours not indicated on toilet building but likely to coincide with garden gate opening/closing times which change depending on the season as below.\n\nOpening times (Horniman Drive garden gate): \n7:15 am Mon. - Sat.\n8 am Sun. + Bank Holidays\n\nClosing times (Horniman Drive garden gate): \n7:30 pm - 27 Mar. - 7 May\n8:30 pm - 8 May - 27 Aug.\n7:30 pm - 28 Aug. - 1 Oct. \n6:30 pm - 2 Oct. - 29 Oct. (British Summer Time ends)\n4:20 pm - 30 Oct. - 4 Feb. 2024\n\nAccessible Toilet: red cord not hanging all the way down to floor.","password":null}},{"type":"Feature","geometry":{"type":"Point","coordinates":[-0.204005,51.655727]},"properties":{"id":"toiletmap/0e01f9a1c21bcd353ea9446b","source":"toiletmap-uk","name":"The Spires","fee":"no","charge":null,"access":null,"wheelchair":"no","opening_hours":"Mo-Th 08:30-20:00","operator":null,"description":null,"password":null}},{"type":"Feature","geometry":{"type":"Point","coordinates":[-0.121630043,51.511705572]},"properties":{"id":"toiletmap/0e109b4bca431107f0b04164","source":"toiletmap-uk","name":"Jubilee Hall Covent Garden","fee":"yes","charge":".","access":null,"wheelchair":"yes","opening_hours":"Mo-Su 07:30-20:00","operator":null,"description":"Accessible via RADAR key only.","password":null}},{"type":"Feature","geometry":{"type":"Point","coordinates":[-0.051342845,51.412967335]},"properties":{"id":"toiletmap/0e16b2db6ef22c2509692eea","source":"toiletmap-uk","name":"Sainsbury's store","fee":"no","charge":null,"access":null,"wheelchair":"yes","opening_hours":"Mo 07:00-20:00; Tu-Sa 07:00-21:00; Su 11:00-17:00","operator":null,"description":null,"password":null}},{"type":"Feature","geometry":{"type":"Point","coordinates":[-0.184042454,51.38059361]},"properties":{"id":"toiletmap/0e1b06a592cda56c0ba38cb9","source":"toiletmap-uk","name":"Hospital","fee":"yes","charge":"Free","access":null,"wheelchair":"yes","opening_hours":"Mo-Su 00:00-00:00","operator":null,"description":null,"password":null}},{"type":"Feature","geometry":{"type":"Point","coordinates":[0.002789316,51.40560506]},"properties":{"id":"toiletmap/0e7af39733626eb2c384bf83","source":"toiletmap-uk","name":"Shortlands Station","fee":"no","charge":null,"access":null,"wheelchair":"no","opening_hours":null,"operator":null,"description":null,"password":null}},{"type":"Feature","geometry":{"type":"Point","coordinates":[-0.384076238,51.512503448]},"properties":{"id":"toiletmap/0e94bf0f764b688ac06e0b57","source":"toiletmap-uk","name":"McDonald's","fee":"no","charge":null,"access":null,"wheelchair":"yes","opening_hours":"Mo-Su 09:00-17:00","operator":null,"description":"Ealing Community Toilet Scheme\nMon to Sun 7am - 11pm","password":null}},{"type":"Feature","geometry":{"type":"Point","coordinates":[-0.131546583,51.42581015]},"properties":{"id":"toiletmap/0e9863f7c09d3512e3508a65","source":"toiletmap-uk","name":"Streatham Station (Greater London)","fee":"no","charge":null,"access":null,"wheelchair":"no","opening_hours":null,"operator":null,"description":null,"password":null}},{"type":"Feature","geometry":{"type":"Point","coordinates":[0.114133358,51.605596609]},"properties":{"id":"toiletmap/0ea9356dcb2d05d58dd9a0fd","source":"toiletmap-uk","name":"GARDENS OF PEACE","fee":"no","charge":null,"access":null,"wheelchair":null,"opening_hours":null,"operator":null,"description":"Muslim prayer Garden. Public toilet.","password":null}},{"type":"Feature","geometry":{"type":"Point","coordinates":[-0.489063263,51.634294453]},"properties":{"id":"toiletmap/0ec6dd9e859cf12af8879590","source":"toiletmap-uk","name":"BP Connect Filling Station - Rickmansworth","fee":"yes","charge":null,"access":null,"wheelchair":"no","opening_hours":"Mo-Su 00:00-00:00","operator":null,"description":"Shop. Cafe. ATM. HGV Friendly. WD3 8DS","password":null}},{"type":"Feature","geometry":{"type":"Point","coordinates":[-0.053821206,51.526494499]},"properties":{"id":"toiletmap/0efe8e7dc49e738bec37377f","source":"toiletmap-uk","name":"Bethnal Green Library","fee":"no","charge":null,"access":null,"wheelchair":"no","opening_hours":"Mo-We 10:00-18:00; Th 10:00-20:00; Sa 09:00-17:00","operator":null,"description":"A Tower Hamlets Community Toilet Scheme Venue. The toilet can be found on the ground floor.","password":null}},{"type":"Feature","geometry":{"type":"Point","coordinates":[-0.059815943,51.569094439]},"properties":{"id":"toiletmap/0f08412b247e2e35a9c7cd18","source":"toiletmap-uk","name":"Springfield Park Cafe","fee":"no","charge":null,"access":null,"wheelchair":"yes","opening_hours":"Mo-Su 10:00-16:00","operator":null,"description":"Toilets are available on the ground floor of Springfield House during cafe opening hours.\n\nToilets in the annex basement are open seasonally:\n\n1 October to 31 March – closed except public holidays\n1 April to 30 April – 9am to 8pm Saturday and Sunday\n1 May to 23 July – 9am to 9pm Saturday and Sunday\n24 July to 31 August ( i.e. school holidays) 9am to 9pm Monday to Sunday\n1 September to 30 September – 9am to 7.30pm Saturday and Sunday","password":null}},{"type":"Feature","geometry":{"type":"Point","coordinates":[-0.080605745,51.503443494]},"properties":{"id":"toiletmap/0f310eda54307ca5a0c48ba2","source":"toiletmap-uk","name":"Southwark council offices public toilet","fee":"yes","charge":"0","access":null,"wheelchair":"yes","opening_hours":"Mo-Fr 09:00-17:00","operator":null,"description":"Council building is often open outside business hours so worth a try","password":null}},{"type":"Feature","geometry":{"type":"Point","coordinates":[0.050241,51.45657]},"properties":{"id":"toiletmap/0f5639559c9fe447e5557bfc","source":"toiletmap-uk","name":"Well Hall Gardens","fee":"no","charge":null,"access":null,"wheelchair":"no","opening_hours":"Mo-Su 08:00-16:00","operator":null,"description":null,"password":null}},{"type":"Feature","geometry":{"type":"Point","coordinates":[-0.355465114,51.426902149]},"properties":{"id":"toiletmap/0f6cdf282aae78c3c31d2d4e","source":"toiletmap-uk","name":"Hampton Hill Library","fee":"no","charge":null,"access":null,"wheelchair":"yes","opening_hours":null,"operator":null,"description":"Part of Richmond Community Toilet Scheme","password":null}},{"type":"Feature","geometry":{"type":"Point","coordinates":[-0.267620087,51.456226474]},"properties":{"id":"toiletmap/0f79a49b41cda39c56454bea","source":"toiletmap-uk","name":"Sheen Gate","fee":"yes","charge":"No Charge","access":null,"wheelchair":"yes","opening_hours":"Mo-Su 09:00-18:00","operator":null,"description":"Open:\r\n07.00 - 19.00 January, February, March, October, November & December.\r\n07.00 - 21.00 April, May, June, July, August & September.","password":null}},{"type":"Feature","geometry":{"type":"Point","coordinates":[0.016420484,51.507260687]},"properties":{"id":"toiletmap/0f8aa1e91ec4e11fdb0e4599","source":"toiletmap-uk","name":"City Hall","fee":"no","charge":null,"access":null,"wheelchair":"yes","opening_hours":null,"operator":null,"description":"Open to anyone but you need to go through airport style security first","password":null}},{"type":"Feature","geometry":{"type":"Point","coordinates":[0.311940908,51.290239572]},"properties":{"id":"toiletmap/0fa5347c95a79a90062d8c10","source":"toiletmap-uk","name":"Esso Filling Station - Borough Green","fee":"yes","charge":null,"access":null,"wheelchair":"yes","opening_hours":"Mo-Su 09:00-17:00","operator":null,"description":"Shop;Snacks. TN15 8HG Mon-Sun 6am-11pm","password":null}},{"type":"Feature","geometry":{"type":"Point","coordinates":[-0.1175001,51.5560898]},"properties":{"id":"toiletmap/0fb60b55ffc69a227881d0ff","source":"toiletmap-uk","name":"Holloway Road j/c Camden Road","fee":"no","charge":null,"access":null,"wheelchair":"no","opening_hours":"Mo-Su 00:00-00:00","operator":null,"description":"No idea if they are still working...","password":null}},{"type":"Feature","geometry":{"type":"Point","coordinates":[-0.038516521,51.487576305]},"properties":{"id":"toiletmap/0fbb9499588cbde560f53f1c","source":"toiletmap-uk","name":"Deptford Park Toilet","fee":null,"charge":null,"access":null,"wheelchair":null,"opening_hours":"Mo 08:00-16:00; Fr 08:00-16:00","operator":null,"description":"Sign says toilets only open when park keeper is working on Mondays and Fridays. Another sign says there is no park keeper any more, only a roving patrol as of May 25, focussed on litter picking.","password":null}},{"type":"Feature","geometry":{"type":"Point","coordinates":[-0.165376961,51.465167147]},"properties":{"id":"toiletmap/0fc99a271d2557b3ec0b2149","source":"toiletmap-uk","name":"Asda Clapham Junction","fee":"no","charge":null,"access":null,"wheelchair":"no","opening_hours":"Mo-Su 09:00-17:00","operator":null,"description":"Part of Mayor of London \"Open London\" scheme","password":null}},{"type":"Feature","geometry":{"type":"Point","coordinates":[-0.313236415,51.455201681]},"properties":{"id":"toiletmap/0fe665bf8a909a9ccec24331","source":"toiletmap-uk","name":"ETNA Community Centre","fee":"no","charge":null,"access":null,"wheelchair":"yes","opening_hours":"Mo-Fr 09:00-17:00","operator":null,"description":"Part of Richmond Council's Community Toilet Scheme.","password":null}},{"type":"Feature","geometry":{"type":"Point","coordinates":[-0.453084111,51.471168949]},"properties":{"id":"toiletmap/0ff798dee63f0267ee5473a7","source":"toiletmap-uk","name":"Heathrow Central Bus Station","fee":"no","charge":null,"access":null,"wheelchair":"no","opening_hours":null,"operator":null,"description":null,"password":null}},{"type":"Feature","geometry":{"type":"Point","coordinates":[-0.00525713,51.425437111]},"properties":{"id":"toiletmap/10299821baf9b61a5ecddad7","source":"toiletmap-uk","name":"Mega Breakfast Café","fee":"no","charge":null,"access":null,"wheelchair":"no","opening_hours":"Mo-Su 09:00-17:00","operator":null,"description":"Mon-Fri: 6.30am-4pm Sat-Sun: 7am-4pm\nPart of Lewisham Community Toilet Scheme","password":null}},{"type":"Feature","geometry":{"type":"Point","coordinates":[0.188494921,51.313233556]},"properties":{"id":"toiletmap/102ec9145cc6c4de29f6a67c","source":"toiletmap-uk","name":"Otford Car Park","fee":"no","charge":null,"access":null,"wheelchair":"yes","opening_hours":"Mo-Su 07:00-19:00","operator":null,"description":"Regularly cleaned for Covid-19","password":null}},{"type":"Feature","geometry":{"type":"Point","coordinates":[-0.08605063,51.509837568]},"properties":{"id":"toiletmap/106b51a2bae9cf65c575b358","source":"toiletmap-uk","name":"The Britannia","fee":"no","charge":null,"access":null,"wheelchair":"no","opening_hours":null,"operator":null,"description":"Mon - Weds: 11:00 - 23:00; Thurs: 11:00 - 24:00; Fri: 11:00 - 01:00; Sat: 12:00 - 18:00. Closed Sundays/Bank Holidays.. Part of City of London Community Toilet Scheme.","password":null}},{"type":"Feature","geometry":{"type":"Point","coordinates":[-0.121686459,51.53494107]},"properties":{"id":"toiletmap/106e8bde6016fa19e173013f","source":"toiletmap-uk","name":"KINGS PLACE","fee":"yes","charge":null,"access":null,"wheelchair":"yes","opening_hours":null,"operator":null,"description":"DAY AND PERFORMANCE HOURS","password":null}},{"type":"Feature","geometry":{"type":"Point","coordinates":[-0.017643571,51.618129795]},"properties":{"id":"toiletmap/108534f21632379704b7b1ac","source":"toiletmap-uk","name":"Costa","fee":"yes","charge":null,"access":null,"wheelchair":"yes","opening_hours":"Mo-Su 09:00-17:00","operator":null,"description":"Mon-Sat: 7am-6pm; Sun: 9am-5pm. Part of Waltham Forest Community Toilet Scheme.","password":null}},{"type":"Feature","geometry":{"type":"Point","coordinates":[-0.152757168,51.63462741]},"properties":{"id":"toiletmap/1087dabf2db4db212a80f499","source":"toiletmap-uk","name":"Oakhill Park - Parkside Gardens East Barnet","fee":"no","charge":null,"access":null,"wheelchair":"no","opening_hours":null,"operator":null,"description":null,"password":null}},{"type":"Feature","geometry":{"type":"Point","coordinates":[-0.088212332,51.513553817]},"properties":{"id":"toiletmap/10970de11d645309861d8456","source":"toiletmap-uk","name":"Royal Exchange (Attended)","fee":"yes","charge":"£0.50","access":null,"wheelchair":"no","opening_hours":null,"operator":null,"description":"Bank Subway. Royal Exchange exit.\r\nMONDAY TO FRIDAY: 07.15 - 21.00; SATURDAY: 09.00 - 21.00; SUNDAY: 10.00 - 16.00; BANK HOLIDAYS: 10.00 - 16.00.\r\nPlease note from time to time public conveniences may be closed for maintentance, repair or other reasons.","password":null}},{"type":"Feature","geometry":{"type":"Point","coordinates":[-0.1496653,51.6565065]},"properties":{"id":"toiletmap/109cc68b1db8e4505a30ffbf","source":"toiletmap-uk","name":"Trent Park","fee":"no","charge":null,"access":null,"wheelchair":null,"opening_hours":null,"operator":null,"description":"Closes 1 hour before the park, time varies seasonally with sunset","password":null}},{"type":"Feature","geometry":{"type":"Point","coordinates":[-0.102015138,51.430920728]},"properties":{"id":"toiletmap/10b064ec495cc690e8bfc3d0","source":"toiletmap-uk","name":"Ella's Cafe","fee":"no","charge":null,"access":null,"wheelchair":"no","opening_hours":null,"operator":null,"description":"Mon - Sat: 07:00 - 16:00 \nSun: Closed. Part of Lambeth Community Toilet Scheme.","password":null}},{"type":"Feature","geometry":{"type":"Point","coordinates":[-0.103318691,51.511820717]},"properties":{"id":"toiletmap/10b912ae13172a076490b330","source":"toiletmap-uk","name":"London Blackfriars Station","fee":"no","charge":null,"access":null,"wheelchair":null,"opening_hours":null,"operator":null,"description":"Free despite sign, horrible though and unclean and small.\n\nOPEN 7AM TO 11PM","password":null}},{"type":"Feature","geometry":{"type":"Point","coordinates":[-0.014017114,51.465694707]},"properties":{"id":"toiletmap/10bc9372c5fe8e0aa31d0b78","source":"toiletmap-uk","name":"Lewisham Station","fee":"no","charge":null,"access":null,"wheelchair":"no","opening_hours":null,"operator":null,"description":"Toilets may be behind ticket barriers","password":null}},{"type":"Feature","geometry":{"type":"Point","coordinates":[-0.071609616,51.585419885]},"properties":{"id":"toiletmap/10c29fc18441c37efdbc34e1","source":"toiletmap-uk","name":"Cafe La City","fee":"no","charge":null,"access":null,"wheelchair":"no","opening_hours":null,"operator":null,"description":"Monday - Saturday, 7am - 5pm","password":null}},{"type":"Feature","geometry":{"type":"Point","coordinates":[-0.047035217,51.428795257]},"properties":{"id":"toiletmap/10e164e4a034a6cd9d53b1d1","source":"toiletmap-uk","name":"Mayow Park Toilet","fee":"no","charge":null,"access":null,"wheelchair":"yes","opening_hours":"Mo-Su 09:00-18:00","operator":null,"description":"7 days 8am-4pm","password":null}},{"type":"Feature","geometry":{"type":"Point","coordinates":[-0.27097553,51.464000781]},"properties":{"id":"toiletmap/10fb49f789e284b169a2aefd","source":"toiletmap-uk","name":"Caffe al Fresco","fee":"no","charge":null,"access":null,"wheelchair":"no","opening_hours":"Mo-Tu 12:00-22:00; We 10:00-22:00; Th 12:00-22:00; Fr-Sa 10:00-22:00; Su 12:00-22:00","operator":null,"description":"Part of Richmond Community Toilet Scheme","password":null}},{"type":"Feature","geometry":{"type":"Point","coordinates":[-0.336609185,51.427586321]},"properties":{"id":"toiletmap/110ea4aa53637aae3edff132","source":"toiletmap-uk","name":"Free Public Toilet","fee":"no","charge":null,"access":null,"wheelchair":"no","opening_hours":"Mo-Su 09:00-21:00","operator":null,"description":"Free toilet","password":null}},{"type":"Feature","geometry":{"type":"Point","coordinates":[-0.445581973,51.647888777]},"properties":{"id":"toiletmap/111a16fa48837e885ea50d05","source":"toiletmap-uk","name":"Fox and Hounds ","fee":"no","charge":null,"access":null,"wheelchair":"yes","opening_hours":"Mo-Th 11:30-23:00; Fr-Sa 11:30-00:00; Su 11:30-22:30","operator":null,"description":null,"password":null}},{"type":"Feature","geometry":{"type":"Point","coordinates":[-0.007445812,51.432607991]},"properties":{"id":"toiletmap/1131da7f93b3ce63cf3a3ba8","source":"toiletmap-uk","name":"Forster Park Toilet","fee":"no","charge":"Thu-Sun: 8am-4pm","access":null,"wheelchair":"no","opening_hours":null,"operator":null,"description":"Part of Lewisham Community Toilet Scheme","password":null}},{"type":"Feature","geometry":{"type":"Point","coordinates":[-0.274428121,51.656141664]},"properties":{"id":"toiletmap/117093fb2feb922d9a3e6d2a","source":"toiletmap-uk","name":"Borehamwood Library","fee":"no","charge":null,"access":null,"wheelchair":"no","opening_hours":"Mo-Su 09:00-17:00","operator":null,"description":"Participant in Hertsmere Community Toilet Scheme.\nOpen: \nMonday-Wednesday: 9am-6pm\nThursday: 9am-7pm\nFriday: 9am-1pm\nSaturday: 9am-4pm\nSunday: Closed.","password":null}},{"type":"Feature","geometry":{"type":"Point","coordinates":[0.011715889,51.426413808]},"properties":{"id":"toiletmap/11b9469854977f46e8321a13","source":"toiletmap-uk","name":"Downham Leisure Centre","fee":"no","charge":null,"access":null,"wheelchair":"no","opening_hours":"Mo-Su 09:00-17:00","operator":null,"description":"Mon-Fri: 6am-10pm | Sat-Sun: 7am-6pm\n\nPart of Lewisham Community Toilet Scheme","password":null}},{"type":"Feature","geometry":{"type":"Point","coordinates":[-0.14831543,51.539612148]},"properties":{"id":"toiletmap/1202849472cc795259e6f9c2","source":"toiletmap-uk","name":"Waterside Halls East","fee":"no","charge":null,"access":null,"wheelchair":"yes","opening_hours":null,"operator":null,"description":"Public toilets in Food Hall, level 2. Individual gender neutral toilets with sinks. Well signposted.","password":null}},{"type":"Feature","geometry":{"type":"Point","coordinates":[-0.357044935,51.528585562]},"properties":{"id":"toiletmap/120bfdfd163f2b46dc1aba39","source":"toiletmap-uk","name":"XXL Restaurant","fee":"no","charge":null,"access":null,"wheelchair":"yes","opening_hours":"Mo-Su 09:00-17:00","operator":null,"description":"Ealing Community Toilet Scheme\nMon to Fri 12pm - 9pm\nSat to Sun 12pm - 10pm","password":null}},{"type":"Feature","geometry":{"type":"Point","coordinates":[-0.140215158,51.512889782]},"properties":{"id":"toiletmap/123107e563efbd5b1c8e27ed","source":"toiletmap-uk","name":"Hamleys toy store ","fee":"no","charge":null,"access":null,"wheelchair":"yes","opening_hours":null,"operator":null,"description":"On level 5 on the right as you come up the stairs ","password":null}},{"type":"Feature","geometry":{"type":"Point","coordinates":[-0.130584771,51.512662275]},"properties":{"id":"toiletmap/1241eb20b3a4be1eea1399f4","source":"toiletmap-uk","name":"Curzon Soho","fee":"no","charge":null,"access":null,"wheelchair":"yes","opening_hours":"Mo-Sa 10:00-00:00; Su 12:00-23:30","operator":null,"description":"Toilets located in basement","password":null}},{"type":"Feature","geometry":{"type":"Point","coordinates":[-0.244266986,51.399982106]},"properties":{"id":"toiletmap/124ed5bf4523853b1e9ff6a5","source":"toiletmap-uk","name":"B&Q","fee":"no","charge":null,"access":null,"wheelchair":"no","opening_hours":"Mo-Su 09:00-17:00","operator":null,"description":"Toilets in main store and also upstairs in café","password":null}},{"type":"Feature","geometry":{"type":"Point","coordinates":[-0.127362013,51.520196401]},"properties":{"id":"toiletmap/124edc947fef3636268292df","source":"toiletmap-uk","name":"British Museum (back)","fee":"no","charge":null,"access":null,"wheelchair":"no","opening_hours":"Mo-Su 09:00-17:00","operator":null,"description":null,"password":null}},{"type":"Feature","geometry":{"type":"Point","coordinates":[-0.1479538,51.4927856]},"properties":{"id":"toiletmap/129ecf4eeae78c404dd28648","source":"toiletmap-uk","name":"Westminster Archives","fee":"no","charge":null,"access":null,"wheelchair":"yes","opening_hours":"Mo-Th 10:00-19:00; Fr-Sa 10:00-17:00","operator":null,"description":"Accessible toilet - Free","password":null}},{"type":"Feature","geometry":{"type":"Point","coordinates":[-0.162284374,51.547887945]},"properties":{"id":"toiletmap/12e1f3b88be208685b965a2e","source":"toiletmap-uk","name":"Community Toilet Scheme Belsize Community Library","fee":"yes","charge":null,"access":null,"wheelchair":"yes","opening_hours":null,"operator":null,"description":"Part of Camden's Community Toilet Scheme - http://thewinch.org/belsizecommunitylibrary/","password":null}},{"type":"Feature","geometry":{"type":"Point","coordinates":[-0.404772162,51.660357568]},"properties":{"id":"toiletmap/1329466e6cb18c2fd9143f50","source":"toiletmap-uk","name":"Watford Leisure Centre","fee":"yes","charge":null,"access":null,"wheelchair":"no","opening_hours":null,"operator":null,"description":null,"password":null}},{"type":"Feature","geometry":{"type":"Point","coordinates":[-0.055237779,51.528989149]},"properties":{"id":"toiletmap/1344fe86307e4d0c072be17d","source":"toiletmap-uk","name":"Young V&A","fee":"no","charge":null,"access":null,"wheelchair":"yes","opening_hours":"Mo-Su 10:00-17:45","operator":null,"description":"A Tower Hamlets Community Toilet Scheme Venue. All toilets can be found on the lower ground floor and can be accessed via stairs and lift. \n\n","password":null}},{"type":"Feature","geometry":{"type":"Point","coordinates":[-0.027157379,51.518013344]},"properties":{"id":"toiletmap/136224231d82bced763612dd","source":"toiletmap-uk","name":"Bow Brew Cafe - St Pauls Way Community Centre","fee":"no","charge":null,"access":null,"wheelchair":"yes","opening_hours":"Mo-Fr 09:00-17:00","operator":null,"description":"This is a Tower Hamlets Community Toilet Scheme venue. The toilets are located on the ground floor and step free.","password":null}},{"type":"Feature","geometry":{"type":"Point","coordinates":[0.00128038,51.65213856]},"properties":{"id":"toiletmap/13897695fd78bd3a45e99d71","source":"toiletmap-uk","name":null,"fee":"no","charge":null,"access":null,"wheelchair":"no","opening_hours":null,"operator":null,"description":null,"password":null}},{"type":"Feature","geometry":{"type":"Point","coordinates":[-0.363179147,51.371174205]},"properties":{"id":"toiletmap/13c2c164e42910f7cf28a73c","source":"toiletmap-uk","name":"Community Toilet: Giro Cafe, Esher","fee":"no","charge":null,"access":null,"wheelchair":"no","opening_hours":null,"operator":null,"description":"https://www.elmbridge.gov.uk/your-streets/cts/\n\nOpening: https://www.girocycles.com/\n\nKT10 9RT","password":null}},{"type":"Feature","geometry":{"type":"Point","coordinates":[-0.026291013,51.411613938]},"properties":{"id":"toiletmap/13d1a63815ede175309387a8","source":"toiletmap-uk","name":"Waitrose","fee":"no","charge":null,"access":null,"wheelchair":"yes","opening_hours":"Mo-Su 09:00-17:00","operator":null,"description":"Mon-Fri 8.30-21.00. Sat 8.30-20.00. Sun 10.00-16.00. Part of Bromley Council Community Toilet Scheme and Mayor of London Open London Scheme.","password":null}},{"type":"Feature","geometry":{"type":"Point","coordinates":[-0.102036595,51.45331996]},"properties":{"id":"toiletmap/13ea26991e2227223adc015d","source":"toiletmap-uk","name":"Herne Hill Train Station","fee":"no","charge":"No charge","access":null,"wheelchair":"yes","opening_hours":null,"operator":null,"description":"Access to mens/womens is on platform 1 and 2. Accessible toilet is on platform 3/4 (radar key)","password":null}},{"type":"Feature","geometry":{"type":"Point","coordinates":[-0.086831152,51.488651882]},"properties":{"id":"toiletmap/1410b2bbefb72bd79c9e72be","source":"toiletmap-uk","name":"Taplow NHO","fee":"no","charge":null,"access":null,"wheelchair":"no","opening_hours":null,"operator":null,"description":"Monday to Friday, 9am to 5pm","password":null}},{"type":"Feature","geometry":{"type":"Point","coordinates":[-0.1754623,51.6966125]},"properties":{"id":"toiletmap/14a1c966324c38bd332208b1","source":"toiletmap-uk","name":"Oakmere Park","fee":null,"charge":null,"access":null,"wheelchair":"no","opening_hours":null,"operator":null,"description":"Hertsmere Borough Council Park public toilet ","password":null}},{"type":"Feature","geometry":{"type":"Point","coordinates":[-0.111850798,51.501085197]},"properties":{"id":"toiletmap/14ba6b6716a36420f56f789c","source":"toiletmap-uk","name":"Vaulty Towers","fee":"no","charge":null,"access":null,"wheelchair":"no","opening_hours":"Mo-We 12:00-23:00; Th 12:00-00:00; Fr-Sa 12:00-01:00; Su 12:00-22:00","operator":null,"description":null,"password":null}},{"type":"Feature","geometry":{"type":"Point","coordinates":[-0.194849074,51.523512532]},"properties":{"id":"toiletmap/14c30cc5f0e77445ea6f6fcc","source":"toiletmap-uk","name":"Yaa Centre","fee":"no","charge":null,"access":null,"wheelchair":"no","opening_hours":null,"operator":null,"description":"Right rear of Yaa Centre. Entrance through gates on corner Chipenham Mews / Marylands Road.","password":null}},{"type":"Feature","geometry":{"type":"Point","coordinates":[-0.075345295,51.515445286]},"properties":{"id":"toiletmap/14c5d443f3668362db3872c5","source":"toiletmap-uk","name":"Barcelona Tapas Bar & Restaurant","fee":"no","charge":null,"access":null,"wheelchair":"yes","opening_hours":"Mo-Fr 09:00-17:00","operator":null,"description":"MONDAY TO FRIDAY: 11.00 - 23.00.\r\n           Part of City of London Community Toilet Scheme.","password":null}},{"type":"Feature","geometry":{"type":"Point","coordinates":[-0.44968096,51.47179606]},"properties":{"id":"toiletmap/14dcccbfbfe8851a7e668541","source":"toiletmap-uk","name":null,"fee":"no","charge":null,"access":null,"wheelchair":"no","opening_hours":null,"operator":null,"description":null,"password":null}},{"type":"Feature","geometry":{"type":"Point","coordinates":[-0.068079829,51.472358522]},"properties":{"id":"toiletmap/151ba09c41913d8acf9acfbe","source":"toiletmap-uk","name":"Morrison's ","fee":"no","charge":null,"access":null,"wheelchair":null,"opening_hours":null,"operator":null,"description":null,"password":null}},{"type":"Feature","geometry":{"type":"Point","coordinates":[0.304521918,51.620987502]},"properties":{"id":"toiletmap/154541d4a9b2828a6964c857","source":"toiletmap-uk","name":"Brentwood High Street public toilets","fee":"no","charge":null,"access":null,"wheelchair":"yes","opening_hours":"Mo-Su 09:00-17:00","operator":null,"description":"Toilet was closed when I visited on a Sunday. I don't know if that was a one-off or a change of hours ","password":null}},{"type":"Feature","geometry":{"type":"Point","coordinates":[-0.032653213,51.579789819]},"properties":{"id":"toiletmap/154b4473e504ba78f945ab8f","source":"toiletmap-uk","name":"Big T Dinners","fee":"yes","charge":null,"access":null,"wheelchair":"no","opening_hours":null,"operator":null,"description":"Mon: CLOSED. Tues-Sun: 12noon-11pm. Part of Waltham Forest Community Toilet Scheme.","password":null}},{"type":"Feature","geometry":{"type":"Point","coordinates":[-0.216373801,51.530838207]},"properties":{"id":"toiletmap/154cf098c086d5a7a8ed1afb","source":"toiletmap-uk","name":"Changing Places Toilet- Moberly Sports Centre","fee":"no","charge":null,"access":null,"wheelchair":"yes","opening_hours":"Mo-Fr 06:00-22:00; Sa-Su 08:00-20:00","operator":null,"description":"Contact name: Max Sheridan \n\n \n\n020 3879 6669 \n\nFacility Features: \n\nBench - Height Adjustable \n\nHoist - Ceiling, Loop \n\nPeninsular Toilet \n\nWashbasin Height Adjustable \n\nSlip Resistant Floor \n\nFloor Space (sq. m) - 12.4 \n\nEmergency Alarm \n\nAccessible Shower \n\nUnisex \n\nSignage in the room \n\nDrop down grab rails \n\nWall grab rails \n\nLarge Bin \n\nDoor Width (m) - 0.90 \n\nCeiling height (m) - 2.70 \n\n \n\nDisabled Parking \n\nManaged \n\nLocked \n\nRadar key ","password":null}},{"type":"Feature","geometry":{"type":"Point","coordinates":[0.0042055,51.5030083]},"properties":{"id":"toiletmap/1553b51d057cae948bc47522","source":"toiletmap-uk","name":null,"fee":"no","charge":null,"access":null,"wheelchair":"no","opening_hours":null,"operator":null,"description":null,"password":null}},{"type":"Feature","geometry":{"type":"Point","coordinates":[-0.188541413,51.609263817]},"properties":{"id":"toiletmap/1558a248a8eb5ed15e558212","source":"toiletmap-uk","name":"West Finchley Station","fee":"no","charge":null,"access":null,"wheelchair":"no","opening_hours":null,"operator":null,"description":"Ask for key at the ticket office.","password":null}},{"type":"Feature","geometry":{"type":"Point","coordinates":[-0.166925853,51.427239178]},"properties":{"id":"toiletmap/157348848259d7fafee8834b","source":"toiletmap-uk","name":"Macdonalds","fee":"no","charge":null,"access":null,"wheelchair":"no","opening_hours":null,"operator":null,"description":null,"password":null}},{"type":"Feature","geometry":{"type":"Point","coordinates":[-0.010287,51.6251286]},"properties":{"id":"toiletmap/15b4a39683d0fe6e13419d21","source":"toiletmap-uk","name":"Ridgeway Park","fee":"no","charge":null,"access":null,"wheelchair":"yes","opening_hours":"Mo-Su 09:00-18:00","operator":null,"description":"Accessible toilet locked. Open 8.30am-late/sunset.","password":null}},{"type":"Feature","geometry":{"type":"Point","coordinates":[-0.268778341,51.3343926]},"properties":{"id":"toiletmap/15bce2c36604bd63c015fd17","source":"toiletmap-uk","name":"Epsom (Surrey)","fee":"no","charge":null,"access":null,"wheelchair":"no","opening_hours":null,"operator":null,"description":null,"password":null}},{"type":"Feature","geometry":{"type":"Point","coordinates":[0.324783325,51.479627276]},"properties":{"id":"toiletmap/15eb3552c074423b8ca90812","source":"toiletmap-uk","name":"Grays Central Library","fee":"no","charge":null,"access":null,"wheelchair":"no","opening_hours":null,"operator":null,"description":"Grays Library opens Mon - Sat, 10am to 5pm","password":null}},{"type":"Feature","geometry":{"type":"Point","coordinates":[-0.099542141,51.399091862]},"properties":{"id":"toiletmap/15fd154e34ebc8e652d0cfb8","source":"toiletmap-uk","name":"Tesco Thornton Heath","fee":"yes","charge":null,"access":null,"wheelchair":"yes","opening_hours":"Mo-Su 00:00-00:00","operator":null,"description":"Closes SAT Midnight. SUN 1000-1600. Opens MON 0600. Part of Mayor of London's 'Open London' Community Toilet Scheme","password":null}},{"type":"Feature","geometry":{"type":"Point","coordinates":[-0.051949024,51.294501617]},"properties":{"id":"toiletmap/1646f4261b045b740f95200b","source":"toiletmap-uk","name":"Knights Garden Centre - Woldingham","fee":"yes","charge":null,"access":null,"wheelchair":"no","opening_hours":null,"operator":null,"description":"Restuarant: Monday - Saturday: 9.30am - 4.30pm; Sunday: 10.00am - 4.00pm.  CR3 7LA","password":null}},{"type":"Feature","geometry":{"type":"Point","coordinates":[-0.148015022,51.525540143]},"properties":{"id":"toiletmap/1665d329941e7205543fad4a","source":"toiletmap-uk","name":"Marylebone Green Playground","fee":"yes","charge":"No Charge","access":null,"wheelchair":"no","opening_hours":"Mo-Su 09:00-18:00","operator":null,"description":"Open: 10.00 - 16.15 January & December. 10.00 - 17.00 October. 10.00 - 17.15 February. 10.00 - 18.15 March 10.00 - 19.45 May, June, July, August & September.","password":null}},{"type":"Feature","geometry":{"type":"Point","coordinates":[-0.472913809,51.314336436]},"properties":{"id":"toiletmap/1671b4c9c91d7f1dbd59f120","source":"toiletmap-uk","name":null,"fee":"no","charge":null,"access":null,"wheelchair":"no","opening_hours":null,"operator":null,"description":null,"password":null}},{"type":"Feature","geometry":{"type":"Point","coordinates":[-0.194119513,51.454257619]},"properties":{"id":"toiletmap/16ab6de6b3b9a49f1fb70097","source":"toiletmap-uk","name":"Southside Shopping Centre","fee":"no","charge":null,"access":null,"wheelchair":"yes","opening_hours":"Mo-Su 09:00-17:00","operator":null,"description":"On first floor level adjacent to Five Guys Restaurant. Toilets very clean and ridy","password":null}},{"type":"Feature","geometry":{"type":"Point","coordinates":[0.075750947,51.351513885]},"properties":{"id":"toiletmap/16b7cdc91dde4a07ba410c26","source":"toiletmap-uk","name":"High Elms Country Park and Cafe","fee":"yes","charge":null,"access":null,"wheelchair":"no","opening_hours":null,"operator":null,"description":".","password":null}},{"type":"Feature","geometry":{"type":"Point","coordinates":[-0.33036232,51.301719858]},"properties":{"id":"toiletmap/16bf910de21b8b6a2056679c","source":"toiletmap-uk","name":"Esso Filling Station - Leatherhead (North)","fee":"yes","charge":null,"access":null,"wheelchair":"no","opening_hours":"Mo-Su 00:00-00:00","operator":null,"description":"Shop, Costa Coffee, Seating, ATM.  KT22 7SP","password":null}},{"type":"Feature","geometry":{"type":"Point","coordinates":[-0.070507228,51.474049267]},"properties":{"id":"toiletmap/16c174a1af181197c9b3e01b","source":"toiletmap-uk","name":"Peckham Pulse","fee":"no","charge":null,"access":null,"wheelchair":"yes","opening_hours":"Mo-Fr 06:30-22:00; Sa 07:00-18:00; Su 07:00-22:00","operator":null,"description":"Monday to Friday, 7am to 10pm; Saturday and Sunday 7am to 8pm","password":null}},{"type":"Feature","geometry":{"type":"Point","coordinates":[-0.2859598,51.55337556]},"properties":{"id":"toiletmap/16c52e55d395ed12964611e2","source":"toiletmap-uk","name":"Kingsbury Road","fee":"no","charge":"true","access":null,"wheelchair":"no","opening_hours":"Mo-Su 00:00-00:00","operator":null,"description":"at the rear of Barclays Bank / \r\n\r\n4 stalls, one wide.","password":null}},{"type":"Feature","geometry":{"type":"Point","coordinates":[-0.221226454,51.549250014]},"properties":{"id":"toiletmap/16df826bd246c9c0d5fb46ed","source":"toiletmap-uk","name":"Willesden Green Tube Station","fee":"yes","charge":"Yes","access":null,"wheelchair":"yes","opening_hours":null,"operator":null,"description":"You have to ask staff to open up. Female and disabled toilets are outside ticket gateline!","password":null}},{"type":"Feature","geometry":{"type":"Point","coordinates":[-0.414625196,51.37293218]},"properties":{"id":"toiletmap/16efad9b522facd763947e77","source":"toiletmap-uk","name":"Walton-on-Thames Station","fee":"no","charge":null,"access":null,"wheelchair":"no","opening_hours":null,"operator":null,"description":null,"password":null}},{"type":"Feature","geometry":{"type":"Point","coordinates":[-0.114068985,51.500211057]},"properties":{"id":"toiletmap/16f0649df8dd7c70bb028777","source":"toiletmap-uk","name":"The Glitch - 134 Lower Marsh","fee":"no","charge":null,"access":null,"wheelchair":"yes","opening_hours":"Mo 09:00-22:00; Tu-Th 08:30-23:00; Fr 09:00-00:00; Sa 09:30-00:00; Su 09:30-22:00","operator":null,"description":null,"password":null}},{"type":"Feature","geometry":{"type":"Point","coordinates":[0.00543952,51.559630531]},"properties":{"id":"toiletmap/171ba77307659289d3986cae","source":"toiletmap-uk","name":"Epicentre","fee":"yes","charge":null,"access":null,"wheelchair":"yes","opening_hours":"Mo-Fr 09:00-17:00","operator":null,"description":"Mon-Fri: 8.30am-5pm. Part of Waltham Forest Community Toilet Scheme.","password":null}},{"type":"Feature","geometry":{"type":"Point","coordinates":[-0.110300481,51.594283576]},"properties":{"id":"toiletmap/1720cab35c7d76d1cc878e9d","source":"toiletmap-uk","name":"Wood Green Mall Market Hall","fee":"no","charge":null,"access":null,"wheelchair":"no","opening_hours":"Mo-Su 09:00-17:00","operator":null,"description":"Inside near Mayes Road entrance","password":null}},{"type":"Feature","geometry":{"type":"Point","coordinates":[0.274647474,51.488575056]},"properties":{"id":"toiletmap/1733844bccb5ac79f80e3724","source":"toiletmap-uk","name":"Tesco","fee":"no","charge":null,"access":null,"wheelchair":"no","opening_hours":null,"operator":null,"description":null,"password":null}},{"type":"Feature","geometry":{"type":"Point","coordinates":[0.0700622,51.4944334]},"properties":{"id":"toiletmap/174b43ed6feb7ab926cd8517","source":"toiletmap-uk","name":"Woolwich Works","fee":"no","charge":null,"access":null,"wheelchair":"yes","opening_hours":null,"operator":null,"description":"It’s a cafe & entertainment venue so open evenings also. ","password":null}},{"type":"Feature","geometry":{"type":"Point","coordinates":[-0.3875795,51.4885345]},"properties":{"id":"toiletmap/175b4c5368c1395e404b524d","source":"toiletmap-uk","name":"BP Heston Services M4 Eastbound","fee":"no","charge":null,"access":null,"wheelchair":"no","opening_hours":null,"operator":null,"description":"Junction 2-3 M4 Hounslow\nPart of Hounslow Community Toilet Scheme","password":null}},{"type":"Feature","geometry":{"type":"Point","coordinates":[-0.008271933,51.448036283]},"properties":{"id":"toiletmap/175f9e07f8d3f040d3439c4e","source":"toiletmap-uk","name":"Mountsfield Park Toilet","fee":"no","charge":null,"access":null,"wheelchair":"no","opening_hours":"Mo-Su 09:00-18:00","operator":null,"description":"7 days 8am-4pm\n\nPart of Lewisham Community Toilet Scheme","password":null}},{"type":"Feature","geometry":{"type":"Point","coordinates":[-0.163627749,51.522540101]},"properties":{"id":"toiletmap/17644d3803dc7a764a953463","source":"toiletmap-uk","name":"London Marylebone Station","fee":"no","charge":null,"access":null,"wheelchair":"yes","opening_hours":"Mo-Sa 05:30-00:45; Su 07:15-00:15","operator":null,"description":null,"password":null}},{"type":"Feature","geometry":{"type":"Point","coordinates":[0.067666769,51.359193798]},"properties":{"id":"toiletmap/1787aad6c9ecb6c870f8ad27","source":"toiletmap-uk","name":"The Woodman Public House","fee":"no","charge":null,"access":null,"wheelchair":"no","opening_hours":"Mo-Su 09:00-17:00","operator":null,"description":"Mon-Sat 7.00-22.00. Sun 11.00-17.00. Part of Bromley Council Community Toilet Scheme.","password":null}},{"type":"Feature","geometry":{"type":"Point","coordinates":[-0.196482539,51.401260548]},"properties":{"id":"toiletmap/17906fad61498015107494b4","source":"toiletmap-uk","name":"Merton Civic Centre","fee":"no","charge":null,"access":null,"wheelchair":"yes","opening_hours":"Mo-Fr 09:00-17:00","operator":null,"description":"Mon - Fri: 9.00 - 17.00. Closed Weekends. Part of Merton Council Community Toilet Scheme.","password":null}},{"type":"Feature","geometry":{"type":"Point","coordinates":[-0.396639705,51.431136447]},"properties":{"id":"toiletmap/17b43fc69cef12ba5c51913e","source":"toiletmap-uk","name":"Church Road Allotment","fee":"no","charge":null,"access":null,"wheelchair":"no","opening_hours":null,"operator":null,"description":"Part of Hounslow Community Toilet Scheme","password":null}},{"type":"Feature","geometry":{"type":"Point","coordinates":[-0.318356752,51.511208087]},"properties":{"id":"toiletmap/17b93a46407f50a0a8b0f55d","source":"toiletmap-uk","name":"Chapata Topo Zboju","fee":"no","charge":null,"access":null,"wheelchair":"no","opening_hours":"Mo-Su 09:00-17:00","operator":null,"description":"Ealing Community Toilet Scheme\nSun to Fri 12pm - 10pm, \nSat 12pm - 12.30am","password":null}},{"type":"Feature","geometry":{"type":"Point","coordinates":[-0.1891727,51.5665686]},"properties":{"id":"toiletmap/17c1679fa89cfccde9260367","source":"toiletmap-uk","name":null,"fee":"no","charge":null,"access":null,"wheelchair":"no","opening_hours":null,"operator":null,"description":null,"password":null}},{"type":"Feature","geometry":{"type":"Point","coordinates":[-0.487679243,51.293547262]},"properties":{"id":"toiletmap/17f984bb715c3cceb71ff5bd","source":"toiletmap-uk","name":"BP Connect Filling Station - Ripley Services (Southbound)","fee":"yes","charge":null,"access":null,"wheelchair":"no","opening_hours":"Mo-Su 00:00-00:00","operator":null,"description":"M&S Shop; ATM; Wild Bean Cafe ( Hot & Cold Snacks); Truck Friendly; Truck Parking; Adjacent Little Chef.  GU23 6PU","password":null}},{"type":"Feature","geometry":{"type":"Point","coordinates":[-0.037786961,51.353462041]},"properties":{"id":"toiletmap/180e0b80a1631b20b1a213d4","source":"toiletmap-uk","name":"BP Connect - Addington","fee":"no","charge":null,"access":null,"wheelchair":"yes","opening_hours":"Mo-Su 00:00-00:00","operator":null,"description":"M&S Shop; ATM; Wild Bean Cafe; CR2 8JH","password":null}},{"type":"Feature","geometry":{"type":"Point","coordinates":[-0.3612717,51.4302603]},"properties":{"id":"toiletmap/1820ac2e49fbe164ec13947f","source":"toiletmap-uk","name":"St James' Church ","fee":"no","charge":null,"access":null,"wheelchair":"yes","opening_hours":"Mo 09:00-17:00; Tu 12:30-17:30; We 09:00-17:00; Th 12:30-17:30; Fr 09:30-17:30; Su 08:00-23:00","operator":null,"description":"Part of Richmond Council's Community Toilet Scheme","password":null}},{"type":"Feature","geometry":{"type":"Point","coordinates":[-0.354494154,51.399513559]},"properties":{"id":"toiletmap/1825ff02abf73a7b41ca6d58","source":"toiletmap-uk","name":"Public Toilet - Molesey (Walton Road)","fee":"no","charge":null,"access":null,"wheelchair":"no","opening_hours":"Mo-Su 09:00-18:00","operator":null,"description":"Updated from Elmbridge Borough Council Website Map - Dec 2016","password":null}},{"type":"Feature","geometry":{"type":"Point","coordinates":[-0.201846957,51.425015198]},"properties":{"id":"toiletmap/184025f870b1c8afb1136044","source":"toiletmap-uk","name":"Waitrose, Alexandra Road, Wimbledon","fee":"no","charge":null,"access":null,"wheelchair":null,"opening_hours":null,"operator":null,"description":"A single cubicle inside Waitrose opposite customer services desk.","password":null}},{"type":"Feature","geometry":{"type":"Point","coordinates":[-0.075388849,51.515630723]},"properties":{"id":"toiletmap/18443aa94ef75a7e9889dd20","source":"toiletmap-uk","name":"BiFe","fee":"no","charge":null,"access":null,"wheelchair":"yes","opening_hours":"Tu-Su 12:00-21:00","operator":null,"description":"A Tower Hamlets Community Toilet Scheme Venue. These toilets can be located on the ground floor and downstairs. Please note that the restaurant is CLOSED for 2 hours Tuesday-Thursday between the hours of 3pm-5pm. Please note, there are two steps into the restaurant.","password":null}},{"type":"Feature","geometry":{"type":"Point","coordinates":[0.11107564,51.364275066]},"properties":{"id":"toiletmap/185336bccd96b4312926cb85","source":"toiletmap-uk","name":"BP Connect Filling Station - Orpington","fee":"yes","charge":null,"access":null,"wheelchair":"yes","opening_hours":"Mo-Su 09:00-17:00","operator":null,"description":"M&S Shop; ATM; Wild Bean Cafe ( Hot & Cold Snacks); Truck Friendly; Opening: Mon-Sat 7am-11pm; Sun 8am-10pm.  BR6 9DA","password":null}},{"type":"Feature","geometry":{"type":"Point","coordinates":[-0.086307711,51.514930606]},"properties":{"id":"toiletmap/18565e70a6584e7e0fa3120c","source":"toiletmap-uk","name":"The Arbitrager","fee":"no","charge":null,"access":null,"wheelchair":"no","opening_hours":null,"operator":null,"description":"27A Throgmorton Street, London, EC2N 2AN\r\n              020 7628 7450\r\n              Male & Female Toilets\r\n              MONDAY TO FRIDAY: 08.00 - 01.00\r\n              SATURDAY: 08.00 - 01.00\r\n              SUNDAY: Closed","password":null}},{"type":"Feature","geometry":{"type":"Point","coordinates":[-0.2970841,51.55365744]},"properties":{"id":"toiletmap/189500a46662caca6d84a336","source":"toiletmap-uk","name":"St John's Road","fee":"no","charge":"true","access":null,"wheelchair":"no","opening_hours":null,"operator":null,"description":"8am-8pm. Wembley Event Days: 8am-12midnight","password":null}},{"type":"Feature","geometry":{"type":"Point","coordinates":[0.0536572,51.331243014]},"properties":{"id":"toiletmap/18c5658a15d4309801c8d7c8","source":"toiletmap-uk","name":"Down House - English Heritage","fee":"no","charge":null,"access":null,"wheelchair":"no","opening_hours":"Mo-Su 09:00-17:00","operator":null,"description":"English Heritage site. Visitor toilet.","password":null}},{"type":"Feature","geometry":{"type":"Point","coordinates":[-0.190289319,51.457744005]},"properties":{"id":"toiletmap/18c7f87bdd237dff6ac3a350","source":"toiletmap-uk","name":"Wandsworth Town Hall - Fairfield St","fee":"no","charge":null,"access":null,"wheelchair":"no","opening_hours":"Mo-Fr 09:00-17:00","operator":null,"description":"Part of council Community Toilet Scheme","password":null}},{"type":"Feature","geometry":{"type":"Point","coordinates":[-0.333731174,51.390750833]},"properties":{"id":"toiletmap/18d8c36555f324df99f738fe","source":"toiletmap-uk","name":"Public Toilet - Thames Ditton (Car Park)","fee":"yes","charge":"Unknown","access":null,"wheelchair":"yes","opening_hours":null,"operator":null,"description":"Updated from Elmbridge Borough Council Website Map - Dec 2016 (Location may be off)","password":null}},{"type":"Feature","geometry":{"type":"Point","coordinates":[-0.142478943,51.479838722]},"properties":{"id":"toiletmap/190fa601bad5408215dd3c63","source":"toiletmap-uk","name":"Battersea Power Station (Tube Station)","fee":"no","charge":null,"access":null,"wheelchair":"yes","opening_hours":null,"operator":null,"description":"Behind the gate line. Kept locked - Ask staff at gate line for access.","password":null}},{"type":"Feature","geometry":{"type":"Point","coordinates":[-0.059094429,51.376143674]},"properties":{"id":"toiletmap/1962d70f8397544d6f92cdee","source":"toiletmap-uk","name":"BP Connect Filling Station - Shirley","fee":"yes","charge":null,"access":null,"wheelchair":"yes","opening_hours":"Mo-Su 00:00-00:00","operator":null,"description":"M&S Shop. Wild Bean Cafe (Hot and Cold Snacks), ATM,  HGV friendly.  CR0 8SS","password":null}},{"type":"Feature","geometry":{"type":"Point","coordinates":[-0.132568181,51.515599506]},"properties":{"id":"toiletmap/19b99f5813ab35e55bb6fce7","source":"toiletmap-uk","name":"Soho Square Temporary toilets","fee":"no","charge":null,"access":null,"wheelchair":null,"opening_hours":null,"operator":null,"description":"Three Chemical Toilets. Temporary Toilets Open Thursday 8pm-Monday 6am ","password":null}},{"type":"Feature","geometry":{"type":"Point","coordinates":[-0.339224339,51.49125053]},"properties":{"id":"toiletmap/19cb4083021dd034167bd44c","source":"toiletmap-uk","name":"Osterley Garden Centre","fee":"no","charge":null,"access":null,"wheelchair":"no","opening_hours":null,"operator":null,"description":"Part of Hounslow Community Toilet Scheme","password":null}},{"type":"Feature","geometry":{"type":"Point","coordinates":[0.024013758,51.593512243]},"properties":{"id":"toiletmap/19dd91452b53ec72d51e01f5","source":"toiletmap-uk","name":"Sainsburys - South Woodford","fee":"no","charge":null,"access":null,"wheelchair":"yes","opening_hours":null,"operator":null,"description":"Located to the right as you enter the store by the checkouts.","password":null}},{"type":"Feature","geometry":{"type":"Point","coordinates":[-0.057544113,51.652302791]},"properties":{"id":"toiletmap/19e02fce1ecf3bf2d3261a62","source":"toiletmap-uk","name":"Sainsburys, Enfield Retail Park, Great Cambridge Road","fee":"yes","charge":null,"access":null,"wheelchair":"yes","opening_hours":"Mo-Su 09:00-17:00","operator":null,"description":"Pass along the rear of the tills, almost to the end, on the left","password":null}},{"type":"Feature","geometry":{"type":"Point","coordinates":[-0.015653372,51.549964507]},"properties":{"id":"toiletmap/1a0461f22dbc34a93ce2b728","source":"toiletmap-uk","name":"VeloPark","fee":"no","charge":null,"access":null,"wheelchair":"no","opening_hours":null,"operator":null,"description":null,"password":null}},{"type":"Feature","geometry":{"type":"Point","coordinates":[-0.091587876,51.50937929]},"properties":{"id":"toiletmap/1a13a3b64c579d1f9370f9b8","source":"toiletmap-uk","name":"The Banker","fee":"no","charge":null,"access":null,"wheelchair":"yes","opening_hours":"Mo-Fr 09:00-17:00","operator":null,"description":"MONDAY - TUESDAY 11.00 - 22.00; WEDNESDAY - FRIDAY 11.00 - 23.00. Bank Holidays: Closed. Part of City of London Community Toilet Scheme.","password":null}},{"type":"Feature","geometry":{"type":"Point","coordinates":[-0.104327202,51.432741766]},"properties":{"id":"toiletmap/1a47b6d12fc98f67495d6ded","source":"toiletmap-uk","name":"The Clockworks","fee":"no","charge":null,"access":null,"wheelchair":"yes","opening_hours":"Mo-Tu 10:00-12:00; We-Fr 10:00-16:30","operator":null,"description":"The public are welcome to use the toilet at The Clockworks whenever it is open. ","password":null}},{"type":"Feature","geometry":{"type":"Point","coordinates":[-0.057604,51.624776]},"properties":{"id":"toiletmap/1a4a1ba49c261ef577a9c7f3","source":"toiletmap-uk","name":"Market Square, Edmonton Green","fee":"no","charge":"true","access":null,"wheelchair":"no","opening_hours":null,"operator":null,"description":"20p","password":null}},{"type":"Feature","geometry":{"type":"Point","coordinates":[-0.1479538,51.4927856]},"properties":{"id":"toiletmap/1a5c65a10110aa78719a1acd","source":"toiletmap-uk","name":"Victoria Library ","fee":"no","charge":null,"access":null,"wheelchair":"yes","opening_hours":"Mo 09:30-20:00; Tu-Fr 09:30-19:00; Sa 09:30-17:00","operator":null,"description":"Three toilets on the ground floor with level access into the building. ","password":null}},{"type":"Feature","geometry":{"type":"Point","coordinates":[-0.216679573,51.463370797]},"properties":{"id":"toiletmap/1a79bdb8970d3dd678f82d44","source":"toiletmap-uk","name":"Putney Exchange","fee":"no","charge":null,"access":null,"wheelchair":"yes","opening_hours":"Mo-Su 09:00-17:00","operator":null,"description":null,"password":null}},{"type":"Feature","geometry":{"type":"Point","coordinates":[-0.0050475,51.5432738]},"properties":{"id":"toiletmap/1a934ccf74636babf17246a3","source":"toiletmap-uk","name":null,"fee":"no","charge":null,"access":null,"wheelchair":"no","opening_hours":null,"operator":null,"description":null,"password":null}},{"type":"Feature","geometry":{"type":"Point","coordinates":[-0.301968464,51.451252362]},"properties":{"id":"toiletmap/1a94ae24d01c765ce0dd3016","source":"toiletmap-uk","name":"Buccleuch Gardens","fee":"no","charge":null,"access":null,"wheelchair":"yes","opening_hours":null,"operator":null,"description":"Next to Eileen's cafe in Buccleuch Gardens","password":null}},{"type":"Feature","geometry":{"type":"Point","coordinates":[-0.162885189,51.529585082]},"properties":{"id":"toiletmap/1aa65d6be1d695ec9fffde98","source":"toiletmap-uk","name":"Hanover Gate","fee":"no","charge":null,"access":null,"wheelchair":"no","opening_hours":"Mo-Su 09:00-18:00","operator":null,"description":"Open: \r\n10.00 - 16.15 January & December. \r\n10.00 - 17.00 October. \r\n10.00 - 17.15 February. \r\n10.00 - 18.15 March \r\n10.00 - 19.45 May, June, July, August & September.","password":null}},{"type":"Feature","geometry":{"type":"Point","coordinates":[-0.468064249,51.639160245]},"properties":{"id":"toiletmap/1ac51f2a5372007ef6c4b3ef","source":"toiletmap-uk","name":"Watersmeet theatre","fee":"no","charge":null,"access":null,"wheelchair":"yes","opening_hours":null,"operator":null,"description":null,"password":null}},{"type":"Feature","geometry":{"type":"Point","coordinates":[-0.150718689,51.518844511]},"properties":{"id":"toiletmap/1ad10495a0ffccb357d27051","source":"toiletmap-uk","name":"Marylebone Library ","fee":"no","charge":null,"access":null,"wheelchair":"yes","opening_hours":"Mo-Tu 09:30-20:00; We 10:00-20:00; Th-Fr 09:30-20:00; Sa 09:30-17:00; Su 13:30-17:00","operator":null,"description":"Accessible toilet on the ground floor. Free","password":null}},{"type":"Feature","geometry":{"type":"Point","coordinates":[-0.04774332,51.648036874]},"properties":{"id":"toiletmap/1b11036241a7eda06ced1bbe","source":"toiletmap-uk","name":"Tesco Enfield Ponders End","fee":"yes","charge":null,"access":null,"wheelchair":"yes","opening_hours":"Mo-Su 00:00-00:00","operator":null,"description":"Closes SAT midnight, Open SUN 10.00-16.00. Opens MON 06.00. Part of Mayor of London 'Open London' Community Toilet Scheme","password":null}},{"type":"Feature","geometry":{"type":"Point","coordinates":[-0.126004815,51.501194503]},"properties":{"id":"toiletmap/1b2a8eca18a105b40607fb79","source":"toiletmap-uk","name":"Parliament Street (exit 6 Westminster Station)","fee":"yes","charge":"£1","access":null,"wheelchair":"yes","opening_hours":"Mo-Su 07:30-20:30","operator":null,"description":"This toilet has now reopened.\nBaby change and ambulant cubicles are available.","password":null}},{"type":"Feature","geometry":{"type":"Point","coordinates":[-0.057037175,51.514332555]},"properties":{"id":"toiletmap/1b3c29592dec02960d277705","source":"toiletmap-uk","name":"Idea Store Watney Market","fee":"no","charge":null,"access":null,"wheelchair":"yes","opening_hours":"Mo-Th 10:00-18:00; Sa 08:00-17:00","operator":null,"description":"A Tower Hamlets Community Toilet Scheme Venue. All 5 toilets are split between the ground floor, first floor and second floor levels. The disabled toilet is a unisex toilet.","password":null}},{"type":"Feature","geometry":{"type":"Point","coordinates":[-0.334511697,51.424477942]},"properties":{"id":"toiletmap/1b4ccfe976f42dc84e51db68","source":"toiletmap-uk","name":"The Park Road Surgery","fee":"no","charge":null,"access":null,"wheelchair":"yes","opening_hours":"Mo 08:30-18:30; Tu-Fr 07:30-18:30","operator":null,"description":"Part of Richmond Council's Community Toilet Scheme ","password":null}},{"type":"Feature","geometry":{"type":"Point","coordinates":[-0.174746309,51.498901086]},"properties":{"id":"toiletmap/1b8da78b0811f8692823b6a0","source":"toiletmap-uk","name":"City & Guilds building, Imperial College London","fee":"no","charge":null,"access":null,"wheelchair":"no","opening_hours":"Mo-Fr 09:00-17:00","operator":null,"description":null,"password":null}},{"type":"Feature","geometry":{"type":"Point","coordinates":[-0.448508263,51.393696474]},"properties":{"id":"toiletmap/1b966580cfd5454a02d7322a","source":"toiletmap-uk","name":"Golden Grill Restaurant","fee":"yes","charge":null,"access":null,"wheelchair":"no","opening_hours":null,"operator":null,"description":"Part of Spelthorne Borough Council Comminuty Toilet Scheme Opening hours: Monday - Saturday 7.30am to 10.30pm, Sunday 9.30am to 5.30pm","password":null}},{"type":"Feature","geometry":{"type":"Point","coordinates":[-0.238652229,51.551934515]},"properties":{"id":"toiletmap/1b9cea6b1f4f49394e60626d","source":"toiletmap-uk","name":"Dollis Hill Tube Station","fee":"yes","charge":"Yes","access":null,"wheelchair":"no","opening_hours":null,"operator":null,"description":"Closed for several years due to vandalism.  Staff may have a key. Toilets are inside ticket gateline!","password":null}},{"type":"Feature","geometry":{"type":"Point","coordinates":[0.073589087,51.388665338]},"properties":{"id":"toiletmap/1b9f5c6f428a46d740e39886","source":"toiletmap-uk","name":"Petts Wood Cafe and Sandwich Bar","fee":"no","charge":null,"access":null,"wheelchair":"no","opening_hours":"Mo-Su 09:00-17:00","operator":null,"description":"Mon-Sat 6.30-15.00. Sun 9.00-14.00. Part of Bromley Council Community Toilet Scheme.","password":null}},{"type":"Feature","geometry":{"type":"Point","coordinates":[-0.416750908,51.383518143]},"properties":{"id":"toiletmap/1bb6122af588c78d9d04b4f5","source":"toiletmap-uk","name":"Elmbridge Community Hub","fee":"yes","charge":null,"access":null,"wheelchair":"yes","opening_hours":null,"operator":null,"description":"Monday 09:30 - 15:30.\r\nTuesday 09:30 - 15:30.\r\nWednesday 09:30 - 12:30.\r\nThursday 09:30 - 15:30.\r\nFriday 09:30 - 12:30.\r\n\r\nClosed Weekends.  Times may not be current.","password":null}},{"type":"Feature","geometry":{"type":"Point","coordinates":[-0.010511,51.461234]},"properties":{"id":"toiletmap/1bec0a79ffc35bf8e80ee7cf","source":"toiletmap-uk","name":"Lewisham Market Automatic Toilet","fee":"no","charge":null,"access":null,"wheelchair":"no","opening_hours":"Mo-Su 00:00-00:00","operator":null,"description":"Part of Lewisham Community Toilet Scheme","password":null}},{"type":"Feature","geometry":{"type":"Point","coordinates":[-0.078302765,51.28213943]},"properties":{"id":"toiletmap/1c24d172103c08d44d23f285","source":"toiletmap-uk","name":"Caterham Railway Station","fee":"no","charge":null,"access":null,"wheelchair":"no","opening_hours":null,"operator":null,"description":null,"password":null}},{"type":"Feature","geometry":{"type":"Point","coordinates":[-0.410405874,51.446529459]},"properties":{"id":"toiletmap/1c4731193b8df04d6e26fe87","source":"toiletmap-uk","name":"The Centre Feltham","fee":"no","charge":null,"access":null,"wheelchair":"no","opening_hours":null,"operator":null,"description":"Part of Hounslow Community Toilet Scheme\nToilets are located at Costa Coffee and at Moon on the Square","password":null}},{"type":"Feature","geometry":{"type":"Point","coordinates":[-0.079393387,51.364481051]},"properties":{"id":"toiletmap/1c4e88055e642d85d04da047","source":"toiletmap-uk","name":"Lloyd Park","fee":"no","charge":null,"access":null,"wheelchair":"yes","opening_hours":"Mo-Su 09:00-16:00","operator":null,"description":"Ladies and gents usually open during cafe opening hours (9am-4pm); there is a separate RADAR key toilet (with baby change unit).  \nDo not always have toilet paper or soap!","password":null}},{"type":"Feature","geometry":{"type":"Point","coordinates":[-0.4436799,51.5639302]},"properties":{"id":"toiletmap/1c91cd3edd4aef66dc392cbc","source":"toiletmap-uk","name":null,"fee":"yes","charge":"true","access":null,"wheelchair":"no","opening_hours":null,"operator":null,"description":null,"password":null}},{"type":"Feature","geometry":{"type":"Point","coordinates":[-0.301158428,51.412758222]},"properties":{"id":"toiletmap/1c92504133c1f60877839fe5","source":"toiletmap-uk","name":"Kingston Station","fee":"no","charge":null,"access":null,"wheelchair":"no","opening_hours":"Mo-Su 06:45-20:00","operator":null,"description":"On station platform so ticket has to be purchased to get through barriers.","password":null}},{"type":"Feature","geometry":{"type":"Point","coordinates":[-0.14674902,51.429878908]},"properties":{"id":"toiletmap/1cc51d9be23d5167b8536ce7","source":"toiletmap-uk","name":"Tooting Bec Athletics Track","fee":"no","charge":null,"access":null,"wheelchair":"no","opening_hours":null,"operator":null,"description":"Part of council Community Toilet Scheme","password":null}},{"type":"Feature","geometry":{"type":"Point","coordinates":[-0.181191266,51.547872933]},"properties":{"id":"toiletmap/1cf0484bd8cd226898f397c3","source":"toiletmap-uk","name":"O2 Centre","fee":"yes","charge":null,"access":null,"wheelchair":"yes","opening_hours":"Mo-Su 09:00-17:00","operator":null,"description":"Second floor O2 Centre, also Ground floor in Sainsbury's","password":null}},{"type":"Feature","geometry":{"type":"Point","coordinates":[-0.0973219,51.5295942]},"properties":{"id":"toiletmap/1d0cd550e85076addafb1db9","source":"toiletmap-uk","name":"City Road j/c Central Street","fee":"no","charge":"true","access":null,"wheelchair":"no","opening_hours":"Mo-Su 00:00-00:00","operator":null,"description":"Out of service when checked Oct 2018","password":null}},{"type":"Feature","geometry":{"type":"Point","coordinates":[-0.155425403,51.377913034]},"properties":{"id":"toiletmap/1d150c1a448eadcc6cbea304","source":"toiletmap-uk","name":"Lidl Hackbridge","fee":"no","charge":null,"access":null,"wheelchair":"yes","opening_hours":"Mo-We 07:00-21:00; Th 07:00-22:04; Fr-Sa 07:00-21:00; Su 11:00-16:00","operator":null,"description":"An accessible toilet within a lidl shop","password":null}},{"type":"Feature","geometry":{"type":"Point","coordinates":[0.006295145,51.513072661]},"properties":{"id":"toiletmap/1d1a1608ce2100c60ef90348","source":"toiletmap-uk","name":"English National Ballet","fee":"no","charge":null,"access":null,"wheelchair":"yes","opening_hours":"Mo-Fr 08:30-17:00; Sa-Su 09:00-17:00","operator":null,"description":"A Tower Hamlets Community Toilet Scheme Venue. These toilets can be located on the ground floor. The disabled toilet is unisex.","password":null}},{"type":"Feature","geometry":{"type":"Point","coordinates":[-0.281374454,51.434039357]},"properties":{"id":"toiletmap/1d4cb08b19a28d777d2a7a99","source":"toiletmap-uk","name":"Isabella plantation 2","fee":"no","charge":null,"access":null,"wheelchair":"no","opening_hours":"Mo-Su 09:00-18:00","operator":null,"description":"Within Richmond park","password":null}},{"type":"Feature","geometry":{"type":"Point","coordinates":[-0.128939152,51.517556007]},"properties":{"id":"toiletmap/1d52ba4c68008bc86d46eb53","source":"toiletmap-uk","name":"Kilcock toilet","fee":"no","charge":null,"access":null,"wheelchair":null,"opening_hours":null,"operator":null,"description":null,"password":null}},{"type":"Feature","geometry":{"type":"Point","coordinates":[-0.26749074,51.465645944]},"properties":{"id":"toiletmap/1d594efa84a57492c4018ddb","source":"toiletmap-uk","name":"East Sheen library","fee":"no","charge":null,"access":null,"wheelchair":"no","opening_hours":null,"operator":null,"description":null,"password":null}},{"type":"Feature","geometry":{"type":"Point","coordinates":[-0.141942501,51.590087745]},"properties":{"id":"toiletmap/1d6f627c8c7ee5e7409422df","source":"toiletmap-uk","name":"Summerland Gardens","fee":"no","charge":null,"access":null,"wheelchair":"yes","opening_hours":"Mo-Su 09:00-17:00","operator":null,"description":"9am - 5pm","password":null}},{"type":"Feature","geometry":{"type":"Point","coordinates":[-0.350814164,51.433799227]},"properties":{"id":"toiletmap/1d8c52b87eff52e400c9c2cc","source":"toiletmap-uk","name":"H&L Motors","fee":"no","charge":null,"access":null,"wheelchair":"no","opening_hours":"Mo-Fr 08:00-17:30","operator":null,"description":"Richmond Community Toilet Scheme ","password":null}},{"type":"Feature","geometry":{"type":"Point","coordinates":[-0.051211417,51.528250469]},"properties":{"id":"toiletmap/1d8decff16751693c50589e3","source":"toiletmap-uk","name":"Mandala Cafe","fee":"no","charge":null,"access":null,"wheelchair":"no","opening_hours":"Mo-Fr 08:30-19:00; Sa 10:00-15:30","operator":null,"description":"A Tower Hamlets Community Toilet Scheme Venue. Both toilets are located on the ground floor.","password":null}},{"type":"Feature","geometry":{"type":"Point","coordinates":[-0.018196106,51.447768823]},"properties":{"id":"toiletmap/1dae7decea7bbe9ee11ed4d5","source":"toiletmap-uk","name":"Nandos Catford","fee":"no","charge":null,"access":null,"wheelchair":"no","opening_hours":"Mo-Su 09:00-17:00","operator":null,"description":null,"password":null}},{"type":"Feature","geometry":{"type":"Point","coordinates":[-0.202412903,51.419451163]},"properties":{"id":"toiletmap/1db813f456eb1172a6cedff0","source":"toiletmap-uk","name":"KFC","fee":"no","charge":null,"access":null,"wheelchair":"yes","opening_hours":null,"operator":null,"description":null,"password":null}},{"type":"Feature","geometry":{"type":"Point","coordinates":[-0.081002712,51.518273702]},"properties":{"id":"toiletmap/1dba5ae4210bc9e76c21ab75","source":"toiletmap-uk","name":"Liverpool Street Station — Accessible","fee":"no","charge":null,"access":null,"wheelchair":"yes","opening_hours":null,"operator":null,"description":"Locked. Access via RADAR key or intercom.\n\nSource: https://www.networkrail.co.uk/communities/passengers/our-stations/london-liverpool-street/","password":null}},{"type":"Feature","geometry":{"type":"Point","coordinates":[-0.145123601,51.495390359]},"properties":{"id":"toiletmap/1dd0f403d1694d6f7dd33f9a","source":"toiletmap-uk","name":"London Victoria Train Station","fee":"no","charge":null,"access":null,"wheelchair":"yes","opening_hours":null,"operator":null,"description":"the disabled toilets and a gender neutral toilet are on the left before the stairs. Head towards the men's to find them.","password":null}},{"type":"Feature","geometry":{"type":"Point","coordinates":[-0.072620809,51.566788662]},"properties":{"id":"toiletmap/1df440dacf4f13303cf3b6d8","source":"toiletmap-uk","name":"Mascara Bar","fee":"no","charge":null,"access":null,"wheelchair":"yes","opening_hours":"Mo-We 11:00-02:00; Th-Su 11:00-03:00","operator":null,"description":"Queer and trans friendly space ! ","password":null}},{"type":"Feature","geometry":{"type":"Point","coordinates":[-0.041697587,51.532915318]},"properties":{"id":"toiletmap/1e1a6eb93a725687459ff4cf","source":"toiletmap-uk","name":"The Crown","fee":"no","charge":null,"access":null,"wheelchair":"yes","opening_hours":"Mo-Fr 11:00-23:00; Sa 10:00-00:00; Su 10:00-22:30","operator":null,"description":"This is a Tower Hamlets Council Community Toilet Scheme venue. The ladies and men's toilets are located in the basement, but the disabled toilet with baby changing is on the ground floor.","password":null}},{"type":"Feature","geometry":{"type":"Point","coordinates":[-0.0531237,51.4149991]},"properties":{"id":"toiletmap/1e24afa9cf1e23ccfe08f486","source":"toiletmap-uk","name":"Penge High Street","fee":"no","charge":null,"access":null,"wheelchair":"yes","opening_hours":"Mo-Su 08:00-18:00","operator":null,"description":null,"password":null}},{"type":"Feature","geometry":{"type":"Point","coordinates":[-0.051927567,51.290068478]},"properties":{"id":"toiletmap/1e5593b857a6950988245aaf","source":"toiletmap-uk","name":"Woldingham Station","fee":"no","charge":null,"access":null,"wheelchair":"no","opening_hours":null,"operator":null,"description":null,"password":null}},{"type":"Feature","geometry":{"type":"Point","coordinates":[-0.090572834,51.512361234]},"properties":{"id":"toiletmap/1e7a329babd2b53e6a413347","source":"toiletmap-uk","name":"The London Mithraeum","fee":"no","charge":null,"access":null,"wheelchair":"yes","opening_hours":"Tu-Sa 10:00-18:00; Su 12:00-17:00","operator":null,"description":"The nicest toilets, inside a swanky free museum, for the Temple of Mithras under the Bloomberg building. Entrance on Wallbrook. \nGender neutral, individual room with sinks and wood panelling.","password":null}},{"type":"Feature","geometry":{"type":"Point","coordinates":[-0.252462602,51.4003811]},"properties":{"id":"toiletmap/1ed4348bc762b0a189a1cf88","source":"toiletmap-uk","name":"The Malden Centre","fee":"no","charge":null,"access":null,"wheelchair":null,"opening_hours":"Mo-Fr 06:30-22:00; Sa 06:30-19:00; Su 07:30-19:00","operator":null,"description":"One set of toilets in this building not two. Access when building is open. ","password":null}},{"type":"Feature","geometry":{"type":"Point","coordinates":[-0.223057903,51.375829517]},"properties":{"id":"toiletmap/1f33d28d064b324e27a5f6a2","source":"toiletmap-uk","name":"Aldi toilet","fee":"no","charge":null,"access":null,"wheelchair":"yes","opening_hours":"Mo-Sa 08:00-22:00; Su 10:00-16:00","operator":null,"description":null,"password":null}},{"type":"Feature","geometry":{"type":"Point","coordinates":[-0.045130849,51.469033655]},"properties":{"id":"toiletmap/1f3425d24fc7e022b02c07fc","source":"toiletmap-uk","name":"Telegraph hill lower park toilet","fee":"no","charge":null,"access":null,"wheelchair":"no","opening_hours":"Mo-Su 09:00-18:00","operator":null,"description":"Mon & Fri - 8am-3pm","password":null}},{"type":"Feature","geometry":{"type":"Point","coordinates":[-0.146641731,51.453014088]},"properties":{"id":"toiletmap/1f5486a357b3c6e29138a00a","source":"toiletmap-uk","name":"Tesco Clapham South","fee":"no","charge":null,"access":null,"wheelchair":"no","opening_hours":"Mo-Su 09:00-17:00","operator":null,"description":"MON-FRI 0700-2200, SAT 0200-0000, SUN 10.00-16.00. Opens MON 06.00. Part of Mayor of London 'Open London' Community Toilet Scheme","password":null}},{"type":"Feature","geometry":{"type":"Point","coordinates":[-0.14279373,51.538935381]},"properties":{"id":"toiletmap/1f7ed0cb2103ea8199d18d93","source":"toiletmap-uk","name":"Camden Town women's public toilet","fee":"no","charge":null,"access":null,"wheelchair":"no","opening_hours":null,"operator":null,"description":"Below ground, access via stairs.\nWinter/Spring opening hours (1 November to 31 May): 9am to 5.45pm\nSummer/Autumn opening hours (1 June to 31 October): 9am to 7.45pm\n","password":null}},{"type":"Feature","geometry":{"type":"Point","coordinates":[-0.147365928,51.476952658]},"properties":{"id":"toiletmap/1f7f0f7540b8ff5d0cfca69e","source":"toiletmap-uk","name":"Battersea Park Station","fee":"no","charge":null,"access":null,"wheelchair":"no","opening_hours":"Mo-Su 05:00-00:00","operator":null,"description":"Behind Gateline","password":null}},{"type":"Feature","geometry":{"type":"Point","coordinates":[0.090090036,51.575493643]},"properties":{"id":"toiletmap/1f90f9036e8a993fe8061986","source":"toiletmap-uk","name":"Newbury Park Station","fee":"no","charge":null,"access":null,"wheelchair":"no","opening_hours":null,"operator":null,"description":"Toilets are located on Platform 1.\nWhen Greater Anglia and TfL Rail Replacements are running ticket gates are often left open for access to toilets.","password":null}},{"type":"Feature","geometry":{"type":"Point","coordinates":[-0.360510349,51.410596773]},"properties":{"id":"toiletmap/1f91d1945d98a88fb35455c2","source":"toiletmap-uk","name":"Public Toilet - Molesley (Sadlers Ride car park)","fee":"no","charge":"20p","access":null,"wheelchair":"no","opening_hours":"Mo-Su 00:00-00:00","operator":null,"description":"Updated from Elmbridge Borough Council Website Map - Dec 2016","password":null}},{"type":"Feature","geometry":{"type":"Point","coordinates":[-0.19536674,51.364640145]},"properties":{"id":"toiletmap/1fd990023cf2689ab51a415f","source":"toiletmap-uk","name":"Empire Cinema","fee":"no","charge":null,"access":null,"wheelchair":"yes","opening_hours":"Mo-Su 09:00-17:00","operator":null,"description":"Community Toilet Scheme toilet","password":null}},{"type":"Feature","geometry":{"type":"Point","coordinates":[-0.279798749,51.6528853]},"properties":{"id":"toiletmap/1fddb408acb4b14eed26b699","source":"toiletmap-uk","name":"Elstree & Borehamwood Railway Station","fee":"no","charge":null,"access":null,"wheelchair":"no","opening_hours":null,"operator":null,"description":".","password":null}},{"type":"Feature","geometry":{"type":"Point","coordinates":[0.178881884,51.449289229]},"properties":{"id":"toiletmap/1fe238f0d116b90b2ac49e9e","source":"toiletmap-uk","name":"Sainsbury's","fee":"no","charge":null,"access":null,"wheelchair":"yes","opening_hours":null,"operator":null,"description":null,"password":null}},{"type":"Feature","geometry":{"type":"Point","coordinates":[0.15402317,51.479331603]},"properties":{"id":"toiletmap/1fe899052e3d9584b9277310","source":"toiletmap-uk","name":"Erith Cemetery, Brook Street","fee":"no","charge":null,"access":null,"wheelchair":"yes","opening_hours":"Mo-Su 09:00-16:00","operator":null,"description":"The times given are for Winter months.\nThe times for Summer months are Monday to Sunday 9am - 6pm.\nThe Disabled toilet is also a unisex/gender neutral toilet.","password":null}},{"type":"Feature","geometry":{"type":"Point","coordinates":[-0.12757659,51.438284697]},"properties":{"id":"toiletmap/1ff2eb724a0f6ef876408788","source":"toiletmap-uk","name":"Streatham Hill Station","fee":"no","charge":null,"access":null,"wheelchair":"no","opening_hours":null,"operator":null,"description":null,"password":null}},{"type":"Feature","geometry":{"type":"Point","coordinates":[-0.263990522,51.492734708]},"properties":{"id":"toiletmap/1ff3288bb0312e3d3c8be58c","source":"toiletmap-uk","name":"Starbucks Coffee Chiswick","fee":"no","charge":null,"access":null,"wheelchair":"no","opening_hours":null,"operator":null,"description":"Part of Hounslow Community Toilet Scheme","password":null}},{"type":"Feature","geometry":{"type":"Point","coordinates":[-0.345895412,51.482377756]},"properties":{"id":"toiletmap/1fff427276ee92b756ebcb37","source":"toiletmap-uk","name":"Osterley Library","fee":"no","charge":null,"access":null,"wheelchair":"yes","opening_hours":null,"operator":null,"description":"Info provided by Hounslow Borough Council","password":null}},{"type":"Feature","geometry":{"type":"Point","coordinates":[-0.458915234,51.382160527]},"properties":{"id":"toiletmap/204ca5ccd02e759d9ebda934","source":"toiletmap-uk","name":"Shepperton Lock, Towpath","fee":"no","charge":null,"access":null,"wheelchair":null,"opening_hours":null,"operator":null,"description":"https://spelthorne.gov.uk/article/18408/New-loos-for-Shepperton-Lock\n\nTW17 9LJ","password":null}},{"type":"Feature","geometry":{"type":"Point","coordinates":[-0.317244,51.68518891]},"properties":{"id":"toiletmap/2058a63d9c52aa0af83c2e9a","source":"toiletmap-uk","name":"Radlett Station","fee":"no","charge":null,"access":null,"wheelchair":"yes","opening_hours":null,"operator":null,"description":null,"password":null}},{"type":"Feature","geometry":{"type":"Point","coordinates":[-0.225112438,51.58264994]},"properties":{"id":"toiletmap/206fa0d37593bb36adffd275","source":"toiletmap-uk","name":"Hendon Park","fee":"no","charge":null,"access":null,"wheelchair":"no","opening_hours":null,"operator":null,"description":"Not very clean","password":null}},{"type":"Feature","geometry":{"type":"Point","coordinates":[-0.337378979,51.423919411]},"properties":{"id":"toiletmap/208f2ccd2277b413fe961b9a","source":"toiletmap-uk","name":"Park Lane Stables RDA","fee":"no","charge":null,"access":null,"wheelchair":"yes","opening_hours":"Mo-Su 07:30-17:00","operator":null,"description":"Part of Richmond Council's Community Toilet Scheme.","password":null}},{"type":"Feature","geometry":{"type":"Point","coordinates":[-0.192370713,51.45614625]},"properties":{"id":"toiletmap/20c2258b19519728f515433c","source":"toiletmap-uk","name":"Wandsworth Town Library","fee":"no","charge":null,"access":null,"wheelchair":"no","opening_hours":null,"operator":null,"description":"Part of council Community Toilet Scheme","password":null}},{"type":"Feature","geometry":{"type":"Point","coordinates":[-0.157764767,51.392958505]},"properties":{"id":"toiletmap/20c8cdc1d7b6b33e8c9498b5","source":"toiletmap-uk","name":"Mitcham Junction Station","fee":"no","charge":null,"access":null,"wheelchair":null,"opening_hours":null,"operator":null,"description":"Located on platform 2","password":null}},{"type":"Feature","geometry":{"type":"Point","coordinates":[-0.128030774,51.515670257]},"properties":{"id":"toiletmap/2121ba3ee01487d768fbb8e1","source":"toiletmap-uk","name":"Caffe Nero","fee":"no","charge":null,"access":null,"wheelchair":"yes","opening_hours":"Mo-Su 08:30-19:00","operator":null,"description":"They would appreciate you making a purchase, but not compulsory.","password":null}},{"type":"Feature","geometry":{"type":"Point","coordinates":[-0.257361174,51.485977356]},"properties":{"id":"toiletmap/21289d761409317b5c7a4efc","source":"toiletmap-uk","name":"Chiswick Gardens","fee":"no","charge":null,"access":null,"wheelchair":"no","opening_hours":null,"operator":null,"description":"Part of Hounslow Community Toilet Scheme","password":null}},{"type":"Feature","geometry":{"type":"Point","coordinates":[-0.071719587,51.51872818]},"properties":{"id":"toiletmap/2195914e1e7b0d692af8dc95","source":"toiletmap-uk","name":"Brick Lane Coffee Shop","fee":"no","charge":null,"access":null,"wheelchair":"no","opening_hours":"Mo-Su 07:00-23:30","operator":null,"description":"A Tower Hamlets Community Toilet Scheme Venue. The toilet can be found upstairs.","password":null}},{"type":"Feature","geometry":{"type":"Point","coordinates":[0.027970076,51.362670692]},"properties":{"id":"toiletmap/21bb260dadd1a6348310c57e","source":"toiletmap-uk","name":"The Greyhound Public House","fee":"no","charge":null,"access":null,"wheelchair":"no","opening_hours":"Mo-Su 09:00-17:00","operator":null,"description":"Mon-Sat 11.00-23.00. Sun 12.00-22.30. Part of Bromley Council Community Toilet Scheme.","password":null}},{"type":"Feature","geometry":{"type":"Point","coordinates":[-0.12258822,51.57809712]},"properties":{"id":"toiletmap/21efbf8bf57b8115397cf008","source":"toiletmap-uk","name":"Hatherley Gardens","fee":"no","charge":null,"access":null,"wheelchair":"yes","opening_hours":"Mo-Su 09:00-17:00","operator":null,"description":"9am - 5pm","password":null}},{"type":"Feature","geometry":{"type":"Point","coordinates":[-0.340037584,51.474748683]},"properties":{"id":"toiletmap/2200d523d3906fe0613ac5f8","source":"toiletmap-uk","name":"William Hall","fee":"no","charge":null,"access":null,"wheelchair":"no","opening_hours":null,"operator":null,"description":"Part of Hounslow Community Toilet Scheme","password":null}},{"type":"Feature","geometry":{"type":"Point","coordinates":[-0.33455193,51.592060733]},"properties":{"id":"toiletmap/2245e14a24e744cf0f438e98","source":"toiletmap-uk","name":"Harrow & Wealdstone Station","fee":"no","charge":null,"access":null,"wheelchair":"no","opening_hours":null,"operator":null,"description":null,"password":null}},{"type":"Feature","geometry":{"type":"Point","coordinates":[-0.098968148,51.513800442]},"properties":{"id":"toiletmap/224c13a9acfaa31d12e04e95","source":"toiletmap-uk","name":"St. Paul's Cathedral Toilets","fee":"yes","charge":null,"access":null,"wheelchair":"no","opening_hours":null,"operator":null,"description":"Enter via the steps down to the crypt, on the north side of the cathedral.","password":null}},{"type":"Feature","geometry":{"type":"Point","coordinates":[-0.162802245,51.40054288]},"properties":{"id":"toiletmap/2253784bc26331cef7536dd1","source":"toiletmap-uk","name":"Canons Leisure Centre","fee":"no","charge":null,"access":null,"wheelchair":null,"opening_hours":"Mo-Th 06:00-22:00; Fr 06:00-20:00; Sa-Su 08:00-17:00","operator":null,"description":null,"password":null}},{"type":"Feature","geometry":{"type":"Point","coordinates":[-0.05182296,51.520975381]},"properties":{"id":"toiletmap/22821f09830d85a004650414","source":"toiletmap-uk","name":"Queen Mary Cafe","fee":"no","charge":null,"access":null,"wheelchair":"yes","opening_hours":"Mo-Fr 08:00-16:00","operator":null,"description":"A Tower Hamlets Community Toilet Scheme Venue. These toilets can be found on the ground floor.","password":null}},{"type":"Feature","geometry":{"type":"Point","coordinates":[-0.093975856,51.463906356]},"properties":{"id":"toiletmap/229e224a26b9023dc58af837","source":"toiletmap-uk","name":"Toilets","fee":"no","charge":null,"access":null,"wheelchair":"no","opening_hours":null,"operator":null,"description":null,"password":null}},{"type":"Feature","geometry":{"type":"Point","coordinates":[-0.257256031,51.597674288]},"properties":{"id":"toiletmap/22ac92def5e24408560776f2","source":"toiletmap-uk","name":"The Hub, cafe at Montrose Park","fee":"yes","charge":"50p","access":null,"wheelchair":null,"opening_hours":null,"operator":null,"description":"The toilet block has been demolished and replaced with a cafe called the Hub.  They charge around 50p and are not always open.","password":null}},{"type":"Feature","geometry":{"type":"Point","coordinates":[-0.421653986,51.385252352]},"properties":{"id":"toiletmap/22bae5978e88c17a3421126a","source":"toiletmap-uk","name":"Public Toilet - Walton on Thames (The Heart Shopping Centre))","fee":"yes","charge":null,"access":null,"wheelchair":"no","opening_hours":null,"operator":null,"description":"Updated from Elmbridge Borough Council Website Map - Dec 2016","password":null}},{"type":"Feature","geometry":{"type":"Point","coordinates":[-0.103197992,51.433176949]},"properties":{"id":"toiletmap/22c6b6bd5b6939cfdf2ee694","source":"toiletmap-uk","name":"Library and Picture House","fee":"no","charge":null,"access":null,"wheelchair":"yes","opening_hours":null,"operator":null,"description":null,"password":null}},{"type":"Feature","geometry":{"type":"Point","coordinates":[-0.045779943,51.494527021]},"properties":{"id":"toiletmap/22f0dae74ab63844b0a84565","source":"toiletmap-uk","name":"Tesco Surrey Quays","fee":"yes","charge":null,"access":null,"wheelchair":"yes","opening_hours":"Mo-Su 09:00-17:00","operator":null,"description":"MON-FRI 0700-2200. SAT 0200-Midnight. SUN 1100-1700. Opens MON 0600. Part of Mayor of London's 'Open London' Community Toilet Scheme","password":null}},{"type":"Feature","geometry":{"type":"Point","coordinates":[-0.019448746,51.503532085]},"properties":{"id":"toiletmap/232bc6a31fc2f51f403d077f","source":"toiletmap-uk","name":"Canary Wharf (Jubilee Line) underground station (ticket entrance area) (unpaid area) (accessible toilet only)","fee":"no","charge":null,"access":null,"wheelchair":"yes","opening_hours":"Mo-Fr 05:30-00:00; Sa 00:00-00:00; Su 00:00-23:45","operator":null,"description":"Canary Wharf Jubilee Line station has multiple entrances, but the main ticket area is where there are 6 escalators.  Upon going down the 6 escalators (lift access on the side of the escalators), the Accessible toilet is on the right at the bottom of the escalators. Radar Key only for this Accessible toilet.","password":null}},{"type":"Feature","geometry":{"type":"Point","coordinates":[-0.266946852,51.465041448]},"properties":{"id":"toiletmap/233fba4b287924a51024dc30","source":"toiletmap-uk","name":"The Pig and Whistle","fee":"no","charge":null,"access":null,"wheelchair":"yes","opening_hours":"Mo-Su 12:00-23:00","operator":null,"description":"Part of Richmond Council's Community Toilet Scheme ","password":null}},{"type":"Feature","geometry":{"type":"Point","coordinates":[-0.194996595,51.361615593]},"properties":{"id":"toiletmap/234bb3083cd25f85ceb024da","source":"toiletmap-uk","name":"Civic Offices, Sutton","fee":"no","charge":null,"access":null,"wheelchair":"yes","opening_hours":"Mo-Fr 09:00-17:00","operator":null,"description":"Also open Saturday: 8am to 5.30pm. Community Toilet Scheme","password":null}},{"type":"Feature","geometry":{"type":"Point","coordinates":[-0.390591649,51.6795478]},"properties":{"id":"toiletmap/235d5de6876f50930a115a3f","source":"toiletmap-uk","name":"Asda Watford Supercentre","fee":"no","charge":null,"access":null,"wheelchair":"yes","opening_hours":"Mo-Su 00:00-00:00","operator":null,"description":"24/7 - Opens 6am Mon - Closes 10pm Sat.  Sun 10am-4pm. WD24 7RT","password":null}},{"type":"Feature","geometry":{"type":"Point","coordinates":[-0.052759098,51.527756249]},"properties":{"id":"toiletmap/236ba3660046b07aa8f05bd8","source":"toiletmap-uk","name":"Officina Del Gusto","fee":"no","charge":null,"access":null,"wheelchair":"no","opening_hours":"Mo-Sa 10:00-20:00; Su 10:30-19:00","operator":null,"description":"A Tower Hamlets Community Toilet Scheme Venue. The toilet is located on the ground floor, but please note it is very small.","password":null}},{"type":"Feature","geometry":{"type":"Point","coordinates":[-0.019180312,51.528029845]},"properties":{"id":"toiletmap/2378c868f18d193c481140d2","source":"toiletmap-uk","name":"Root/25","fee":"no","charge":null,"access":null,"wheelchair":"no","opening_hours":"Mo-Su 09:00-16:00","operator":null,"description":"This is a Tower Hamlets Community Toilet Scheme venue. The toilets are located downstairs and access to the venue is up steps outside.","password":null}},{"type":"Feature","geometry":{"type":"Point","coordinates":[-0.046804547,51.654611988]},"properties":{"id":"toiletmap/237d65fdc9dfae7fe78108b9","source":"toiletmap-uk","name":"Durants Park APC, Hertfield Road","fee":"no","charge":"possibly","access":null,"wheelchair":"no","opening_hours":"Mo-Su 00:00-00:00","operator":null,"description":"Automatic Public Convenience","password":null}},{"type":"Feature","geometry":{"type":"Point","coordinates":[-0.093130245,51.512871879]},"properties":{"id":"toiletmap/237ef73d21dd73cdfba3c8de","source":"toiletmap-uk","name":"Watling Street Urilift","fee":"no","charge":null,"access":null,"wheelchair":"no","opening_hours":"Mo-Su 17:00-00:00","operator":null,"description":"Male ONLY Urinals. Mon-Thurs, Bank Hols: 21.00 - 03.30; Fri, Sat: 21.00 - 06.30; Sun: Closed. \r\nNOTES Only available to serve the night time economy","password":null}},{"type":"Feature","geometry":{"type":"Point","coordinates":[-0.274014473,51.616304629]},"properties":{"id":"toiletmap/2393a725b2a2e7437e78b217","source":"toiletmap-uk","name":"Edgware Library","fee":"no","charge":null,"access":null,"wheelchair":"yes","opening_hours":"Mo 09:00-12:30; Tu 14:00-20:00; We 18:00-20:00; Th 14:00-22:00; Fr 18:00-22:00; Sa 09:00-17:00; Su 14:00-17:00","operator":null,"description":"On Mondays, toilets re-open at 6pm and close at 8pm in the evening. ","password":null}},{"type":"Feature","geometry":{"type":"Point","coordinates":[-0.080187321,51.461213413]},"properties":{"id":"toiletmap/23a1c18c64f30cd5e5d873ed","source":"toiletmap-uk","name":"Grove Vale Library","fee":"no","charge":null,"access":null,"wheelchair":"yes","opening_hours":"Mo-Tu 10:00-19:00; Th 10:00-19:00; Fr 10:00-15:00; Sa 10:00-17:00","operator":null,"description":"Monday, Tuesday & Thursday:10am to 7pm; Friday: 10am to 3pm,\nSaturday: 10am to 5pm; Wednesday & Sunday closed,","password":null}},{"type":"Feature","geometry":{"type":"Point","coordinates":[0.145069957,51.484062133]},"properties":{"id":"toiletmap/23b34d3bf0ba1d5ecc3736c9","source":"toiletmap-uk","name":"Belvedere Recreation Ground (Belvedere Beach)","fee":"no","charge":null,"access":null,"wheelchair":"no","opening_hours":"Mo-Su 09:00-16:30","operator":null,"description":"The times entered are for Winter months.\nThe times for Summer months are Monday to Sunday, 9am-6pm.\nThe toilets are closed on Christmas Day and Boxing Day","password":null}},{"type":"Feature","geometry":{"type":"Point","coordinates":[-0.035448074,51.581236569]},"properties":{"id":"toiletmap/2406b24345fc42e1e5b4c25e","source":"toiletmap-uk","name":"The Mill Community Centre","fee":"yes","charge":null,"access":null,"wheelchair":"yes","opening_hours":null,"operator":null,"description":"Part of Community Toilet Scheme.\r\nTues,Weds,Thurs: 10am-7pm. Fri,Sat: 10am-6pm. Sun:11am-2pm.","password":null}},{"type":"Feature","geometry":{"type":"Point","coordinates":[-0.130119324,51.516332561]},"properties":{"id":"toiletmap/24102ac5fbb75a5bbe581ba0","source":"toiletmap-uk","name":"Tottenham Court Road Underground Station","fee":"yes","charge":"Free","access":null,"wheelchair":"yes","opening_hours":"Mo-Su 09:00-17:00","operator":null,"description":"There is a single unisex accessible toilet located off the main ticket hall (below ground), to the left of Pret a Manger. There is level access by lift to this area. Access to the toilet for people who don't have their own RADAR key is at the discretion of staff.","password":null}},{"type":"Feature","geometry":{"type":"Point","coordinates":[-0.10047555,51.375837286]},"properties":{"id":"toiletmap/243f6f31b82b71c36a0f64da","source":"toiletmap-uk","name":"Whitgift Centre","fee":"no","charge":"zero","access":null,"wheelchair":"no","opening_hours":"Mo-Su 09:00-17:00","operator":null,"description":"3rd floor location.","password":null}},{"type":"Feature","geometry":{"type":"Point","coordinates":[-0.071998537,51.524648127]},"properties":{"id":"toiletmap/24683a677d852d1c9312fc8b","source":"toiletmap-uk","name":"The Common Press","fee":"no","charge":null,"access":null,"wheelchair":"yes","opening_hours":"Tu-Su 11:00-18:30","operator":null,"description":"A Tower Hamlets Community Toilet Scheme Venue. The toilets are gender-neutral , wheelchair accessible and are LGBTQIA+ friendly.","password":null}},{"type":"Feature","geometry":{"type":"Point","coordinates":[0.000327229,51.608176375]},"properties":{"id":"toiletmap/248424fc94b5bc2a7e2f5920","source":"toiletmap-uk","name":"Highams Lounge","fee":"yes","charge":null,"access":null,"wheelchair":"yes","opening_hours":"Mo-Su 09:00-17:00","operator":null,"description":"Mon-Sun: 7am-6pm. Part of Waltham Forest Community Toilet Scheme.","password":null}},{"type":"Feature","geometry":{"type":"Point","coordinates":[-0.076560974,51.488805533]},"properties":{"id":"toiletmap/24a60bfe8ed15a8ef5893243","source":"toiletmap-uk","name":"Tesco","fee":"no","charge":null,"access":null,"wheelchair":"no","opening_hours":null,"operator":null,"description":null,"password":null}},{"type":"Feature","geometry":{"type":"Point","coordinates":[0.159848928,51.46495326]},"properties":{"id":"toiletmap/24bee1a579a2e04a8467d1b4","source":"toiletmap-uk","name":"Barnehurst Station","fee":"no","charge":null,"access":null,"wheelchair":"no","opening_hours":null,"operator":null,"description":null,"password":null}},{"type":"Feature","geometry":{"type":"Point","coordinates":[-0.010374784,51.561558153]},"properties":{"id":"toiletmap/24bf796f5d37adb629c4ac0c","source":"toiletmap-uk","name":"Coach & Horses Pub","fee":"yes","charge":null,"access":null,"wheelchair":"no","opening_hours":null,"operator":null,"description":"Mon-Sun: 12noon-11pm. Part of Waltham Forest Community Toilet Scheme.","password":null}},{"type":"Feature","geometry":{"type":"Point","coordinates":[-0.104872456,51.514045788]},"properties":{"id":"toiletmap/24eb8d959ac00a6479ba3b06","source":"toiletmap-uk","name":"The Punch Tavern","fee":"no","charge":null,"access":null,"wheelchair":"no","opening_hours":null,"operator":null,"description":"MONDAY TO FRIDAY: 07.00 - 22.30;  SATURDAY: 11.00 - 18.00;\r\nSUNDAY: Closed. Part of City of London Community Toilet Scheme.","password":null}},{"type":"Feature","geometry":{"type":"Point","coordinates":[-0.068130791,51.469787201]},"properties":{"id":"toiletmap/24ef9c2154cf11070e65feb2","source":"toiletmap-uk","name":"Market","fee":"no","charge":null,"access":null,"wheelchair":"no","opening_hours":null,"operator":null,"description":"The toilet is in the basement NB many steps down","password":null}},{"type":"Feature","geometry":{"type":"Point","coordinates":[-0.181628466,51.532601866]},"properties":{"id":"toiletmap/24fc8a56e526c55428d53685","source":"toiletmap-uk","name":"Violet Hill Gardens","fee":"no","charge":null,"access":null,"wheelchair":"yes","opening_hours":null,"operator":null,"description":"During park opening hours. \nManaged by Westminster City Council","password":null}},{"type":"Feature","geometry":{"type":"Point","coordinates":[0.052337616,51.455648561]},"properties":{"id":"toiletmap/254d95e044a0aa0318e4106d","source":"toiletmap-uk","name":"Eltham Station","fee":"no","charge":null,"access":null,"wheelchair":"no","opening_hours":null,"operator":null,"description":"Inside ticket gate","password":null}},{"type":"Feature","geometry":{"type":"Point","coordinates":[-0.342829227,51.282598434]},"properties":{"id":"toiletmap/2559b72da3ac9259fad0fc5c","source":"toiletmap-uk","name":"Bocketts Farm Park Tea Rooms","fee":"yes","charge":null,"access":null,"wheelchair":"no","opening_hours":"Mo-Su 09:00-17:00","operator":null,"description":"Open 10am - 5.30. Open all year except Xmas day, Boxing Day, New Year's Day.  KT22 9BS","password":null}},{"type":"Feature","geometry":{"type":"Point","coordinates":[-0.122153163,51.522363296]},"properties":{"id":"toiletmap/256147d868a25d28ab5bc425","source":"toiletmap-uk","name":"Royal National Hospital for Neurology & Neurosurgery","fee":"no","charge":null,"access":null,"wheelchair":"yes","opening_hours":null,"operator":null,"description":"In the main hospital building ","password":null}},{"type":"Feature","geometry":{"type":"Point","coordinates":[-0.011276007,51.540676785]},"properties":{"id":"toiletmap/25936f6d028778b10fcf5231","source":"toiletmap-uk","name":"London Aquatics Centre","fee":"no","charge":null,"access":null,"wheelchair":"no","opening_hours":null,"operator":null,"description":null,"password":null}},{"type":"Feature","geometry":{"type":"Point","coordinates":[-0.033795834,51.681609711]},"properties":{"id":"toiletmap/25ad99a1f9b41670e131ff78","source":"toiletmap-uk","name":"Bus Station Toilets","fee":"no","charge":null,"access":null,"wheelchair":"no","opening_hours":"Mo-Su 09:00-18:00","operator":null,"description":"Bus drivers only. Disabled toilet accessible with radar key","password":null}},{"type":"Feature","geometry":{"type":"Point","coordinates":[-0.331615604,51.458719057]},"properties":{"id":"toiletmap/25d6324cfa72878c0db20b8c","source":"toiletmap-uk","name":"Bridgelink Centre","fee":"no","charge":null,"access":null,"wheelchair":"no","opening_hours":null,"operator":null,"description":"Part of Hounslow Community Toilet Scheme. However, I have had a situation when a manager refused my disabled daughter access in the building.","password":null}},{"type":"Feature","geometry":{"type":"Point","coordinates":[-0.476746559,51.633174036]},"properties":{"id":"toiletmap/25e11c7dd9a516feee7dc9ec","source":"toiletmap-uk","name":null,"fee":"no","charge":null,"access":null,"wheelchair":"no","opening_hours":null,"operator":null,"description":null,"password":null}},{"type":"Feature","geometry":{"type":"Point","coordinates":[-0.013655138,51.515085694]},"properties":{"id":"toiletmap/2622ca69c6e41af4781e489b","source":"toiletmap-uk","name":"Langdon Park Cafe","fee":"no","charge":null,"access":null,"wheelchair":"yes","opening_hours":"Mo-Fr 08:00-15:00","operator":null,"description":"This is a Tower Hamlets Community Toilet Scheme venue. The toilets are located on the ground floor.","password":null}},{"type":"Feature","geometry":{"type":"Point","coordinates":[0.215359926,51.563405659]},"properties":{"id":"toiletmap/265b62b74d634def4474646c","source":"toiletmap-uk","name":"Lidl","fee":"yes","charge":null,"access":null,"wheelchair":"yes","opening_hours":"Mo-Su 09:00-17:00","operator":null,"description":null,"password":null}},{"type":"Feature","geometry":{"type":"Point","coordinates":[0.182003975,51.579643141]},"properties":{"id":"toiletmap/26796fd4c01797683ab9805c","source":"toiletmap-uk","name":"Romford shopping hall","fee":"no","charge":null,"access":null,"wheelchair":"no","opening_hours":null,"operator":null,"description":null,"password":null}},{"type":"Feature","geometry":{"type":"Point","coordinates":[-0.057230291,51.534183582]},"properties":{"id":"toiletmap/268388ce753c7c4492a0327e","source":"toiletmap-uk","name":"Flat Earth Pizzas","fee":"no","charge":null,"access":null,"wheelchair":"no","opening_hours":"Tu-Sa 12:00-22:00; Su 12:00-20:00","operator":null,"description":"A Tower Hamlets Community Toilet Scheme Venue. The unisex toilet is on the ground floor and is step free.","password":null}},{"type":"Feature","geometry":{"type":"Point","coordinates":[-0.019054413,51.418713532]},"properties":{"id":"toiletmap/26dd55fa094b2598e75d2af7","source":"toiletmap-uk","name":"Beckenham Place Mansion","fee":"yes","charge":"Free","access":null,"wheelchair":"yes","opening_hours":"Mo-Su 09:00-17:00","operator":null,"description":"Public toilets are available during Mansion opening times on the upper Ground floor (access from car park side). Disabled toilets are also available.","password":null}},{"type":"Feature","geometry":{"type":"Point","coordinates":[-0.019775927,51.527943121]},"properties":{"id":"toiletmap/2739a98badd73ad5e878da76","source":"toiletmap-uk","name":"The Bow Bells","fee":"no","charge":null,"access":null,"wheelchair":"no","opening_hours":"Mo-Th 12:00-23:30; Fr-Sa 12:00-00:30; Su 12:00-22:30","operator":null,"description":"The Bow Bells is a warm, welcoming and inclusive Public House where children are welcome from 12:00 - 19:00 everyday of the week.","password":null}},{"type":"Feature","geometry":{"type":"Point","coordinates":[-0.428871274,51.453428397]},"properties":{"id":"toiletmap/27670df7c1c270d6cc036212","source":"toiletmap-uk","name":"Inlust","fee":"no","charge":null,"access":null,"wheelchair":"no","opening_hours":null,"operator":null,"description":"Part of Hounslow Community Toilet Scheme","password":null}},{"type":"Feature","geometry":{"type":"Point","coordinates":[-0.256417036,51.473559201]},"properties":{"id":"toiletmap/2778cd1968ce226797922c4d","source":"toiletmap-uk","name":"Kings House Sports Ground / Dukes Meadows Golf and Tennis","fee":"no","charge":null,"access":null,"wheelchair":"no","opening_hours":null,"operator":null,"description":"Part of Hounslow Community Toilet Scheme","password":null}},{"type":"Feature","geometry":{"type":"Point","coordinates":[-0.497383475,51.578734729]},"properties":{"id":"toiletmap/27b3f64d64e460ba6581d681","source":"toiletmap-uk","name":"Denham Station","fee":"no","charge":null,"access":null,"wheelchair":"no","opening_hours":null,"operator":null,"description":null,"password":null}},{"type":"Feature","geometry":{"type":"Point","coordinates":[-0.2047463,51.5158995]},"properties":{"id":"toiletmap/27c1892458a07c7e7e3089aa","source":"toiletmap-uk","name":"Talbot Road","fee":"no","charge":null,"access":null,"wheelchair":"no","opening_hours":"Mo-Sa 08:00-18:00","operator":null,"description":"Underground - access via stairs\nM and W facilities have been joined and made gender-neutral and one-way due to Covid pandemic.","password":null}},{"type":"Feature","geometry":{"type":"Point","coordinates":[-0.391868591,51.440742372]},"properties":{"id":"toiletmap/27f6d7cd3ea4a12c06032cd7","source":"toiletmap-uk","name":"Hanworth Air Park Centre","fee":"no","charge":null,"access":null,"wheelchair":"no","opening_hours":null,"operator":null,"description":"Part of Hounslow Community Toilet Scheme","password":null}},{"type":"Feature","geometry":{"type":"Point","coordinates":[-0.256986854,51.35004515]},"properties":{"id":"toiletmap/281e1edcf89928f944c600f7","source":"toiletmap-uk","name":"Ewell West Station","fee":"no","charge":null,"access":null,"wheelchair":"yes","opening_hours":null,"operator":null,"description":"Open only whilst station booking office is open, 0600–1400 Monday to Saturday.\nThe (unisex) toilets are located in the Waiting Room on Platform 2. ","password":null}},{"type":"Feature","geometry":{"type":"Point","coordinates":[-0.060349703,51.39589554]},"properties":{"id":"toiletmap/28866fba711d992b7c6d09d9","source":"toiletmap-uk","name":"South Norwood Country Park Park Ranger Hut","fee":"no","charge":null,"access":null,"wheelchair":"no","opening_hours":null,"operator":null,"description":"Toilets still closed March 2023","password":null}},{"type":"Feature","geometry":{"type":"Point","coordinates":[-0.062997102,51.531734274]},"properties":{"id":"toiletmap/28944c3c131344fd09bd7efc","source":"toiletmap-uk","name":"Speciality Cafetiere","fee":"no","charge":null,"access":null,"wheelchair":"no","opening_hours":"Mo-Fr 07:00-16:00; Sa-Su 08:00-17:00","operator":null,"description":"A Tower Hamlets Community Toilet Scheme venue. There is only one toilet located down steep stairs.","password":null}},{"type":"Feature","geometry":{"type":"Point","coordinates":[-0.28130579,51.493541084]},"properties":{"id":"toiletmap/28ade55dd0b7d92017debfdf","source":"toiletmap-uk","name":"Volvo Cars West London Ltd","fee":"no","charge":null,"access":null,"wheelchair":"no","opening_hours":null,"operator":null,"description":"Part of Hounslow Community Toilet Scheme","password":null}},{"type":"Feature","geometry":{"type":"Point","coordinates":[-0.199298859,51.480183842]},"properties":{"id":"toiletmap/28d3557cc4f6b29d65ee156a","source":"toiletmap-uk","name":"Waitrose","fee":"no","charge":null,"access":null,"wheelchair":null,"opening_hours":null,"operator":null,"description":"Take lift to car park, floor 2","password":null}},{"type":"Feature","geometry":{"type":"Point","coordinates":[-0.108893287,51.504080375]},"properties":{"id":"toiletmap/28f323b6848614b3c3fc581b","source":"toiletmap-uk","name":"London Waterloo East","fee":"no","charge":null,"access":null,"wheelchair":"no","opening_hours":null,"operator":null,"description":"No charge for toilets, but they are through the ticket barriers.","password":null}},{"type":"Feature","geometry":{"type":"Point","coordinates":[-0.21127224,51.317111849]},"properties":{"id":"toiletmap/2919c9dd0ddc3ab618511ba7","source":"toiletmap-uk","name":"BP Connect Filling Station - Banstead","fee":"yes","charge":null,"access":null,"wheelchair":"yes","opening_hours":"Mo-Su 00:00-00:00","operator":null,"description":"M&S Shop; ATM; Wild Bean Cafe ( Hot & Cold Snacks); SM7 1AZ","password":null}},{"type":"Feature","geometry":{"type":"Point","coordinates":[-0.304565,51.392321]},"properties":{"id":"toiletmap/29254d422c109d91ea21b639","source":"toiletmap-uk","name":"Surbiton Station","fee":"no","charge":null,"access":null,"wheelchair":"yes","opening_hours":null,"operator":null,"description":"Baby-change in accessible, locked by radar key. Toilets on platform 3/4. Ticket-holder access only.","password":null}},{"type":"Feature","geometry":{"type":"Point","coordinates":[-0.408167839,51.496408227]},"properties":{"id":"toiletmap/292b249b785ae6a76a4adfd9","source":"toiletmap-uk","name":"Western International Market","fee":"no","charge":null,"access":null,"wheelchair":"no","opening_hours":null,"operator":null,"description":"Part of Hounslow Community Toilet Scheme","password":null}},{"type":"Feature","geometry":{"type":"Point","coordinates":[-0.092259943,51.481454688]},"properties":{"id":"toiletmap/2952758f45f6f439e8566db0","source":"toiletmap-uk","name":"Burgess Park Tennis Pavillion","fee":"no","charge":null,"access":null,"wheelchair":"yes","opening_hours":"Mo-Su 08:00-16:00","operator":null,"description":"3 Standard, 1 Accessible toilet, 1 baby-change. Part of Southwark Council Toilet Network\nManaged by Outdoor Recreation Dept.","password":null}},{"type":"Feature","geometry":{"type":"Point","coordinates":[-0.130226612,51.596507939]},"properties":{"id":"toiletmap/295786c4967d6aa9171090c8","source":"toiletmap-uk","name":"Alexandra Palace Toilets - Boating Lake","fee":"no","charge":null,"access":null,"wheelchair":"yes","opening_hours":"Mo-Su 10:00-16:00","operator":null,"description":"By the cafe","password":null}},{"type":"Feature","geometry":{"type":"Point","coordinates":[0.038017631,51.308521139]},"properties":{"id":"toiletmap/29974b89c5da57b81cf8b719","source":"toiletmap-uk","name":"Costa Coffee","fee":"no","charge":null,"access":null,"wheelchair":"yes","opening_hours":"Mo-Su 09:00-17:00","operator":null,"description":"Mon - Sat 7.00-20.00. Sun 8.00-16.00. Part of Bromley Council Community Toilet Scheme.","password":null}},{"type":"Feature","geometry":{"type":"Point","coordinates":[-0.332419574,51.390854863]},"properties":{"id":"toiletmap/29ac23bdcde8a79ac478a509","source":"toiletmap-uk","name":"Community Toilet: Nice Buns Cafe, Thames Ditton","fee":"no","charge":null,"access":null,"wheelchair":null,"opening_hours":null,"operator":null,"description":"https://www.elmbridge.gov.uk/your-streets/cts/\n\nOpening: https://nice-buns-cafe.business.site\n\nKT7 0SA","password":null}},{"type":"Feature","geometry":{"type":"Point","coordinates":[-0.417817354,51.480965511]},"properties":{"id":"toiletmap/29ac87aa200c7432e431f021","source":"toiletmap-uk","name":"Riverside Venue","fee":"no","charge":null,"access":null,"wheelchair":"no","opening_hours":null,"operator":null,"description":"Part of Hounslow Community Toilet Scheme","password":null}},{"type":"Feature","geometry":{"type":"Point","coordinates":[-0.18112421,51.414852656]},"properties":{"id":"toiletmap/29da086c43796dd33279cc87","source":"toiletmap-uk","name":"Marks and Spencer","fee":"no","charge":null,"access":null,"wheelchair":"yes","opening_hours":"Mo-Su 09:00-17:00","operator":null,"description":"On the first floor next to the café.","password":null}},{"type":"Feature","geometry":{"type":"Point","coordinates":[-0.241500735,51.378110874]},"properties":{"id":"toiletmap/29e05f7d88d5cea72229170e","source":"toiletmap-uk","name":"Worcester Park Library","fee":"no","charge":null,"access":null,"wheelchair":"no","opening_hours":null,"operator":null,"description":null,"password":null}},{"type":"Feature","geometry":{"type":"Point","coordinates":[-0.504636168,51.394775531]},"properties":{"id":"toiletmap/2a05ac30beaddfb7a6324af9","source":"toiletmap-uk","name":"The Orchard and Abbeyfields, Chertsey","fee":"no","charge":null,"access":null,"wheelchair":"yes","opening_hours":null,"operator":null,"description":"https://www.runnymede.gov.uk/article/14224/The-Orchard-and-Abbeyfields\n\nThe park opens at 8am on weekdays and 9am on weekends and bank holidays. Closing times range from 4.30pm to 9pm depending on daylight hours.\n\nKT16 8RY","password":null}},{"type":"Feature","geometry":{"type":"Point","coordinates":[-0.2755069,51.5084637]},"properties":{"id":"toiletmap/2a3221a4622a0b7d8b0847ac","source":"toiletmap-uk","name":null,"fee":"no","charge":null,"access":null,"wheelchair":"no","opening_hours":null,"operator":null,"description":"Outside Redback, Streetside","password":null}},{"type":"Feature","geometry":{"type":"Point","coordinates":[-0.078836959,51.508725874]},"properties":{"id":"toiletmap/2a3388c38dc7ef900c3cce07","source":"toiletmap-uk","name":"Tower Hill — 50p Cash/Contactless","fee":"yes","charge":"£0.50","access":null,"wheelchair":"yes","opening_hours":"Mo-Fr 09:00-19:00; Sa-Su 09:00-17:00","operator":null,"description":"50p charge except RADAR key holders. Change machines are available.\n\nSource: https://www.cityoflondon.gov.uk/services/streets/clean-streets/public-toilets","password":null}},{"type":"Feature","geometry":{"type":"Point","coordinates":[-0.034879446,51.376602372]},"properties":{"id":"toiletmap/2a435ef66f5d21a9b3b70d9d","source":"toiletmap-uk","name":"McDonalds","fee":"no","charge":null,"access":null,"wheelchair":"yes","opening_hours":"Mo-Su 06:00-23:00","operator":null,"description":null,"password":null}},{"type":"Feature","geometry":{"type":"Point","coordinates":[-0.0912393,51.4888803]},"properties":{"id":"toiletmap/2a4ccc9527c4030e635d6226","source":"toiletmap-uk","name":"East Street Market","fee":"no","charge":null,"access":null,"wheelchair":"no","opening_hours":"Tu-Su 07:00-16:00","operator":null,"description":null,"password":null}},{"type":"Feature","geometry":{"type":"Point","coordinates":[-0.14886056,51.57055934]},"properties":{"id":"toiletmap/2a574c5c2f9f4eef55a0e5e9","source":"toiletmap-uk","name":"Pond Square Public Conveniences","fee":"no","charge":null,"access":null,"wheelchair":"no","opening_hours":null,"operator":null,"description":"Will close at regular intervals during the day to be cleaned, and  end of the day cleaning.\nSummer/Autumn opening hours (1 June to 31 October): 9am to 7.45pm\nWinter/Spring opening hours (1 November to 31 May): 9am to 5.45pm\n","password":null}},{"type":"Feature","geometry":{"type":"Point","coordinates":[-0.2902561,51.3860721]},"properties":{"id":"toiletmap/2a5977f3484164e9fdecfa3c","source":"toiletmap-uk","name":"Alexandra Park","fee":"no","charge":null,"access":null,"wheelchair":"yes","opening_hours":null,"operator":null,"description":null,"password":null}},{"type":"Feature","geometry":{"type":"Point","coordinates":[0.070912242,51.491569506]},"properties":{"id":"toiletmap/2a611a52d80cc45b9fec7179","source":"toiletmap-uk","name":"M&S Woolwich Foodhall","fee":"yes","charge":"Free","access":null,"wheelchair":"yes","opening_hours":"Mo-Su 09:00-17:00","operator":null,"description":"Toilets at the back of the store near frozen foods","password":null}},{"type":"Feature","geometry":{"type":"Point","coordinates":[-0.123504996,51.53595213]},"properties":{"id":"toiletmap/2a76d00d66f2d2a11bc80287","source":"toiletmap-uk","name":"Waitrose Kings Cross","fee":"no","charge":null,"access":null,"wheelchair":"yes","opening_hours":"Mo-Sa 08:00-22:00; Su 12:00-18:00","operator":null,"description":"This is a customer only toilet which requires a code to get in","password":null}},{"type":"Feature","geometry":{"type":"Point","coordinates":[-0.097085238,51.490761207]},"properties":{"id":"toiletmap/2a83b60a0aae143890feedf8","source":"toiletmap-uk","name":"Southwark Heritage Centre and Walworth Library","fee":"no","charge":null,"access":null,"wheelchair":"yes","opening_hours":"Mo-Fr 10:00-20:00; Sa 10:00-17:00; Su 12:00-16:00","operator":null,"description":"Monday - Friday 10am - 8pm; Saturday 10am -\n5pm; Sunday 12pm - 4pm","password":null}},{"type":"Feature","geometry":{"type":"Point","coordinates":[-0.140440464,51.551025268]},"properties":{"id":"toiletmap/2a8ead2b625aea67506f4d88","source":"toiletmap-uk","name":"Kentish Town Road Community Toilet Scheme Assembly House Public House","fee":"no","charge":null,"access":null,"wheelchair":"no","opening_hours":"Mo-Su 09:00-17:00","operator":null,"description":null,"password":null}},{"type":"Feature","geometry":{"type":"Point","coordinates":[0.181265838,51.479298105]},"properties":{"id":"toiletmap/2a90babe634dbad927a293a4","source":"toiletmap-uk","name":"Erith Library","fee":"no","charge":null,"access":null,"wheelchair":"yes","opening_hours":"Tu 09:30-19:00; Th-Fr 09:30-17:30; Sa 09:30-17:00","operator":null,"description":"There is 1 unisex cubicle and 1 disabled toilet","password":null}},{"type":"Feature","geometry":{"type":"Point","coordinates":[-0.144123399,51.49511265]},"properties":{"id":"toiletmap/2a9a93e8247cb8a46f1a6dd1","source":"toiletmap-uk","name":"Victoria Station- Central Concourse","fee":"no","charge":null,"access":null,"wheelchair":"yes","opening_hours":"Mo-Su 05:00-01:00","operator":null,"description":"See also the toilets on Platform 1","password":null}},{"type":"Feature","geometry":{"type":"Point","coordinates":[0.014816523,51.443562815]},"properties":{"id":"toiletmap/2aaeef3eb223e398b1e2c777","source":"toiletmap-uk","name":"Café Lokum","fee":"no","charge":null,"access":null,"wheelchair":"no","opening_hours":"Mo-Su 09:00-17:00","operator":null,"description":"Mon-Sat: 6.30am-4pm\nPart of Lewisham Community Toilet Scheme","password":null}},{"type":"Feature","geometry":{"type":"Point","coordinates":[-0.24491787,51.354351499]},"properties":{"id":"toiletmap/2abefa63f5d847cc3df28768","source":"toiletmap-uk","name":"BP Connect - Ewell","fee":"yes","charge":null,"access":null,"wheelchair":"yes","opening_hours":"Mo-Su 00:00-00:00","operator":null,"description":"M&S, ATM, Wild Bean Cafe.  KT17 2PT","password":null}},{"type":"Feature","geometry":{"type":"Point","coordinates":[-0.333881378,51.473434458]},"properties":{"id":"toiletmap/2ad055ca24496290ff7cd19a","source":"toiletmap-uk","name":"Red Lion Pub","fee":"no","charge":null,"access":null,"wheelchair":"no","opening_hours":"Mo-Tu 14:00-23:00; We-Th 14:00-23:30; Fr 14:00-00:00; Sa 12:00-00:00; Su 12:00-23:00","operator":null,"description":null,"password":null}},{"type":"Feature","geometry":{"type":"Point","coordinates":[0.068515879,51.558815499]},"properties":{"id":"toiletmap/2ae7d7f437c44144a6363fee","source":"toiletmap-uk","name":"Train station platform 3","fee":"no","charge":null,"access":null,"wheelchair":"no","opening_hours":null,"operator":null,"description":"Access maybe restricted by ticket gates","password":null}},{"type":"Feature","geometry":{"type":"Point","coordinates":[-0.11037369,51.618230068]},"properties":{"id":"toiletmap/2b4df00c33612d2206daceb4","source":"toiletmap-uk","name":"Palmers Green Train Station","fee":"yes","charge":null,"access":null,"wheelchair":"yes","opening_hours":"Mo-Su 09:00-18:00","operator":null,"description":"You need a key to access it from the nearby kiosk","password":null}},{"type":"Feature","geometry":{"type":"Point","coordinates":[-0.021766126,51.377126602]},"properties":{"id":"toiletmap/2b62ae39cf192e2562a28291","source":"toiletmap-uk","name":"Sainsburys","fee":"no","charge":null,"access":null,"wheelchair":"yes","opening_hours":"Mo-Fr 07:00-22:00; Sa 07:00-21:00; Su 11:00-17:00","operator":null,"description":null,"password":null}},{"type":"Feature","geometry":{"type":"Point","coordinates":[-0.05954504,51.4408277]},"properties":{"id":"toiletmap/2b8e3255355f7d92c8235edf","source":"toiletmap-uk","name":"Tesco Express Forest Hill","fee":"yes","charge":null,"access":null,"wheelchair":"yes","opening_hours":"Mo-Su 09:00-17:00","operator":null,"description":"0600-2300. Part of Mayor of London's 'Open London' Community Toilet Scheme","password":null}},{"type":"Feature","geometry":{"type":"Point","coordinates":[-0.503622293,51.376401194]},"properties":{"id":"toiletmap/2b9d5a86fe287f26658a2079","source":"toiletmap-uk","name":"Addlestone Cemetery","fee":"no","charge":null,"access":null,"wheelchair":null,"opening_hours":null,"operator":null,"description":"https://www.runnymede.gov.uk/cemeteries\n\nOpen daily from 8am to sunset, toilet facilities available.\n\nKT15 2TD","password":null}},{"type":"Feature","geometry":{"type":"Point","coordinates":[0.283219814,51.489487595]},"properties":{"id":"toiletmap/2bbc9d7c5aba82f80dc36b8a","source":"toiletmap-uk","name":"Lakeside toilets","fee":"no","charge":null,"access":null,"wheelchair":"yes","opening_hours":null,"operator":null,"description":null,"password":null}},{"type":"Feature","geometry":{"type":"Point","coordinates":[-0.1621899,51.6191611]},"properties":{"id":"toiletmap/2bcb5974ff3c9584081aec28","source":"toiletmap-uk","name":"Friary Park","fee":"no","charge":null,"access":null,"wheelchair":"no","opening_hours":null,"operator":null,"description":null,"password":null}},{"type":"Feature","geometry":{"type":"Point","coordinates":[-0.031076074,51.40708671]},"properties":{"id":"toiletmap/2bcd333f802c342c84a4fee8","source":"toiletmap-uk","name":"Odeon Cinema","fee":"yes","charge":null,"access":null,"wheelchair":"yes","opening_hours":"Mo-Su 09:00-17:00","operator":null,"description":"Mon-Sat 9.00-17.00. Sun 10.00-16.00. Part of Bromley Council Community Toilet Scheme.","password":null}},{"type":"Feature","geometry":{"type":"Point","coordinates":[0.19054091,51.516874917]},"properties":{"id":"toiletmap/2bf915202ca87b85c2be575e","source":"toiletmap-uk","name":"Rainham (Essex) Station","fee":"no","charge":null,"access":null,"wheelchair":"yes","opening_hours":"Mo-Su 09:00-17:00","operator":null,"description":"Request Key from Ticket Office","password":null}},{"type":"Feature","geometry":{"type":"Point","coordinates":[-0.102064122,51.514060569]},"properties":{"id":"toiletmap/2bfcaf5ba31d883bb43f1597","source":"toiletmap-uk","name":"Ye Olde London","fee":"no","charge":null,"access":null,"wheelchair":"no","opening_hours":"Mo-Su 09:00-17:00","operator":null,"description":"MONDAY TO FRIDAY: 11.00 - 23.00; \r\n              SATURDAY: 11.00 - 23.00; \r\n              SUNDAY: 12.00 - 22.30. Part of City of London Community Toilet Scheme.","password":null}},{"type":"Feature","geometry":{"type":"Point","coordinates":[-0.2222177,51.6876807]},"properties":{"id":"toiletmap/2c22e90740a71004a4a71c3f","source":"toiletmap-uk","name":"South Mimms - M25 Motorway Services","fee":"no","charge":null,"access":null,"wheelchair":"yes","opening_hours":null,"operator":null,"description":"Full Motorway Service Area","password":null}},{"type":"Feature","geometry":{"type":"Point","coordinates":[0.107065737,51.394891413]},"properties":{"id":"toiletmap/2c2e82fd1d8aff6f663c0fe4","source":"toiletmap-uk","name":"St Mary Cray Station","fee":"no","charge":null,"access":null,"wheelchair":"no","opening_hours":"Mo-Su 09:00-18:00","operator":null,"description":"On platforms 1/2 - there are no facilities on platforms 3/4","password":null}},{"type":"Feature","geometry":{"type":"Point","coordinates":[0.055171581,51.514964877]},"properties":{"id":"toiletmap/2c583952c217a9209e06fb70","source":"toiletmap-uk","name":"Beckton Globe","fee":"no","charge":null,"access":null,"wheelchair":null,"opening_hours":null,"operator":null,"description":"Toilet is in the globe community centre.","password":null}},{"type":"Feature","geometry":{"type":"Point","coordinates":[-0.07646902,51.281713251]},"properties":{"id":"toiletmap/2c596d0390bcc8d81201e57b","source":"toiletmap-uk","name":"Costa Coffee","fee":"no","charge":null,"access":null,"wheelchair":"no","opening_hours":"Mo-Su 09:00-17:00","operator":null,"description":"Toilets on ground and first floor for customers but am sure public use as well","password":null}},{"type":"Feature","geometry":{"type":"Point","coordinates":[0.107175708,51.382435067]},"properties":{"id":"toiletmap/2c634d33eb463a2168c02aaa","source":"toiletmap-uk","name":"Parade Cafe","fee":"no","charge":null,"access":null,"wheelchair":"yes","opening_hours":"Mo-Su 09:00-17:00","operator":null,"description":"Mon-Fri 18.30 - 16.00. Sat 7.00-16.00. Sun 8.00-16.00","password":null}},{"type":"Feature","geometry":{"type":"Point","coordinates":[-0.196681023,51.525585629]},"properties":{"id":"toiletmap/2c635d9a515e62e4433b1871","source":"toiletmap-uk","name":"The Exchanger at Ernest Harriss House","fee":"no","charge":null,"access":null,"wheelchair":"yes","opening_hours":"Mo-Fr 08:00-20:00; Sa 08:00-16:00","operator":null,"description":"The Exchange at Ernest Harriss House \n61 Elgin Avenue \n\nAccessible- Free","password":null}},{"type":"Feature","geometry":{"type":"Point","coordinates":[-0.174332857,51.583696606]},"properties":{"id":"toiletmap/2c86f08aa583bcb372924ba9","source":"toiletmap-uk","name":"Lyttleton Playing Fields","fee":"no","charge":null,"access":null,"wheelchair":"no","opening_hours":null,"operator":null,"description":null,"password":null}},{"type":"Feature","geometry":{"type":"Point","coordinates":[-0.141039491,51.492919421]},"properties":{"id":"toiletmap/2c8fb1ef490662ed1acc0140","source":"toiletmap-uk","name":"Sainsbury","fee":"yes","charge":"N/A","access":null,"wheelchair":"no","opening_hours":"Mo-Su 09:00-17:00","operator":null,"description":null,"password":null}},{"type":"Feature","geometry":{"type":"Point","coordinates":[0.1773499,51.3346662]},"properties":{"id":"toiletmap/2cb23bae03a671228b0279ad","source":"toiletmap-uk","name":null,"fee":"no","charge":null,"access":null,"wheelchair":"no","opening_hours":null,"operator":null,"description":null,"password":null}},{"type":"Feature","geometry":{"type":"Point","coordinates":[-0.329431593,51.450274216]},"properties":{"id":"toiletmap/2cc4a8be56b4123f4c6b9cdf","source":"toiletmap-uk","name":"Twickenham","fee":"no","charge":null,"access":null,"wheelchair":"no","opening_hours":null,"operator":null,"description":null,"password":null}},{"type":"Feature","geometry":{"type":"Point","coordinates":[-0.127787257,51.432785886]},"properties":{"id":"toiletmap/2cc8621955773d31e9f74d51","source":"toiletmap-uk","name":"Gracefield Garden Road","fee":"no","charge":null,"access":null,"wheelchair":null,"opening_hours":null,"operator":null,"description":"This toilet is just before the health centre on the right. ","password":null}},{"type":"Feature","geometry":{"type":"Point","coordinates":[-0.019415,51.455244]},"properties":{"id":"toiletmap/2cce34898fe931a59d3517d1","source":"toiletmap-uk","name":"Ladywell Fields Park Toilet","fee":"no","charge":null,"access":null,"wheelchair":"no","opening_hours":"Mo-Su 09:00-17:00","operator":null,"description":"7 days - 8am-4pm\n\nPart of Lewisham Community Toilet Scheme","password":null}},{"type":"Feature","geometry":{"type":"Point","coordinates":[-0.2363064,51.4770568]},"properties":{"id":"toiletmap/2cd7a9a3b2380a7073f747d9","source":"toiletmap-uk","name":null,"fee":"no","charge":null,"access":null,"wheelchair":"no","opening_hours":null,"operator":null,"description":null,"password":null}},{"type":"Feature","geometry":{"type":"Point","coordinates":[-0.237482786,51.516270589]},"properties":{"id":"toiletmap/2cdb0e78529dceed912dc869","source":"toiletmap-uk","name":"Queen Charlotte's and Chelsea Hospital","fee":"no","charge":null,"access":null,"wheelchair":null,"opening_hours":null,"operator":null,"description":"Simply enter the hospital through the main reception, and you should find the toilets nearby, which are open most of the time. As it is a maternity hospital, it is probable that baby changing facilities are also available. If needed, feel free to ask someone for assistance.","password":null}},{"type":"Feature","geometry":{"type":"Point","coordinates":[-0.403358638,51.659003187]},"properties":{"id":"toiletmap/2ce4d9627f63f431d4e225c9","source":"toiletmap-uk","name":"Watford Colloseum","fee":"yes","charge":null,"access":null,"wheelchair":"no","opening_hours":null,"operator":null,"description":null,"password":null}},{"type":"Feature","geometry":{"type":"Point","coordinates":[-0.489374399,51.371539261]},"properties":{"id":"toiletmap/2d42232d15fce975d8237e02","source":"toiletmap-uk","name":"Subway","fee":"no","charge":null,"access":null,"wheelchair":"yes","opening_hours":"Mo-Su 09:00-17:00","operator":null,"description":null,"password":null}},{"type":"Feature","geometry":{"type":"Point","coordinates":[-0.412990451,51.443773459]},"properties":{"id":"toiletmap/2d5730518a6456baf31f1710","source":"toiletmap-uk","name":"Tesco Feltham","fee":"yes","charge":null,"access":null,"wheelchair":"yes","opening_hours":"Mo-Su 00:00-00:00","operator":null,"description":"Closes SAT Midnight. Open SUN 1100-1700. Opens Mon 0600. Part of Mayor of London's 'Open London' Community Toilet Scheme","password":null}},{"type":"Feature","geometry":{"type":"Point","coordinates":[-0.405146599,51.442852861]},"properties":{"id":"toiletmap/2d88515e1af4706ee196a4ac","source":"toiletmap-uk","name":"Pizza Hut","fee":"no","charge":null,"access":null,"wheelchair":"no","opening_hours":null,"operator":null,"description":"Part of Hounslow Community Toilet Scheme","password":null}},{"type":"Feature","geometry":{"type":"Point","coordinates":[-0.145434737,51.457274935]},"properties":{"id":"toiletmap/2d9772ef0ef1d6c035272626","source":"toiletmap-uk","name":"Clapham Common Toilet","fee":"no","charge":null,"access":null,"wheelchair":"no","opening_hours":null,"operator":null,"description":null,"password":null}},{"type":"Feature","geometry":{"type":"Point","coordinates":[-0.105850697,51.344768708]},"properties":{"id":"toiletmap/2da2ca68343d70de2df52cb8","source":"toiletmap-uk","name":"Esso Petrol Station, Brighton Road","fee":"no","charge":null,"access":null,"wheelchair":"yes","opening_hours":null,"operator":null,"description":"The toilet is at the back of the petrol station shop","password":null}},{"type":"Feature","geometry":{"type":"Point","coordinates":[0.057710409,51.407287483]},"properties":{"id":"toiletmap/2db1148ba1728e0d1ac865c3","source":"toiletmap-uk","name":"Chislehurst Caves","fee":"yes","charge":null,"access":null,"wheelchair":"no","opening_hours":null,"operator":null,"description":"Open: Weds-Sunday and 10am-5pm. Cafe and picnic area.","password":null}},{"type":"Feature","geometry":{"type":"Point","coordinates":[-0.329855382,51.445719931]},"properties":{"id":"toiletmap/2db66dfd993e0a0b4cc248a9","source":"toiletmap-uk","name":"Cafe Zizou","fee":"no","charge":null,"access":null,"wheelchair":"no","opening_hours":"Mo-Su 07:00-18:00","operator":null,"description":"Part of the Community Toilet Scheme","password":null}},{"type":"Feature","geometry":{"type":"Point","coordinates":[-0.104922652,51.513673582]},"properties":{"id":"toiletmap/2dd47096c95c27616cbecb35","source":"toiletmap-uk","name":"Chi Noodle Bar","fee":"no","charge":null,"access":null,"wheelchair":"no","opening_hours":null,"operator":null,"description":"Mon - Fri: 11:30 - 22:30. Part of City of London Community Toilet Scheme.","password":null}},{"type":"Feature","geometry":{"type":"Point","coordinates":[-0.183371902,51.413524408]},"properties":{"id":"toiletmap/2de1e2e22de9bcdefdb30f8d","source":"toiletmap-uk","name":"Merton Abbey Mills","fee":"no","charge":null,"access":null,"wheelchair":"no","opening_hours":"Mo-Su 09:00-17:00","operator":null,"description":null,"password":null}},{"type":"Feature","geometry":{"type":"Point","coordinates":[-0.376431941,51.473597639]},"properties":{"id":"toiletmap/2dfc942c0faba7ae9f514195","source":"toiletmap-uk","name":"New Brentford Cemetery","fee":"no","charge":null,"access":null,"wheelchair":"no","opening_hours":null,"operator":null,"description":"Part of Hounslow Community Toilet Scheme","password":null}},{"type":"Feature","geometry":{"type":"Point","coordinates":[-0.085782409,51.504632225]},"properties":{"id":"toiletmap/2e09cd558f1b1a81c869f17a","source":"toiletmap-uk","name":"London Bridge Station Lower Concourse","fee":"no","charge":null,"access":null,"wheelchair":"yes","opening_hours":null,"operator":null,"description":"Located nearby duck shop, hamleys","password":null}},{"type":"Feature","geometry":{"type":"Point","coordinates":[0.111794472,51.414004522]},"properties":{"id":"toiletmap/2e307719cec18128bbf74560","source":"toiletmap-uk","name":"B&Q - Sidcup","fee":"no","charge":null,"access":null,"wheelchair":"no","opening_hours":null,"operator":null,"description":null,"password":null}},{"type":"Feature","geometry":{"type":"Point","coordinates":[-0.017231,51.6872825]},"properties":{"id":"toiletmap/2e4fd9b7c69e8f864da750ef","source":"toiletmap-uk","name":null,"fee":"no","charge":null,"access":null,"wheelchair":"no","opening_hours":null,"operator":null,"description":null,"password":null}},{"type":"Feature","geometry":{"type":"Point","coordinates":[0.004878,51.457127]},"properties":{"id":"toiletmap/2e5c441e2e4013d8c222e010","source":"toiletmap-uk","name":"Manor House Gardens","fee":"no","charge":null,"access":null,"wheelchair":"no","opening_hours":"Mo-Su 09:00-17:00","operator":null,"description":"7 days 8am-4pm\nPart of Lewisham Community Toilet Scheme","password":null}},{"type":"Feature","geometry":{"type":"Point","coordinates":[-0.3361385,51.4055759]},"properties":{"id":"toiletmap/2e808d8f519b4d8ad4c98e68","source":"toiletmap-uk","name":"Hampton Court Palace","fee":"no","charge":null,"access":null,"wheelchair":"no","opening_hours":null,"operator":null,"description":"Within grounds of Hampton Court Palace","password":null}},{"type":"Feature","geometry":{"type":"Point","coordinates":[-0.2962422,51.5536424]},"properties":{"id":"toiletmap/2e87c1ffc033e3a4b3854e51","source":"toiletmap-uk","name":"Elm Road","fee":"no","charge":null,"access":null,"wheelchair":"no","opening_hours":null,"operator":null,"description":"Small concrete unisex toilet. Approximate shape/size, as obscured by tree on aerial imagery\r\n8am-8pm. Wembley Event Days: 8am- 12midnight\r\nSemi Automatic","password":null}},{"type":"Feature","geometry":{"type":"Point","coordinates":[-0.024442971,51.582856608]},"properties":{"id":"toiletmap/2eedb40353e9b1c6e06a212a","source":"toiletmap-uk","name":"17&Central - Level 1","fee":"no","charge":null,"access":null,"wheelchair":"yes","opening_hours":null,"operator":null,"description":"On first floor.\nChanging places toilet serves as accessible toilet.\nBaby-Changing includes feeding area.\nNOTE: Open Mon-Sat: 9am-7pm; Sun: 11am-5pm.","password":null}},{"type":"Feature","geometry":{"type":"Point","coordinates":[-0.246819556,51.468101312]},"properties":{"id":"toiletmap/2ef00f75e031ba709f551fa7","source":"toiletmap-uk","name":"Vine Road Recreation Ground","fee":"no","charge":null,"access":null,"wheelchair":"yes","opening_hours":null,"operator":null,"description":null,"password":null}},{"type":"Feature","geometry":{"type":"Point","coordinates":[-0.080120265,51.518725948]},"properties":{"id":"toiletmap/2ef1cded4c7306a829d94135","source":"toiletmap-uk","name":"Eataly London","fee":"no","charge":null,"access":null,"wheelchair":null,"opening_hours":"Mo-Fr 07:00-22:00; Sa 09:00-22:00; Su 09:00-21:00","operator":null,"description":"Source: https://www.eataly.co.uk","password":null}},{"type":"Feature","geometry":{"type":"Point","coordinates":[-0.2283029,51.4930573]},"properties":{"id":"toiletmap/2efb8d147e3ce1d6fe073847","source":"toiletmap-uk","name":null,"fee":"no","charge":null,"access":null,"wheelchair":"no","opening_hours":"Mo-Su 09:00-17:00","operator":null,"description":"On the left at the top of the escalator","password":null}},{"type":"Feature","geometry":{"type":"Point","coordinates":[0.093770027,51.559970705]},"properties":{"id":"toiletmap/2f02f489284a7223f312b3f7","source":"toiletmap-uk","name":"Tesco Express Ilford","fee":"yes","charge":null,"access":null,"wheelchair":"no","opening_hours":"Mo-Su 09:00-17:00","operator":null,"description":"0700-2300. Part of Mayor of London's 'Open London' Community Toilet Scheme","password":null}},{"type":"Feature","geometry":{"type":"Point","coordinates":[-0.007676482,51.406522866]},"properties":{"id":"toiletmap/2f0f0edb0c5ba7710d909fcd","source":"toiletmap-uk","name":"Esso Filling Station - Bromley","fee":"yes","charge":null,"access":null,"wheelchair":"no","opening_hours":"Mo-Su 09:00-17:00","operator":null,"description":"Shop; Snacks. Open 6am-10pm.  BR3 6PG","password":null}},{"type":"Feature","geometry":{"type":"Point","coordinates":[0.089038526,51.373522009]},"properties":{"id":"toiletmap/2f2b666a2ffc781e994635a6","source":"toiletmap-uk","name":"Orpington Station","fee":"no","charge":null,"access":null,"wheelchair":"yes","opening_hours":null,"operator":null,"description":"On station platform 2","password":null}},{"type":"Feature","geometry":{"type":"Point","coordinates":[-0.011646152,51.459264828]},"properties":{"id":"toiletmap/2f324073fe5c37afc7bd5574","source":"toiletmap-uk","name":"Lewisham Library","fee":"no","charge":null,"access":null,"wheelchair":"no","opening_hours":null,"operator":null,"description":"Closed until 2026 as library is being refurbished. Part of Lewisham Community Toilet Scheme. ","password":null}},{"type":"Feature","geometry":{"type":"Point","coordinates":[0.329654217,51.630640092]},"properties":{"id":"toiletmap/2f49a8a69efd09c6e9702876","source":"toiletmap-uk","name":"Shenfield","fee":"yes","charge":"0platyfptf","access":null,"wheelchair":"yes","opening_hours":null,"operator":null,"description":"Auto toilet has gone Go in station and ask staff.. They will probably let you use the toilet on platform 5","password":null}},{"type":"Feature","geometry":{"type":"Point","coordinates":[-0.2929957,51.4728485]},"properties":{"id":"toiletmap/2f51285420da6ce5dd7596d9","source":"toiletmap-uk","name":"Kew Gardens","fee":"yes","charge":"Facilities are within Royal Botanic Gardens therefore entrance fee to Gardens payable ","access":null,"wheelchair":null,"opening_hours":null,"operator":null,"description":null,"password":null}},{"type":"Feature","geometry":{"type":"Point","coordinates":[-0.131127834,51.506194892]},"properties":{"id":"toiletmap/2f55f7ab3b94a4396870ff78","source":"toiletmap-uk","name":"Institute of Contemporary Arts ","fee":"no","charge":null,"access":null,"wheelchair":"yes","opening_hours":"Mo-Su 12:00-23:00","operator":null,"description":"Two sets of toilets in the foyer with four cubicles in each. \n\n \n\nToilets to the left of the café also contain an accessible toilet. \n\n \n\nBaby changing facilities in each set of toilets.  \n\n \n\nToilets are for all genders and do not contain urinals. ","password":null}},{"type":"Feature","geometry":{"type":"Point","coordinates":[-0.111888349,51.498185657]},"properties":{"id":"toiletmap/2f5907aec7f53f62ffbb5c85","source":"toiletmap-uk","name":"the Hub cafe, Oasis Centre","fee":"no","charge":null,"access":null,"wheelchair":"yes","opening_hours":"Mo-Fr 08:00-15:00","operator":null,"description":"The toilets are on the Mezzanine floor a few steps up but there is an accessible lift just by the entrance.  If you need the disabled toilet, ask the cafe staff by the lift for a PIN number.","password":null}},{"type":"Feature","geometry":{"type":"Point","coordinates":[-0.135333538,51.513830689]},"properties":{"id":"toiletmap/2f71668b74c6453464759780","source":"toiletmap-uk","name":"Broadwick Street APC","fee":"yes","charge":"50p","access":null,"wheelchair":"yes","opening_hours":"Mo-Su 00:00-00:00","operator":null,"description":"             ","password":null}},{"type":"Feature","geometry":{"type":"Point","coordinates":[-0.056734085,51.61562499]},"properties":{"id":"toiletmap/2f7bedeeb17b08e3987db699","source":"toiletmap-uk","name":"Craig Park, Craig Park Road","fee":"no","charge":null,"access":null,"wheelchair":"yes","opening_hours":null,"operator":null,"description":null,"password":null}},{"type":"Feature","geometry":{"type":"Point","coordinates":[-0.223642588,51.576259422]},"properties":{"id":"toiletmap/2f84e6904e36d9fb4fd8a578","source":"toiletmap-uk","name":"Brent Cross Shopping Centre, Hendon, London, NW4 3FP","fee":"no","charge":null,"access":null,"wheelchair":"yes","opening_hours":"Mo-Su 09:00-17:00","operator":null,"description":"Toilets on both floors.","password":null}},{"type":"Feature","geometry":{"type":"Point","coordinates":[-0.445359349,51.392106521]},"properties":{"id":"toiletmap/2f8c150f2a222521659da88e","source":"toiletmap-uk","name":"Greeno Centre","fee":"yes","charge":null,"access":null,"wheelchair":"yes","opening_hours":null,"operator":null,"description":"Part of Community Toilet Scheme. Opening hours: Monday - Friday 9am to 4pm","password":null}},{"type":"Feature","geometry":{"type":"Point","coordinates":[-0.121922189,51.41144749]},"properties":{"id":"toiletmap/2fcdf1ac71dcada5ad33a1e3","source":"toiletmap-uk","name":"Norbury Station","fee":"no","charge":null,"access":null,"wheelchair":"no","opening_hours":null,"operator":null,"description":null,"password":null}},{"type":"Feature","geometry":{"type":"Point","coordinates":[-0.00428932,51.68717768]},"properties":{"id":"toiletmap/2ff6ab4437f80ccc16c98091","source":"toiletmap-uk","name":"Church of holy cross","fee":"no","charge":null,"access":null,"wheelchair":"yes","opening_hours":null,"operator":null,"description":null,"password":null}},{"type":"Feature","geometry":{"type":"Point","coordinates":[-0.083019733,51.292770681]},"properties":{"id":"toiletmap/30553f07e5333c75dd42cf35","source":"toiletmap-uk","name":"De Stafford Sports Centre","fee":"yes","charge":null,"access":null,"wheelchair":"yes","opening_hours":"Mo-Su 09:00-17:00","operator":null,"description":"Open: Weekdays 6:30am - 10pm\r\nWeekends; 8am - 5pm. Cafe.  CR3 5YX","password":null}},{"type":"Feature","geometry":{"type":"Point","coordinates":[-0.0692462,51.4173502]},"properties":{"id":"toiletmap/307c3f084f7a0df7bd6a8088","source":"toiletmap-uk","name":null,"fee":"yes","charge":null,"access":null,"wheelchair":"no","opening_hours":null,"operator":null,"description":null,"password":null}},{"type":"Feature","geometry":{"type":"Point","coordinates":[-0.11575,51.46929]},"properties":{"id":"toiletmap/307e25c5c9fc2e94e320d509","source":"toiletmap-uk","name":"21 aytoun place sw9 0te","fee":"no","charge":null,"access":null,"wheelchair":"yes","opening_hours":"Mo-Th 09:00-16:00; Fr 09:00-17:00","operator":null,"description":"6 women toilets and same for men . It's a community centre so they don't mind if you use the toilet .","password":null}},{"type":"Feature","geometry":{"type":"Point","coordinates":[-0.112223625,51.463643722]},"properties":{"id":"toiletmap/30a49fb4d83c534026033a9c","source":"toiletmap-uk","name":"Pop Brixton","fee":"no","charge":null,"access":null,"wheelchair":"yes","opening_hours":"Mo-Su 09:00-17:00","operator":null,"description":null,"password":null}},{"type":"Feature","geometry":{"type":"Point","coordinates":[-0.085621476,51.551353832]},"properties":{"id":"toiletmap/30afad2199fdbd607614dbbc","source":"toiletmap-uk","name":"Newington Green","fee":"no","charge":"0.30","access":null,"wheelchair":"no","opening_hours":"Mo-Su 00:00-00:00","operator":null,"description":null,"password":null}},{"type":"Feature","geometry":{"type":"Point","coordinates":[-0.275355577,51.612640361]},"properties":{"id":"toiletmap/30b719e649ac7d88d7fb4a77","source":"toiletmap-uk","name":"The Broadwalk Shopping Centre","fee":"no","charge":null,"access":null,"wheelchair":"yes","opening_hours":null,"operator":null,"description":"Check signs for exact location. if using the accessible toilet you may need help with opening a set of doors that are at the entrance/exit to the corridor as they are difficult to open in a wheelchair.","password":null}},{"type":"Feature","geometry":{"type":"Point","coordinates":[0.1770552,51.288673]},"properties":{"id":"toiletmap/30c272f6a214129598d7310a","source":"toiletmap-uk","name":null,"fee":"no","charge":null,"access":null,"wheelchair":"no","opening_hours":null,"operator":null,"description":null,"password":null}},{"type":"Feature","geometry":{"type":"Point","coordinates":[-0.137889,51.487979]},"properties":{"id":"toiletmap/30fd074c69883216be8c538a","source":"toiletmap-uk","name":"Pimlico Library","fee":"no","charge":null,"access":null,"wheelchair":"yes","opening_hours":"Mo-Tu 09:30-20:00; We 10:00-20:00; Th-Sa 09:30-20:00; Su 13:30-17:00","operator":null,"description":"There is also a wheelchair-accessible lift down to the library level as well as 2 wheelchair accessible toilets.  ","password":null}},{"type":"Feature","geometry":{"type":"Point","coordinates":[-0.133600831,51.602504148]},"properties":{"id":"toiletmap/310a80c41ddafd143c9328fb","source":"toiletmap-uk","name":"Albert Road","fee":"no","charge":null,"access":null,"wheelchair":"no","opening_hours":null,"operator":null,"description":null,"password":null}},{"type":"Feature","geometry":{"type":"Point","coordinates":[-0.05263567,51.54690217]},"properties":{"id":"toiletmap/311328d6cadcee1adab117c4","source":"toiletmap-uk","name":"Tesco Hackney","fee":"yes","charge":"Staff locks the toilet and tell public that it is broken.","access":null,"wheelchair":"no","opening_hours":"Mo-Su 00:00-00:00","operator":null,"description":"Closes SAT 0000. SUN 1100-1700. Opens MON 0600. Part of Mayor of London's 'Open London' Community Toilet Scheme","password":null}},{"type":"Feature","geometry":{"type":"Point","coordinates":[-0.145256531,51.589027891]},"properties":{"id":"toiletmap/31aada6cfca685a65233a5a2","source":"toiletmap-uk","name":"St James' Church","fee":"no","charge":null,"access":null,"wheelchair":"no","opening_hours":null,"operator":null,"description":"Inside shop area to right side of church. Down steps","password":null}},{"type":"Feature","geometry":{"type":"Point","coordinates":[0.002596378,51.502042828]},"properties":{"id":"toiletmap/31b59b6e6e1b71bd756a7392","source":"toiletmap-uk","name":"Icon Outlet at The O2","fee":"no","charge":null,"access":null,"wheelchair":null,"opening_hours":null,"operator":null,"description":"On the upper floor in the Icon Outlet shopping section on the west side of the O2. Open during operating hours for the O2","password":null}},{"type":"Feature","geometry":{"type":"Point","coordinates":[-0.344541518,51.542318953]},"properties":{"id":"toiletmap/31cf7ac313254e40a9913931","source":"toiletmap-uk","name":"Greenford","fee":"no","charge":null,"access":null,"wheelchair":"no","opening_hours":null,"operator":null,"description":null,"password":null}},{"type":"Feature","geometry":{"type":"Point","coordinates":[-0.4392476,51.5402321]},"properties":{"id":"toiletmap/32086e25696ad54f4076b904","source":"toiletmap-uk","name":null,"fee":"no","charge":null,"access":null,"wheelchair":"no","opening_hours":null,"operator":null,"description":null,"password":null}},{"type":"Feature","geometry":{"type":"Point","coordinates":[-0.148149133,51.319269333]},"properties":{"id":"toiletmap/3218a87177284a519d88e028","source":"toiletmap-uk","name":"BP Filling Station - Coulsdon","fee":"yes","charge":null,"access":null,"wheelchair":"yes","opening_hours":"Mo-Su 09:00-17:00","operator":null,"description":"ATM; Truck Friendly; Opening Mon - Sat 7am - 11pm  Sun 7am - 10pm  CR5 3BR","password":null}},{"type":"Feature","geometry":{"type":"Point","coordinates":[-0.318745673,51.453704766]},"properties":{"id":"toiletmap/322a588a850d9e8ff3030dea","source":"toiletmap-uk","name":"Grounded Coffee","fee":"no","charge":null,"access":null,"wheelchair":"no","opening_hours":"Mo-Fr 07:30-17:00; Sa 08:30-17:00; Su 09:00-16:00","operator":null,"description":"Part of Richmond Council's Community Toilet Scheme.","password":null}},{"type":"Feature","geometry":{"type":"Point","coordinates":[-0.283402412,51.49152025]},"properties":{"id":"toiletmap/323f8db9308428b8c6ed69eb","source":"toiletmap-uk","name":"Esso Chiswick flyover","fee":"no","charge":null,"access":null,"wheelchair":"yes","opening_hours":null,"operator":null,"description":null,"password":null}},{"type":"Feature","geometry":{"type":"Point","coordinates":[-0.105075902,51.43977376]},"properties":{"id":"toiletmap/324dcf23d4a5afbc5775a799","source":"toiletmap-uk","name":"Tulse Hill Station","fee":"no","charge":null,"access":null,"wheelchair":"no","opening_hours":null,"operator":null,"description":null,"password":null}},{"type":"Feature","geometry":{"type":"Point","coordinates":[-0.144331455,51.48181497]},"properties":{"id":"toiletmap/32576d3ff480b1c89ccef763","source":"toiletmap-uk","name":"Battersea Power Station","fee":"no","charge":null,"access":null,"wheelchair":"yes","opening_hours":null,"operator":null,"description":"Multiple toilets inside power ststion - clearly signed. ","password":null}},{"type":"Feature","geometry":{"type":"Point","coordinates":[-0.394225627,51.654052734]},"properties":{"id":"toiletmap/3259eb97e8e9b58b0ccb2d6b","source":"toiletmap-uk","name":"Mcdonalds","fee":"no","charge":null,"access":null,"wheelchair":null,"opening_hours":null,"operator":null,"description":"c","password":null}},{"type":"Feature","geometry":{"type":"Point","coordinates":[0.10706906,51.38177144]},"properties":{"id":"toiletmap/325bde804859d5c7d57316b1","source":"toiletmap-uk","name":"Carlton Parade, Orpington","fee":null,"charge":null,"access":null,"wheelchair":"no","opening_hours":null,"operator":null,"description":"Public toilets now closed","password":null}},{"type":"Feature","geometry":{"type":"Point","coordinates":[-0.110938847,51.462012031]},"properties":{"id":"toiletmap/32f97482d5f435dbd32fd3cd","source":"toiletmap-uk","name":"Brixton House","fee":"no","charge":null,"access":null,"wheelchair":"yes","opening_hours":null,"operator":null,"description":null,"password":null}},{"type":"Feature","geometry":{"type":"Point","coordinates":[0.2196098,51.443267]},"properties":{"id":"toiletmap/332a07bdfbd33ab4d0db556a","source":"toiletmap-uk","name":null,"fee":"no","charge":null,"access":null,"wheelchair":"no","opening_hours":null,"operator":null,"description":null,"password":null}},{"type":"Feature","geometry":{"type":"Point","coordinates":[-0.322444439,51.510537022]},"properties":{"id":"toiletmap/332edd53113e43cc9b637bbc","source":"toiletmap-uk","name":"Al Panini Café","fee":"no","charge":null,"access":null,"wheelchair":"no","opening_hours":"Mo-Su 09:00-17:00","operator":null,"description":"Participates in Ealing Community Toilet Scheme. \nMon to Sat 7.30am - 7pm, Sun 9am - 5pm","password":null}},{"type":"Feature","geometry":{"type":"Point","coordinates":[0.079450635,51.535973885]},"properties":{"id":"toiletmap/336a741492e4d3f22f46f6c2","source":"toiletmap-uk","name":"Barking Learning Centre","fee":"yes","charge":null,"access":null,"wheelchair":"yes","opening_hours":null,"operator":null,"description":"Ground floor and first floor facilities.","password":null}},{"type":"Feature","geometry":{"type":"Point","coordinates":[-0.307522773,51.486562184]},"properties":{"id":"toiletmap/338782669f69b603c849d997","source":"toiletmap-uk","name":"Brentford Library","fee":"no","charge":null,"access":null,"wheelchair":"no","opening_hours":null,"operator":null,"description":"Part of Hounslow Community Toilet Scheme","password":null}},{"type":"Feature","geometry":{"type":"Point","coordinates":[-0.170400739,51.452342166]},"properties":{"id":"toiletmap/338e1cc99af28b03bc59b21d","source":"toiletmap-uk","name":"Wandsworth Common Bowling Green","fee":"no","charge":null,"access":null,"wheelchair":"no","opening_hours":null,"operator":null,"description":null,"password":null}},{"type":"Feature","geometry":{"type":"Point","coordinates":[-0.075689256,51.519977818]},"properties":{"id":"toiletmap/33a354093558a07367f577ac","source":"toiletmap-uk","name":"Old Spitalfields Market","fee":"no","charge":null,"access":null,"wheelchair":"yes","opening_hours":"Mo-Fr 08:00-23:00; Sa-Su 09:00-23:00","operator":null,"description":"This toilet is located opposite the Flying Tiger shop on the ground floor","password":null}},{"type":"Feature","geometry":{"type":"Point","coordinates":[-0.034565662,51.538744941]},"properties":{"id":"toiletmap/33ca35f5e792bf0ea99566c1","source":"toiletmap-uk","name":"Victoria Park East Pools Playground","fee":"no","charge":null,"access":null,"wheelchair":"yes","opening_hours":"Mo-Su 08:00-17:00","operator":null,"description":" A Tower Hamlets Community Toilet Scheme Venue. Seasonal opening with the Splash Park from May to September. Please note all toilets in Victoria Park close one hour before the parks closing time. The parks closing time varies throughout the year, coinciding with sunset.","password":null}},{"type":"Feature","geometry":{"type":"Point","coordinates":[-0.060218275,51.518768656]},"properties":{"id":"toiletmap/34034ed6c15fda6342b68fec","source":"toiletmap-uk","name":"Tower Hamlets Town Hall","fee":"no","charge":null,"access":null,"wheelchair":"yes","opening_hours":"Mo-Fr 09:00-17:00","operator":null,"description":"A Tower Hamlets Community Toilet Scheme Venue. The disabled toilet is a unisex toilet and all toilets can be found on the ground floor.","password":null}},{"type":"Feature","geometry":{"type":"Point","coordinates":[-0.135580301,51.565646577]},"properties":{"id":"toiletmap/340a1661c32eef2350be759b","source":"toiletmap-uk","name":"Archway Library","fee":"yes","charge":null,"access":null,"wheelchair":"yes","opening_hours":"Mo-Fr 09:00-17:00","operator":null,"description":null,"password":null}},{"type":"Feature","geometry":{"type":"Point","coordinates":[-0.072658335,51.506645652]},"properties":{"id":"toiletmap/3440d13fd2f5d18c17054563","source":"toiletmap-uk","name":"St Katherine's Dock (SKD) Public Toilet","fee":"no","charge":null,"access":null,"wheelchair":"yes","opening_hours":"Mo 00:00-23:00; Tu-Sa 07:00-23:00; Su 00:00-23:00","operator":null,"description":"A Tower Hamlets Community Toilet Scheme Venue. The disabled toilet is a unisex toilet","password":null}},{"type":"Feature","geometry":{"type":"Point","coordinates":[-0.137841977,51.53421372]},"properties":{"id":"toiletmap/346602a5813c2e79c5e017a0","source":"toiletmap-uk","name":"Crowndale Centre","fee":"no","charge":null,"access":null,"wheelchair":"yes","opening_hours":"Mo-Fr 07:30-19:30","operator":null,"description":"Limited access after 7.30pm for those attending public meetings.","password":null}},{"type":"Feature","geometry":{"type":"Point","coordinates":[-0.366063595,51.46383859]},"properties":{"id":"toiletmap/34cc3c1263984e33c8cd8ba4","source":"toiletmap-uk","name":"Gurdwara Sri Guru Singh Sabha","fee":"no","charge":null,"access":null,"wheelchair":"no","opening_hours":null,"operator":null,"description":"Part of Hounslow Community Toilet Scheme","password":null}},{"type":"Feature","geometry":{"type":"Point","coordinates":[-0.1340782,51.4890531]},"properties":{"id":"toiletmap/34d46f3490ec6fe3800ab8cf","source":"toiletmap-uk","name":"Lupus Street Urinal","fee":"no","charge":null,"access":null,"wheelchair":"no","opening_hours":"Mo-Su 00:00-00:00","operator":null,"description":"Urinal only.","password":null}},{"type":"Feature","geometry":{"type":"Point","coordinates":[-0.101323128,51.379103649]},"properties":{"id":"toiletmap/34d5ba1bce347af3fae692c2","source":"toiletmap-uk","name":"West Croydon Bus Station","fee":"no","charge":null,"access":null,"wheelchair":"no","opening_hours":"Mo-Su 06:30-21:30","operator":null,"description":null,"password":null}},{"type":"Feature","geometry":{"type":"Point","coordinates":[-0.26519537,51.332966235]},"properties":{"id":"toiletmap/34f6dc1cb41456b9b3a62cda","source":"toiletmap-uk","name":"Epsom Town Hall","fee":"no","charge":null,"access":null,"wheelchair":"no","opening_hours":"Mo-Fr 09:00-17:00","operator":null,"description":"Updated from Epsom and Ewell Council Website Map - Dec 2016.  KT18 5BY","password":null}},{"type":"Feature","geometry":{"type":"Point","coordinates":[-0.2211708,51.4529298]},"properties":{"id":"toiletmap/34fd41f09c2fb0a7b1c84d03","source":"toiletmap-uk","name":"(only for bus drivers?)","fee":"no","charge":"true","access":null,"wheelchair":"no","opening_hours":null,"operator":null,"description":null,"password":null}},{"type":"Feature","geometry":{"type":"Point","coordinates":[-0.193188787,51.364164536]},"properties":{"id":"toiletmap/351c95afda3aa7e029edd365","source":"toiletmap-uk","name":"Marks and Spencer, Sutton","fee":"no","charge":null,"access":null,"wheelchair":"yes","opening_hours":"Mo-Su 09:00-17:00","operator":null,"description":"Community Toilet Scheme toilet","password":null}},{"type":"Feature","geometry":{"type":"Point","coordinates":[-0.131189571,51.400070917]},"properties":{"id":"toiletmap/3547bf53c0d4595ec838fde9","source":"toiletmap-uk","name":"New Horizon Centre","fee":"no","charge":null,"access":null,"wheelchair":"yes","opening_hours":"Mo-Su 09:00-22:00","operator":null,"description":null,"password":null}},{"type":"Feature","geometry":{"type":"Point","coordinates":[-0.026583374,51.531787993]},"properties":{"id":"toiletmap/355403ad9b9e6eab3b75f99f","source":"toiletmap-uk","name":"Green Garden Cafe","fee":"no","charge":null,"access":null,"wheelchair":"no","opening_hours":"Mo-Su 07:30-17:00","operator":null,"description":"A Tower Hamlets Community Toilet Scheme Venue. The toilet can be found on the ground floor, however there are two steps to get to the door so may not be suitable for wheelchair users.","password":null}},{"type":"Feature","geometry":{"type":"Point","coordinates":[-0.204700828,51.54696055]},"properties":{"id":"toiletmap/35596982ade98cf82732a30a","source":"toiletmap-uk","name":"Kilburn Tube Station","fee":"no","charge":"20p","access":null,"wheelchair":"yes","opening_hours":"Mo-Su 09:00-17:00","operator":null,"description":"Proceeds to Great Ormond Street Children's Hospital\n\nMale and female toilets are outside ticket gateline!\nBaby changing and disabled toilets are inside ticket gateline!","password":null}},{"type":"Feature","geometry":{"type":"Point","coordinates":[-0.362052619,51.413588184]},"properties":{"id":"toiletmap/356b8e89a963617b03dd565e","source":"toiletmap-uk","name":"Jolly Coopers Pub","fee":"no","charge":null,"access":null,"wheelchair":"no","opening_hours":"Mo-Sa 08:00-23:00; Su 12:00-10:30","operator":null,"description":"Part of Richmond Council's Community Toilet Scheme.","password":null}},{"type":"Feature","geometry":{"type":"Point","coordinates":[-0.051680803,51.520540033]},"properties":{"id":"toiletmap/362854d25cb0cd8f26c652f8","source":"toiletmap-uk","name":"Damage Restaurant ","fee":"no","charge":null,"access":null,"wheelchair":"no","opening_hours":"Mo-Su 09:00-23:00","operator":null,"description":"A Tower Hamlets Community Toilet Scheme Venue. This toilet can be found on the ground floor.","password":null}},{"type":"Feature","geometry":{"type":"Point","coordinates":[-0.130489469,51.522277594]},"properties":{"id":"toiletmap/3643dd0e11d96650ee62cff9","source":"toiletmap-uk","name":"Birkbeck Main Building","fee":"no","charge":null,"access":null,"wheelchair":"yes","opening_hours":null,"operator":null,"description":null,"password":null}},{"type":"Feature","geometry":{"type":"Point","coordinates":[-0.2244689,51.511973]},"properties":{"id":"toiletmap/36d7057fd31488fc200bb8ad","source":"toiletmap-uk","name":"White City LU","fee":"no","charge":null,"access":null,"wheelchair":"no","opening_hours":"Mo-Su 09:00-17:00","operator":null,"description":"Passengers only as it is on the trackside of the barriers in the Tube station","password":null}},{"type":"Feature","geometry":{"type":"Point","coordinates":[0.183388027,51.580186847]},"properties":{"id":"toiletmap/36fadefaf3da8dc8f81801af","source":"toiletmap-uk","name":"Romford Market","fee":"no","charge":null,"access":null,"wheelchair":"no","opening_hours":null,"operator":null,"description":"This toilet is only open on Market days, ie. Wednesday, Friday and Saturday. Market opening times only.","password":null}},{"type":"Feature","geometry":{"type":"Point","coordinates":[-0.043647587,51.535789517]},"properties":{"id":"toiletmap/3777bd02f90036209b66a5aa","source":"toiletmap-uk","name":"Victoria Park West V&A Playground","fee":"no","charge":null,"access":null,"wheelchair":"yes","opening_hours":"Mo-Su 08:00-17:00","operator":null,"description":"A Tower Hamlets Community Toilet Scheme Venue. The toilets can be found inside the playpark grounds, nearest to Royal Gate entrance. Please note all toilets in Victoria Park close one hour before the parks closing time. The parks closing time varies throughout the year, coinciding with sunset.","password":null}},{"type":"Feature","geometry":{"type":"Point","coordinates":[-0.130312443,51.497177118]},"properties":{"id":"toiletmap/378cf44a2d481a955230db95","source":"toiletmap-uk","name":"Express Library, St. Ann's Street ","fee":"no","charge":null,"access":null,"wheelchair":"yes","opening_hours":"Tu-Th 10:00-19:00","operator":null,"description":"There is level access on the ground floor to the wheelchair-accessible toilet. ","password":null}},{"type":"Feature","geometry":{"type":"Point","coordinates":[0.15080452,51.442782087]},"properties":{"id":"toiletmap/37a9f8608269d4a1636f493d","source":"toiletmap-uk","name":"Bexley Community Library","fee":"no","charge":null,"access":null,"wheelchair":"yes","opening_hours":"Tu-We 13:00-17:00; Th 10:00-16:00","operator":null,"description":"The disabled toilet is unisex/gender neutral","password":null}},{"type":"Feature","geometry":{"type":"Point","coordinates":[-0.101317755,51.513130082]},"properties":{"id":"toiletmap/37bd2129e4194986224ba1eb","source":"toiletmap-uk","name":"The Rising Sun","fee":"no","charge":null,"access":null,"wheelchair":"yes","opening_hours":"Mo-Su 09:00-17:00","operator":null,"description":"Mon-Fri 11:00 - 23:00, Sat: 10:00 - 18:00, Sunday Closed. Part of City of London Community Toilet Scheme.","password":null}},{"type":"Feature","geometry":{"type":"Point","coordinates":[-0.087945474,51.39169797]},"properties":{"id":"toiletmap/3820f1690b71fdbbdcdc7c3b","source":"toiletmap-uk","name":"Selhurst Station","fee":"no","charge":null,"access":null,"wheelchair":"no","opening_hours":null,"operator":null,"description":null,"password":null}},{"type":"Feature","geometry":{"type":"Point","coordinates":[-0.132367,51.515631]},"properties":{"id":"toiletmap/38350687690cefffffee62e9","source":"toiletmap-uk","name":"Soho Square Urinal","fee":"no","charge":null,"access":null,"wheelchair":"no","opening_hours":"Mo-Su 07:00-00:00","operator":null,"description":"Urinal only.","password":null}},{"type":"Feature","geometry":{"type":"Point","coordinates":[-0.053108,51.3367969]},"properties":{"id":"toiletmap/3851ec559c4656e3b1a3a39a","source":"toiletmap-uk","name":null,"fee":"no","charge":null,"access":null,"wheelchair":"no","opening_hours":null,"operator":null,"description":"Closed (only opened for events)","password":null}},{"type":"Feature","geometry":{"type":"Point","coordinates":[0.0732658,51.31934012]},"properties":{"id":"toiletmap/38902d326297bd28a3e596b9","source":"toiletmap-uk","name":"Cudham Recreation Ground","fee":"no","charge":null,"access":null,"wheelchair":"no","opening_hours":null,"operator":null,"description":"At back of Cricket Club pavilion","password":null}},{"type":"Feature","geometry":{"type":"Point","coordinates":[-0.120517015,51.493122601]},"properties":{"id":"toiletmap/389549c1a42e27aca92ebeca","source":"toiletmap-uk","name":"The Windmill","fee":"no","charge":null,"access":null,"wheelchair":"no","opening_hours":"Mo-Su 09:00-17:00","operator":null,"description":"Mon - Sun: 10:30 - 23:00. Part of Lambeth Community Toilet Scheme.","password":null}},{"type":"Feature","geometry":{"type":"Point","coordinates":[-0.255088806,51.59099593]},"properties":{"id":"toiletmap/389e162ec3e7931aa3c1e0bd","source":"toiletmap-uk","name":"Mc Donald's, 157  Colindeep Lane, NW9 6DB","fee":"no","charge":null,"access":null,"wheelchair":"no","opening_hours":"Mo-Su 09:00-17:00","operator":null,"description":null,"password":null}},{"type":"Feature","geometry":{"type":"Point","coordinates":[-0.137074292,51.497894974]},"properties":{"id":"toiletmap/38ade03966cccc17ba35905e","source":"toiletmap-uk","name":"Onion Garden","fee":"no","charge":null,"access":null,"wheelchair":"no","opening_hours":null,"operator":null,"description":"Chemical toilet Temporary Toilet 8pm Thursday-6am Monday","password":null}},{"type":"Feature","geometry":{"type":"Point","coordinates":[-0.131685739,51.63439656]},"properties":{"id":"toiletmap/38cde8aa63d93695638f1ba9","source":"toiletmap-uk","name":"ASDA Southgate","fee":"yes","charge":null,"access":null,"wheelchair":"no","opening_hours":"Mo-Su 09:00-17:00","operator":null,"description":null,"password":null}},{"type":"Feature","geometry":{"type":"Point","coordinates":[-0.4785303,51.3148562]},"properties":{"id":"toiletmap/38d365c956aec29c3fba5e5c","source":"toiletmap-uk","name":null,"fee":"no","charge":null,"access":null,"wheelchair":"no","opening_hours":null,"operator":null,"description":null,"password":null}},{"type":"Feature","geometry":{"type":"Point","coordinates":[0.044460297,51.557997055]},"properties":{"id":"toiletmap/38ff18ff869158b7562a8b9e","source":"toiletmap-uk","name":"Cemetery cafe public  toilet","fee":"no","charge":null,"access":null,"wheelchair":"yes","opening_hours":null,"operator":null,"description":"Parking available, loo is round back of the building on right of the gates, go through gates, turn right.","password":null}},{"type":"Feature","geometry":{"type":"Point","coordinates":[-0.021318197,51.52773948]},"properties":{"id":"toiletmap/39164ba305e423435591db4d","source":"toiletmap-uk","name":"Grounded Coffee","fee":"no","charge":null,"access":null,"wheelchair":"yes","opening_hours":"Mo-Sa 07:00-22:00; Su 08:00-22:00","operator":null,"description":"A Tower Hamlets Community Toilet Scheme Venue. The disabled toilet is a unisex toilet and is located on the ground floor.","password":null}},{"type":"Feature","geometry":{"type":"Point","coordinates":[-0.294654071,51.462300543]},"properties":{"id":"toiletmap/393c4e809b7f3baa0979e5ca","source":"toiletmap-uk","name":"Springfield Pharmacy","fee":"no","charge":null,"access":null,"wheelchair":"no","opening_hours":"Mo-Fr 09:00-18:00; Sa 09:00-12:00","operator":null,"description":"Part of Richmond Council's Community Toilet Scheme.","password":null}},{"type":"Feature","geometry":{"type":"Point","coordinates":[-0.265713036,51.464720321]},"properties":{"id":"toiletmap/393d17274928455257921593","source":"toiletmap-uk","name":"Villa Rosa","fee":"no","charge":null,"access":null,"wheelchair":"no","opening_hours":"Mo-Tu 11:00-22:30; We-Sa 11:00-23:30; Su 11:00-22:30","operator":null,"description":"Part of the Community Toilet Scheme. Baby changing in single cubicle labelled 'mens', although functionally unisex.","password":null}},{"type":"Feature","geometry":{"type":"Point","coordinates":[0.16136592,51.473255432]},"properties":{"id":"toiletmap/393d9ac2e6ddab3668a334e4","source":"toiletmap-uk","name":"North Heath Community Library","fee":"no","charge":null,"access":null,"wheelchair":"yes","opening_hours":"Mo-We 09:30-17:30; Th 09:30-13:30; Fr 09:30-17:30; Sa 09:30-14:00","operator":null,"description":"The disabled toilet is unisex/gender neutral.","password":null}},{"type":"Feature","geometry":{"type":"Point","coordinates":[-0.133810043,51.489349991]},"properties":{"id":"toiletmap/3950a3d6253376394d9ca436","source":"toiletmap-uk","name":"Rampayne Street Community Hub- SW1V 2PU","fee":"no","charge":null,"access":null,"wheelchair":"no","opening_hours":"Tu 10:00-17:00; We 12:00-17:00; Fr 12:00-19:00; Sa 10:00-17:00","operator":null,"description":"Full address: \nRampayne Street Community Hub \n(Formerly Dexters Academy) \nRampayne Street \nLondon \nSW1V 2PU \n\nFour toilets in the basement- not accessible at present. \nThe facilities will be closed from September 2026 to January 2027. Upon reopening, all toilets will be fully accessible.  ","password":null}},{"type":"Feature","geometry":{"type":"Point","coordinates":[0.057957797,51.51444779]},"properties":{"id":"toiletmap/3950baa8529958557a0e5a56","source":"toiletmap-uk","name":"Beckton ASDA","fee":"no","charge":null,"access":null,"wheelchair":"yes","opening_hours":null,"operator":null,"description":"Toilets are tucked away over by the Post Office & Kings Barber Club, not in the actual Asda store itself.","password":null}},{"type":"Feature","geometry":{"type":"Point","coordinates":[-0.125699043,51.586301499]},"properties":{"id":"toiletmap/395b3e2b5c7f48777ffccf97","source":"toiletmap-uk","name":"Priory Park","fee":"no","charge":null,"access":null,"wheelchair":"no","opening_hours":null,"operator":null,"description":null,"password":null}},{"type":"Feature","geometry":{"type":"Point","coordinates":[-0.344950855,51.444335771]},"properties":{"id":"toiletmap/39629d2433432b14d40bd7aa","source":"toiletmap-uk","name":"Prince Blucher","fee":"no","charge":null,"access":null,"wheelchair":"yes","opening_hours":"Mo-Tu 12:00-22:30; We-Sa 12:00-23:00; Su 12:00-22:30","operator":null,"description":"Part of Richmond Council's Community Toilet Scheme ","password":null}},{"type":"Feature","geometry":{"type":"Point","coordinates":[-0.088554102,51.286103193]},"properties":{"id":"toiletmap/396db9f9c88a3651e669d433","source":"toiletmap-uk","name":"King and Queen","fee":"yes","charge":null,"access":null,"wheelchair":"yes","opening_hours":"Mo-Su 09:00-17:00","operator":null,"description":"Does have a couple of steps","password":null}},{"type":"Feature","geometry":{"type":"Point","coordinates":[-0.007420977,51.445284671]},"properties":{"id":"toiletmap/3982ebf47ba5c26664660b5d","source":"toiletmap-uk","name":"Esso Filling Station & Co-op","fee":"no","charge":null,"access":null,"wheelchair":null,"opening_hours":null,"operator":null,"description":null,"password":null}},{"type":"Feature","geometry":{"type":"Point","coordinates":[-0.388732553,51.626214509]},"properties":{"id":"toiletmap/399664544eb8e106b7be44ad","source":"toiletmap-uk","name":"Public Toilet - South Oxhey","fee":"no","charge":null,"access":null,"wheelchair":"no","opening_hours":null,"operator":null,"description":".","password":null}},{"type":"Feature","geometry":{"type":"Point","coordinates":[-0.080139397,51.516922063]},"properties":{"id":"toiletmap/3a2252b9637c9ca5d7474b21","source":"toiletmap-uk","name":"Fernando's","fee":"no","charge":null,"access":null,"wheelchair":"no","opening_hours":"Mo-Fr 09:00-17:00","operator":null,"description":"MONDAY - THURSDAY 06.00 - 17.00 FRIDAY\r\n              BANK HOLIDAYS: Closed. Part of City of London's Community Toilet Scheme.","password":null}},{"type":"Feature","geometry":{"type":"Point","coordinates":[-0.490536633,51.301428847]},"properties":{"id":"toiletmap/3a3ed7310386e74ba747f136","source":"toiletmap-uk","name":"Ripely Green","fee":"no","charge":null,"access":null,"wheelchair":"yes","opening_hours":null,"operator":null,"description":null,"password":null}},{"type":"Feature","geometry":{"type":"Point","coordinates":[0.233620405,51.562925448]},"properties":{"id":"toiletmap/3a53d2b40c1dced14bc78015","source":"toiletmap-uk","name":"Havering Association for People with Disabilities","fee":"yes","charge":"0","access":null,"wheelchair":"yes","opening_hours":"Mo-Fr 09:00-17:00","operator":null,"description":"Havering Association for People with Disabilties is open Mon - Fri 9-4pm and have two accessible toilets.  Non customers are welcome to use, just ask the staff.","password":null}},{"type":"Feature","geometry":{"type":"Point","coordinates":[-0.271463692,51.658490709]},"properties":{"id":"toiletmap/3b49d8f21b9a69ca0eb667ad","source":"toiletmap-uk","name":"McDonalds ","fee":"no","charge":null,"access":null,"wheelchair":"yes","opening_hours":"Mo-Su 07:30-23:00","operator":null,"description":"Participant of Hertsmere Borough Council's Community Toilet Scheme","password":null}},{"type":"Feature","geometry":{"type":"Point","coordinates":[0.197142363,51.312955849]},"properties":{"id":"toiletmap/3b935e325cff47eb2837de3a","source":"toiletmap-uk","name":"Otford Station","fee":"no","charge":null,"access":null,"wheelchair":"no","opening_hours":null,"operator":null,"description":null,"password":null}},{"type":"Feature","geometry":{"type":"Point","coordinates":[-0.330190659,51.485682294]},"properties":{"id":"toiletmap/3ba428cea3104899d6eaf82b","source":"toiletmap-uk","name":"Tesco Extra Osterley","fee":"yes","charge":null,"access":null,"wheelchair":"yes","opening_hours":"Mo-Su 09:00-17:00","operator":null,"description":"MON-SAT 0800-2200. SUN 1000-1600. Part of Mayor of London's 'Open London' Community Toilet Scheme","password":null}},{"type":"Feature","geometry":{"type":"Point","coordinates":[-0.122539401,51.308836361]},"properties":{"id":"toiletmap/3bace543b651103e674494cd","source":"toiletmap-uk","name":"Coulsdon Road","fee":"no","charge":null,"access":null,"wheelchair":"yes","opening_hours":"Mo-Su 00:00-00:00","operator":null,"description":"Grange Park Recreation Ground / DDA complainant with mother and baby facilities.","password":null}},{"type":"Feature","geometry":{"type":"Point","coordinates":[-0.156799257,51.49236777]},"properties":{"id":"toiletmap/3bad17cf558d8a21eda7d5c9","source":"toiletmap-uk","name":"Sloane Square Autoloo","fee":"yes","charge":"£0.20","access":null,"wheelchair":"yes","opening_hours":"Mo-Su 00:00-00:00","operator":null,"description":null,"password":null}},{"type":"Feature","geometry":{"type":"Point","coordinates":[-0.213181973,51.465444531]},"properties":{"id":"toiletmap/3bbb119daac0515eee4c7311","source":"toiletmap-uk","name":"Wetherspoons - The Rocket","fee":"yes","charge":"0","access":null,"wheelchair":"yes","opening_hours":"Mo-Su 09:00-17:00","operator":null,"description":"Wetherspoons pub","password":null}},{"type":"Feature","geometry":{"type":"Point","coordinates":[0.120417892,51.493204661]},"properties":{"id":"toiletmap/3bee62b9a2afc93751ca9dad","source":"toiletmap-uk","name":"sainsburys","fee":"yes","charge":null,"access":null,"wheelchair":"yes","opening_hours":"Mo-Su 00:00-00:00","operator":null,"description":"open durng shop opening times only","password":null}},{"type":"Feature","geometry":{"type":"Point","coordinates":[-0.286336541,51.346052574]},"properties":{"id":"toiletmap/3c2a9f1d59f833e2b8c7781d","source":"toiletmap-uk","name":"Hobbledown Animal Centre and Cafe","fee":"yes","charge":null,"access":null,"wheelchair":"no","opening_hours":null,"operator":null,"description":"Cafe, Animal Centre and Kids Centre","password":null}},{"type":"Feature","geometry":{"type":"Point","coordinates":[-0.044878721,51.467837311]},"properties":{"id":"toiletmap/3c39b1526d16486a2e4458ca","source":"toiletmap-uk","name":"The Hill Station Café","fee":"yes","charge":null,"access":null,"wheelchair":"yes","opening_hours":"Mo-Su 09:00-17:00","operator":null,"description":"Mon-Sun 9am-5pm","password":null}},{"type":"Feature","geometry":{"type":"Point","coordinates":[-0.008588433,51.544506865]},"properties":{"id":"toiletmap/3c47e3f9592c66a106faf6ce","source":"toiletmap-uk","name":"Stratford International Station","fee":"yes","charge":"Freeeeee","access":null,"wheelchair":"yes","opening_hours":null,"operator":null,"description":"Quite nice and empty. Ambulant toulet with lots of grab rails in ladies too","password":null}},{"type":"Feature","geometry":{"type":"Point","coordinates":[-0.071472877,51.525086611]},"properties":{"id":"toiletmap/3c5b6e1f8b96837846ef79ae","source":"toiletmap-uk","name":"Float Coffee","fee":"no","charge":null,"access":null,"wheelchair":"no","opening_hours":"Mo-Fr 08:30-17:00; Sa-Su 09:00-17:30","operator":null,"description":"A Tower Hamlets Community Toilet Scheme venue. The toilets are located down a steep staircase.","password":null}},{"type":"Feature","geometry":{"type":"Point","coordinates":[-0.1093027,51.474295015]},"properties":{"id":"toiletmap/3c81e87ec9ef696e591ac805","source":"toiletmap-uk","name":"Myatt's Field Neighbourhood Centre","fee":"no","charge":null,"access":null,"wheelchair":"yes","opening_hours":null,"operator":null,"description":null,"password":null}},{"type":"Feature","geometry":{"type":"Point","coordinates":[-0.419956236,51.29149416]},"properties":{"id":"toiletmap/3cc108dd7b1bcba61d77bf93","source":"toiletmap-uk","name":"Effingham Junction","fee":"no","charge":null,"access":null,"wheelchair":"no","opening_hours":null,"operator":null,"description":null,"password":null}},{"type":"Feature","geometry":{"type":"Point","coordinates":[-0.255845189,51.404009746]},"properties":{"id":"toiletmap/3ceb856de2c87ccfe23c756d","source":"toiletmap-uk","name":"New Malden Station","fee":"no","charge":null,"access":null,"wheelchair":"no","opening_hours":null,"operator":null,"description":"The toilets are located on Platform 1. The National key toilets are located on Platform 1; these toilets are operated by a radar key. The toilet facilities are only available during Ticket Office opening hours.","password":null}},{"type":"Feature","geometry":{"type":"Point","coordinates":[-0.109514594,51.5624469]},"properties":{"id":"toiletmap/3d036894dff59cf1be80fcdb","source":"toiletmap-uk","name":"Seven Sisters Road","fee":"no","charge":null,"access":null,"wheelchair":"no","opening_hours":"Mo-Su 00:00-00:00","operator":null,"description":null,"password":null}},{"type":"Feature","geometry":{"type":"Point","coordinates":[-0.200015488,51.499750215]},"properties":{"id":"toiletmap/3d0682287a7722f821b00bcc","source":"toiletmap-uk","name":"The Design Museum","fee":"no","charge":null,"access":null,"wheelchair":"yes","opening_hours":"Mo-Th 10:00-17:00; Fr-Su 10:00-18:00","operator":null,"description":"Entrance to the museum is free and located at street level. \n\nLevel -2: Accessible toilet (right-hand transfer)\nLevel -1: Male and female toilets, accessible toilet (left-hand transfer), and baby changing facilities.\nGround floor: Accessible toilet (left-hand transfer), and baby changing facilities.\nLevel 2: Unisex toilets, and accessible toilet (right-hand transfer).","password":null}},{"type":"Feature","geometry":{"type":"Point","coordinates":[-0.071564019,51.523387572]},"properties":{"id":"toiletmap/3d244d9b0f4dae44e99743e4","source":"toiletmap-uk","name":"Damascus Bite","fee":"no","charge":null,"access":null,"wheelchair":"no","opening_hours":"Mo-Su 12:00-22:00","operator":null,"description":"A Tower Hamlets Community Toilet Scheme Venue. The toilet is located on the ground floor, however there is not much space to access the toilet.","password":null}},{"type":"Feature","geometry":{"type":"Point","coordinates":[-0.355845988,51.426578977]},"properties":{"id":"toiletmap/3d2e237572c96ab8ba6ea9ee","source":"toiletmap-uk","name":"Hampton Hill Library - Public Toilets","fee":"no","charge":null,"access":null,"wheelchair":"yes","opening_hours":"Mo 09:30-18:00; We 10:00-19:00; Th-Fr 09:30-18:00; Sa 09:30-16:00","operator":null,"description":"Unisex, easy access toilet located on the ground floor of the library ","password":null}},{"type":"Feature","geometry":{"type":"Point","coordinates":[-0.132629871,51.528613929]},"properties":{"id":"toiletmap/3d3354bca3bd4b75b55df6b5","source":"toiletmap-uk","name":"London Euston Station","fee":"no","charge":null,"access":null,"wheelchair":"yes","opening_hours":"Mo-Th 04:30-01:35; Fr-Sa 04:30-02:00; Su 05:15-01:35","operator":null,"description":"Toilets are outside ticket gateline.\n\n2 disabled toilets with radar keys are available.","password":null}},{"type":"Feature","geometry":{"type":"Point","coordinates":[-0.363038063,51.464541473]},"properties":{"id":"toiletmap/3d3d99077244db5b15aed007","source":"toiletmap-uk","name":"Hounslow Royal British Legion","fee":"no","charge":null,"access":null,"wheelchair":"no","opening_hours":null,"operator":null,"description":"Part of Hounslow Community Toilet Scheme","password":null}},{"type":"Feature","geometry":{"type":"Point","coordinates":[-0.0007458,51.4766709]},"properties":{"id":"toiletmap/3d407707558efd1801774a0c","source":"toiletmap-uk","name":"Greenwich Park, Lower Avenue Toilet","fee":"yes","charge":"£0.20","access":null,"wheelchair":"yes","opening_hours":"Mo-Su 07:00-17:00","operator":null,"description":"Open \r\n\r\n07.00 - 17.15 November - February 07.00 - 18.15 March & October \r\n\r\n07.00 - 19.15 April & September \r\n\r\n07.00 - 20.15 May & August \r\n\r\n07.00 - 20.45 June & July","password":null}},{"type":"Feature","geometry":{"type":"Point","coordinates":[-0.08941412,51.28896474]},"properties":{"id":"toiletmap/3d4091139ad39c845dd78625","source":"toiletmap-uk","name":"Esso Filling Station - Caterham","fee":"yes","charge":null,"access":null,"wheelchair":"no","opening_hours":"Mo-Su 00:00-00:00","operator":null,"description":"Shop; Snacks; Coffee.  CR3 5UG","password":null}},{"type":"Feature","geometry":{"type":"Point","coordinates":[0.25903616,51.67198594]},"properties":{"id":"toiletmap/3d6258e355effea2a0589424","source":"toiletmap-uk","name":null,"fee":"no","charge":null,"access":null,"wheelchair":"no","opening_hours":null,"operator":null,"description":"Male toilets","password":null}},{"type":"Feature","geometry":{"type":"Point","coordinates":[-0.052374158,51.527850362]},"properties":{"id":"toiletmap/3d6a3d645814210362f8c140","source":"toiletmap-uk","name":"Somewhere Green","fee":"no","charge":null,"access":null,"wheelchair":"no","opening_hours":"Mo-Sa 07:30-17:00; Su 09:00-17:00","operator":null,"description":"This is a Tower Hamlets Community Toilet Scheme Venue. The toilet is located on the ground floor.","password":null}},{"type":"Feature","geometry":{"type":"Point","coordinates":[-0.1593875,51.4798524]},"properties":{"id":"toiletmap/3d7a2efd3278b07001c620ef","source":"toiletmap-uk","name":"Battersea Park","fee":"no","charge":null,"access":null,"wheelchair":"no","opening_hours":"Mo-Su 09:00-18:00","operator":null,"description":null,"password":null}},{"type":"Feature","geometry":{"type":"Point","coordinates":[-0.130087137,51.499993994]},"properties":{"id":"toiletmap/3d96d12c38bf7edb22624957","source":"toiletmap-uk","name":"CLOSED Wesley's Café, Central Hall, Westminster","fee":"no","charge":null,"access":null,"wheelchair":"no","opening_hours":null,"operator":null,"description":"Update July 2025: This cafe is now perminantly closed to the public.\n\nInside entrance foyer turn right down stairs to basement level:  look for signs","password":null}},{"type":"Feature","geometry":{"type":"Point","coordinates":[-0.082741275,51.446548462]},"properties":{"id":"toiletmap/3da711cea119aee10495e436","source":"toiletmap-uk","name":"Dulwich Park Bike Hire Public Toilet","fee":"no","charge":null,"access":null,"wheelchair":"yes","opening_hours":"Mo-Su 07:30-18:00","operator":null,"description":"Closes at DUSK. 3 standard, 1 accessible toilet. Managed by Parks Department. Part of Southwark Council Toilet Network\n","password":null}},{"type":"Feature","geometry":{"type":"Point","coordinates":[-0.039868355,51.350716507]},"properties":{"id":"toiletmap/3da91dd06ab7fcf32584cba2","source":"toiletmap-uk","name":"Esso Filling Station - Selsdon","fee":"yes","charge":null,"access":null,"wheelchair":"no","opening_hours":null,"operator":null,"description":"Shop; Snacks; Coffee.  CR2 8JT","password":null}},{"type":"Feature","geometry":{"type":"Point","coordinates":[-0.154366493,51.291120192]},"properties":{"id":"toiletmap/3dc228927f045be0b5ce3f7c","source":"toiletmap-uk","name":"Esso Filling Station - Hooley","fee":"yes","charge":"0","access":null,"wheelchair":"no","opening_hours":"Mo-Su 00:00-00:00","operator":null,"description":"Shop; Snacks; Coffee; ATM.  CR5 3EG","password":null}},{"type":"Feature","geometry":{"type":"Point","coordinates":[-0.140376091,51.493227808]},"properties":{"id":"toiletmap/3de9708bb012c7a0c910260c","source":"toiletmap-uk","name":"Changing Places Toilet- Queen Mother Sports Centre ","fee":"no","charge":null,"access":null,"wheelchair":"yes","opening_hours":"Mo-Fr 06:30-22:00; Sa-Su 08:00-20:00","operator":null,"description":"CHANGING PLACES TOILET ONLY. 020 7798 2040 \n\n \n\nKyle Maundrell, Holly Iggleston \n\n \n\nDisabled Parking \n\n \n\nManaged \n\nLocked \n\n \n\nRadar key \n\n \n\nAccessible to Public \n\n \n\nExternal signage \nFacility Features \n\nBench - Height Adjustable, Adult Sized, Wall Mounted \n\nHoist - Ceiling, Loop \n\nPeninsular Toilet \n\nWashbasin Height Adjustable \n\nSlip Resistant Floor \n\nFloor Space (sq. m) - 17.0 \n\nEmergency Alarm \n\nPrivacy Screen \n\nPaper Roll \n\nColostomy Shelf \n\nSignage in the room \n\nDrop down grab rails \n\nWall grab rails \n\nLarge Bin \n\nDoor Width (m) - 0.00 \n\nCeiling height (m) - 2.40 \n\n ","password":null}},{"type":"Feature","geometry":{"type":"Point","coordinates":[0.106344223,51.426106084]},"properties":{"id":"toiletmap/3dea068fffb2e7dcc5a0e39e","source":"toiletmap-uk","name":"St. John's Road","fee":"no","charge":null,"access":null,"wheelchair":"no","opening_hours":null,"operator":null,"description":null,"password":null}},{"type":"Feature","geometry":{"type":"Point","coordinates":[-0.409566879,51.447126152]},"properties":{"id":"toiletmap/3e1473415ae7fe639ef84ad0","source":"toiletmap-uk","name":"McDonald's","fee":"no","charge":null,"access":null,"wheelchair":"no","opening_hours":null,"operator":null,"description":"Part of Hounslow Community Toilet Scheme","password":null}},{"type":"Feature","geometry":{"type":"Point","coordinates":[-0.0938066,51.5171995]},"properties":{"id":"toiletmap/3e7a53ea7e8173ac1fc3a832","source":"toiletmap-uk","name":null,"fee":"no","charge":null,"access":null,"wheelchair":"no","opening_hours":null,"operator":null,"description":null,"password":null}},{"type":"Feature","geometry":{"type":"Point","coordinates":[-0.314041614,51.477313842]},"properties":{"id":"toiletmap/3eb1e1d3a1dd0c981da09faa","source":"toiletmap-uk","name":"Syon Park Garden Centre","fee":"no","charge":null,"access":null,"wheelchair":"no","opening_hours":null,"operator":null,"description":"Part of Hounslow Community Toilet Scheme","password":null}},{"type":"Feature","geometry":{"type":"Point","coordinates":[0.1969253,51.3636259]},"properties":{"id":"toiletmap/3ed324d6aa2c77436885dcb7","source":"toiletmap-uk","name":null,"fee":"no","charge":null,"access":null,"wheelchair":"no","opening_hours":null,"operator":null,"description":null,"password":null}},{"type":"Feature","geometry":{"type":"Point","coordinates":[-0.217924118,51.361138278]},"properties":{"id":"toiletmap/3edaf115200d8426503306c9","source":"toiletmap-uk","name":"Filling Station - Cheam","fee":"yes","charge":null,"access":null,"wheelchair":"no","opening_hours":null,"operator":null,"description":null,"password":null}},{"type":"Feature","geometry":{"type":"Point","coordinates":[-0.114428401,51.499952251]},"properties":{"id":"toiletmap/3ef07b563d5215817d5e149a","source":"toiletmap-uk","name":"Walrus Social","fee":"no","charge":null,"access":null,"wheelchair":"no","opening_hours":"Mo-Su 09:00-17:00","operator":null,"description":"Mon - Sun: 10:00 - 23:00. Part of Lambeth Community Toilet Scheme.","password":null}},{"type":"Feature","geometry":{"type":"Point","coordinates":[-0.2930826,51.5300139]},"properties":{"id":"toiletmap/3f143ca35cf1feedffde710d","source":"toiletmap-uk","name":null,"fee":"no","charge":null,"access":null,"wheelchair":"no","opening_hours":null,"operator":null,"description":null,"password":null}},{"type":"Feature","geometry":{"type":"Point","coordinates":[-0.084521094,51.519127392]},"properties":{"id":"toiletmap/3f181c92ad9c1277100d06e6","source":"toiletmap-uk","name":"Broadgate Shopping Centre","fee":"no","charge":null,"access":null,"wheelchair":"yes","opening_hours":null,"operator":null,"description":"Downstairs by the escalator to Finsbury Avenue Square.\nIncludes a Changing Place toilet.","password":null}},{"type":"Feature","geometry":{"type":"Point","coordinates":[-0.396454096,51.470111504]},"properties":{"id":"toiletmap/3f4516c0c1877e7d90dfd9ef","source":"toiletmap-uk","name":"Beavers Lane Library","fee":"no","charge":null,"access":null,"wheelchair":"no","opening_hours":null,"operator":null,"description":"Part of Hounslow Community Toilet Scheme","password":null}},{"type":"Feature","geometry":{"type":"Point","coordinates":[-0.10563612,51.344881491]},"properties":{"id":"toiletmap/3f56361d29c15ebdcfcf3664","source":"toiletmap-uk","name":"Esso Filling Station - Purley Oaks","fee":"yes","charge":null,"access":null,"wheelchair":"no","opening_hours":"Mo-Su 00:00-00:00","operator":null,"description":"Shop; snacks; coffee; customer seating.; ATM.  CR8 2BA","password":null}},{"type":"Feature","geometry":{"type":"Point","coordinates":[-0.125859976,51.310925493]},"properties":{"id":"toiletmap/3f6320bc8d9a20ae7df58d0d","source":"toiletmap-uk","name":"Bald Indian Man's Public toilet","fee":"no","charge":null,"access":null,"wheelchair":"yes","opening_hours":"Mo-Su 00:50-00:50","operator":null,"description":"A balding Indian man will let you use his toilet here if you ask him nicely.\n\n9 Stanley close, coulsdon, cr5 2ln","password":null}},{"type":"Feature","geometry":{"type":"Point","coordinates":[-0.137884398,51.31583718]},"properties":{"id":"toiletmap/3f6da0ca18a9ea727e9adf8c","source":"toiletmap-uk","name":"Coulsdon South Station","fee":"no","charge":null,"access":null,"wheelchair":"no","opening_hours":null,"operator":null,"description":null,"password":null}},{"type":"Feature","geometry":{"type":"Point","coordinates":[-0.147451758,51.450647835]},"properties":{"id":"toiletmap/3fa1ae4ec22ef4983568e730","source":"toiletmap-uk","name":"Petrol Station","fee":"no","charge":null,"access":null,"wheelchair":"yes","opening_hours":null,"operator":null,"description":null,"password":null}},{"type":"Feature","geometry":{"type":"Point","coordinates":[-0.335533619,51.579603138]},"properties":{"id":"toiletmap/3fea70b9719cd76946a56049","source":"toiletmap-uk","name":"Greenhill library","fee":"no","charge":null,"access":null,"wheelchair":"yes","opening_hours":null,"operator":null,"description":"The disabled toilet has adult sized flatbed changing facilities.\n\nThe babychange does not have a toilet in it and the main toilet cubicles are not large enough to take a pram in them.","password":null}},{"type":"Feature","geometry":{"type":"Point","coordinates":[-0.017600656,51.590349371]},"properties":{"id":"toiletmap/3ff5256006b301428161cd3e","source":"toiletmap-uk","name":"M&N Sandwich Bar","fee":"yes","charge":null,"access":null,"wheelchair":"no","opening_hours":null,"operator":null,"description":"Mon-Fri: 8am-6pm; Sat: 10am-6pm. Sun: CLOSED. Part of Waltham Forest Community Toilet Scheme.","password":null}},{"type":"Feature","geometry":{"type":"Point","coordinates":[-0.306329624,51.407796747]},"properties":{"id":"toiletmap/40ad62b063174b04c005c5af","source":"toiletmap-uk","name":"The Rose Car Park Public Toilet","fee":"no","charge":null,"access":null,"wheelchair":"yes","opening_hours":"Mo-Su 07:00-00:00","operator":null,"description":null,"password":null}},{"type":"Feature","geometry":{"type":"Point","coordinates":[-0.370828807,51.41684458]},"properties":{"id":"toiletmap/40b366e895525c1aaf5779cb","source":"toiletmap-uk","name":"Village Grill","fee":"no","charge":null,"access":null,"wheelchair":"no","opening_hours":"Mo-Sa 08:30-23:00; Su 09:00-22:00","operator":null,"description":"Part of Richmond Community Toilet Scheme","password":null}},{"type":"Feature","geometry":{"type":"Point","coordinates":[-0.154538155,51.474409015]},"properties":{"id":"toiletmap/40b9d6fb88364ddd10d87c99","source":"toiletmap-uk","name":"Library","fee":"yes","charge":null,"access":null,"wheelchair":"yes","opening_hours":null,"operator":null,"description":"For opening times Wandsworth.gov.uk","password":null}},{"type":"Feature","geometry":{"type":"Point","coordinates":[-0.460674763,51.432283587]},"properties":{"id":"toiletmap/40c050c1213bdd3c0342e9f2","source":"toiletmap-uk","name":"Golden Grill Restaurant","fee":"yes","charge":null,"access":null,"wheelchair":"no","opening_hours":null,"operator":null,"description":"Part of community toilet scheme.  Monday - Saturday 8am to 10pm, Sunday 9am to 9.30pm","password":null}},{"type":"Feature","geometry":{"type":"Point","coordinates":[-0.101001212,51.3992396]},"properties":{"id":"toiletmap/40ea0442aa0e9b3c1c2853ac","source":"toiletmap-uk","name":"Thornton Heath Station","fee":"no","charge":null,"access":null,"wheelchair":"no","opening_hours":null,"operator":null,"description":null,"password":null}},{"type":"Feature","geometry":{"type":"Point","coordinates":[-0.110971034,51.501495043]},"properties":{"id":"toiletmap/40f000cdf78ec601034ec187","source":"toiletmap-uk","name":"Cubana Bar & Restaurant.","fee":"no","charge":null,"access":null,"wheelchair":"no","opening_hours":null,"operator":null,"description":"Part of Lambeth Community Toilet Scheme. Monday – Friday\n12:00 – 1:00\nSaturday\n13:00 – 3:00\nSunday\n13:00 – 23:00","password":null}},{"type":"Feature","geometry":{"type":"Point","coordinates":[-0.10148406,51.469340545]},"properties":{"id":"toiletmap/41028a55ff4162420a21fba6","source":"toiletmap-uk","name":"Kings College Hospital Main Entrance","fee":"no","charge":null,"access":null,"wheelchair":"yes","opening_hours":"Mo-Su 00:00-23:59","operator":null,"description":"Open 24 hours every day","password":null}},{"type":"Feature","geometry":{"type":"Point","coordinates":[0.049980283,51.440257584]},"properties":{"id":"toiletmap/41141a96a6960601cb7d71b6","source":"toiletmap-uk","name":"Mottingham Station","fee":"no","charge":null,"access":null,"wheelchair":"no","opening_hours":null,"operator":null,"description":null,"password":null}},{"type":"Feature","geometry":{"type":"Point","coordinates":[-0.124652982,51.441212535]},"properties":{"id":"toiletmap/4116a550ba50609a79e35484","source":"toiletmap-uk","name":"Sexual Health Centre","fee":"no","charge":null,"access":null,"wheelchair":"yes","opening_hours":"Mo-Tu 08:00-18:00; We 12:30-18:00; Th-Fr 08:00-18:00","operator":null,"description":null,"password":null}},{"type":"Feature","geometry":{"type":"Point","coordinates":[-0.140494108,51.525870783]},"properties":{"id":"toiletmap/4123dfab2fb8e94531fd168e","source":"toiletmap-uk","name":"Old Diorama Arts Centre (ODAC) ","fee":"no","charge":null,"access":null,"wheelchair":"yes","opening_hours":"Mo-Su 10:00-18:00","operator":null,"description":"Old Diorama Art Centre’s toilets are for all genders. Each toilet is in its own cubicle with a sink, mirror, and PHS bin. All genders warmly welcomed. Zero tolerance policy on drug use.","password":null}},{"type":"Feature","geometry":{"type":"Point","coordinates":[-0.16825676,51.427425047]},"properties":{"id":"toiletmap/4194f9b7a98ed51e92b6cd0a","source":"toiletmap-uk","name":"Sainsburys'","fee":"no","charge":null,"access":null,"wheelchair":"no","opening_hours":"Mo-Su 09:00-17:00","operator":null,"description":"This toilet has not been in use for over a year, no longer accessible to the public.","password":null}},{"type":"Feature","geometry":{"type":"Point","coordinates":[-0.04006952,51.522790271]},"properties":{"id":"toiletmap/41a41f48a3c3255a6b8e58aa","source":"toiletmap-uk","name":"Bancroft Arms","fee":"no","charge":null,"access":null,"wheelchair":"no","opening_hours":"Mo-Su 12:00-23:00","operator":null,"description":"A Tower Hamlets Community Toilet Scheme Venue. These toilets can found on the ground floor.","password":null}},{"type":"Feature","geometry":{"type":"Point","coordinates":[-0.3370847,51.5791364]},"properties":{"id":"toiletmap/41b58848707b1fe3237407b3","source":"toiletmap-uk","name":"Harrow-on-the-Hill Tube Station","fee":"no","charge":null,"access":null,"wheelchair":"no","opening_hours":null,"operator":null,"description":"Toilets are outside ticket gateline!","password":null}},{"type":"Feature","geometry":{"type":"Point","coordinates":[-0.17218709,51.497375806]},"properties":{"id":"toiletmap/41b87ddd1e97f0e4f1058db7","source":"toiletmap-uk","name":"V & A Mus","fee":"no","charge":null,"access":null,"wheelchair":"yes","opening_hours":"Mo-Su 09:00-17:00","operator":null,"description":"Ground Floor","password":null}},{"type":"Feature","geometry":{"type":"Point","coordinates":[-0.2637003,51.4960194]},"properties":{"id":"toiletmap/41c984fd3c5f1f96f74491d5","source":"toiletmap-uk","name":"Acton Green","fee":"yes","charge":"20p","access":null,"wheelchair":"yes","opening_hours":"Mo-Su 09:00-17:00","operator":null,"description":"Open: 10am - 6pm","password":null}},{"type":"Feature","geometry":{"type":"Point","coordinates":[0.181574821,51.555248054]},"properties":{"id":"toiletmap/42135ed65c0d9e0d5e4dfe92","source":"toiletmap-uk","name":"Eastbrookend Cemetery","fee":"yes","charge":"No charge","access":null,"wheelchair":"yes","opening_hours":null,"operator":null,"description":"Summer (April - September) 09.00 - 17.00 / Winter (October - March) 09.00 - 16.00","password":null}},{"type":"Feature","geometry":{"type":"Point","coordinates":[-0.3066155,51.5015335]},"properties":{"id":"toiletmap/4214888a9aa2f8fb2b8896e7","source":"toiletmap-uk","name":"Maytrees Rest Garden","fee":"yes","charge":"20p","access":null,"wheelchair":"no","opening_hours":null,"operator":null,"description":null,"password":null}},{"type":"Feature","geometry":{"type":"Point","coordinates":[-0.2943771,51.4731961]},"properties":{"id":"toiletmap/4249aecdf910fc90c5f22c5c","source":"toiletmap-uk","name":"Kew Gardens","fee":"no","charge":null,"access":null,"wheelchair":"no","opening_hours":null,"operator":null,"description":null,"password":null}},{"type":"Feature","geometry":{"type":"Point","coordinates":[-0.1491132,51.5288068]},"properties":{"id":"toiletmap/42549f2c14b896e969fe4542","source":"toiletmap-uk","name":"Chester Road","fee":"yes","charge":"£0.20","access":null,"wheelchair":"no","opening_hours":"Mo-Su 09:00-18:00","operator":null,"description":"Open:\r\n08.00 - 16.00 January, November  & December. \r\n08.00 - 17.00 February & October.\r\n08.00 - 18.00 March.\r\n08.00 - 19.00 September.\r\n08.00 - 20.00 April & August.\r\n08.00 - 21.00 May, June & July.","password":null}},{"type":"Feature","geometry":{"type":"Point","coordinates":[-0.298339427,51.41243199]},"properties":{"id":"toiletmap/427968188245b1fbb2bf0e97","source":"toiletmap-uk","name":"Cromwell Road Bus Station","fee":"no","charge":null,"access":null,"wheelchair":"yes","opening_hours":null,"operator":null,"description":null,"password":null}},{"type":"Feature","geometry":{"type":"Point","coordinates":[0.121643543,51.435624508]},"properties":{"id":"toiletmap/427f8a6745266dd9a02081a1","source":"toiletmap-uk","name":"Sidcup Cemetery","fee":"no","charge":null,"access":null,"wheelchair":"yes","opening_hours":"Mo-Su 09:00-16:00","operator":null,"description":"The times given are for Winter months.\nThe times for Summer months are Monday to Sunday 9am - 6pm.\nThe Disabled toilet is also a unisex/gender neutral toilet.","password":null}},{"type":"Feature","geometry":{"type":"Point","coordinates":[-0.053400099,51.514418271]},"properties":{"id":"toiletmap/4289f250fd161294703e1245","source":"toiletmap-uk","name":"Get Stuffed","fee":"no","charge":null,"access":null,"wheelchair":"no","opening_hours":"Mo-Su 12:00-23:30","operator":null,"description":"A Tower Hamlets Community Toilet Scheme Venue. The toilet is located on the ground floor.","password":null}},{"type":"Feature","geometry":{"type":"Point","coordinates":[0.063085556,51.510146398]},"properties":{"id":"toiletmap/42ba7d8a1a8ada83e29015ac","source":"toiletmap-uk","name":"Beckton Community Centre","fee":"no","charge":null,"access":null,"wheelchair":"yes","opening_hours":"Mo-Fr 09:00-17:00","operator":null,"description":"Mon-Fri 9am-5pm. Part of Newham Community Toilet Scheme.","password":null}},{"type":"Feature","geometry":{"type":"Point","coordinates":[-0.129561424,51.595057028]},"properties":{"id":"toiletmap/42bee6b91a0dd2998bf73d20","source":"toiletmap-uk","name":"Alexandra Palace (East Court)","fee":"no","charge":null,"access":null,"wheelchair":"yes","opening_hours":null,"operator":null,"description":"Accessible toilet with baby-changing.\n4 x gender-neutral toilets. \nInside main building next to visitor services.","password":null}},{"type":"Feature","geometry":{"type":"Point","coordinates":[-0.014942586,51.576102731]},"properties":{"id":"toiletmap/42f8c0185c20c6d24e36b68c","source":"toiletmap-uk","name":"Hornbeam Cafe - Community Toilet Scheme","fee":"no","charge":null,"access":null,"wheelchair":"no","opening_hours":"Mo-Su 09:00-17:00","operator":null,"description":"Closed Mondays. Tues, Wed-Sun: 10am-5pm. Thurs: 11.30am-5pm. Part of Waltham Forest Community Toilet Scheme","password":null}},{"type":"Feature","geometry":{"type":"Point","coordinates":[-0.335791111,51.312058882]},"properties":{"id":"toiletmap/4300e825fe71cb710ee4cc19","source":"toiletmap-uk","name":"Tesco Superstore - Leatherhead","fee":"yes","charge":null,"access":null,"wheelchair":"yes","opening_hours":"Mo-Su 09:00-17:00","operator":null,"description":"Open: Mon-Sat 06:00-Midnight; Sunday 10am-4pm.   No Cafe.  KT22 0EF","password":null}},{"type":"Feature","geometry":{"type":"Point","coordinates":[-0.316902995,51.682263286]},"properties":{"id":"toiletmap/43119c8c4a6c8435eb0a98c7","source":"toiletmap-uk","name":"The Radlett Centre","fee":"no","charge":null,"access":null,"wheelchair":"yes","opening_hours":"Mo-Fr 09:00-17:00","operator":null,"description":"Participant in Hertsmere Borough Council's Community Toilet Scheme. ","password":null}},{"type":"Feature","geometry":{"type":"Point","coordinates":[-0.389336167,51.31810024]},"properties":{"id":"toiletmap/43347351aeed94eb48cda266","source":"toiletmap-uk","name":"Cobham & Stoke d'Abernon Station","fee":"no","charge":null,"access":null,"wheelchair":"no","opening_hours":null,"operator":null,"description":null,"password":null}},{"type":"Feature","geometry":{"type":"Point","coordinates":[-0.194245577,51.696177369]},"properties":{"id":"toiletmap/435c5eb4425b1f4197fdc415","source":"toiletmap-uk","name":"The Wyllyotts Centre","fee":"no","charge":null,"access":null,"wheelchair":"yes","opening_hours":"Mo-Su 09:00-17:00","operator":null,"description":"Participant in Hertsmere Borough Council's Community Toilet Scheme","password":null}},{"type":"Feature","geometry":{"type":"Point","coordinates":[-0.123682022,51.38037263]},"properties":{"id":"toiletmap/4384e5900cd7e52452f87724","source":"toiletmap-uk","name":"Ikea - Croydon","fee":"no","charge":null,"access":null,"wheelchair":"no","opening_hours":"Mo-Su 09:00-17:00","operator":null,"description":"+ Cafe on top floor with meatballs.","password":null}},{"type":"Feature","geometry":{"type":"Point","coordinates":[-0.124792457,51.494981235]},"properties":{"id":"toiletmap/43933df0620342b976c6112a","source":"toiletmap-uk","name":"Victoria Tower Gardens","fee":"yes","charge":"20p","access":null,"wheelchair":"no","opening_hours":null,"operator":null,"description":"No change machine, toilets only take card\nDisabled loo out of order as of July 2025","password":null}},{"type":"Feature","geometry":{"type":"Point","coordinates":[0.067843795,51.455845412]},"properties":{"id":"toiletmap/43dfd7bf24263dfef5b32c7e","source":"toiletmap-uk","name":"Eltham Park South","fee":"no","charge":null,"access":null,"wheelchair":"no","opening_hours":null,"operator":null,"description":null,"password":null}},{"type":"Feature","geometry":{"type":"Point","coordinates":[-0.131962001,51.514959647]},"properties":{"id":"toiletmap/43e02ac24fdb3337e2eebbe0","source":"toiletmap-uk","name":"Soho Square Temporary Urinals","fee":"no","charge":null,"access":null,"wheelchair":null,"opening_hours":null,"operator":null,"description":"2*4 bay urinals Temporary Toilets Open Thursday 8pm-Monday 6am ","password":null}},{"type":"Feature","geometry":{"type":"Point","coordinates":[-0.247063637,51.345962105]},"properties":{"id":"toiletmap/43e73fb29795a6ab0862665a","source":"toiletmap-uk","name":"Homebase - Ewell","fee":"yes","charge":null,"access":null,"wheelchair":"no","opening_hours":null,"operator":null,"description":null,"password":null}},{"type":"Feature","geometry":{"type":"Point","coordinates":[-0.476918221,51.515579784]},"properties":{"id":"toiletmap/443b43a48788bb9737e3d6fc","source":"toiletmap-uk","name":"Tesco superstore","fee":"no","charge":null,"access":null,"wheelchair":"yes","opening_hours":"Mo-Su 09:00-17:00","operator":null,"description":null,"password":null}},{"type":"Feature","geometry":{"type":"Point","coordinates":[-0.352141857,51.623102356]},"properties":{"id":"toiletmap/445eb3426fc9189b43847918","source":"toiletmap-uk","name":"Grims Dyke Hotel","fee":"yes","charge":null,"access":null,"wheelchair":"no","opening_hours":null,"operator":null,"description":"ha3 6se","password":null}},{"type":"Feature","geometry":{"type":"Point","coordinates":[-0.059922399,51.588316392]},"properties":{"id":"toiletmap/4468c8529e2376da9c205a02","source":"toiletmap-uk","name":"Tottenham Hale Railway Station","fee":"no","charge":null,"access":null,"wheelchair":"yes","opening_hours":"Mo-Su 06:00-00:00","operator":null,"description":"Northbound platform (4)","password":null}},{"type":"Feature","geometry":{"type":"Point","coordinates":[0.031650066,51.399962026]},"properties":{"id":"toiletmap/446e618ac57a6a7217d8cde5","source":"toiletmap-uk","name":"Tesco Superstore - Bromley","fee":"yes","charge":null,"access":null,"wheelchair":"yes","opening_hours":null,"operator":null,"description":"Opening: Mon-Sat 7am-11pm, Sun 10am-4pm.  Free parking, Checked Dec 2016. BR1 2UE","password":null}},{"type":"Feature","geometry":{"type":"Point","coordinates":[-0.0212103,51.5935619]},"properties":{"id":"toiletmap/44cc81252070036a32c9f381","source":"toiletmap-uk","name":"Lloyd Park","fee":"no","charge":null,"access":null,"wheelchair":"yes","opening_hours":null,"operator":null,"description":null,"password":null}},{"type":"Feature","geometry":{"type":"Point","coordinates":[-0.338443816,51.42614803]},"properties":{"id":"toiletmap/44e4ebf1c67cadda2100b583","source":"toiletmap-uk","name":"Bonvivan","fee":"no","charge":null,"access":null,"wheelchair":"no","opening_hours":"Mo-Fr 08:30-15:30; Sa-Su 09:00-15:30","operator":null,"description":"Part of Richmond Council's Community Toilet Scheme.","password":null}},{"type":"Feature","geometry":{"type":"Point","coordinates":[-0.340434015,51.444509318]},"properties":{"id":"toiletmap/452d60e744dccb02bb8bffab","source":"toiletmap-uk","name":"Twickenham Green - Cafe ","fee":"no","charge":null,"access":null,"wheelchair":"yes","opening_hours":null,"operator":null,"description":"This toilet is only available for members of the public in need of an accessible toilet (per cafe lease)","password":null}},{"type":"Feature","geometry":{"type":"Point","coordinates":[-0.38760066,51.651631588]},"properties":{"id":"toiletmap/453d55140cf62a4fbb854cca","source":"toiletmap-uk","name":"Tesco Extra Superstore - Watford","fee":"yes","charge":null,"access":null,"wheelchair":"yes","opening_hours":null,"operator":null,"description":"Has Cafes (Costa & Harris and Hoole) . Opening: Mon-Fri - 24 hour. Close Midnight Sat. Sun: 10am-4pm. WD17 2BD","password":null}},{"type":"Feature","geometry":{"type":"Point","coordinates":[-0.202345848,51.419084725]},"properties":{"id":"toiletmap/45754e14a97ba1f2f1118950","source":"toiletmap-uk","name":"Wetherspoons - The Wibbas Down Inn","fee":"yes","charge":"0","access":null,"wheelchair":"yes","opening_hours":"Mo-Su 09:00-17:00","operator":null,"description":"This is a Wetherspoons pub","password":null}},{"type":"Feature","geometry":{"type":"Point","coordinates":[-0.363849699,51.37038393]},"properties":{"id":"toiletmap/457e1de2549b5d1b9c1a0718","source":"toiletmap-uk","name":"Community Toilet:Esquires Coffee Shop, Esher","fee":"no","charge":null,"access":null,"wheelchair":"yes","opening_hours":null,"operator":null,"description":"https://www.elmbridge.gov.uk/your-streets/cts/\n\nOpening: https://www.esquirescoffee.co.uk/\n\nKT10 9RL","password":null}},{"type":"Feature","geometry":{"type":"Point","coordinates":[-0.204791188,51.421259153]},"properties":{"id":"toiletmap/4588733d059cb56021d0cc6c","source":"toiletmap-uk","name":"Wimbledon Quarter","fee":"no","charge":null,"access":null,"wheelchair":"yes","opening_hours":null,"operator":null,"description":"There are now toilets on both the lower and upper floors, both well signposted.\n","password":null}},{"type":"Feature","geometry":{"type":"Point","coordinates":[0.025754571,51.430047809]},"properties":{"id":"toiletmap/4589e27e99670e176da161b7","source":"toiletmap-uk","name":"Chinbrook Meadows Park Toilet","fee":"no","charge":null,"access":null,"wheelchair":"no","opening_hours":"Mo-Su 09:00-18:00","operator":null,"description":"Mon-Sun: 10am-3.30pm\nPart of Lewisham Community Toilet Scheme","password":null}},{"type":"Feature","geometry":{"type":"Point","coordinates":[-0.284577012,51.49085807]},"properties":{"id":"toiletmap/45a9ee669b3833cffb046ce2","source":"toiletmap-uk","name":"Brentford Fountain Leisure Centre","fee":"no","charge":null,"access":null,"wheelchair":"yes","opening_hours":null,"operator":null,"description":"Info provided by Hounslow Borough Council","password":null}},{"type":"Feature","geometry":{"type":"Point","coordinates":[0.018909574,51.484174043]},"properties":{"id":"toiletmap/45dafd7a50dc7301b32c53e4","source":"toiletmap-uk","name":"Westcombe Park Station","fee":"no","charge":null,"access":null,"wheelchair":"no","opening_hours":null,"operator":null,"description":null,"password":null}},{"type":"Feature","geometry":{"type":"Point","coordinates":[-0.018093022,51.46499448]},"properties":{"id":"toiletmap/45db41bbd27d678462caa21f","source":"toiletmap-uk","name":"Tesco Express Lewisham Loampit Vale","fee":"yes","charge":null,"access":null,"wheelchair":"no","opening_hours":"Mo-Su 00:00-00:00","operator":null,"description":"Part of Mayor of London's 'Open London' Community Toilet Scheme","password":null}},{"type":"Feature","geometry":{"type":"Point","coordinates":[-0.0200839,51.5446098]},"properties":{"id":"toiletmap/4613a7427bd3760cad4f648f","source":"toiletmap-uk","name":null,"fee":"no","charge":null,"access":null,"wheelchair":"no","opening_hours":null,"operator":null,"description":null,"password":null}},{"type":"Feature","geometry":{"type":"Point","coordinates":[-0.077880621,51.420820931]},"properties":{"id":"toiletmap/464c3a8c7928aa43a3f11094","source":"toiletmap-uk","name":"Crystal Palace Bus Station","fee":"no","charge":null,"access":null,"wheelchair":"no","opening_hours":null,"operator":null,"description":"Check signs for exact location","password":null}},{"type":"Feature","geometry":{"type":"Point","coordinates":[-0.039733415,51.531066404]},"properties":{"id":"toiletmap/46540841caefd610b39130ba","source":"toiletmap-uk","name":"Bard Books","fee":"no","charge":null,"access":null,"wheelchair":"no","opening_hours":"Tu-Fr 09:00-20:00; Sa-Su 10:00-17:00","operator":null,"description":"A Tower Hamlets Community Toilet Scheme Venue. The toilets are located on the ground floor.","password":null}},{"type":"Feature","geometry":{"type":"Point","coordinates":[0.058836937,51.365959765]},"properties":{"id":"toiletmap/467aa5d17c059f121458e16b","source":"toiletmap-uk","name":"Princess Royal Hospital - Locksbottom","fee":"yes","charge":null,"access":null,"wheelchair":"yes","opening_hours":null,"operator":null,"description":".","password":null}},{"type":"Feature","geometry":{"type":"Point","coordinates":[-0.1426838,51.5683676]},"properties":{"id":"toiletmap/46841553cae0b58acf18da07","source":"toiletmap-uk","name":null,"fee":"no","charge":null,"access":null,"wheelchair":"no","opening_hours":null,"operator":null,"description":null,"password":null}},{"type":"Feature","geometry":{"type":"Point","coordinates":[0.065622926,51.576276091]},"properties":{"id":"toiletmap/4689f7db87d84eb7d38055ef","source":"toiletmap-uk","name":"Gants Hill","fee":"no","charge":null,"access":null,"wheelchair":"no","opening_hours":null,"operator":null,"description":null,"password":null}},{"type":"Feature","geometry":{"type":"Point","coordinates":[-0.4536737,51.3171325]},"properties":{"id":"toiletmap/469a00996dee9f7bc4e8deb4","source":"toiletmap-uk","name":"Ockham Bites","fee":"no","charge":null,"access":null,"wheelchair":null,"opening_hours":"Mo 08:00-15:00; Tu-Su 08:00-16:00","operator":null,"description":null,"password":null}},{"type":"Feature","geometry":{"type":"Point","coordinates":[-0.359827994,51.469515898]},"properties":{"id":"toiletmap/46a1357f6e26ac319cc12f1c","source":"toiletmap-uk","name":"Subway","fee":"no","charge":null,"access":null,"wheelchair":"no","opening_hours":null,"operator":null,"description":"Part of Hounslow Community Toilet Scheme","password":null}},{"type":"Feature","geometry":{"type":"Point","coordinates":[-0.157227671,51.504500786]},"properties":{"id":"toiletmap/46c895d50a739a5301db1c12","source":"toiletmap-uk","name":"Bandstand Toilets","fee":"yes","charge":"20p (credit/debit card)","access":null,"wheelchair":"yes","opening_hours":null,"operator":null,"description":"Open:\n07.30 - 16.00 November, December & January.\n07.30 - 17.00 February.\n07.30 - 18.00 March, October.\n07.30 - 20.00 April, September.\n07.30 - 21.00 May, June, July & August.\n\nHyde Park offers several accessible, step-free toilets, including Changing Places facilities. Accessible toilets are located near major areas like the Serpentine Lido Cafe, Boathouse, and, during events like BST Hyde Park or Winter Wonderland, at designated, RADAR-key-operated locations \n\nHyde Park offers several accessible, step-free toilets, including Changing Places facilities. Accessible toilets are located near major areas like the Serpentine Lido Cafe, Boathouse, and, during events like BST Hyde Park or Winter Wonderland, at designated, RADAR-key-operated locations ","password":null}},{"type":"Feature","geometry":{"type":"Point","coordinates":[0.021001697,51.43266819]},"properties":{"id":"toiletmap/46f68c6726f59a6881081d2f","source":"toiletmap-uk","name":"Tesco Express","fee":"no","charge":null,"access":null,"wheelchair":"no","opening_hours":"Mo-Su 09:00-17:00","operator":null,"description":"Mon-Sat: 6am-12am | Sun: 6am-11pm\nPart of Lewisham Community Toilet Scheme","password":null}},{"type":"Feature","geometry":{"type":"Point","coordinates":[-0.193687677,51.491668037]},"properties":{"id":"toiletmap/471d30cb523dfa28d125ed0b","source":"toiletmap-uk","name":"Earls Court Station","fee":"no","charge":null,"access":null,"wheelchair":"no","opening_hours":null,"operator":null,"description":"Station hours only - 19.08.17 toilet closed during the day","password":null}},{"type":"Feature","geometry":{"type":"Point","coordinates":[-0.077030361,51.483713095]},"properties":{"id":"toiletmap/47313f7199088daef79c5d30","source":"toiletmap-uk","name":"Burgess Park Sports Centre","fee":"no","charge":null,"access":null,"wheelchair":"yes","opening_hours":"Mo-Fr 09:30-22:00; Sa-Su 09:00-20:00","operator":null,"description":"3 Standard, 2 Accessible and 1 baby-changing. Part of Southwark Council Toilet Network. Managed by Outdoor Recreation Dept. ","password":null}},{"type":"Feature","geometry":{"type":"Point","coordinates":[0.1125966,51.3929891]},"properties":{"id":"toiletmap/477b8d24f7d18a9cbc6084fc","source":"toiletmap-uk","name":"Shopping Centre - St Mary Cray","fee":"no","charge":null,"access":null,"wheelchair":"no","opening_hours":null,"operator":null,"description":null,"password":null}},{"type":"Feature","geometry":{"type":"Point","coordinates":[-0.282694101,51.667822571]},"properties":{"id":"toiletmap/47931cc3659d98b3ff90623d","source":"toiletmap-uk","name":"Communities 1st Community Hub ","fee":"no","charge":null,"access":null,"wheelchair":"yes","opening_hours":"Mo-Tu 09:00-17:00; We-Fr 09:00-15:00","operator":null,"description":"Participant in Hertsmere Borough Council's Community Toilet Scheme. \n","password":null}},{"type":"Feature","geometry":{"type":"Point","coordinates":[-0.126433969,51.533828211]},"properties":{"id":"toiletmap/479c0eb1a2905a31029dea66","source":"toiletmap-uk","name":"Pancras Square Library","fee":"no","charge":null,"access":null,"wheelchair":"yes","opening_hours":"Mo-Sa 08:00-20:00; Su 11:00-17:00","operator":null,"description":null,"password":null}},{"type":"Feature","geometry":{"type":"Point","coordinates":[-0.1193787,51.3693889]},"properties":{"id":"toiletmap/47ecee85073025168be262de","source":"toiletmap-uk","name":"Waddon Ponds - Croydon","fee":"no","charge":null,"access":null,"wheelchair":"no","opening_hours":null,"operator":null,"description":null,"password":null}},{"type":"Feature","geometry":{"type":"Point","coordinates":[-0.201804042,51.492843715]},"properties":{"id":"toiletmap/47fc77a82534815aa89b9b12","source":"toiletmap-uk","name":"Tesco Kensington","fee":"yes","charge":null,"access":null,"wheelchair":"yes","opening_hours":"Mo-Su 00:00-00:00","operator":null,"description":"Closes SAT midnight. SUN 1100-1700. Opens Mon 0600. Part of Mayor of London's 'Open London' Community Toilet Scheme","password":null}},{"type":"Feature","geometry":{"type":"Point","coordinates":[0.2697175,51.438123]},"properties":{"id":"toiletmap/48474988793b1a87b70fc34c","source":"toiletmap-uk","name":null,"fee":"no","charge":null,"access":null,"wheelchair":"no","opening_hours":null,"operator":null,"description":null,"password":null}},{"type":"Feature","geometry":{"type":"Point","coordinates":[-0.070432101,51.525566773]},"properties":{"id":"toiletmap/485d24dd50068cbc96d8c64b","source":"toiletmap-uk","name":"Coffee Matters","fee":"no","charge":null,"access":null,"wheelchair":"no","opening_hours":"Mo-Fr 07:00-18:00; Sa 07:30-18:00; Su 08:00-18:00","operator":null,"description":"A Tower Hamlets Community Toilet Scheme venue. The toile it located on the ground floor, but has a slight slope.","password":null}},{"type":"Feature","geometry":{"type":"Point","coordinates":[-0.116944313,51.337275052]},"properties":{"id":"toiletmap/4874b4ec798e873ff03d1a45","source":"toiletmap-uk","name":"Tesco Extra, Purley","fee":"no","charge":null,"access":null,"wheelchair":"yes","opening_hours":null,"operator":null,"description":"Enter the store, turn left, walk behind the tills and the toilets are at the far end ","password":null}},{"type":"Feature","geometry":{"type":"Point","coordinates":[-0.135896802,51.56448945]},"properties":{"id":"toiletmap/48c33d4519209b55620c77bc","source":"toiletmap-uk","name":"Islington council office","fee":"yes","charge":null,"access":null,"wheelchair":"yes","opening_hours":"Mo-Fr 09:00-17:00","operator":null,"description":"Tell reception you would like to use the toilet on entering.","password":null}},{"type":"Feature","geometry":{"type":"Point","coordinates":[-0.0419425,51.4769573]},"properties":{"id":"toiletmap/48c504068b2abf70d3eb48ad","source":"toiletmap-uk","name":"Sainsbury's New Cross Gate","fee":"no","charge":null,"access":null,"wheelchair":"yes","opening_hours":"Mo-Su 09:00-17:00","operator":null,"description":"Mon-Sat: 8am-10pm | Sun: 11am-5pm","password":null}},{"type":"Feature","geometry":{"type":"Point","coordinates":[-0.406193733,51.517449186]},"properties":{"id":"toiletmap/48d2932428ffda8a8b0a1bce","source":"toiletmap-uk","name":"Mcdonalds","fee":"no","charge":null,"access":null,"wheelchair":"yes","opening_hours":"Mo-Su 09:00-17:00","operator":null,"description":null,"password":null}},{"type":"Feature","geometry":{"type":"Point","coordinates":[-0.142018201,51.611235084]},"properties":{"id":"toiletmap/48dbe7d1e838a2705ed6f4a9","source":"toiletmap-uk","name":"Dunelm","fee":"no","charge":null,"access":null,"wheelchair":"yes","opening_hours":null,"operator":null,"description":null,"password":null}},{"type":"Feature","geometry":{"type":"Point","coordinates":[-0.015594363,51.589989426]},"properties":{"id":"toiletmap/48e4512588e381f61dedfdbf","source":"toiletmap-uk","name":"Cafe Amore","fee":"yes","charge":null,"access":null,"wheelchair":"no","opening_hours":"Mo-Su 09:00-17:00","operator":null,"description":"Mon-Fri: 6am-5pm; Sat: 7am-5pm; Sun: 8am-5pm. Part of Waltham Forest Community Toilet Scheme.","password":null}},{"type":"Feature","geometry":{"type":"Point","coordinates":[-0.120114684,51.494959527]},"properties":{"id":"toiletmap/48edc256a84af9d383e72784","source":"toiletmap-uk","name":"Garden Museum","fee":"no","charge":null,"access":null,"wheelchair":"no","opening_hours":"Mo-Su 09:00-17:00","operator":null,"description":"Sun - Fri: 10:30 - 17:00 \r\nSat:10:30 - 16:00","password":null}},{"type":"Feature","geometry":{"type":"Point","coordinates":[-0.1156316,51.5210789]},"properties":{"id":"toiletmap/48fa34333a7473ac7a4b94a0","source":"toiletmap-uk","name":"Holborn Library","fee":"no","charge":null,"access":null,"wheelchair":"yes","opening_hours":"Mo-Th 10:00-18:30; Fr 10:00-16:30; Sa 11:00-16:30","operator":null,"description":"Toilets are in the basement; women's toilet needs key from staff desk. Please note toilets are locked 30 minutes before library closes i.e. 6.30pm Mon-Thur and 4.30pm Fri-Sat.","password":null}},{"type":"Feature","geometry":{"type":"Point","coordinates":[-0.009843707,51.526608149]},"properties":{"id":"toiletmap/48fa6093cb7c0a2425946b9b","source":"toiletmap-uk","name":"Tesco Bow-by-Bromley","fee":"no","charge":null,"access":null,"wheelchair":"yes","opening_hours":"Mo-Sa 06:00-00:00; Su 12:00-18:00","operator":null,"description":null,"password":null}},{"type":"Feature","geometry":{"type":"Point","coordinates":[-0.282372236,51.381206321]},"properties":{"id":"toiletmap/4921897fbeb433d3ee629e52","source":"toiletmap-uk","name":"Tolworth Library","fee":"no","charge":null,"access":null,"wheelchair":null,"opening_hours":"Tu-Fr 10:00-18:00; Sa 10:00-17:00","operator":null,"description":null,"password":null}},{"type":"Feature","geometry":{"type":"Point","coordinates":[-0.098064272,51.493592107]},"properties":{"id":"toiletmap/49488f6ae5f40eb1cbe928cf","source":"toiletmap-uk","name":"Castle Square ","fee":"no","charge":null,"access":null,"wheelchair":"yes","opening_hours":"Mo-Su 09:00-18:00","operator":null,"description":null,"password":null}},{"type":"Feature","geometry":{"type":"Point","coordinates":[-0.056447089,51.530588048]},"properties":{"id":"toiletmap/4994534434f1d9817885c02d","source":"toiletmap-uk","name":"The People's Letters Bookshop","fee":"no","charge":null,"access":null,"wheelchair":"yes","opening_hours":"Mo-Su 11:00-19:00","operator":null,"description":"395 Cambridge Heath Road, London, E2 9RA. Opening hours 11am - 7pm every day of the week including bank holidays, Christmas Day etc. Wheelchair accessible toilet. Sharps bin and harm reduction supplies. Free water, tea, coffee, phone charging point.","password":null}},{"type":"Feature","geometry":{"type":"Point","coordinates":[-0.311450064,51.412933081]},"properties":{"id":"toiletmap/49b281bc5d58c4ce2cf50032","source":"toiletmap-uk","name":"The Foresters Arms ","fee":"no","charge":null,"access":null,"wheelchair":"no","opening_hours":"Mo 16:00-23:00; Tu-We 12:00-23:00; Th-Sa 12:00-00:00; Su 12:00-22:30","operator":null,"description":"Part of the Community Toilet Scheme ","password":null}},{"type":"Feature","geometry":{"type":"Point","coordinates":[-0.07687211,51.304045755]},"properties":{"id":"toiletmap/49be8527b5bf1a52d99b1090","source":"toiletmap-uk","name":"Shell Filling Station - Whyteleafe","fee":"yes","charge":null,"access":null,"wheelchair":"yes","opening_hours":"Mo-Su 00:00-00:00","operator":null,"description":"Shop, ATM, Coffee Machine, Snacks.  4 stools to sit on.  5.1 m single row pumps.  Only a few car parking spaces though. CR3 0BB","password":null}},{"type":"Feature","geometry":{"type":"Point","coordinates":[-0.137082011,51.471616477]},"properties":{"id":"toiletmap/49c8eaea18f0cdab7499d6c5","source":"toiletmap-uk","name":"McDonald's","fee":"no","charge":null,"access":null,"wheelchair":"yes","opening_hours":null,"operator":null,"description":null,"password":null}},{"type":"Feature","geometry":{"type":"Point","coordinates":[-0.170288086,51.335572071]},"properties":{"id":"toiletmap/49cf4b68b2157486cf1a814e","source":"toiletmap-uk","name":"Oaks Park Country Park - Woodmansterne","fee":"yes","charge":null,"access":null,"wheelchair":"no","opening_hours":null,"operator":null,"description":"Cafe and Parking at Country Park","password":null}},{"type":"Feature","geometry":{"type":"Point","coordinates":[-0.099821091,51.377236945]},"properties":{"id":"toiletmap/49e41bd0f8029c6961a00362","source":"toiletmap-uk","name":"Whitgift Centre 1st floor by Whitgift car park","fee":"yes","charge":null,"access":null,"wheelchair":"no","opening_hours":"Mo-Su 09:00-17:00","operator":null,"description":"Above Wellesley passage/Sainsbury's","password":null}},{"type":"Feature","geometry":{"type":"Point","coordinates":[0.2544989,51.5198416]},"properties":{"id":"toiletmap/4a180e6e4b14795b059eaad6","source":"toiletmap-uk","name":"Belhus Woods Country Park","fee":"no","charge":null,"access":null,"wheelchair":null,"opening_hours":null,"operator":null,"description":"https://www.explore-essex.com/places-to-go/find-whats-near-me/belhus-woods-country-park\n","password":null}},{"type":"Feature","geometry":{"type":"Point","coordinates":[-0.362652898,51.468944113]},"properties":{"id":"toiletmap/4a1ae05684759e501294deee","source":"toiletmap-uk","name":"Starbucks Coffee Houslow","fee":"no","charge":null,"access":null,"wheelchair":"no","opening_hours":null,"operator":null,"description":"Part of Hounslow Community Toilet Scheme","password":null}},{"type":"Feature","geometry":{"type":"Point","coordinates":[-0.019464791,51.504017447]},"properties":{"id":"toiletmap/4a2c6ae575a46ea36b68c8d1","source":"toiletmap-uk","name":"The Alchemist","fee":"no","charge":null,"access":null,"wheelchair":"yes","opening_hours":"Mo-We 09:00-00:00; Th-Fr 09:00-01:00; Sa 10:00-01:00; Su 10:00-23:00","operator":null,"description":"A Tower Hamlets Community Toilet Scheme Venue. Toilets are located on the ground floor and first floor.","password":null}},{"type":"Feature","geometry":{"type":"Point","coordinates":[0.25643752,51.67163104]},"properties":{"id":"toiletmap/4a3a81b2a221a64f8d481f06","source":"toiletmap-uk","name":null,"fee":"no","charge":null,"access":null,"wheelchair":"no","opening_hours":null,"operator":null,"description":null,"password":null}},{"type":"Feature","geometry":{"type":"Point","coordinates":[-0.075501502,51.524358418]},"properties":{"id":"toiletmap/4a3b4b973dd0ac6b35ebe432","source":"toiletmap-uk","name":"Owl and Pussycat","fee":"no","charge":null,"access":null,"wheelchair":"yes","opening_hours":"Mo 11:00-23:00; Tu-Sa 11:00-00:00; Su 11:00-23:00","operator":null,"description":"A Tower Hamlets Community Toilet Scheme Venue. There is a button at the front door to the pub that disabled users can press for assistance with a ramp over the slight kerb. Child friendly until around 7pm at night due to licensing.","password":null}},{"type":"Feature","geometry":{"type":"Point","coordinates":[-0.405057591,51.516833581]},"properties":{"id":"toiletmap/4a4f87f84866e129032797e2","source":"toiletmap-uk","name":"Next","fee":"no","charge":null,"access":null,"wheelchair":"yes","opening_hours":"Mo-Su 09:00-17:00","operator":null,"description":null,"password":null}},{"type":"Feature","geometry":{"type":"Point","coordinates":[-0.217745,51.472008]},"properties":{"id":"toiletmap/4a5b460f524feda35ed708d9","source":"toiletmap-uk","name":"Bishop's Park","fee":"no","charge":null,"access":null,"wheelchair":"no","opening_hours":null,"operator":null,"description":"Inconsistent provision of loo roll.","password":null}},{"type":"Feature","geometry":{"type":"Point","coordinates":[-0.257217407,51.492257198]},"properties":{"id":"toiletmap/4a926b66fa3158b78549c44d","source":"toiletmap-uk","name":"Nando's","fee":"no","charge":null,"access":null,"wheelchair":"no","opening_hours":null,"operator":null,"description":"Part of Hounslow Community Toilet Scheme","password":null}},{"type":"Feature","geometry":{"type":"Point","coordinates":[-0.099109021,51.519490981]},"properties":{"id":"toiletmap/4ab2476a4a549c37950a186c","source":"toiletmap-uk","name":"The Old Red Cow","fee":"no","charge":null,"access":null,"wheelchair":"no","opening_hours":null,"operator":null,"description":"MONDAY - WEDNESDAY 07.30 - 23.00, THURSDAY - FRIDAY 07.30 - 00.00; \r\nSATURDAY: 07.30 - 00.00;\r\n SUNDAY: 07.30 - 23.00. Part of City of London Community Toilet Scheme.","password":null}},{"type":"Feature","geometry":{"type":"Point","coordinates":[-0.324815512,51.495632505]},"properties":{"id":"toiletmap/4abf9b71cf7e387b37c16913","source":"toiletmap-uk","name":"Boston Manor Station Toilets","fee":"no","charge":null,"access":null,"wheelchair":"no","opening_hours":"Mo-Su 05:00-19:00","operator":null,"description":null,"password":null}},{"type":"Feature","geometry":{"type":"Point","coordinates":[-0.367282391,51.470827469]},"properties":{"id":"toiletmap/4af2a9c3e57333b15105a924","source":"toiletmap-uk","name":"Caffe Venezia","fee":"no","charge":null,"access":null,"wheelchair":"no","opening_hours":null,"operator":null,"description":"Part of Hounslow Community Toilet Scheme","password":null}},{"type":"Feature","geometry":{"type":"Point","coordinates":[-0.208571255,51.443536067]},"properties":{"id":"toiletmap/4afebf8de0bf600195fdb2c2","source":"toiletmap-uk","name":"Southfields Library","fee":"no","charge":null,"access":null,"wheelchair":"no","opening_hours":null,"operator":null,"description":"Part of council Community Toilet Scheme","password":null}},{"type":"Feature","geometry":{"type":"Point","coordinates":[-0.007317066,51.558476586]},"properties":{"id":"toiletmap/4b05a8684693dd1b2c76d370","source":"toiletmap-uk","name":"Leyton Library","fee":"yes","charge":null,"access":null,"wheelchair":"yes","opening_hours":null,"operator":null,"description":"Mon-Fri: 9am-7pm; Sat: 9am-6pm; Sun: 12pm-4pm. Part of Waltham Forest Community Toilet Scheme.","password":null}},{"type":"Feature","geometry":{"type":"Point","coordinates":[-0.304870605,51.506042969]},"properties":{"id":"toiletmap/4b2999b6bc79b960bf339ec7","source":"toiletmap-uk","name":"The Walpole","fee":"no","charge":null,"access":null,"wheelchair":"no","opening_hours":null,"operator":null,"description":"Ealing Community Toilet Scheme\nTues - Fri 7am - 2:30pm\nSat 8am - 2pm\nClosed Sunday and Monday","password":null}},{"type":"Feature","geometry":{"type":"Point","coordinates":[-0.226273598,51.409514467]},"properties":{"id":"toiletmap/4b322c203e219d6920fb6ffd","source":"toiletmap-uk","name":"Raynes Park Library","fee":"no","charge":null,"access":null,"wheelchair":"yes","opening_hours":"Mo-Tu 08:00-20:00; Th-Fr 08:00-20:00; Sa 08:00-17:00","operator":null,"description":null,"password":null}},{"type":"Feature","geometry":{"type":"Point","coordinates":[-0.427072048,51.577009529]},"properties":{"id":"toiletmap/4b8c5e8aa0c5c9a814b09c6d","source":"toiletmap-uk","name":"Manor Farm Public Toilets","fee":"no","charge":null,"access":null,"wheelchair":"no","opening_hours":null,"operator":null,"description":null,"password":null}},{"type":"Feature","geometry":{"type":"Point","coordinates":[0.103731751,51.434087849]},"properties":{"id":"toiletmap/4ba6303243b776eed1452eea","source":"toiletmap-uk","name":"Sidcup Railway Station","fee":"no","charge":null,"access":null,"wheelchair":"no","opening_hours":null,"operator":null,"description":".","password":null}},{"type":"Feature","geometry":{"type":"Point","coordinates":[0.055049658,51.641542368]},"properties":{"id":"toiletmap/4bb20bd6da50dade395cfbfb","source":"toiletmap-uk","name":"Loughton Station","fee":"no","charge":null,"access":null,"wheelchair":"no","opening_hours":"Mo-Su 09:00-17:00","operator":null,"description":"Located outside the barriers.","password":null}},{"type":"Feature","geometry":{"type":"Point","coordinates":[-0.192309022,51.416262831]},"properties":{"id":"toiletmap/4bb51e293e0ee219299a4411","source":"toiletmap-uk","name":"Savoy Cafe","fee":"no","charge":null,"access":null,"wheelchair":"no","opening_hours":"Mo-Su 09:00-17:00","operator":null,"description":"Mon - Fri: 06.30 - 16.00; Sat: 07.00 - 16.00; Sun: 09.00 - 15.00. ","password":null}},{"type":"Feature","geometry":{"type":"Point","coordinates":[-0.2763041,51.4313796]},"properties":{"id":"toiletmap/4bcb2a52c06e3c4a92f9f0c7","source":"toiletmap-uk","name":"Isabella Plantation Toilets","fee":"yes","charge":"No Charge","access":null,"wheelchair":"yes","opening_hours":"Mo-Su 09:00-18:00","operator":null,"description":"Open:\r\n07.00 - 19.00 January, February, March, October, November & December.\r\n07.00 - 21.00 April, May, June, July, August & September.","password":null}},{"type":"Feature","geometry":{"type":"Point","coordinates":[-0.320878029,51.471109344]},"properties":{"id":"toiletmap/4be499ccb092d38900c83fc4","source":"toiletmap-uk","name":"The London Apprentice","fee":"no","charge":null,"access":null,"wheelchair":"no","opening_hours":null,"operator":null,"description":"Part of Hounslow Community Toilet Scheme","password":null}},{"type":"Feature","geometry":{"type":"Point","coordinates":[-0.174665451,51.385606663]},"properties":{"id":"toiletmap/4c18db9fd3c1ed86c6298ba3","source":"toiletmap-uk","name":"Library","fee":"no","charge":null,"access":null,"wheelchair":"no","opening_hours":null,"operator":null,"description":"For opening times check Sutton.gov.uk/libraries","password":null}},{"type":"Feature","geometry":{"type":"Point","coordinates":[-0.413854122,51.520193063]},"properties":{"id":"toiletmap/4c405b2fbfa90bf3d470a4a4","source":"toiletmap-uk","name":"Tesco Express Uxbridge Road","fee":"yes","charge":null,"access":null,"wheelchair":"no","opening_hours":"Mo-Su 00:00-00:00","operator":null,"description":"Part of Mayor of London 'Open London' Community Toilet Scheme","password":null}},{"type":"Feature","geometry":{"type":"Point","coordinates":[-0.393631577,51.654808044]},"properties":{"id":"toiletmap/4c5cf563548773b623068dac","source":"toiletmap-uk","name":"Harlequin 2 location","fee":"no","charge":null,"access":null,"wheelchair":null,"opening_hours":null,"operator":null,"description":"other location is the other end by B&M ground floor. it's tucked away down a little corridor exit.","password":null}},{"type":"Feature","geometry":{"type":"Point","coordinates":[0.070854322,51.536373857]},"properties":{"id":"toiletmap/4c7c6d8a37d86105173e84df","source":"toiletmap-uk","name":"Tesco Barking","fee":"yes","charge":null,"access":null,"wheelchair":"yes","opening_hours":"Mo-Su 00:00-00:00","operator":null,"description":"Closes SAT midnight, Open SUN 10.00-16.00. Opens MON 06.00. Part of Mayor of London 'Open London' Community Toilet Scheme","password":null}},{"type":"Feature","geometry":{"type":"Point","coordinates":[-0.0679362,51.6084252]},"properties":{"id":"toiletmap/4cbcb018ea2332030a6aa974","source":"toiletmap-uk","name":null,"fee":"no","charge":null,"access":null,"wheelchair":"no","opening_hours":null,"operator":null,"description":null,"password":null}},{"type":"Feature","geometry":{"type":"Point","coordinates":[0.101124644,51.376023128]},"properties":{"id":"toiletmap/4cc0510b4a379978713eec1d","source":"toiletmap-uk","name":"Walnuts Centre","fee":"no","charge":null,"access":null,"wheelchair":"no","opening_hours":null,"operator":null,"description":"When closed, free facilities available in Walnuts Leisure Centre or Costa Coffee.","password":null}},{"type":"Feature","geometry":{"type":"Point","coordinates":[-0.208493471,51.421389565]},"properties":{"id":"toiletmap/4ccfc87d7f3913cbd4a31e74","source":"toiletmap-uk","name":"Ely's SW19 4DP","fee":"no","charge":null,"access":null,"wheelchair":"yes","opening_hours":"Mo-Fr 09:30-18:30; Sa 09:00-18:30; Su 11:00-17:00","operator":null,"description":"Situated on top floor of department store near cafe. Accessible by elevators or lifts.\nthere is also an infant feeding room here","password":null}},{"type":"Feature","geometry":{"type":"Point","coordinates":[-0.033313036,51.429724839]},"properties":{"id":"toiletmap/4cd7bd47fa4ea77c481c5c0a","source":"toiletmap-uk","name":"Sainsbury's","fee":"no","charge":null,"access":null,"wheelchair":null,"opening_hours":"Mo-Sa 07:00-00:00; Su 11:00-17:00","operator":null,"description":null,"password":null}},{"type":"Feature","geometry":{"type":"Point","coordinates":[-0.014250552,51.504525374]},"properties":{"id":"toiletmap/4ce275d22d2e72cf0e0277e7","source":"toiletmap-uk","name":"Churchill Place (Floor -1)","fee":"no","charge":null,"access":null,"wheelchair":"yes","opening_hours":null,"operator":null,"description":null,"password":null}},{"type":"Feature","geometry":{"type":"Point","coordinates":[-0.055197179,51.527721161]},"properties":{"id":"toiletmap/4d2e0c26210ece04bc4f40e0","source":"toiletmap-uk","name":"The Solo Kitchen and Bar","fee":"no","charge":null,"access":null,"wheelchair":"no","opening_hours":"Mo-Th 08:00-23:30; Fr-Sa 08:00-00:30; Su 08:00-23:30","operator":null,"description":"A Tower Hamlets Community Toilet Scheme Venue. All the toilets are located on the ground floor. The disabled toilet is also the men’s with urinals.","password":null}},{"type":"Feature","geometry":{"type":"Point","coordinates":[-0.131301576,51.510704893]},"properties":{"id":"toiletmap/4d406647d36ddf82b8e01c82","source":"toiletmap-uk","name":"M&M World Toilets (Basement)","fee":"no","charge":null,"access":null,"wheelchair":"no","opening_hours":null,"operator":null,"description":"Basement level. Disabled toilet available on Ground Floor.","password":null}},{"type":"Feature","geometry":{"type":"Point","coordinates":[-0.309259782,51.4268686]},"properties":{"id":"toiletmap/4d6cb07b095812cc426008dc","source":"toiletmap-uk","name":"YMCA Hawker","fee":"no","charge":null,"access":null,"wheelchair":null,"opening_hours":"Mo-Th 07:00-21:00; Fr 07:00-20:00; Sa-Su 08:00-16:00","operator":null,"description":null,"password":null}},{"type":"Feature","geometry":{"type":"Point","coordinates":[-0.231045485,51.424724644]},"properties":{"id":"toiletmap/4dcaccddfc9d8591399c5f33","source":"toiletmap-uk","name":"Cannizaro Park","fee":"yes","charge":null,"access":null,"wheelchair":"no","opening_hours":"Mo-Su 09:00-18:00","operator":null,"description":"Not always open, and hidden in bushes","password":null}},{"type":"Feature","geometry":{"type":"Point","coordinates":[0.1305262,51.5515019]},"properties":{"id":"toiletmap/4e07631083f252b1daecd045","source":"toiletmap-uk","name":"Everyone Everyday","fee":"yes","charge":"£0.00","access":null,"wheelchair":"yes","opening_hours":"Mo-Fr 09:00-17:00","operator":null,"description":"https://www.weareeveryone.org/every-one-every-day","password":null}},{"type":"Feature","geometry":{"type":"Point","coordinates":[-0.1610689,51.5296886]},"properties":{"id":"toiletmap/4e22a61327cfc4a10a527a2f","source":"toiletmap-uk","name":"Boat House","fee":"yes","charge":"20p","access":null,"wheelchair":"yes","opening_hours":null,"operator":null,"description":"Open:\n08.00 - 16.00 January, November  & December. \n08.00 - 17.00 February & October.\n08.00 - 18.00 March.\n08.00 - 19.00 September.\n08.00 - 20.00 April & August.\n08.00 - 21.00 May, June & July.\n\nAccessible toilets are available in Regents Park \n\nMale and Female toilets \n\nAccessible \n\nBaby change facilities \n","password":null}},{"type":"Feature","geometry":{"type":"Point","coordinates":[0.044728518,51.374462698]},"properties":{"id":"toiletmap/4e639a3eaad4cf0afb104166","source":"toiletmap-uk","name":"Shell Filling Station - Locksbottom","fee":"yes","charge":null,"access":null,"wheelchair":"no","opening_hours":null,"operator":null,"description":null,"password":null}},{"type":"Feature","geometry":{"type":"Point","coordinates":[-0.145702958,51.457017557]},"properties":{"id":"toiletmap/4e73ef742c1460100767ff8a","source":"toiletmap-uk","name":"Children's toilet","fee":"yes","charge":null,"access":null,"wheelchair":"yes","opening_hours":"Mo-Su 09:00-17:00","operator":null,"description":null,"password":null}},{"type":"Feature","geometry":{"type":"Point","coordinates":[-0.073414743,51.520946306]},"properties":{"id":"toiletmap/4e7e786e807ef96226c12d6e","source":"toiletmap-uk","name":"The Old Truman Brewery","fee":null,"charge":null,"access":null,"wheelchair":"no","opening_hours":null,"operator":null,"description":"Public toilet near to Old Truman Brewery, Spitalfields Market & Brick Lane","password":null}},{"type":"Feature","geometry":{"type":"Point","coordinates":[-0.192885697,51.419969562]},"properties":{"id":"toiletmap/4e969c56dbbf49bdd90d32f2","source":"toiletmap-uk","name":"Wimbledon Leisure Centre","fee":"no","charge":null,"access":null,"wheelchair":null,"opening_hours":"Mo-Fr 06:00-22:00; Sa-Su 08:00-18:00","operator":null,"description":null,"password":null}},{"type":"Feature","geometry":{"type":"Point","coordinates":[-0.023960173,51.507472052]},"properties":{"id":"toiletmap/4eb6ac1ccfb7104504015a28","source":"toiletmap-uk","name":"Museum of London Docklands","fee":"no","charge":null,"access":null,"wheelchair":"yes","opening_hours":"Mo-Su 10:00-17:00","operator":null,"description":"A Tower Hamlets Community Toilet Scheme Venue. There are toilets located on the ground floor in the main reception (which is free to enter), as well as in the basement, riverside room, Level 1 and Level 3. There is a Changing Places toilet on Level 1 and toilets in a Quiet area located in the basement. The disabled toilets are unisex.","password":null}},{"type":"Feature","geometry":{"type":"Point","coordinates":[0.1951185,51.3581855]},"properties":{"id":"toiletmap/4ed69366142ec55bfb36ea82","source":"toiletmap-uk","name":null,"fee":"no","charge":null,"access":null,"wheelchair":"no","opening_hours":null,"operator":null,"description":null,"password":null}},{"type":"Feature","geometry":{"type":"Point","coordinates":[-0.021259522,51.667495406]},"properties":{"id":"toiletmap/4ee23216d40a20859962e67e","source":"toiletmap-uk","name":"The pavilion Waltham cross","fee":"yes","charge":"Free","access":null,"wheelchair":"yes","opening_hours":"Mo-Fr 09:00-17:00","operator":null,"description":"Baby changing and disabled available","password":null}},{"type":"Feature","geometry":{"type":"Point","coordinates":[-0.296172738,51.487075337]},"properties":{"id":"toiletmap/4ee302ea4839b248f8127cce","source":"toiletmap-uk","name":"Travelodge (London Kew Bridge)","fee":"no","charge":null,"access":null,"wheelchair":"no","opening_hours":null,"operator":null,"description":"Part of Hounslow Community Toilet Scheme","password":null}},{"type":"Feature","geometry":{"type":"Point","coordinates":[0.183250919,51.57483462]},"properties":{"id":"toiletmap/4ef134df9c90406cb2213f01","source":"toiletmap-uk","name":"Romford Train Station","fee":"no","charge":null,"access":null,"wheelchair":"yes","opening_hours":null,"operator":null,"description":"Inside waiting room on platform 4","password":null}},{"type":"Feature","geometry":{"type":"Point","coordinates":[-0.023549795,51.570748253]},"properties":{"id":"toiletmap/4ef600d8ff87c528ad6399b5","source":"toiletmap-uk","name":"Lea Bridge Library","fee":"yes","charge":null,"access":null,"wheelchair":"yes","opening_hours":null,"operator":null,"description":"Mon: CLOSED; Tues-Thurs: 10am-6pm; Fri: CLOSED; Sat: 10am-4pm; Sun: CLOSED. Part of Waltham Forest Community Toilet Scheme.","password":null}},{"type":"Feature","geometry":{"type":"Point","coordinates":[-0.104499936,51.515844716]},"properties":{"id":"toiletmap/4efe617d6b220061e5a6486d","source":"toiletmap-uk","name":"Pret a Manger Farringdon Street","fee":"yes","charge":null,"access":null,"wheelchair":"yes","opening_hours":"Mo-Fr 09:00-17:00","operator":null,"description":"Single toilet within Pret a Manger for customers only","password":null}},{"type":"Feature","geometry":{"type":"Point","coordinates":[-0.355510712,51.528283532]},"properties":{"id":"toiletmap/4f1b17b27ac432680f72c0b9","source":"toiletmap-uk","name":"Blue Star Internet Café","fee":"no","charge":null,"access":null,"wheelchair":"no","opening_hours":"Mo-Fr 09:00-17:00","operator":null,"description":"Participates in Ealing Community Toilet Scheme.\nMon to Fri 09:00 - 23:00","password":null}},{"type":"Feature","geometry":{"type":"Point","coordinates":[-0.267992914,51.471199023]},"properties":{"id":"toiletmap/4f246ed21a8129a4f757cf5c","source":"toiletmap-uk","name":"The Ship","fee":"no","charge":null,"access":null,"wheelchair":"yes","opening_hours":"Mo-Sa 12:00-23:00; Su 12:00-22:00","operator":null,"description":"Part of Richmond Community Toilet Scheme","password":null}},{"type":"Feature","geometry":{"type":"Point","coordinates":[-0.342960656,51.442880724]},"properties":{"id":"toiletmap/4f30c35daac07ec239961c4b","source":"toiletmap-uk","name":"Twickenham Cricket Club","fee":"no","charge":null,"access":null,"wheelchair":"no","opening_hours":"Mo 10:00-16:00; We 10:00-16:00; Fr 10:00-16:00; Sa 11:00-23:00","operator":null,"description":"Part of Richmond Community Toilet Scheme","password":null}},{"type":"Feature","geometry":{"type":"Point","coordinates":[-0.126627088,51.519408638]},"properties":{"id":"toiletmap/4f4a225fa02f8cad33cbbf17","source":"toiletmap-uk","name":"British Museum","fee":"no","charge":null,"access":null,"wheelchair":"no","opening_hours":"Mo-Su 09:00-17:00","operator":null,"description":null,"password":null}},{"type":"Feature","geometry":{"type":"Point","coordinates":[-0.291255713,51.343296543]},"properties":{"id":"toiletmap/4f580212dccabbc1b228225b","source":"toiletmap-uk","name":"Horton Country Park","fee":"yes","charge":null,"access":null,"wheelchair":"yes","opening_hours":null,"operator":null,"description":"Updated from Epsom and Ewell Council Website Map - Dec 2016.  KT19 8PL","password":null}},{"type":"Feature","geometry":{"type":"Point","coordinates":[0.236147046,51.594254877]},"properties":{"id":"toiletmap/4f6664f4815bb98f734b8d1a","source":"toiletmap-uk","name":"Avenue Road.","fee":"yes","charge":"?","access":null,"wheelchair":"no","opening_hours":null,"operator":null,"description":"This toilet was scheduled for closure due to the cost of its upkeep so do not rely on it","password":null}},{"type":"Feature","geometry":{"type":"Point","coordinates":[0.020878315,51.579736482]},"properties":{"id":"toiletmap/4f734af5b4564966e5b15b6f","source":"toiletmap-uk","name":"Snaresbrook Station","fee":"no","charge":null,"access":null,"wheelchair":"yes","opening_hours":null,"operator":null,"description":"Located inside the station, after passing through the barriers.\n\nPlat 1 - Men and Women's toilets\nPlat 2 - (RADAR Key Access) Men and Women's toilets.\n\nThe toilets on Platform 2 have wider stall intended for wheelchair user. However, there are no handrails.","password":null}},{"type":"Feature","geometry":{"type":"Point","coordinates":[-0.114970207,51.356862322]},"properties":{"id":"toiletmap/4f7633d456050bab18ae422d","source":"toiletmap-uk","name":"Colonnades Leisure Park - Croydon","fee":"yes","charge":null,"access":null,"wheelchair":"no","opening_hours":null,"operator":null,"description":null,"password":null}},{"type":"Feature","geometry":{"type":"Point","coordinates":[0.06636858,51.418920802]},"properties":{"id":"toiletmap/4f873df6e795184cbb14d0f0","source":"toiletmap-uk","name":"Sainsburys","fee":"no","charge":null,"access":null,"wheelchair":"yes","opening_hours":"Mo-Su 09:00-17:00","operator":null,"description":"Mon-Sat 7.00-22.00. Sun 10.00-16.00. Part of Bromley Council Community Toilet Scheme and Mayor of London Open London Scheme.","password":null}},{"type":"Feature","geometry":{"type":"Point","coordinates":[0.006061792,51.55707914]},"properties":{"id":"toiletmap/4f99c6d243d29ee4d8ae0b41","source":"toiletmap-uk","name":"Plough and Harrow Pub","fee":"yes","charge":null,"access":null,"wheelchair":"yes","opening_hours":null,"operator":null,"description":"Mon-Sun: 12noon-12midnight. Part of Waltham Forest Community Toilet Scheme.","password":null}},{"type":"Feature","geometry":{"type":"Point","coordinates":[-0.1405903,51.5500626]},"properties":{"id":"toiletmap/4fb3ad458197a87957b84ef1","source":"toiletmap-uk","name":"Kentish Town Library","fee":"no","charge":null,"access":null,"wheelchair":"yes","opening_hours":"Mo-Th 10:00-19:00; Fr 10:00-17:00; Sa 11:00-17:00","operator":null,"description":"PLEASE NOTE: The toilet is locked 15 minutes before closing time.","password":null}},{"type":"Feature","geometry":{"type":"Point","coordinates":[-0.138439536,51.526626505]},"properties":{"id":"toiletmap/4fe6e2f40784395a1f93b4d1","source":"toiletmap-uk","name":"Community Toilet Scheme Greenlight Pharmacy","fee":"yes","charge":null,"access":null,"wheelchair":"no","opening_hours":null,"operator":null,"description":"Part of Camden's Community Toilet Scheme - greenlightpharmacy.co.uk","password":null}},{"type":"Feature","geometry":{"type":"Point","coordinates":[-0.1322335,51.4947547]},"properties":{"id":"toiletmap/4fe8c5ce68a5f9d5d4c5f004","source":"toiletmap-uk","name":"Urinal","fee":"no","charge":null,"access":null,"wheelchair":"no","opening_hours":"Mo-Su 00:00-00:00","operator":null,"description":"Open 24 hours. Toilet is accessible but radar key is required. Also has urinal.","password":null}},{"type":"Feature","geometry":{"type":"Point","coordinates":[0.005921245,51.500323405]},"properties":{"id":"toiletmap/4ffba7baf07fe615be09a567","source":"toiletmap-uk","name":"Design district toilets","fee":"no","charge":null,"access":null,"wheelchair":"yes","opening_hours":"Mo-Su 11:00-22:00","operator":null,"description":null,"password":null}},{"type":"Feature","geometry":{"type":"Point","coordinates":[0.049851537,51.503892611]},"properties":{"id":"toiletmap/5006f755c5c4f7d52cccf9ee","source":"toiletmap-uk","name":"London City Airport","fee":"yes","charge":null,"access":null,"wheelchair":"no","opening_hours":null,"operator":null,"description":null,"password":null}},{"type":"Feature","geometry":{"type":"Point","coordinates":[0.185984202,51.579062314]},"properties":{"id":"toiletmap/50ab8d63c06ecd851c30ef7b","source":"toiletmap-uk","name":"The Mercury Shopping Centre","fee":"no","charge":null,"access":null,"wheelchair":"yes","opening_hours":null,"operator":null,"description":"Located on level 1 by the lifts","password":null}},{"type":"Feature","geometry":{"type":"Point","coordinates":[-0.1703141,51.5316156]},"properties":{"id":"toiletmap/50ad26eb135d6245a48dc10a","source":"toiletmap-uk","name":"Wellington Place","fee":"no","charge":null,"access":null,"wheelchair":"yes","opening_hours":"Mo-Su 07:00-19:30","operator":null,"description":"Managed by Westminster City Council. \nThe disabled toilet is inside the park. \n\n","password":null}},{"type":"Feature","geometry":{"type":"Point","coordinates":[-0.17817378,51.624158081]},"properties":{"id":"toiletmap/50b527f12d70863145c27dee","source":"toiletmap-uk","name":"Redwood Cafe, Swan Lane Open Space","fee":"no","charge":null,"access":null,"wheelchair":"yes","opening_hours":null,"operator":null,"description":"Cafe opening hours vary seasonally. Outside to the right of the cafe","password":null}},{"type":"Feature","geometry":{"type":"Point","coordinates":[0.1630193,51.599103804]},"properties":{"id":"toiletmap/50dceccd8c6cf17cdcd9c747","source":"toiletmap-uk","name":"Collier Row Road, Collier Row","fee":"yes","charge":"Not known","access":null,"wheelchair":"yes","opening_hours":null,"operator":null,"description":null,"password":null}},{"type":"Feature","geometry":{"type":"Point","coordinates":[-0.351923703,51.481038756]},"properties":{"id":"toiletmap/50e66c55e7087d0d43583ebb","source":"toiletmap-uk","name":"Osterley train station","fee":"no","charge":null,"access":null,"wheelchair":"no","opening_hours":null,"operator":null,"description":null,"password":null}},{"type":"Feature","geometry":{"type":"Point","coordinates":[-0.1922934,51.5518122]},"properties":{"id":"toiletmap/50e9cba11f1d2162209ced8b","source":"toiletmap-uk","name":"West End Lane Public toilets","fee":"no","charge":null,"access":null,"wheelchair":"no","opening_hours":"Mo-Su 09:00-19:45","operator":null,"description":"Below ground, access via stairs and separate entrances for men and women.  \nSummer/Autumn opening hours (1 June to 31 October): 9am to 7.45pm\nWinter/Spring opening hours (1 November to 31 May): 9am to 5.45pm \n","password":null}},{"type":"Feature","geometry":{"type":"Point","coordinates":[0.110112551,51.461905163]},"properties":{"id":"toiletmap/50f574210bda0cfb31548e2e","source":"toiletmap-uk","name":"Tesco Welling","fee":"no","charge":null,"access":null,"wheelchair":"no","opening_hours":"Mo-Su 09:00-17:00","operator":null,"description":"MON-SAT 0800-2200. SUN 1100-1700.  Part of Mayor of London's 'Open London' Community Toilet Scheme","password":null}},{"type":"Feature","geometry":{"type":"Point","coordinates":[0.1760602,51.582303268]},"properties":{"id":"toiletmap/50fecc5493856579b2cbe665","source":"toiletmap-uk","name":"Matalan","fee":"yes","charge":null,"access":null,"wheelchair":"no","opening_hours":"Mo-Su 09:00-17:00","operator":null,"description":null,"password":null}},{"type":"Feature","geometry":{"type":"Point","coordinates":[-0.22998333,51.409372129]},"properties":{"id":"toiletmap/5105af2a91742f80250a6501","source":"toiletmap-uk","name":"Raynes Park Station","fee":"no","charge":null,"access":null,"wheelchair":"no","opening_hours":null,"operator":null,"description":null,"password":null}},{"type":"Feature","geometry":{"type":"Point","coordinates":[0.080037117,51.587469736]},"properties":{"id":"toiletmap/513fa53fc81e5e68809dfa6b","source":"toiletmap-uk","name":"Barkingside Recreation Ground","fee":"no","charge":null,"access":null,"wheelchair":"no","opening_hours":null,"operator":null,"description":"These toilets are now closed under the cut backs scheme","password":null}},{"type":"Feature","geometry":{"type":"Point","coordinates":[-0.004742146,51.551098653]},"properties":{"id":"toiletmap/51653c527e7021828757f30b","source":"toiletmap-uk","name":"Drapers Field","fee":"yes","charge":null,"access":null,"wheelchair":"yes","opening_hours":null,"operator":null,"description":"Mon-Fri: 10am-10pm; Sat-Sun: 9am-5pm.","password":null}},{"type":"Feature","geometry":{"type":"Point","coordinates":[0.07889986,51.559964035]},"properties":{"id":"toiletmap/51b576346d825e4c40c87be2","source":"toiletmap-uk","name":"Griggs Approach","fee":"no","charge":null,"access":null,"wheelchair":"no","opening_hours":null,"operator":null,"description":null,"password":null}},{"type":"Feature","geometry":{"type":"Point","coordinates":[-0.068686008,51.533543921]},"properties":{"id":"toiletmap/51b966885dcdb6f08be15326","source":"toiletmap-uk","name":"Haggerston Park Toilets","fee":"no","charge":null,"access":null,"wheelchair":null,"opening_hours":null,"operator":null,"description":"Haggerston Park also has a Changing Places toilet","password":null}},{"type":"Feature","geometry":{"type":"Point","coordinates":[-0.0306948,51.4899706]},"properties":{"id":"toiletmap/51bd4d5318653c9b4a6507f8","source":"toiletmap-uk","name":"Pepys Community Hub","fee":"no","charge":null,"access":null,"wheelchair":"yes","opening_hours":null,"operator":null,"description":null,"password":null}},{"type":"Feature","geometry":{"type":"Point","coordinates":[-0.148266416,51.478348176]},"properties":{"id":"toiletmap/51d6ca5c0d72878b123755ab","source":"toiletmap-uk","name":"Petrol station ","fee":"no","charge":null,"access":null,"wheelchair":"yes","opening_hours":null,"operator":null,"description":null,"password":null}},{"type":"Feature","geometry":{"type":"Point","coordinates":[-0.102235079,51.527811482]},"properties":{"id":"toiletmap/51e301edc702ee973fad4606","source":"toiletmap-uk","name":"City St George’s, University of London reception","fee":null,"charge":null,"access":null,"wheelchair":"yes","opening_hours":null,"operator":null,"description":"Accessible toilet on ground floor past reception.","password":null}},{"type":"Feature","geometry":{"type":"Point","coordinates":[-0.1993132,51.5672558]},"properties":{"id":"toiletmap/520ecf24d8e95e70a4756217","source":"toiletmap-uk","name":"Childs Hill Park","fee":"no","charge":null,"access":null,"wheelchair":"no","opening_hours":null,"operator":null,"description":null,"password":null}},{"type":"Feature","geometry":{"type":"Point","coordinates":[-0.017246604,51.615974738]},"properties":{"id":"toiletmap/522c8dc0ac678d7577238818","source":"toiletmap-uk","name":"Chingford Enjoy Cafe","fee":"yes","charge":"free","access":null,"wheelchair":"no","opening_hours":"Mo-Su 09:00-17:00","operator":null,"description":"Mon-Sat: 6am-5.30pm; Sun: 8am-4.30pm. Part of Waltham Forest Community Toilet Scheme.","password":null}},{"type":"Feature","geometry":{"type":"Point","coordinates":[-0.071188509,51.515637356]},"properties":{"id":"toiletmap/5244f5077c70382fd4519be2","source":"toiletmap-uk","name":"Jack the Chipper","fee":"no","charge":null,"access":null,"wheelchair":"no","opening_hours":"Mo-Sa 07:00-11:30; Su 07:00-10:30","operator":null,"description":"A Tower Hamlets Community Toilet Scheme Venue. The toilet is located on the ground floor. \n\nWas refused use of toilet when asking staff where the toilets are. “Only for customers” “You can buy coffee if you want to use it”","password":null}},{"type":"Feature","geometry":{"type":"Point","coordinates":[-0.07471025,51.331992569]},"properties":{"id":"toiletmap/524ceab0a19465a127efcb9e","source":"toiletmap-uk","name":"Waitrose Sanderstead","fee":"no","charge":null,"access":null,"wheelchair":"no","opening_hours":"Mo-Su 09:00-17:00","operator":null,"description":"Presumably for customers but available to anyone in the shop","password":null}},{"type":"Feature","geometry":{"type":"Point","coordinates":[-0.288828313,51.473771935]},"properties":{"id":"toiletmap/526654a5032f951b2d808c87","source":"toiletmap-uk","name":"Kew Community Trust","fee":"no","charge":null,"access":null,"wheelchair":"yes","opening_hours":"Mo-Fr 08:00-19:00; Sa-Su 10:00-13:00","operator":null,"description":"Part of Richmond Council's Community Toilet Scheme. Weekends open only when hired.","password":null}},{"type":"Feature","geometry":{"type":"Point","coordinates":[-0.440059304,51.45335506]},"properties":{"id":"toiletmap/52be4e13f91ee8a71a8d26ba","source":"toiletmap-uk","name":"Bedfont Sports Football Club","fee":"no","charge":null,"access":null,"wheelchair":"no","opening_hours":null,"operator":null,"description":"Part of Hounslow Community Toilet Scheme","password":null}},{"type":"Feature","geometry":{"type":"Point","coordinates":[-0.026978268,51.505891045]},"properties":{"id":"toiletmap/531644dfbaaf36dc65b57d1e","source":"toiletmap-uk","name":"Westferry Toilets","fee":"no","charge":null,"access":null,"wheelchair":"yes","opening_hours":null,"operator":null,"description":"From map information here (June 2021) https://canarywharf.com/wp-content/uploads/2021/07/canary-wharf-map-29-june-2021.pdf","password":null}},{"type":"Feature","geometry":{"type":"Point","coordinates":[-0.171285868,51.524166755]},"properties":{"id":"toiletmap/5328ce76bd86324f42bea667","source":"toiletmap-uk","name":"Changing Places Toilet- Church Street Community Leisure Centre ","fee":"no","charge":null,"access":null,"wheelchair":"yes","opening_hours":"Mo-Fr 09:00-22:00; Sa-Su 09:00-20:00","operator":null,"description":"CHANGING PLACES TOILET ONLY. 020 3535 6302 \n\n \n\nDisabled Parking \n\n \n\nManaged \n\n \n\nLocked \n\n \n\nRadar key \n\n \n\nExternal signage \n\nFacility Features \n\nBench - Height Adjustable, Adult Sized, Free Standing \n\nHoist - Ceiling, Loop \n\nPeninsular Toilet \n\nWashbasin Height Adjustable \n\nSlip Resistant Floor \n\nFloor Space (sq. m) - 11.0 \n\nEmergency Alarm: By Toilet Door \n\nPrivacy Screen \n\nPaper Roll \n\nAccessible Shower \n\nUnisex \n\nDrop down grab rails \n\nWall grab rails \n\nLarge Bin \n\nDoor Width (m) - 1.00 \n\nCeiling height (m) - 2.40 ","password":null}},{"type":"Feature","geometry":{"type":"Point","coordinates":[-0.091581345,51.287211787]},"properties":{"id":"toiletmap/533037e6760839b86ea5d6ba","source":"toiletmap-uk","name":"Westway Common - Caterham","fee":"no","charge":null,"access":null,"wheelchair":"yes","opening_hours":"Mo-Su 00:00-00:00","operator":null,"description":"Free to use. Interesting decor being all stainless steel panelling and toilet rolls suspended on container outside the toilet wall!!","password":null}},{"type":"Feature","geometry":{"type":"Point","coordinates":[0.072902441,51.389257855]},"properties":{"id":"toiletmap/53bb00e31f437b91b13a49f4","source":"toiletmap-uk","name":"Bread and Butter Cafe","fee":"no","charge":null,"access":null,"wheelchair":"yes","opening_hours":null,"operator":null,"description":"Mon - Sat: 9.00 - 17.00. Part of Bromley Council Community Toilet Scheme.","password":null}},{"type":"Feature","geometry":{"type":"Point","coordinates":[-0.182529688,51.518186911]},"properties":{"id":"toiletmap/53d087104a6973be46f1021f","source":"toiletmap-uk","name":"West Area Service Centre- 155 Westbourne Terrace W2 6JX","fee":"no","charge":null,"access":null,"wheelchair":"yes","opening_hours":"Mo-Sa 09:00-17:00","operator":null,"description":"1 disabled toilet accessible to public from reception area. ","password":null}},{"type":"Feature","geometry":{"type":"Point","coordinates":[-0.057375124,51.532992351]},"properties":{"id":"toiletmap/54071da3dafc2d4e07c0d5fe","source":"toiletmap-uk","name":"Melody Brunch and Bistro","fee":"no","charge":null,"access":null,"wheelchair":"no","opening_hours":"Mo-Fr 07:00-17:00; Sa 08:00-17:00; Su 08:00-16:00","operator":null,"description":"A Tower Hamlets Community Toilet Scheme Venue. All toilets are located on the ground floor and are step free.","password":null}},{"type":"Feature","geometry":{"type":"Point","coordinates":[-0.1395125,51.5141092]},"properties":{"id":"toiletmap/5416c83ee97c426a4b30b9cd","source":"toiletmap-uk","name":"Carnaby Street Public Toilets-CLOSED FOR REFURB","fee":"no","charge":null,"access":null,"wheelchair":"no","opening_hours":null,"operator":null,"description":"CLOSED FOR REFURB","password":null}},{"type":"Feature","geometry":{"type":"Point","coordinates":[-0.424765348,51.500618463]},"properties":{"id":"toiletmap/541869fc259ebc6e389762d4","source":"toiletmap-uk","name":"Asda","fee":"no","charge":null,"access":null,"wheelchair":"yes","opening_hours":"Mo-Su 00:00-00:00","operator":null,"description":null,"password":null}},{"type":"Feature","geometry":{"type":"Point","coordinates":[-0.146277369,51.589612554]},"properties":{"id":"toiletmap/54992d8829a9f199f07c72ae","source":"toiletmap-uk","name":"Everyman cinema","fee":"no","charge":null,"access":null,"wheelchair":"no","opening_hours":"Mo-Su 09:00-17:00","operator":null,"description":"Inside cinema. Ground floor","password":null}},{"type":"Feature","geometry":{"type":"Point","coordinates":[0.02340126,51.595436497]},"properties":{"id":"toiletmap/54c31eb02d5583b64bb209f8","source":"toiletmap-uk","name":"Waitrose","fee":"no","charge":null,"access":null,"wheelchair":"yes","opening_hours":null,"operator":null,"description":"Located on the left ad you enter the store. Near the fruit and veg aisle.","password":null}},{"type":"Feature","geometry":{"type":"Point","coordinates":[0.084500313,51.358446801]},"properties":{"id":"toiletmap/54fb9e34d86435f0d2f48f93","source":"toiletmap-uk","name":"Filling Station","fee":"yes","charge":null,"access":null,"wheelchair":"no","opening_hours":null,"operator":null,"description":null,"password":null}},{"type":"Feature","geometry":{"type":"Point","coordinates":[0.2779277,51.6536501]},"properties":{"id":"toiletmap/55422a23172836fe3f88ee73","source":"toiletmap-uk","name":null,"fee":"no","charge":null,"access":null,"wheelchair":"no","opening_hours":null,"operator":null,"description":null,"password":null}},{"type":"Feature","geometry":{"type":"Point","coordinates":[-0.285354853,51.553473597]},"properties":{"id":"toiletmap/5562c6290463e291b2e37172","source":"toiletmap-uk","name":"Harrow Road and Oakington Manor Drive","fee":"no","charge":null,"access":null,"wheelchair":"no","opening_hours":null,"operator":null,"description":"Junction of Harrow Road and Oakington Manor Drive / 8am-8pm. Wembley event days: 8am-12midnight","password":null}},{"type":"Feature","geometry":{"type":"Point","coordinates":[-0.170137882,51.523020218]},"properties":{"id":"toiletmap/556a900c60ef5c23b4345352","source":"toiletmap-uk","name":"Church Street Library","fee":"no","charge":null,"access":null,"wheelchair":"yes","opening_hours":"Mo 09:30-20:00; Tu-Th 09:30-19:00; Fr 09:30-17:00; Sa 09:30-19:00","operator":null,"description":"There is a wheelchair accessible toilet on the first basement floor, that can be reached via the lift. Baby change facilities also in the accessible toilets. There are also gendered toilets with cubicles and urinals. ","password":null}},{"type":"Feature","geometry":{"type":"Point","coordinates":[-0.253982731,51.40001625]},"properties":{"id":"toiletmap/5577c55b6663b3b0b91f0848","source":"toiletmap-uk","name":"Blagdon Road Car Park","fee":"no","charge":null,"access":null,"wheelchair":null,"opening_hours":"Mo-Su 07:00-15:00","operator":null,"description":null,"password":null}},{"type":"Feature","geometry":{"type":"Point","coordinates":[-0.297403336,51.549504168]},"properties":{"id":"toiletmap/55977c42fb9ff08482308021","source":"toiletmap-uk","name":"Ealing Road Library","fee":"no","charge":null,"access":null,"wheelchair":"no","opening_hours":"Mo-Su 09:00-17:00","operator":null,"description":null,"password":null}},{"type":"Feature","geometry":{"type":"Point","coordinates":[-0.12822032,51.509189854]},"properties":{"id":"toiletmap/559d25102188ba8171bac628","source":"toiletmap-uk","name":"National Portrait Gallery","fee":"no","charge":null,"access":null,"wheelchair":"yes","opening_hours":"Mo-Th 10:30-18:00; Fr-Sa 10:30-21:00; Su 10:30-18:00","operator":null,"description":"Standard and accessible toilets are available on Floors -2, -3, and 4. The toilets on Floors -2 and -3 are universal toilets. The toilets on Floor 4 are gendered. Baby-changing facilities are on Floors -2, -3 and 4. ","password":null}},{"type":"Feature","geometry":{"type":"Point","coordinates":[-0.127415657,51.491504616]},"properties":{"id":"toiletmap/55a7c9e04fe609f9114e3b63","source":"toiletmap-uk","name":"Tate Britain","fee":"no","charge":null,"access":null,"wheelchair":"yes","opening_hours":"Mo-Su 10:00-18:00","operator":null,"description":"Toilets at Tate Britain are primarily located on the Lower Floor (basement level) near the cloakroom and Djanogly Café, including standard, accessible, and baby-changing facilities. A Changing Places toilet is available on the Lower Floor of the Clore Auditorium, requiring a RADAR key or staff assistance.","password":null}},{"type":"Feature","geometry":{"type":"Point","coordinates":[-0.295959234,51.572388728]},"properties":{"id":"toiletmap/55b82e90d0930b3b3c5705d9","source":"toiletmap-uk","name":"Preston Road Tube Station","fee":"no","charge":null,"access":null,"wheelchair":"no","opening_hours":null,"operator":null,"description":"Toilets are inside ticket gateline!","password":null}},{"type":"Feature","geometry":{"type":"Point","coordinates":[-0.099150538,51.629187701]},"properties":{"id":"toiletmap/56274419577ded66d1c80095","source":"toiletmap-uk","name":"Sainsbury Winchmore Hill","fee":"yes","charge":null,"access":null,"wheelchair":"yes","opening_hours":"Mo-Su 09:00-17:00","operator":null,"description":"The entrance is to the rear of the store: the toilets are straight ahead to the right of the entrance hall area.","password":null}},{"type":"Feature","geometry":{"type":"Point","coordinates":[-0.316414833,51.559417086]},"properties":{"id":"toiletmap/563545180c6bd4fc84b25827","source":"toiletmap-uk","name":"Vale Farm Sports Centre","fee":"no","charge":null,"access":null,"wheelchair":"yes","opening_hours":"Mo-Su 09:00-17:00","operator":null,"description":null,"password":null}},{"type":"Feature","geometry":{"type":"Point","coordinates":[-0.045321286,51.522173]},"properties":{"id":"toiletmap/5642515e136b02b762c03dc5","source":"toiletmap-uk","name":"JD Wetherspoons - The Half Moon","fee":"no","charge":null,"access":null,"wheelchair":"yes","opening_hours":"Mo-Su 08:00-00:00","operator":null,"description":"A Tower Hamlets Community Toilet Scheme Venue. All toilets can be found on the ground floor with disabled access via the garden.","password":null}},{"type":"Feature","geometry":{"type":"Point","coordinates":[-0.294619203,51.607610017]},"properties":{"id":"toiletmap/56bb4746ad3f00538e97bb2c","source":"toiletmap-uk","name":"Canon's Park Tube Station","fee":"no","charge":null,"access":null,"wheelchair":"no","opening_hours":null,"operator":null,"description":"Inside the barriers between the stairs to each platform.","password":null}},{"type":"Feature","geometry":{"type":"Point","coordinates":[-0.033114552,51.540432917]},"properties":{"id":"toiletmap/56fa3fd65aba57eddb36ca1a","source":"toiletmap-uk","name":"Victoria Park East Sports Pavilion","fee":"no","charge":null,"access":null,"wheelchair":"yes","opening_hours":"Mo-Su 08:00-17:00","operator":null,"description":"A Tower Hamlets Community Toilet Scheme Venue. There are three toilets with baby changing facilities. There is also a Changing Places toilet. The toilets are located next to outside gym & tennis courts and are the closest toilets to the Cadogan Gate entrance. Please note all toilets in Victoria Park close one hour before the parks closing time. The parks closing time varies throughout the year, coinciding with sunset.","password":null}},{"type":"Feature","geometry":{"type":"Point","coordinates":[0.071561847,51.560242589]},"properties":{"id":"toiletmap/574803d78a78a3b1854ef937","source":"toiletmap-uk","name":"Mall, top floor","fee":"yes","charge":null,"access":null,"wheelchair":"yes","opening_hours":"Mo-Su 09:00-17:00","operator":null,"description":"Top floor by the lifts","password":null}},{"type":"Feature","geometry":{"type":"Point","coordinates":[-0.123682022,51.486347044]},"properties":{"id":"toiletmap/5752601cd471c2125f4276a3","source":"toiletmap-uk","name":"Urinal","fee":"no","charge":null,"access":null,"wheelchair":"no","opening_hours":"Mo-Su 00:00-00:00","operator":null,"description":"A very smelly urinal which is only half open! (Since it opened in 2005) Never cleaned and is a public health hazard, Only use if absolutely desperate!","password":null}},{"type":"Feature","geometry":{"type":"Point","coordinates":[0.02895116,51.33908404]},"properties":{"id":"toiletmap/576dcb770457ab6dfd8d598a","source":"toiletmap-uk","name":"Leaves Green Common","fee":"no","charge":null,"access":null,"wheelchair":"no","opening_hours":null,"operator":null,"description":"Not easy to find - if  it now exists at all","password":null}},{"type":"Feature","geometry":{"type":"Point","coordinates":[-0.079878226,51.309660132]},"properties":{"id":"toiletmap/577fead6a0b098360c89d14a","source":"toiletmap-uk","name":"Whyteleafe Tavern","fee":"yes","charge":"Free","access":null,"wheelchair":"yes","opening_hours":null,"operator":null,"description":"Pub toilet","password":null}},{"type":"Feature","geometry":{"type":"Point","coordinates":[0.114283562,51.406281934]},"properties":{"id":"toiletmap/57bb450efe09a101cfe0ad61","source":"toiletmap-uk","name":"Homebase - Foots Cray","fee":"no","charge":null,"access":null,"wheelchair":"no","opening_hours":null,"operator":null,"description":null,"password":null}},{"type":"Feature","geometry":{"type":"Point","coordinates":[-0.489806235,51.438561866]},"properties":{"id":"toiletmap/57d41ecdc724db38446293bd","source":"toiletmap-uk","name":"staines cemetery ","fee":"no","charge":null,"access":null,"wheelchair":"yes","opening_hours":"Mo-Su 08:00-18:00","operator":null,"description":null,"password":null}},{"type":"Feature","geometry":{"type":"Point","coordinates":[-0.3597861,51.5219335]},"properties":{"id":"toiletmap/57da9ba98b1f002f8150ce11","source":"toiletmap-uk","name":null,"fee":"no","charge":null,"access":null,"wheelchair":"no","opening_hours":null,"operator":null,"description":null,"password":null}},{"type":"Feature","geometry":{"type":"Point","coordinates":[-0.0393641,51.49381585]},"properties":{"id":"toiletmap/57ddafbca2fc6c3e0f1e79f3","source":"toiletmap-uk","name":"Surrey Docks Fitness & Watersports Centre","fee":"no","charge":null,"access":null,"wheelchair":"yes","opening_hours":"Mo-Fr 06:30-22:00; Sa 07:00-18:00; Su 07:00-22:00","operator":null,"description":null,"password":null}},{"type":"Feature","geometry":{"type":"Point","coordinates":[-0.1171549,51.6172545]},"properties":{"id":"toiletmap/57e037e32dfbad3a1bd0d8fb","source":"toiletmap-uk","name":"Broomfield Park, Broomfield Lane","fee":"no","charge":null,"access":null,"wheelchair":"yes","opening_hours":null,"operator":null,"description":null,"password":null}},{"type":"Feature","geometry":{"type":"Point","coordinates":[-0.367510915,51.468505621]},"properties":{"id":"toiletmap/580261537f084c457b2ddc5d","source":"toiletmap-uk","name":"Hounslow House","fee":"no","charge":null,"access":null,"wheelchair":"no","opening_hours":null,"operator":null,"description":"Part of Hounslow Community Toilet Scheme","password":null}},{"type":"Feature","geometry":{"type":"Point","coordinates":[-0.03883034,51.531233916]},"properties":{"id":"toiletmap/585b629f7c00a3272f3d9fc1","source":"toiletmap-uk","name":"Symposium","fee":"no","charge":null,"access":null,"wheelchair":"no","opening_hours":"Tu-We 11:00-18:00; Th-Fr 11:00-22:00; Sa 10:00-22:00; Su 11:00-17:00","operator":null,"description":"A Tower Hamlets Community Toilet Scheme Venue. Toilet is located on the ground floor and is dog friendly.","password":null}},{"type":"Feature","geometry":{"type":"Point","coordinates":[-0.406429768,51.443542612]},"properties":{"id":"toiletmap/58a68ddb859712534a37bbcd","source":"toiletmap-uk","name":"Frankie & Benny's","fee":"no","charge":null,"access":null,"wheelchair":"no","opening_hours":null,"operator":null,"description":"Part of Hounslow Community Toilet Scheme","password":null}},{"type":"Feature","geometry":{"type":"Point","coordinates":[0.072385924,51.559167749]},"properties":{"id":"toiletmap/58c516e1c1381d82007ddb4b","source":"toiletmap-uk","name":"M&S-men section","fee":"no","charge":null,"access":null,"wheelchair":"no","opening_hours":"Mo-Su 09:00-17:00","operator":null,"description":null,"password":null}},{"type":"Feature","geometry":{"type":"Point","coordinates":[-0.501052737,51.38444507]},"properties":{"id":"toiletmap/58c75c098449859309101e76","source":"toiletmap-uk","name":"Chertsey Cemetary","fee":"no","charge":null,"access":null,"wheelchair":null,"opening_hours":null,"operator":null,"description":"https://www.runnymede.gov.uk/cemeteries\n\nCar park open from 8am to 6.30pm. Accessible to pedestrians at all times, with toilets on site.\n\nKT16 8DS","password":null}},{"type":"Feature","geometry":{"type":"Point","coordinates":[0.074490155,51.388619362]},"properties":{"id":"toiletmap/58c978e0cd015ab73cdcb96a","source":"toiletmap-uk","name":"Petts Wood Station","fee":"no","charge":null,"access":null,"wheelchair":"no","opening_hours":null,"operator":null,"description":"Platform 3/4 during staffing hours","password":null}},{"type":"Feature","geometry":{"type":"Point","coordinates":[-0.028731823,51.406670102]},"properties":{"id":"toiletmap/58e607cbd4c042270eb7e33d","source":"toiletmap-uk","name":"Costa Coffee","fee":"no","charge":null,"access":null,"wheelchair":"no","opening_hours":null,"operator":null,"description":"Mon - Sat 9.00-18.00, CLOSED SUNDAYS. Part of Bromley Council Community Toilet Scheme.","password":null}},{"type":"Feature","geometry":{"type":"Point","coordinates":[-0.487872362,51.372349671]},"properties":{"id":"toiletmap/58e79f0bd8f0f94c67377965","source":"toiletmap-uk","name":"Tesco","fee":"no","charge":null,"access":null,"wheelchair":"no","opening_hours":"Mo-Su 00:00-00:00","operator":null,"description":null,"password":null}},{"type":"Feature","geometry":{"type":"Point","coordinates":[0.001224,51.5418329]},"properties":{"id":"toiletmap/58f66ad0ab3a43b1f80d6284","source":"toiletmap-uk","name":null,"fee":"no","charge":null,"access":null,"wheelchair":"no","opening_hours":null,"operator":null,"description":null,"password":null}},{"type":"Feature","geometry":{"type":"Point","coordinates":[-0.130835474,51.510231534]},"properties":{"id":"toiletmap/593d2a975227a4662158b134","source":"toiletmap-uk","name":"McDonald's Leicester Square","fee":"no","charge":null,"access":null,"wheelchair":null,"opening_hours":"Mo-Su 05:00-02:45","operator":null,"description":null,"password":null}},{"type":"Feature","geometry":{"type":"Point","coordinates":[-0.132284833,51.494535459]},"properties":{"id":"toiletmap/59496c68bb59116e6d1c5321","source":"toiletmap-uk","name":"Superloo","fee":"yes","charge":"50p","access":null,"wheelchair":"yes","opening_hours":"Mo-Su 00:00-00:00","operator":null,"description":"Closed for repairs","password":null}},{"type":"Feature","geometry":{"type":"Point","coordinates":[-0.073099058,51.52435399]},"properties":{"id":"toiletmap/594fcf3bf45f4533d693eedd","source":"toiletmap-uk","name":"Rich Mix Cinema","fee":"no","charge":null,"access":null,"wheelchair":"yes","opening_hours":"Mo-Fr 09:00-23:00; Sa-Su 10:00-23:00","operator":null,"description":null,"password":null}},{"type":"Feature","geometry":{"type":"Point","coordinates":[-0.066626072,51.606022512]},"properties":{"id":"toiletmap/596457d8319ee1469ed075c0","source":"toiletmap-uk","name":"Sainsbury's","fee":"no","charge":null,"access":null,"wheelchair":"no","opening_hours":null,"operator":null,"description":"Monday - Saturday, 8am - 10pm\r\nSunday, 10am - 4pm.","password":null}},{"type":"Feature","geometry":{"type":"Point","coordinates":[-0.017901063,51.504561982]},"properties":{"id":"toiletmap/59908a2a56693539d819a451","source":"toiletmap-uk","name":"Canada Place - Mall, Level -1 (underground level -1) (opposite Robert Dyas)","fee":"no","charge":null,"access":null,"wheelchair":"yes","opening_hours":"Mo-Su 00:00-00:00","operator":null,"description":"The 2026 refurbishment of these toilets is now complete.  These toilets are located on Level -1 (this means it is below street level, underground in the main big shopping centre. It is opposite Robert Dyas, near by shops include Waitrose main underground entrance, Boots and Tian Tian Market. There are two disabled toilets, one with radar key, and the other is a disabled unisex toilet that has a baby change.  The one with a radar key is a Changing Places toilet that include a Adult-Sized Changing Bench, Ceiling Hoist, Extra Space. Disabled toilets at Canary Wharf are heavily used, so don't expect that the toilet will be free.","password":null}},{"type":"Feature","geometry":{"type":"Point","coordinates":[0.193033218,51.296328087]},"properties":{"id":"toiletmap/59b5cf5edefbd6a3b73eed03","source":"toiletmap-uk","name":"Sainsbury's Superstore - Sevenoaks","fee":"yes","charge":null,"access":null,"wheelchair":"yes","opening_hours":"Mo-Su 09:00-17:00","operator":null,"description":"Opening Mon - Fri 6:30am - 10:30pm;  Sat 6:30 - 10pm;  Sun 10am - 4pm ; Cafe, ATM. TN14 5EG","password":null}},{"type":"Feature","geometry":{"type":"Point","coordinates":[-0.311399102,51.616880741]},"properties":{"id":"toiletmap/59b9d8aacd21ad85ae81ce85","source":"toiletmap-uk","name":"Sainsburys Superstore - Stanmore","fee":"no","charge":null,"access":null,"wheelchair":"no","opening_hours":"Mo-Su 09:00-17:00","operator":null,"description":"Just inside the store from the car park entrance.  Open: Mon-Sat: 8am-8pm, Sun 10am-4pm. HA7 4DA","password":null}},{"type":"Feature","geometry":{"type":"Point","coordinates":[0.106204748,51.462495156]},"properties":{"id":"toiletmap/5a24ca6a94380352ce7bbf17","source":"toiletmap-uk","name":"Welling Library","fee":"no","charge":null,"access":null,"wheelchair":"yes","opening_hours":"Tu 09:30-17:30; Th-Fr 09:30-17:30; Sa 09:30-17:00","operator":null,"description":"There are 2 unisex cubicles and 1 disabled toilet","password":null}},{"type":"Feature","geometry":{"type":"Point","coordinates":[-0.123987794,51.479240149]},"properties":{"id":"toiletmap/5a4e1c51db04589251748a00","source":"toiletmap-uk","name":"South Lambeth Library","fee":"no","charge":null,"access":null,"wheelchair":"yes","opening_hours":"Mo 13:00-18:00; We 10:00-18:00; Th 10:00-20:00; Fr 10:00-18:00; Sa 09:00-17:00","operator":null,"description":null,"password":null}},{"type":"Feature","geometry":{"type":"Point","coordinates":[-0.071700811,51.519882409]},"properties":{"id":"toiletmap/5a772bddc71dbe4184e35c92","source":"toiletmap-uk","name":"Aba-Ra!","fee":"no","charge":null,"access":null,"wheelchair":"yes","opening_hours":"Tu-Sa 12:00-23:00; Su 12:00-22:00","operator":null,"description":"A Tower Hamlets Community Toilet Scheme Venue. The toilet can be found downstairs.","password":null}},{"type":"Feature","geometry":{"type":"Point","coordinates":[-0.247471333,51.403716427]},"properties":{"id":"toiletmap/5a80157b1fa603fc397a57f0","source":"toiletmap-uk","name":"Beverley Park Recreation Ground","fee":"no","charge":null,"access":null,"wheelchair":"yes","opening_hours":null,"operator":null,"description":"Toilets open dawn to dusk","password":null}},{"type":"Feature","geometry":{"type":"Point","coordinates":[0.061787367,51.552429571]},"properties":{"id":"toiletmap/5aab8c036f4c1ef52166b832","source":"toiletmap-uk","name":"Jack Cornwall Community Centre","fee":"no","charge":null,"access":null,"wheelchair":"no","opening_hours":"Mo-Fr 09:00-17:00","operator":null,"description":"Mon-Fri 9am-5pm. Part of Newham Community Toilet Scheme.","password":null}},{"type":"Feature","geometry":{"type":"Point","coordinates":[-0.412738323,51.328632342]},"properties":{"id":"toiletmap/5aecbf4385a46c9ff723ef63","source":"toiletmap-uk","name":"Public Toilet Cobham (Holleyhedge Rd)","fee":"yes","charge":null,"access":null,"wheelchair":"no","opening_hours":null,"operator":null,"description":"Updated from Elmbridge Borough Council Website map - Dec 2016","password":null}},{"type":"Feature","geometry":{"type":"Point","coordinates":[-0.179987109,51.611415276]},"properties":{"id":"toiletmap/5aee97fdaf6236eebfe2c8d9","source":"toiletmap-uk","name":"Waitrose","fee":"no","charge":null,"access":null,"wheelchair":"yes","opening_hours":null,"operator":null,"description":null,"password":null}},{"type":"Feature","geometry":{"type":"Point","coordinates":[0.09797942,51.595109162]},"properties":{"id":"toiletmap/5af717c0caf2384a3d5b7803","source":"toiletmap-uk","name":"Fairlop Waters","fee":"no","charge":null,"access":null,"wheelchair":"yes","opening_hours":"Mo-Su 10:00-17:30","operator":null,"description":null,"password":null}},{"type":"Feature","geometry":{"type":"Point","coordinates":[-0.1346275,51.29847412]},"properties":{"id":"toiletmap/5b198e740416cd4dee024ddd","source":"toiletmap-uk","name":"Farthing Downs Coulsdon","fee":"no","charge":null,"access":null,"wheelchair":"no","opening_hours":null,"operator":null,"description":null,"password":null}},{"type":"Feature","geometry":{"type":"Point","coordinates":[-0.128062069,51.51024155]},"properties":{"id":"toiletmap/5b2114401b9935a9848c6e36","source":"toiletmap-uk","name":"Charing Cross Library","fee":"no","charge":null,"access":null,"wheelchair":"no","opening_hours":"Mo 09:30-08:00; Tu 09:30-07:00; We 10:00-07:00; Th-Fr 09:30-07:00; Sa 10:30-02:00; Su 11:00-05:00","operator":null,"description":null,"password":null}},{"type":"Feature","geometry":{"type":"Point","coordinates":[0.099469721,51.564384407]},"properties":{"id":"toiletmap/5b29b7114de4f7209e65184d","source":"toiletmap-uk","name":"Seven Kings","fee":"no","charge":null,"access":null,"wheelchair":"no","opening_hours":null,"operator":null,"description":null,"password":null}},{"type":"Feature","geometry":{"type":"Point","coordinates":[-0.164837837,51.425642821]},"properties":{"id":"toiletmap/5b2c0d8ca2d294057ccec5f6","source":"toiletmap-uk","name":"Morley's Department Store (Community Toilet)","fee":"yes","charge":null,"access":null,"wheelchair":"no","opening_hours":"Mo-Su 09:00-17:00","operator":null,"description":"First floor, at the back of the store. Escalator up, stairs down from first floor, so not accessible. Usually clean and cared for!","password":null}},{"type":"Feature","geometry":{"type":"Point","coordinates":[0.130934715,51.573442241]},"properties":{"id":"toiletmap/5b2e58e1a4f55b91cdb40570","source":"toiletmap-uk","name":"St Chad's Park,","fee":"yes","charge":"No Charge","access":null,"wheelchair":"yes","opening_hours":"Mo-Su 09:00-17:00","operator":null,"description":null,"password":null}},{"type":"Feature","geometry":{"type":"Point","coordinates":[-0.475255251,51.344844632]},"properties":{"id":"toiletmap/5b315b8d57e6563b39725bf7","source":"toiletmap-uk","name":"Tesco Extra Superstore - Byefleet","fee":"yes","charge":null,"access":null,"wheelchair":"yes","opening_hours":null,"operator":null,"description":"KT14 6JA Opening Mon - Sun 6 am - 12 midnight.","password":null}},{"type":"Feature","geometry":{"type":"Point","coordinates":[-0.233237744,51.409276209]},"properties":{"id":"toiletmap/5b342ca388cbc2c8aac5271f","source":"toiletmap-uk","name":"Waitrose","fee":"no","charge":null,"access":null,"wheelchair":"yes","opening_hours":"Mo-Su 09:00-17:00","operator":null,"description":"2 unisex cubicles at the rear of the store.","password":null}},{"type":"Feature","geometry":{"type":"Point","coordinates":[-0.071673989,51.460582219]},"properties":{"id":"toiletmap/5b4091783f34e454be301c2d","source":"toiletmap-uk","name":"Dulwich Leisure Centre","fee":"no","charge":null,"access":null,"wheelchair":"yes","opening_hours":"Mo-Fr 06:30-22:00; Sa 07:00-18:00; Su 08:00-22:00","operator":null,"description":null,"password":null}},{"type":"Feature","geometry":{"type":"Point","coordinates":[-0.228131264,51.604229783]},"properties":{"id":"toiletmap/5b419ae8da85298df582c79f","source":"toiletmap-uk","name":"Copthall Leisure Centre","fee":"no","charge":null,"access":null,"wheelchair":"yes","opening_hours":"Mo-Th 06:00-22:00; Fr 06:00-17:00; Sa 08:00-18:00","operator":null,"description":"Entering the building, to the left by the cafe","password":null}},{"type":"Feature","geometry":{"type":"Point","coordinates":[-0.4378046,51.5697632]},"properties":{"id":"toiletmap/5b485154fb7c5191baeac3aa","source":"toiletmap-uk","name":"West Ruislip station ","fee":"no","charge":null,"access":null,"wheelchair":"no","opening_hours":"Mo-Su 06:00-22:00","operator":null,"description":"6:30-00:00","password":null}},{"type":"Feature","geometry":{"type":"Point","coordinates":[-0.2032589,51.5014455]},"properties":{"id":"toiletmap/5b85dcd1aff27de9ccea8d04","source":"toiletmap-uk","name":"Holland Park Toilets","fee":"no","charge":null,"access":null,"wheelchair":"yes","opening_hours":null,"operator":null,"description":"Baby changing cubicle with toilet, in both ladies and mens, as well as in accessible toilet. Access to ladies and mens via 4 steps.","password":null}},{"type":"Feature","geometry":{"type":"Point","coordinates":[-0.358673036,51.439527885]},"properties":{"id":"toiletmap/5b9dd6a3903d1b5a51f6f4e3","source":"toiletmap-uk","name":"Staines Road Surgery","fee":"no","charge":null,"access":null,"wheelchair":"yes","opening_hours":"Mo-Fr 08:30-18:30","operator":null,"description":"Closes between 1pm and 3pm every day","password":null}},{"type":"Feature","geometry":{"type":"Point","coordinates":[-0.117051601,51.337375123]},"properties":{"id":"toiletmap/5bc5df5896b612bbf4ca838c","source":"toiletmap-uk","name":"Tesco Superstore","fee":"no","charge":null,"access":null,"wheelchair":"yes","opening_hours":"Mo-Su 09:00-17:00","operator":null,"description":"Closes SAT Midnight. SUN 1000-1600. Opens MON 0600. Part of Mayor of London's 'Open London' Community Toilet Scheme.    Extra set of toilets off the Costa Coffee on the 1st Floor.  Free Parking. Checked October 2016.","password":null}},{"type":"Feature","geometry":{"type":"Point","coordinates":[-0.192486047,51.601058436]},"properties":{"id":"toiletmap/5bcd704cce993fd7a9dde477","source":"toiletmap-uk","name":"Finchley Central Station","fee":null,"charge":null,"access":null,"wheelchair":"yes","opening_hours":null,"operator":null,"description":"At platform level, ticket required","password":null}},{"type":"Feature","geometry":{"type":"Point","coordinates":[0.003470778,51.482664072]},"properties":{"id":"toiletmap/5bd6a6d10034050086628eba","source":"toiletmap-uk","name":"Maze Hill Station","fee":"no","charge":null,"access":null,"wheelchair":"no","opening_hours":"Mo-Sa 06:30-19:30","operator":null,"description":"Toilet is located on Platform 1.","password":null}},{"type":"Feature","geometry":{"type":"Point","coordinates":[-0.117115974,51.556828996]},"properties":{"id":"toiletmap/5bd85048e67809075f37b9f1","source":"toiletmap-uk","name":"Selbys department store","fee":"no","charge":null,"access":null,"wheelchair":"yes","opening_hours":"Mo-Su 10:00-18:30","operator":null,"description":"First floor","password":null}},{"type":"Feature","geometry":{"type":"Point","coordinates":[-0.09614539,51.517818384]},"properties":{"id":"toiletmap/5bf298b74a802fe4417b6694","source":"toiletmap-uk","name":"Museum of London","fee":"no","charge":null,"access":null,"wheelchair":"no","opening_hours":"Mo-Su 09:00-17:00","operator":null,"description":"Just walk into the foyer, they are at the back, just after the lift.","password":null}},{"type":"Feature","geometry":{"type":"Point","coordinates":[0.020492077,51.555715004]},"properties":{"id":"toiletmap/5bf9cc40471bd7cca67d6535","source":"toiletmap-uk","name":"The Holly Tree Pub","fee":"yes","charge":null,"access":null,"wheelchair":"yes","opening_hours":null,"operator":null,"description":"Mon-Thurs: 11am-11pm; Fri-Sat: 11am-12midnight; Sun: 12noon-10.30pm. Part of Waltham Forest Community Toilet Scheme.","password":null}},{"type":"Feature","geometry":{"type":"Point","coordinates":[-0.3005302,51.4749456]},"properties":{"id":"toiletmap/5c09f6f24341f1dcdf9f0e8b","source":"toiletmap-uk","name":"Kew Gardens","fee":"no","charge":null,"access":null,"wheelchair":"no","opening_hours":null,"operator":null,"description":null,"password":null}},{"type":"Feature","geometry":{"type":"Point","coordinates":[-0.300702453,51.411351434]},"properties":{"id":"toiletmap/5c2af0181f5ceed459c68728","source":"toiletmap-uk","name":"The King's Tun","fee":"yes","charge":"0","access":null,"wheelchair":"yes","opening_hours":"Mo-Su 09:00-17:00","operator":null,"description":"This is a Wetherspoons pub.","password":null}},{"type":"Feature","geometry":{"type":"Point","coordinates":[-0.135521293,51.462816003]},"properties":{"id":"toiletmap/5c318fe3776ad4a03326b44d","source":"toiletmap-uk","name":"McDonalds","fee":"no","charge":null,"access":null,"wheelchair":"yes","opening_hours":"Mo-Su 09:00-17:00","operator":null,"description":"Mon - Thu: 06:00 - 22:00 \nFri: 06:00 - 00:00 \nSat: 00:00 - 04:00 & 06:00 - 00:00 \nSun: 06:00 - 22:00. Part of Lambeth Community Toilet Scheme","password":null}},{"type":"Feature","geometry":{"type":"Point","coordinates":[-0.469558239,51.640933148]},"properties":{"id":"toiletmap/5c41e8944cfa213df063587f","source":"toiletmap-uk","name":"Waitrose - Rickmandsworth","fee":"no","charge":null,"access":null,"wheelchair":"yes","opening_hours":"Mo-Fr 08:00-21:00; Sa 08:00-20:00; Su 10:00-16:00","operator":null,"description":"WD3 1FX","password":null}},{"type":"Feature","geometry":{"type":"Point","coordinates":[0.008693039,51.514183986]},"properties":{"id":"toiletmap/5c591908c5f21dd87d1f18c2","source":"toiletmap-uk","name":"Canning Town Bus Station - Disabled Toilet","fee":"no","charge":null,"access":null,"wheelchair":"yes","opening_hours":null,"operator":null,"description":"Disabled Toilet Accesible by Radar Key, Occasionally the lock does not work due to it being an electronic lock","password":null}},{"type":"Feature","geometry":{"type":"Point","coordinates":[0.00931263,51.633265601]},"properties":{"id":"toiletmap/5c9acb7f6e744efc24b4a8d7","source":"toiletmap-uk","name":"Trattoria Ibleo Restaurant","fee":"yes","charge":null,"access":null,"wheelchair":"yes","opening_hours":null,"operator":null,"description":"Mon: 6pm-10.30pm; Tues-Fri: 12pm-2.30pm, 6pm-10.30pm. Sat: 6pm-11pm; Sun: 12pm-10.30pm. Part of Waltham Forest Community Toilet Scheme.","password":null}},{"type":"Feature","geometry":{"type":"Point","coordinates":[-0.396519634,51.66352959]},"properties":{"id":"toiletmap/5c9dcb3e961cc2ab1cf6b3b7","source":"toiletmap-uk","name":"Watford Junction Station","fee":"no","charge":null,"access":null,"wheelchair":"no","opening_hours":null,"operator":null,"description":null,"password":null}},{"type":"Feature","geometry":{"type":"Point","coordinates":[-0.102714283,51.376024803]},"properties":{"id":"toiletmap/5d0e168e72d6b26fe5ca098f","source":"toiletmap-uk","name":"Centrale Shopping Centre Toilets","fee":"yes","charge":null,"access":null,"wheelchair":"no","opening_hours":"Mo-Su 09:00-17:00","operator":null,"description":"Toilets on all three floors of the Central Shopping centre. Free for customer use when Centrale is open.","password":null}},{"type":"Feature","geometry":{"type":"Point","coordinates":[-0.093850574,51.513550424]},"properties":{"id":"toiletmap/5d1e0cae1e6269b8c00f39b6","source":"toiletmap-uk","name":"The Saint Bow ","fee":"no","charge":null,"access":null,"wheelchair":"yes","opening_hours":"Mo-Fr 09:00-17:00","operator":null,"description":"MONDAY: 10.00 - 23:00; TUESDAY - FRIDAY: 08:00 - 23:00\r\nBANK HOLIDAYS: Closed. Part of City of London Community Toilet Scheme.","password":null}},{"type":"Feature","geometry":{"type":"Point","coordinates":[-0.159823895,51.504918272]},"properties":{"id":"toiletmap/5d2ca57673242b93493f3ccc","source":"toiletmap-uk","name":"Serpentine Cafe","fee":"no","charge":null,"access":null,"wheelchair":"yes","opening_hours":"Mo-Su 09:00-17:00","operator":null,"description":"Pass thru the cafe to find toilets outside in garden","password":null}},{"type":"Feature","geometry":{"type":"Point","coordinates":[-0.0816015,51.5176778]},"properties":{"id":"toiletmap/5d46ab0eb1e46ac02fd094c1","source":"toiletmap-uk","name":"London Liverpool Street Station","fee":"no","charge":null,"access":null,"wheelchair":"yes","opening_hours":null,"operator":null,"description":"Accessible toilet / Baby changing located on ground floor, on opposite side of concourse to platforms 10 & 11.\n\nOther toilets are downstairs, in same location, with escalator to bring you back up again.","password":null}},{"type":"Feature","geometry":{"type":"Point","coordinates":[-0.1574468,51.5372226]},"properties":{"id":"toiletmap/5d5912dd892be044bd7579c4","source":"toiletmap-uk","name":"Primrose Hill Park toilets","fee":"no","charge":null,"access":null,"wheelchair":null,"opening_hours":null,"operator":null,"description":null,"password":null}},{"type":"Feature","geometry":{"type":"Point","coordinates":[-0.024483204,51.460204036]},"properties":{"id":"toiletmap/5d7661a97109d2aa447bce29","source":"toiletmap-uk","name":"Hilly Fields Park Toilet","fee":"no","charge":null,"access":null,"wheelchair":"no","opening_hours":"Mo-Su 09:00-18:00","operator":null,"description":"Part of Lewisham Community Toilet Scheme","password":null}},{"type":"Feature","geometry":{"type":"Point","coordinates":[0.057426909,51.405557633]},"properties":{"id":"toiletmap/5d84788a9d9d1828f42be19d","source":"toiletmap-uk","name":"Chislehurst Station","fee":"no","charge":null,"access":null,"wheelchair":"no","opening_hours":null,"operator":null,"description":null,"password":null}},{"type":"Feature","geometry":{"type":"Point","coordinates":[0.011333943,51.516837633]},"properties":{"id":"toiletmap/5d8cafe3d4dbc30b893c23ff","source":"toiletmap-uk","name":"Custom House & Canning Town Neighbourhood Centre & Library","fee":"no","charge":null,"access":null,"wheelchair":"no","opening_hours":"Mo-Fr 09:00-17:00","operator":null,"description":"Mon-Fri 8am-8pm. Sat: 9.30am-8pm. Sunday CLOSED. Part of Newham Community Toilet Scheme.","password":null}},{"type":"Feature","geometry":{"type":"Point","coordinates":[-0.378779411,51.464853804]},"properties":{"id":"toiletmap/5dade77478ae29be0fd4e26a","source":"toiletmap-uk","name":"Wellington Day Centre","fee":"no","charge":null,"access":null,"wheelchair":"no","opening_hours":null,"operator":null,"description":"Part of Hounslow Community Toilet Scheme","password":null}},{"type":"Feature","geometry":{"type":"Point","coordinates":[-0.397833914,51.656410217]},"properties":{"id":"toiletmap/5de9b831a36ef53b633b0e57","source":"toiletmap-uk","name":"moon under water","fee":"no","charge":null,"access":null,"wheelchair":null,"opening_hours":null,"operator":null,"description":"wetherspoons - I cant remember where exactly but it's either downstairs or upstairs.","password":null}},{"type":"Feature","geometry":{"type":"Point","coordinates":[-0.106439,51.4486164]},"properties":{"id":"toiletmap/5df71d25a74d64cd69d131ea","source":"toiletmap-uk","name":"Brockwell Hall Toilets Female","fee":"no","charge":"No charge","access":null,"wheelchair":"no","opening_hours":"Mo-Su 09:00-18:00","operator":null,"description":"This is one of the most horrible public toilets I have ever visited. I wouldn't recommend unless you are completely desperate","password":null}},{"type":"Feature","geometry":{"type":"Point","coordinates":[-0.105215013,51.471362789]},"properties":{"id":"toiletmap/5e18c13ce7a6db635e507cef","source":"toiletmap-uk","name":"Minet Library","fee":"no","charge":null,"access":null,"wheelchair":"yes","opening_hours":"Mo 13:00-20:00; Tu-Fr 10:00-18:00; Sa 09:00-17:00; Su 10:00-18:00","operator":null,"description":"Closed from 1pm-2pm for staff lunch break\n\nLock is not very secure, needs to be looked at","password":null}},{"type":"Feature","geometry":{"type":"Point","coordinates":[-0.1127436,51.4629238]},"properties":{"id":"toiletmap/5e28466dc05e80c352b01c5b","source":"toiletmap-uk","name":"Pope's Road Toilets","fee":"yes","charge":"0.20","access":null,"wheelchair":"no","opening_hours":null,"operator":null,"description":"Muslim toilet available","password":null}},{"type":"Feature","geometry":{"type":"Point","coordinates":[-0.325289726,51.468728776]},"properties":{"id":"toiletmap/5e47e84987d08e74ce98ae31","source":"toiletmap-uk","name":"Isleworth Public Hall","fee":"no","charge":null,"access":null,"wheelchair":"no","opening_hours":null,"operator":null,"description":"Part of Hounslow Community Toilet Scheme","password":null}},{"type":"Feature","geometry":{"type":"Point","coordinates":[-0.099220276,51.372130326]},"properties":{"id":"toiletmap/5e5bbbe41783941604048904","source":"toiletmap-uk","name":"Croydon Central Library","fee":"yes","charge":null,"access":null,"wheelchair":"yes","opening_hours":null,"operator":null,"description":"Tucked away at about the marked spot on the map.","password":null}},{"type":"Feature","geometry":{"type":"Point","coordinates":[-0.013856292,51.464084333]},"properties":{"id":"toiletmap/5e623dfbbf66c60f78fe4886","source":"toiletmap-uk","name":"Glass Mill Leisure Centre","fee":"no","charge":null,"access":null,"wheelchair":"no","opening_hours":"Mo-Su 09:00-17:00","operator":null,"description":"Mon-Fri: 6am-10pm | Sat-Sun: 7am-6pm\nPart of Lewisham Community Toilet Scheme","password":null}},{"type":"Feature","geometry":{"type":"Point","coordinates":[-0.30428259,51.512124401]},"properties":{"id":"toiletmap/5e8bade3e8f6f0e11edc6aee","source":"toiletmap-uk","name":"Turtle Bay","fee":"no","charge":null,"access":null,"wheelchair":null,"opening_hours":null,"operator":null,"description":"Toilets at the back and to the right","password":null}},{"type":"Feature","geometry":{"type":"Point","coordinates":[-0.472717881,51.44553046]},"properties":{"id":"toiletmap/5e9651ec814b9f952a3b7b5d","source":"toiletmap-uk","name":"Tesco Extra - Ashford (Staines)","fee":"yes","charge":null,"access":null,"wheelchair":"yes","opening_hours":"Mo-Su 09:00-17:00","operator":null,"description":"Mon-Sat - 24 hour.  Sun: 10am-4pm. Pharmacy; Cafe; ATM; Filling Station.  TW19 7PZ","password":null}},{"type":"Feature","geometry":{"type":"Point","coordinates":[-0.1056616,51.4728297]},"properties":{"id":"toiletmap/5ea0905a5ba7c7490b6ed1d1","source":"toiletmap-uk","name":"Myatts Fields Toilet","fee":"no","charge":null,"access":null,"wheelchair":"no","opening_hours":null,"operator":null,"description":null,"password":null}},{"type":"Feature","geometry":{"type":"Point","coordinates":[-0.095057487,51.513843841]},"properties":{"id":"toiletmap/5ebfa6d651ca0386d2892313","source":"toiletmap-uk","name":"Lower ground floor loo","fee":"no","charge":null,"access":null,"wheelchair":"yes","opening_hours":null,"operator":null,"description":"It is on the lower ground floor,\nTo the left of Marks and Spencer, by the lift & esculator.","password":null}},{"type":"Feature","geometry":{"type":"Point","coordinates":[0.096731186,51.373980495]},"properties":{"id":"toiletmap/5ed2764c4c7a6f9e2ac1be22","source":"toiletmap-uk","name":"Tesco Extra - Orpington","fee":"no","charge":null,"access":null,"wheelchair":"no","opening_hours":"Mo-Su 09:00-17:00","operator":null,"description":"24/7 Closes SAT Midnight. SUN 1000-1600. Opens MON 0600.  ATM, Costa Coffee, Pharmacy. \r\nPart of Mayor of London's 'Open London' Community Toilet Scheme.\r\nBR6 0NH","password":null}},{"type":"Feature","geometry":{"type":"Point","coordinates":[-0.119546056,51.523804153]},"properties":{"id":"toiletmap/5ed956f05deca4f00c631c5e","source":"toiletmap-uk","name":"Great Ormond Street Hospital","fee":"no","charge":null,"access":null,"wheelchair":"yes","opening_hours":null,"operator":null,"description":"Great Ormond Street also has a Changing Places bathroom","password":null}},{"type":"Feature","geometry":{"type":"Point","coordinates":[-0.404996395,51.443843202]},"properties":{"id":"toiletmap/5f330d31266b32e3ad6d3b47","source":"toiletmap-uk","name":"Chiquito / Feltham Leisure Park","fee":"no","charge":null,"access":null,"wheelchair":"no","opening_hours":null,"operator":null,"description":"Part of Hounslow Community Toilet Scheme\n\nToilets are located at Unit E, Feltham Leisure Park","password":null}},{"type":"Feature","geometry":{"type":"Point","coordinates":[-0.319169462,51.447421704]},"properties":{"id":"toiletmap/5f736eae5b633dd624e3b52b","source":"toiletmap-uk","name":"Orleans House Gallery","fee":"no","charge":null,"access":null,"wheelchair":"yes","opening_hours":"Tu-Su 10:00-17:00","operator":null,"description":"Part of Richmond Community Toilet Scheme","password":null}},{"type":"Feature","geometry":{"type":"Point","coordinates":[-0.192319751,51.362667342]},"properties":{"id":"toiletmap/5f76ff8a31e5c2d47c7996b9","source":"toiletmap-uk","name":"Times Square Shopping Centre, Sutton","fee":"no","charge":null,"access":null,"wheelchair":"no","opening_hours":"Mo-Su 09:00-17:00","operator":null,"description":"Community Toilet Scheme toilet\r\ncurrently closed for refurbishment","password":null}},{"type":"Feature","geometry":{"type":"Point","coordinates":[-0.317277432,51.578414352]},"properties":{"id":"toiletmap/5fb782f601a8b010ab5946e9","source":"toiletmap-uk","name":"Northwick Park","fee":"no","charge":null,"access":null,"wheelchair":"no","opening_hours":null,"operator":null,"description":"Toilets are inside ticket gateline!","password":null}},{"type":"Feature","geometry":{"type":"Point","coordinates":[-0.078593,51.50449]},"properties":{"id":"toiletmap/5fbab23dc42ffe88e5e503bd","source":"toiletmap-uk","name":"More London","fee":"yes","charge":"£0.20","access":null,"wheelchair":"yes","opening_hours":"Mo-Su 00:00-00:00","operator":null,"description":null,"password":null}},{"type":"Feature","geometry":{"type":"Point","coordinates":[0.31985178,51.59844068]},"properties":{"id":"toiletmap/5fc9454a72ba46eb3e3e732f","source":"toiletmap-uk","name":null,"fee":"no","charge":null,"access":null,"wheelchair":"no","opening_hours":null,"operator":null,"description":null,"password":null}},{"type":"Feature","geometry":{"type":"Point","coordinates":[-0.087740421,51.513660228]},"properties":{"id":"toiletmap/5fe464f6be04b0a578174573","source":"toiletmap-uk","name":"ROYAL EXCHANGE","fee":"yes","charge":null,"access":null,"wheelchair":"no","opening_hours":null,"operator":null,"description":"INSIDE EXCHANGE, NW CORNER, STAIR TO BASEMENT","password":null}},{"type":"Feature","geometry":{"type":"Point","coordinates":[-0.12732178,51.532640395]},"properties":{"id":"toiletmap/5fe7062c8a7696fadb01ca4f","source":"toiletmap-uk","name":"St Pancras International Station","fee":"no","charge":null,"access":null,"wheelchair":"yes","opening_hours":"Mo-Su 00:00-00:00","operator":null,"description":"Access Ground floor by Boots\n\nSource: https://www.networkrail.co.uk/communities/passengers/our-stations/london-st-pancras-international/\n\nUsually a very long queue for the Ladies.","password":null}},{"type":"Feature","geometry":{"type":"Point","coordinates":[-0.239912868,51.402415131]},"properties":{"id":"toiletmap/5fe8c32787da69d0b87801b3","source":"toiletmap-uk","name":"Tesco New Malden Extra","fee":"no","charge":null,"access":null,"wheelchair":"yes","opening_hours":"Mo-Su 00:00-00:00","operator":null,"description":"Closes SAT midnight, SUN 1000-1600. Mon Opens 0600. Changing Places Toilet available","password":null}},{"type":"Feature","geometry":{"type":"Point","coordinates":[-0.125639477,51.48173895]},"properties":{"id":"toiletmap/5ff50c57df5195bf0ce0db7b","source":"toiletmap-uk","name":"Griffin Pub","fee":"no","charge":null,"access":null,"wheelchair":null,"opening_hours":null,"operator":null,"description":"Pub toilet, popular pub so very easy to blend in, no clear customers only rule.","password":null}},{"type":"Feature","geometry":{"type":"Point","coordinates":[-0.435730219,51.650004017]},"properties":{"id":"toiletmap/601a5ac47b55d18ba2e6170c","source":"toiletmap-uk","name":"Shell Filling Station - Croxley Green","fee":"no","charge":null,"access":null,"wheelchair":"no","opening_hours":"Mo-Su 00:00-00:00","operator":null,"description":"24 Hour, Shop, ATM, Cafe. WD3 3ED.","password":null}},{"type":"Feature","geometry":{"type":"Point","coordinates":[0.003975034,51.5000157]},"properties":{"id":"toiletmap/6026f2ca99f13df6092b9491","source":"toiletmap-uk","name":"North Greenwich Underground Station","fee":"no","charge":null,"access":null,"wheelchair":"yes","opening_hours":null,"operator":null,"description":null,"password":null}},{"type":"Feature","geometry":{"type":"Point","coordinates":[-0.129365623,51.51336939]},"properties":{"id":"toiletmap/606353a76230c3ff527ed705","source":"toiletmap-uk","name":"Cambridge Circus Temporary Toilets","fee":"no","charge":null,"access":null,"wheelchair":"no","opening_hours":null,"operator":null,"description":"2* Chemical Toilets 1* 4 bay urinal. Temporary Toilets Open Thursday 8pm-Monday 6am ","password":null}},{"type":"Feature","geometry":{"type":"Point","coordinates":[-0.034378468,51.518640066]},"properties":{"id":"toiletmap/606df1dc8fdb86100a39cd7e","source":"toiletmap-uk","name":"Stadium entrance","fee":"no","charge":null,"access":null,"wheelchair":null,"opening_hours":null,"operator":null,"description":null,"password":null}},{"type":"Feature","geometry":{"type":"Point","coordinates":[-0.10848999,51.497000098]},"properties":{"id":"toiletmap/6084bc46e712c277477bf2c3","source":"toiletmap-uk","name":"Imperial War Museum","fee":"no","charge":null,"access":null,"wheelchair":"yes","opening_hours":"Mo-Su 09:00-17:00","operator":null,"description":"Clean, well-maintained, free entry to museum. Some are on ground floor. Only closed 24, 25 and 26 December.","password":null}},{"type":"Feature","geometry":{"type":"Point","coordinates":[0.025577545,51.529708561]},"properties":{"id":"toiletmap/6093b3e4b34d6aecc33599fc","source":"toiletmap-uk","name":"Plaistow Library","fee":"no","charge":null,"access":null,"wheelchair":"no","opening_hours":null,"operator":null,"description":"Mon, Tues, Sat: 9.30am-5.30pm. Weds, Fri: 9.30am-5pm. Thurs 1pm-8pm. Sun: CLOSED, Part of Newham Community Toilet Scheme.","password":null}},{"type":"Feature","geometry":{"type":"Point","coordinates":[-0.339428186,51.58142991]},"properties":{"id":"toiletmap/60c2d0efddaba79719ae93df","source":"toiletmap-uk","name":"St George's shopping centre","fee":"no","charge":null,"access":null,"wheelchair":"yes","opening_hours":null,"operator":null,"description":"Toilets located on the second floor accessible by stairs and a lift.\n\nThe baby change facilities have a toilet in them.","password":null}},{"type":"Feature","geometry":{"type":"Point","coordinates":[0.001365244,51.481506505]},"properties":{"id":"toiletmap/613c7a3fc554ca6fdac11007","source":"toiletmap-uk","name":"Maze Hill Playground","fee":"no","charge":null,"access":null,"wheelchair":"yes","opening_hours":"Mo-Su 09:00-18:00","operator":null,"description":"Open\r\n\r\n10.00 - 16.00 November - January\r\n\r\n10.00 - 17.00 February & October\r\n\r\n10.00 - 18.00 March\r\n\r\n07.00 - 19.15 April, May, June & July\r\n\r\n10.00 - 19.00 September\r\n\r\nSeparate children only facilities.","password":null}},{"type":"Feature","geometry":{"type":"Point","coordinates":[-0.13358742,51.46317599]},"properties":{"id":"toiletmap/613ef886938f89b59c72c882","source":"toiletmap-uk","name":"Clapham Library","fee":"no","charge":null,"access":null,"wheelchair":"yes","opening_hours":"Mo 11:00-20:00; Tu 11:00-18:00; We-Th 11:00-20:00; Fr 11:00-18:00; Sa 09:00-17:00","operator":null,"description":"Toilets are located on the lowest level. There is a lift.","password":null}},{"type":"Feature","geometry":{"type":"Point","coordinates":[-0.03742218,51.409050906]},"properties":{"id":"toiletmap/617b4b03e4ed8611e8c4e4bd","source":"toiletmap-uk","name":"The Spa Sports Centre and Swimming Pool","fee":"yes","charge":null,"access":null,"wheelchair":"yes","opening_hours":null,"operator":null,"description":"Pay for parking.  BR3 4PF","password":null}},{"type":"Feature","geometry":{"type":"Point","coordinates":[0.009883,51.544306]},"properties":{"id":"toiletmap/61c11efc9f1104c74ba58f23","source":"toiletmap-uk","name":"Stratford International","fee":"no","charge":null,"access":null,"wheelchair":"no","opening_hours":null,"operator":null,"description":null,"password":null}},{"type":"Feature","geometry":{"type":"Point","coordinates":[0.17863512,51.481105609]},"properties":{"id":"toiletmap/61d50c74c534d755cb67aaff","source":"toiletmap-uk","name":"Erith Town Centre","fee":"no","charge":null,"access":null,"wheelchair":"yes","opening_hours":null,"operator":null,"description":null,"password":null}},{"type":"Feature","geometry":{"type":"Point","coordinates":[-0.293546319,51.453781486]},"properties":{"id":"toiletmap/61e838668f720440c23d2423","source":"toiletmap-uk","name":"Cambrian Community Centre ","fee":"no","charge":null,"access":null,"wheelchair":"yes","opening_hours":"Mo-We 09:00-15:00; Th 09:00-17:00; Fr 09:00-15:00; Sa 09:00-13:00","operator":null,"description":"Part of Richmond Council's Community Toilet Scheme ","password":null}},{"type":"Feature","geometry":{"type":"Point","coordinates":[-0.124497414,51.509331849]},"properties":{"id":"toiletmap/62043c7387b0c88aaf9706e9","source":"toiletmap-uk","name":"2","fee":"no","charge":null,"access":null,"wheelchair":null,"opening_hours":null,"operator":null,"description":null,"password":null}},{"type":"Feature","geometry":{"type":"Point","coordinates":[-0.2998226,51.3100523]},"properties":{"id":"toiletmap/6237d53c01223cc83b67e83e","source":"toiletmap-uk","name":"Ashtead car park","fee":"no","charge":null,"access":null,"wheelchair":"no","opening_hours":"Mo-Su 09:00-17:00","operator":null,"description":"Checked against Mole Valley Council Website - Dec 2016","password":null}},{"type":"Feature","geometry":{"type":"Point","coordinates":[-0.091549158,51.515553077]},"properties":{"id":"toiletmap/627d5052bd4c84749e84932c","source":"toiletmap-uk","name":"Guildhall Art Gallery","fee":"yes","charge":null,"access":null,"wheelchair":"no","opening_hours":"Mo-Su 09:00-17:00","operator":null,"description":null,"password":null}},{"type":"Feature","geometry":{"type":"Point","coordinates":[-0.081152916,51.651228861]},"properties":{"id":"toiletmap/628144ebdddc46bccd135133","source":"toiletmap-uk","name":"Palace Exchange toilets","fee":"no","charge":null,"access":null,"wheelchair":"no","opening_hours":"Mo-Su 09:00-17:00","operator":null,"description":"Next to TK Maxx.\r\nDisabled toilets on ground floor and on first floor at Hatton Walk end of bridge from the Cecil Road (Lidl) multistorey car park","password":null}},{"type":"Feature","geometry":{"type":"Point","coordinates":[-0.267845392,51.465434505]},"properties":{"id":"toiletmap/628465658ebedeb009bd0c4d","source":"toiletmap-uk","name":"Sheen Lane Centre","fee":"no","charge":"N/A","access":null,"wheelchair":"yes","opening_hours":null,"operator":null,"description":null,"password":null}},{"type":"Feature","geometry":{"type":"Point","coordinates":[-0.031886101,51.568104156]},"properties":{"id":"toiletmap/6290d72734bb65df84fd5a7f","source":"toiletmap-uk","name":"Petrol Station","fee":"no","charge":null,"access":null,"wheelchair":null,"opening_hours":null,"operator":null,"description":"Petrol station signposting ‘customer toilets’","password":null}},{"type":"Feature","geometry":{"type":"Point","coordinates":[-0.179042872,51.415437132]},"properties":{"id":"toiletmap/62bdd43f58b3d7b193f0e751","source":"toiletmap-uk","name":"Dunelm, Collier's Wood","fee":"no","charge":null,"access":null,"wheelchair":"yes","opening_hours":"Mo-Fr 09:00-21:00; Sa 09:00-19:00; Su 11:00-17:00","operator":null,"description":"Customer toilets first floor. ","password":null}},{"type":"Feature","geometry":{"type":"Point","coordinates":[-0.192361837,51.69728945]},"properties":{"id":"toiletmap/62c230dc887c28ed7cb7922d","source":"toiletmap-uk","name":"Potters Bar Station","fee":"no","charge":null,"access":null,"wheelchair":"yes","opening_hours":"Mo-Su 06:00-23:00","operator":null,"description":"Toilets located on platform 1","password":null}},{"type":"Feature","geometry":{"type":"Point","coordinates":[-0.150837312,51.358017563]},"properties":{"id":"toiletmap/62c579f8134c43db1a708f5a","source":"toiletmap-uk","name":"Wallington Library","fee":"no","charge":null,"access":null,"wheelchair":"no","opening_hours":"Mo-Su 09:00-17:00","operator":null,"description":"Ramp access to toilet level from Shotfield. Steps and ramp from car park.","password":null}},{"type":"Feature","geometry":{"type":"Point","coordinates":[-0.334618986,51.423732639]},"properties":{"id":"toiletmap/62cdcfb1f69a5af628f49928","source":"toiletmap-uk","name":"The Adelaide","fee":"no","charge":null,"access":null,"wheelchair":"no","opening_hours":"Mo-Th 11:00-23:00; Fr-Sa 11:00-00:00; Su 11:00-22:00","operator":null,"description":"Part of Richmond Council's Community Toilet Scheme.","password":null}},{"type":"Feature","geometry":{"type":"Point","coordinates":[-0.1639582,51.4638215]},"properties":{"id":"toiletmap/62e184e3078a5087682cde6e","source":"toiletmap-uk","name":"Battersea Library","fee":"no","charge":null,"access":null,"wheelchair":"no","opening_hours":null,"operator":null,"description":"Closed Thursdays, open 1-5pm Sundays","password":null}},{"type":"Feature","geometry":{"type":"Point","coordinates":[-0.07475853,51.489106155]},"properties":{"id":"toiletmap/62f5939d1de9d52119348149","source":"toiletmap-uk","name":"Tesco","fee":"yes","charge":null,"access":null,"wheelchair":"yes","opening_hours":"Mo-Su 09:00-17:00","operator":null,"description":"MON-FRI 0700-2200 SAT 0200-Midnight. SUN 1100-1700. Part of Mayor of London's 'Open London' Community Toilet Scheme","password":null}},{"type":"Feature","geometry":{"type":"Point","coordinates":[-0.1128837,51.4620156]},"properties":{"id":"toiletmap/63251e5e7b573e37d8af2ebf","source":"toiletmap-uk","name":"Brixton Market","fee":"yes","charge":"There is a charge 20p?","access":null,"wheelchair":"no","opening_hours":"Mo-Su 09:00-17:00","operator":null,"description":"Open during market opening times","password":null}},{"type":"Feature","geometry":{"type":"Point","coordinates":[-0.3092369,51.3568465]},"properties":{"id":"toiletmap/63320f2d06b5949ba4775d1b","source":"toiletmap-uk","name":"Chessington Sports Centre","fee":"no","charge":null,"access":null,"wheelchair":null,"opening_hours":"Mo-Th 08:15-22:00; Fr 08:15-20:30; Sa-Su 09:00-17:00","operator":null,"description":null,"password":null}},{"type":"Feature","geometry":{"type":"Point","coordinates":[-0.374127924,51.44797657]},"properties":{"id":"toiletmap/63705d687bba7960ce49092f","source":"toiletmap-uk","name":"Heathfield Recreation Ground ","fee":"no","charge":null,"access":null,"wheelchair":"yes","opening_hours":null,"operator":null,"description":null,"password":null}},{"type":"Feature","geometry":{"type":"Point","coordinates":[-0.195195079,51.369794485]},"properties":{"id":"toiletmap/6373fabcad01a13b64af9b1a","source":"toiletmap-uk","name":"Cafe Delight, Sutton","fee":"no","charge":null,"access":null,"wheelchair":"no","opening_hours":"Mo-Su 09:00-17:00","operator":null,"description":"Community Toilet Scheme toilet","password":null}},{"type":"Feature","geometry":{"type":"Point","coordinates":[-0.190501213,51.524732447]},"properties":{"id":"toiletmap/6381a6f158213a376f20156a","source":"toiletmap-uk","name":"Maida Vale Library","fee":"no","charge":null,"access":null,"wheelchair":"yes","opening_hours":"Mo 09:30-20:00; Tu-Th 09:30-19:00; Fr 09:30-17:00; Sa 09:30-19:00","operator":null,"description":"Two toilets available with baby change facilities. Building is wheelchair accessible via a lift ","password":null}},{"type":"Feature","geometry":{"type":"Point","coordinates":[-0.2187364,51.5332918]},"properties":{"id":"toiletmap/63b50fe4b83e641da90886e0","source":"toiletmap-uk","name":"Chamberlayne Road","fee":"no","charge":null,"access":null,"wheelchair":"no","opening_hours":"Mo-Su 00:00-00:00","operator":null,"description":null,"password":null}},{"type":"Feature","geometry":{"type":"Point","coordinates":[-0.092192888,51.475633616]},"properties":{"id":"toiletmap/63e643473e6b518e32b67270","source":"toiletmap-uk","name":"Camberwell Library","fee":"no","charge":null,"access":null,"wheelchair":"yes","opening_hours":"Mo-Fr 09:00-20:00; Sa 09:00-17:00; Su 12:00-16:00","operator":null,"description":"Open 9am - 8pm Monday -Friday, Saturday 9am - 5pm, Sunday 12noon - 4pm","password":null}},{"type":"Feature","geometry":{"type":"Point","coordinates":[-0.409827793,51.4479016]},"properties":{"id":"toiletmap/63fc38f5445543a0e2ea6ec2","source":"toiletmap-uk","name":"Feltham Station","fee":"no","charge":null,"access":null,"wheelchair":"no","opening_hours":null,"operator":null,"description":"Part of Hounslow Community Toilet Scheme\n\nToilet may be behind ticket barriers","password":null}},{"type":"Feature","geometry":{"type":"Point","coordinates":[-0.313386619,51.413805451]},"properties":{"id":"toiletmap/64071d1e517faeb154e51354","source":"toiletmap-uk","name":"Hampton Wick Library","fee":"no","charge":null,"access":null,"wheelchair":"no","opening_hours":null,"operator":null,"description":"Toilets shared with Bullen Hall. Part of Richmond Community Toilet Scheme","password":null}},{"type":"Feature","geometry":{"type":"Point","coordinates":[-0.127614141,51.508867663]},"properties":{"id":"toiletmap/644a91db011d9a18db57e8ef","source":"toiletmap-uk","name":"NATIONAL GALLERY by cafe","fee":"no","charge":null,"access":null,"wheelchair":"yes","opening_hours":"Mo-Su 10:00-18:00","operator":null,"description":"The National Gallery, London provides toilets, including accessible, baby-changing, and Changing Places facilities, located near all main entrances and on the ground floor of the Sainsbury Wing. Standard toilets are also available on various levels, and RADAR keys are required for specialized, accessible, or Changing Places toilets, which can be provided by staff. ","password":null}},{"type":"Feature","geometry":{"type":"Point","coordinates":[0.111773014,51.345047354]},"properties":{"id":"toiletmap/645b403719c6761b140d0ebd","source":"toiletmap-uk","name":"Esso Filling Station - Pratts Bottom","fee":"yes","charge":null,"access":null,"wheelchair":"no","opening_hours":null,"operator":null,"description":"Shop; Snacks; ATM.  BR6 7SE","password":null}},{"type":"Feature","geometry":{"type":"Point","coordinates":[-0.476392508,51.339045671]},"properties":{"id":"toiletmap/64629ed07abc6dfe42e94c55","source":"toiletmap-uk","name":"High Road, Byfleet","fee":"no","charge":null,"access":null,"wheelchair":"no","opening_hours":null,"operator":null,"description":"https://www.woking.gov.uk/environmental-services/environmental-problems/public-toilets\n\nOpen 8.30am to 5.30pm, seven days a week\n\nKT14 7QL","password":null}},{"type":"Feature","geometry":{"type":"Point","coordinates":[-0.142017603,51.546123209]},"properties":{"id":"toiletmap/64b2bcafc7960171005b7b8f","source":"toiletmap-uk","name":"Kentish Town Road Community Toilet Scheme Pedros Cafe","fee":"no","charge":null,"access":null,"wheelchair":"no","opening_hours":null,"operator":null,"description":"Part of Community Toilet Scheme","password":null}},{"type":"Feature","geometry":{"type":"Point","coordinates":[-0.029659867,51.532965658]},"properties":{"id":"toiletmap/64cd04442a376a620ce66f33","source":"toiletmap-uk","name":"Cafe Creme","fee":"no","charge":null,"access":null,"wheelchair":"no","opening_hours":"Tu-Sa 07:00-18:00; Su 08:00-17:00","operator":null,"description":"A Tower Hamlets Community Toilet Scheme Venue. The toilet is located on the ground floor.","password":null}},{"type":"Feature","geometry":{"type":"Point","coordinates":[-0.171658695,51.41828395]},"properties":{"id":"toiletmap/64d15e8c98a054d9594835f3","source":"toiletmap-uk","name":"Colliers Wood Recreation Ground","fee":"no","charge":null,"access":null,"wheelchair":"no","opening_hours":null,"operator":null,"description":"Only open in summer","password":null}},{"type":"Feature","geometry":{"type":"Point","coordinates":[0.015900135,51.630238844]},"properties":{"id":"toiletmap/6512afba1b087ceb54d24cde","source":"toiletmap-uk","name":"The Queen Elizabeth Pub","fee":"yes","charge":null,"access":null,"wheelchair":"yes","opening_hours":null,"operator":null,"description":"Mon-Weds: 10am-11pm; Thurs: 10am-12am; Fri, Sat, Sun: 10am-11pm. Part of Waltham Forest Community Toilet Scheme.","password":null}},{"type":"Feature","geometry":{"type":"Point","coordinates":[-0.040646195,51.426927235]},"properties":{"id":"toiletmap/6527735814ef85fe6a1fcd50","source":"toiletmap-uk","name":"Sydenham library","fee":"yes","charge":null,"access":null,"wheelchair":"yes","opening_hours":null,"operator":null,"description":"Library open Mon 0930-1700, Tue 0930-1900, Thur 0930-1900, Sat 0930-1700. Other days closed.","password":null}},{"type":"Feature","geometry":{"type":"Point","coordinates":[-0.392060002,51.627580368]},"properties":{"id":"toiletmap/652d5de226cb3ee466f50bf1","source":"toiletmap-uk","name":"The Centre","fee":"no","charge":null,"access":null,"wheelchair":"yes","opening_hours":"Mo-Su 09:00-17:00","operator":null,"description":null,"password":null}},{"type":"Feature","geometry":{"type":"Point","coordinates":[-0.2041197,51.4362637]},"properties":{"id":"toiletmap/654024f6236f5ce69b7a6ee0","source":"toiletmap-uk","name":null,"fee":"no","charge":null,"access":null,"wheelchair":"no","opening_hours":null,"operator":null,"description":null,"password":null}},{"type":"Feature","geometry":{"type":"Point","coordinates":[-0.473272956,51.640246603]},"properties":{"id":"toiletmap/655717406399cc5f3810b07d","source":"toiletmap-uk","name":"Rickmansworth Tube Station","fee":"no","charge":null,"access":null,"wheelchair":"no","opening_hours":null,"operator":null,"description":"Toilets are behind ticket barriers!\nAsk TfL staff for access. ","password":null}},{"type":"Feature","geometry":{"type":"Point","coordinates":[0.145611763,51.456108046]},"properties":{"id":"toiletmap/6561451fe9010c1c88a4684c","source":"toiletmap-uk","name":"Broadway Shopping Centre","fee":"no","charge":null,"access":null,"wheelchair":"yes","opening_hours":"Mo-We 09:00-17:30; Th 09:00-19:00; Fr 09:00-17:30; Sa 09:00-18:00; Su 10:00-16:00","operator":null,"description":"Centre is closed Easter Sunday & Christmas Day\nThe toilets are on the first floor and accessible by the lifts or stairs located to the right side of WH Smith’s only.","password":null}},{"type":"Feature","geometry":{"type":"Point","coordinates":[-0.195130706,51.367054954]},"properties":{"id":"toiletmap/6585343457e1aa915531b4e4","source":"toiletmap-uk","name":"Asda","fee":"no","charge":null,"access":null,"wheelchair":"yes","opening_hours":"Mo-Su 09:00-17:00","operator":null,"description":null,"password":null}},{"type":"Feature","geometry":{"type":"Point","coordinates":[0.1952673,51.3591954]},"properties":{"id":"toiletmap/6592f9a789f1c2e513746392","source":"toiletmap-uk","name":null,"fee":"no","charge":null,"access":null,"wheelchair":"no","opening_hours":null,"operator":null,"description":null,"password":null}},{"type":"Feature","geometry":{"type":"Point","coordinates":[-0.1850092,51.568099]},"properties":{"id":"toiletmap/65c7c9dbedd05f5dc6200523","source":"toiletmap-uk","name":null,"fee":"no","charge":null,"access":null,"wheelchair":"no","opening_hours":null,"operator":null,"description":null,"password":null}},{"type":"Feature","geometry":{"type":"Point","coordinates":[0.234249821,51.59324565]},"properties":{"id":"toiletmap/6613afdeb819eb8760029619","source":"toiletmap-uk","name":"Harold Wood Train Station","fee":"no","charge":null,"access":null,"wheelchair":"yes","opening_hours":null,"operator":null,"description":"Located on Platform 3","password":null}},{"type":"Feature","geometry":{"type":"Point","coordinates":[-0.201557279,51.322219574]},"properties":{"id":"toiletmap/662b3274bd273f93e1285618","source":"toiletmap-uk","name":"High St Car Park","fee":"no","charge":null,"access":null,"wheelchair":"yes","opening_hours":"Mo-Su 09:00-17:00","operator":null,"description":"8am-5pm.  Updated from Reigate and Banstead District Council Website - Dec 2016\r\n\r\n\"Disgusting and should be reported to the local council\".","password":null}},{"type":"Feature","geometry":{"type":"Point","coordinates":[-0.0744988,51.448832]},"properties":{"id":"toiletmap/6637b8f1fa900864688ee222","source":"toiletmap-uk","name":"Dulwich Library","fee":"no","charge":null,"access":null,"wheelchair":"yes","opening_hours":"Mo 09:00-20:00; Tu 10:00-20:00; We-Fr 09:00-20:00; Sa 09:00-17:00; Su 12:00-16:00","operator":null,"description":"Monday, Wednesday, Thursday and Friday 9am to 8pm; Tuesday 10am to 8pm; Saturday 9am to 5pm; Sunday 12pm to 4pm","password":null}},{"type":"Feature","geometry":{"type":"Point","coordinates":[-0.079172239,51.512362498]},"properties":{"id":"toiletmap/6639e15d3a4819a028b1556e","source":"toiletmap-uk","name":"East India Arms","fee":"no","charge":null,"access":null,"wheelchair":"no","opening_hours":"Mo-Fr 09:00-17:00","operator":null,"description":"MONDAY TO FRIDAY: 11.30 - 23.00\r\n              Part of City of London Community Toilet Scheme.","password":null}},{"type":"Feature","geometry":{"type":"Point","coordinates":[-0.332489312,51.440059485]},"properties":{"id":"toiletmap/664a766ff3045d295da0c55f","source":"toiletmap-uk","name":"Radnor Gardens","fee":"no","charge":null,"access":null,"wheelchair":"yes","opening_hours":null,"operator":null,"description":null,"password":null}},{"type":"Feature","geometry":{"type":"Point","coordinates":[-0.032406449,51.476469996]},"properties":{"id":"toiletmap/666bc00d0afcfacd4a4b3f4d","source":"toiletmap-uk","name":"New Cross","fee":"no","charge":null,"access":null,"wheelchair":"no","opening_hours":null,"operator":null,"description":null,"password":null}},{"type":"Feature","geometry":{"type":"Point","coordinates":[-0.329495966,51.448440813]},"properties":{"id":"toiletmap/667341f01c7a32d2eaffd032","source":"toiletmap-uk","name":"Twickenham Tavern","fee":"no","charge":null,"access":null,"wheelchair":"yes","opening_hours":null,"operator":null,"description":null,"password":null}},{"type":"Feature","geometry":{"type":"Point","coordinates":[-0.162525197,51.408659017]},"properties":{"id":"toiletmap/667485b7cc4631e629e5ee19","source":"toiletmap-uk","name":"Mitcham Library","fee":"no","charge":null,"access":null,"wheelchair":"yes","opening_hours":"Mo-Fr 08:00-20:00; Sa 08:00-17:00","operator":null,"description":"Toilet is located within the library.","password":null}},{"type":"Feature","geometry":{"type":"Point","coordinates":[-0.140215158,51.512889782]},"properties":{"id":"toiletmap/66753e17a5c50a2dff8028d8","source":"toiletmap-uk","name":"Hamleys toy store ","fee":"no","charge":null,"access":null,"wheelchair":"yes","opening_hours":null,"operator":null,"description":"On level 5 on the right as you come up the stairs ","password":null}},{"type":"Feature","geometry":{"type":"Point","coordinates":[-0.054142784,51.419334483]},"properties":{"id":"toiletmap/667fc70692980d63902c5cbc","source":"toiletmap-uk","name":"Penge East Station","fee":"no","charge":null,"access":null,"wheelchair":"no","opening_hours":null,"operator":null,"description":null,"password":null}},{"type":"Feature","geometry":{"type":"Point","coordinates":[-0.101523652,51.512266888]},"properties":{"id":"toiletmap/669731733df6a872d5f14bd5","source":"toiletmap-uk","name":"Shaw Booksellers","fee":"no","charge":null,"access":null,"wheelchair":"no","opening_hours":"Mo-Su 09:00-17:00","operator":null,"description":"MONDAY TO FRIDAY: 12.00 - 23.00; SATURDAY, SUNDAY: 12.00 - 18.00. \r\n              BANK HOLIDAYS: Closed. Part of City of London Community Toilet Scheme.","password":null}},{"type":"Feature","geometry":{"type":"Point","coordinates":[-0.089274585,51.506455038]},"properties":{"id":"toiletmap/66a0a7e5a9b1590a9d222297","source":"toiletmap-uk","name":"Cathedral cafe","fee":"yes","charge":null,"access":null,"wheelchair":"no","opening_hours":null,"operator":null,"description":"At river end of café downstairs","password":null}},{"type":"Feature","geometry":{"type":"Point","coordinates":[-0.231882,51.4376944]},"properties":{"id":"toiletmap/66f7c1558144cd7651885489","source":"toiletmap-uk","name":"Wimbledon Windmill","fee":"no","charge":null,"access":null,"wheelchair":"no","opening_hours":null,"operator":null,"description":null,"password":null}},{"type":"Feature","geometry":{"type":"Point","coordinates":[-0.214281678,51.650919686]},"properties":{"id":"toiletmap/670cf6864be4128f2a574f34","source":"toiletmap-uk","name":"Barnet hospital entrance","fee":"no","charge":null,"access":null,"wheelchair":"yes","opening_hours":null,"operator":null,"description":"On left hand side just after reception ","password":null}},{"type":"Feature","geometry":{"type":"Point","coordinates":[-0.145161152,51.515325775]},"properties":{"id":"toiletmap/67e3ee728a7dc9e775952b47","source":"toiletmap-uk","name":"John Lewis Oxford Street","fee":"no","charge":null,"access":null,"wheelchair":"yes","opening_hours":"Mo-We 10:00-20:00; Th 10:00-21:00; Fr-Sa 10:00-20:00; Su 12:00-18:00","operator":null,"description":null,"password":null}},{"type":"Feature","geometry":{"type":"Point","coordinates":[-0.123673975,51.53241346]},"properties":{"id":"toiletmap/67e6f329881587e46c42b777","source":"toiletmap-uk","name":"Kings Cross Station — Platform 9","fee":"no","charge":null,"access":null,"wheelchair":"yes","opening_hours":null,"operator":null,"description":"Located between Platform 9 and Harry Potter Shop.\n\nSource: https://www.networkrail.co.uk/communities/passengers/our-stations/london-kings-cross/","password":null}},{"type":"Feature","geometry":{"type":"Point","coordinates":[-0.19730866,51.368234252]},"properties":{"id":"toiletmap/67ebbd137a67ba45c6659938","source":"toiletmap-uk","name":"Sainsbury's","fee":"no","charge":null,"access":null,"wheelchair":"yes","opening_hours":"Mo-Sa 07:00-23:00; Su 10:00-16:00","operator":null,"description":null,"password":null}},{"type":"Feature","geometry":{"type":"Point","coordinates":[-0.305192471,51.697023583]},"properties":{"id":"toiletmap/67fbf52e0e8608745acf1826","source":"toiletmap-uk","name":"toilet","fee":"no","charge":null,"access":null,"wheelchair":"no","opening_hours":null,"operator":null,"description":null,"password":null}},{"type":"Feature","geometry":{"type":"Point","coordinates":[-0.028069315,51.532141354]},"properties":{"id":"toiletmap/681043e0dbdc6242e5b36fe7","source":"toiletmap-uk","name":"Green Goose","fee":"no","charge":null,"access":null,"wheelchair":"yes","opening_hours":"Mo-Su 12:00-23:00","operator":null,"description":"This is a Tower Hamlets Council Community Toilet Scheme venue. The toilets are all located on the ground floor.","password":null}},{"type":"Feature","geometry":{"type":"Point","coordinates":[-0.125157237,51.445866481]},"properties":{"id":"toiletmap/681b86154eb96fb27d19252e","source":"toiletmap-uk","name":"McDonald's","fee":"no","charge":null,"access":null,"wheelchair":"yes","opening_hours":null,"operator":null,"description":null,"password":null}},{"type":"Feature","geometry":{"type":"Point","coordinates":[-0.4152736,51.491618]},"properties":{"id":"toiletmap/687234ed176470d96df84e35","source":"toiletmap-uk","name":"Cranford Park","fee":"no","charge":null,"access":null,"wheelchair":"no","opening_hours":null,"operator":null,"description":null,"password":null}},{"type":"Feature","geometry":{"type":"Point","coordinates":[-0.4224962,51.333512551]},"properties":{"id":"toiletmap/6879850dea15217906a3775d","source":"toiletmap-uk","name":"Sainsbury's Filling Station","fee":"yes","charge":null,"access":null,"wheelchair":"yes","opening_hours":null,"operator":null,"description":"KT11 1HW (Postcode for filling station on adjacent site). Checked October 2016.","password":null}},{"type":"Feature","geometry":{"type":"Point","coordinates":[0.038291216,51.368140069]},"properties":{"id":"toiletmap/68b2126e16f65ec29915ba3e","source":"toiletmap-uk","name":"Wyevale Garden Centre - Keston","fee":"yes","charge":null,"access":null,"wheelchair":"no","opening_hours":"Mo-Su 09:00-17:00","operator":null,"description":"Open: 9am-6pm Mon-Sat; 10am-4pm Sun.\r\nLarge Car Park.  No cafe. BR2 8HD","password":null}},{"type":"Feature","geometry":{"type":"Point","coordinates":[-0.042877793,51.517150406]},"properties":{"id":"toiletmap/68f336c7393dd51e99fd7838","source":"toiletmap-uk","name":"Stepney City Farm","fee":"no","charge":null,"access":null,"wheelchair":"yes","opening_hours":null,"operator":null,"description":null,"password":null}},{"type":"Feature","geometry":{"type":"Point","coordinates":[-0.124207735,51.531280379]},"properties":{"id":"toiletmap/68fff8353acbc75b8fb9ec02","source":"toiletmap-uk","name":"Kings Cross Station — Upper Mezzanine","fee":"no","charge":null,"access":null,"wheelchair":"yes","opening_hours":null,"operator":null,"description":"Located on upper mezzanine behind escalators and lift (directly opposite main departure boards).\n\nSource: https://www.networkrail.co.uk/communities/passengers/our-stations/london-kings-cross/","password":null}},{"type":"Feature","geometry":{"type":"Point","coordinates":[-0.1846832,51.5736139]},"properties":{"id":"toiletmap/69107e73446eeebbdb251c64","source":"toiletmap-uk","name":null,"fee":"no","charge":null,"access":null,"wheelchair":"no","opening_hours":null,"operator":null,"description":null,"password":null}},{"type":"Feature","geometry":{"type":"Point","coordinates":[-0.172757493,51.404804803]},"properties":{"id":"toiletmap/69133e728d59439f4ba6f681","source":"toiletmap-uk","name":"Cricket Green Medical Practice","fee":"no","charge":null,"access":null,"wheelchair":"yes","opening_hours":null,"operator":null,"description":null,"password":null}},{"type":"Feature","geometry":{"type":"Point","coordinates":[0.042775869,51.516928432]},"properties":{"id":"toiletmap/692ac4127e36ee5789dc31f0","source":"toiletmap-uk","name":"Beckton District Park (North Park) Toilets","fee":"no","charge":null,"access":null,"wheelchair":"no","opening_hours":null,"operator":null,"description":"Exact location unknown - look for local signs.","password":null}},{"type":"Feature","geometry":{"type":"Point","coordinates":[-0.090620106,51.509362482]},"properties":{"id":"toiletmap/694c1fc2234c63776b1805a9","source":"toiletmap-uk","name":"Watermark Place (Automatic)","fee":"yes","charge":"£0.20","access":null,"wheelchair":"yes","opening_hours":"Mo-Su 00:00-00:00","operator":null,"description":"20p charge or RADAR key. Please note from time to time public conveniences may be closed for maintentance, repair or other reasons.","password":null}},{"type":"Feature","geometry":{"type":"Point","coordinates":[-0.378006399,51.426284011]},"properties":{"id":"toiletmap/69cfc1ca0ef47b401883c007","source":"toiletmap-uk","name":"Jems Salon","fee":"no","charge":null,"access":null,"wheelchair":"no","opening_hours":"Tu-We 10:00-17:30; Th 10:00-19:00; Fr-Sa 10:00-17:30","operator":null,"description":"Part of the Community Toilet Scheme ","password":null}},{"type":"Feature","geometry":{"type":"Point","coordinates":[-0.365054011,51.608304638]},"properties":{"id":"toiletmap/69dd96861cefd9fd077988b7","source":"toiletmap-uk","name":"Morrisons Hatch End","fee":"yes","charge":"0","access":null,"wheelchair":"yes","opening_hours":"Mo-Su 09:00-17:00","operator":null,"description":"Not the cleanest of bathrooms, however will do in case of urgency. Radar key is not needed in this location.\nBathrooms can be found next to the Morrisons Cafe, after the tills.","password":null}},{"type":"Feature","geometry":{"type":"Point","coordinates":[-0.416549742,51.383787669]},"properties":{"id":"toiletmap/6a36683ae1db6b88b83eba6e","source":"toiletmap-uk","name":"Community Toilet: Everyman Cinema, Walton On Thames","fee":"no","charge":null,"access":null,"wheelchair":"yes","opening_hours":null,"operator":null,"description":"https://www.elmbridge.gov.uk/your-streets/cts/\n\nOpening: https://www.everymancinema.com/\n\nKT12 1DN","password":null}},{"type":"Feature","geometry":{"type":"Point","coordinates":[-0.1556584,51.5223193]},"properties":{"id":"toiletmap/6a43ef3b43eb752bef28f8af","source":"toiletmap-uk","name":"Marylebone Road","fee":"no","charge":null,"access":null,"wheelchair":"yes","opening_hours":null,"operator":null,"description":"This toilet is closed now","password":null}},{"type":"Feature","geometry":{"type":"Point","coordinates":[-0.11490047,51.460955303]},"properties":{"id":"toiletmap/6a55030964416b04c2778a06","source":"toiletmap-uk","name":"Brixton Library","fee":"no","charge":null,"access":null,"wheelchair":"yes","opening_hours":"Mo-Tu 11:00-20:00; We 11:00-18:00; Th 11:00-20:00; Fr 11:00-18:00; Sa 09:00-17:00","operator":null,"description":"Accessible entrance is round the corner in Rushcroft Road","password":null}},{"type":"Feature","geometry":{"type":"Point","coordinates":[-0.151298046,51.55042484]},"properties":{"id":"toiletmap/6a71ae44c5b97c5ec1f47356","source":"toiletmap-uk","name":"Queens Crescent Library","fee":"no","charge":null,"access":null,"wheelchair":"yes","opening_hours":"Mo 10:00-18:00; Tu-Th 11:00-18:00; Fr-Sa 11:00-17:00","operator":null,"description":"Please collect key for main toilet from staff desk. ","password":null}},{"type":"Feature","geometry":{"type":"Point","coordinates":[-0.324484473,51.42815395]},"properties":{"id":"toiletmap/6a99ba0ff2d39e6018ab887e","source":"toiletmap-uk","name":"Landmark Arts Centre","fee":"no","charge":null,"access":null,"wheelchair":"yes","opening_hours":"Mo-Fr 09:30-16:30","operator":null,"description":"Part of Richmond Council's Community Toilet Scheme. Note: NOT the Church entrance.\n","password":null}},{"type":"Feature","geometry":{"type":"Point","coordinates":[-0.049428828,51.398302392]},"properties":{"id":"toiletmap/6abec993ee51842b7a05dbd8","source":"toiletmap-uk","name":"Elmers End Station","fee":"no","charge":null,"access":null,"wheelchair":"no","opening_hours":null,"operator":null,"description":null,"password":null}},{"type":"Feature","geometry":{"type":"Point","coordinates":[-0.296140707,51.37428165]},"properties":{"id":"toiletmap/6ac19d353e0f72bf33ebc743","source":"toiletmap-uk","name":"Tolworth Recreation Centre","fee":"no","charge":null,"access":null,"wheelchair":null,"opening_hours":"Mo-Fr 06:30-21:30; Sa-Su 08:00-19:00","operator":null,"description":null,"password":null}},{"type":"Feature","geometry":{"type":"Point","coordinates":[-0.087547302,51.519510957]},"properties":{"id":"toiletmap/6acb14ffbafff47c95bef424","source":"toiletmap-uk","name":"Marks & Spencers","fee":"no","charge":null,"access":null,"wheelchair":"yes","opening_hours":null,"operator":null,"description":"Small facility. One accessible toilet and baby change in basement Food Hall, near customer lift. Available for all. ","password":null}},{"type":"Feature","geometry":{"type":"Point","coordinates":[-0.150563121,51.36022048]},"properties":{"id":"toiletmap/6afe6704e15b8b9a9414a228","source":"toiletmap-uk","name":"Wallington Station","fee":"no","charge":null,"access":null,"wheelchair":"yes","opening_hours":null,"operator":null,"description":"Toilets are located on platform 1.\nThe accessible toilet is located in the booking hall, near to the main entrance.","password":null}},{"type":"Feature","geometry":{"type":"Point","coordinates":[-0.088487483,51.511681025]},"properties":{"id":"toiletmap/6b1530dfede7ecf0bdeb0f36","source":"toiletmap-uk","name":"The Vintry","fee":"no","charge":null,"access":null,"wheelchair":"yes","opening_hours":"Mo-Fr 09:00-17:00","operator":null,"description":"MONDAY TO FRIDAY: 12.00 - 23.00. Part of City of London Community Toilet Scheme.","password":null}},{"type":"Feature","geometry":{"type":"Point","coordinates":[-0.181671367,51.484616669]},"properties":{"id":"toiletmap/6b526560a4aabf3ac3e4839b","source":"toiletmap-uk","name":"Chelsea and Westminster Hospital","fee":"no","charge":null,"access":null,"wheelchair":"no","opening_hours":"Mo-Su 00:00-00:00","operator":null,"description":null,"password":null}},{"type":"Feature","geometry":{"type":"Point","coordinates":[-0.364174247,51.467384497]},"properties":{"id":"toiletmap/6b8081281bb9c8442e5bf2a8","source":"toiletmap-uk","name":"Treaty Centre","fee":"no","charge":null,"access":null,"wheelchair":"yes","opening_hours":null,"operator":null,"description":"Standard and accessible toilets, and baby changing, on Ground Floor by Wilko, and on 1st floor by Burger King within Treaty Kitchen.","password":null}},{"type":"Feature","geometry":{"type":"Point","coordinates":[0.139882565,51.458599683]},"properties":{"id":"toiletmap/6bc73e13f297d3f130544239","source":"toiletmap-uk","name":"Bexleyheath Cemetery","fee":"no","charge":null,"access":null,"wheelchair":"yes","opening_hours":"Mo-Su 09:00-16:00","operator":null,"description":"The times given are for Winter months.\nThe times for Summer months are Monday to Sunday 9am - 6pm.\nThe Disabled toilet is also a unisex/gender neutral toilet.","password":null}},{"type":"Feature","geometry":{"type":"Point","coordinates":[-0.1260526,51.5140187]},"properties":{"id":"toiletmap/6bdfab9ef0f4427aceab21fd","source":"toiletmap-uk","name":"Closed","fee":null,"charge":null,"access":null,"wheelchair":"no","opening_hours":null,"operator":null,"description":"TOILET CLOSED","password":null}},{"type":"Feature","geometry":{"type":"Point","coordinates":[-0.258693695,51.486883578]},"properties":{"id":"toiletmap/6becd99665350e658d2a099d","source":"toiletmap-uk","name":"Chiswick Garden Cafe","fee":"no","charge":null,"access":null,"wheelchair":"no","opening_hours":null,"operator":null,"description":"Part of Hounslow Community Toilet Scheme","password":null}},{"type":"Feature","geometry":{"type":"Point","coordinates":[-0.286221742,51.594232371]},"properties":{"id":"toiletmap/6bf13b1c09382d038822189a","source":"toiletmap-uk","name":"Queensbury","fee":"no","charge":null,"access":null,"wheelchair":"yes","opening_hours":null,"operator":null,"description":"Toilets are outside ticket gateline!","password":null}},{"type":"Feature","geometry":{"type":"Point","coordinates":[-0.012327433,51.537353406]},"properties":{"id":"toiletmap/6c1c9a52484d518d0c775488","source":"toiletmap-uk","name":"UCL East Marshgate","fee":"no","charge":null,"access":null,"wheelchair":"yes","opening_hours":null,"operator":null,"description":null,"password":null}},{"type":"Feature","geometry":{"type":"Point","coordinates":[-0.074643226,51.520663558]},"properties":{"id":"toiletmap/6c209be06fc30e45b5158cb5","source":"toiletmap-uk","name":"Nando's - Spitalfields","fee":"no","charge":null,"access":null,"wheelchair":"yes","opening_hours":"Mo-Th 11:00-23:00; Fr 12:00-23:00; Sa-Su 11:00-23:00","operator":null,"description":"A Tower Hamlets Community Toilet Scheme venue. The disabled/unisex toilet is on the ground floor and the men and women's are downstairs.","password":null}},{"type":"Feature","geometry":{"type":"Point","coordinates":[-0.187671483,51.511913201]},"properties":{"id":"toiletmap/6c3b6c90a0f08f7599141145","source":"toiletmap-uk","name":"Five Guys","fee":"no","charge":null,"access":null,"wheelchair":"yes","opening_hours":null,"operator":null,"description":"Five Guys, downstairs, unisex bathrooms, Code = 5462","password":null}},{"type":"Feature","geometry":{"type":"Point","coordinates":[-0.2475592,51.5367405]},"properties":{"id":"toiletmap/6c6ecccb8c68fbe64478afe0","source":"toiletmap-uk","name":"Tavistock Road","fee":"no","charge":null,"access":null,"wheelchair":"no","opening_hours":null,"operator":null,"description":"8am-8pm. Wembley Event Days: 8am-12midnight","password":null}},{"type":"Feature","geometry":{"type":"Point","coordinates":[-0.475609303,51.545372492]},"properties":{"id":"toiletmap/6c72c29d64d0e7b6e9aabaa0","source":"toiletmap-uk","name":"The Chimes toilets","fee":"no","charge":null,"access":null,"wheelchair":null,"opening_hours":null,"operator":null,"description":"Middle floor, The Chimes shopping centre. Nearby to H&M","password":null}},{"type":"Feature","geometry":{"type":"Point","coordinates":[-0.261375903,51.479393653]},"properties":{"id":"toiletmap/6ca887871732e63064b41873","source":"toiletmap-uk","name":"Chapels at Chiswick New Cemetery","fee":"no","charge":null,"access":null,"wheelchair":"no","opening_hours":null,"operator":null,"description":"Part of Hounslow Community Toilet Scheme","password":null}},{"type":"Feature","geometry":{"type":"Point","coordinates":[-0.150750875,51.443793521]},"properties":{"id":"toiletmap/6cba97da05e7358fd788b7cb","source":"toiletmap-uk","name":"Sainsbury's Balham","fee":"no","charge":null,"access":null,"wheelchair":"no","opening_hours":"Mo-Sa 07:00-23:00; Su 11:00-17:00","operator":null,"description":"Inside entrance, to the right\n\nSource: https://stores.sainsburys.co.uk/0506/balham","password":null}},{"type":"Feature","geometry":{"type":"Point","coordinates":[-0.167541504,51.526027822]},"properties":{"id":"toiletmap/6d0a96fd31544a17706935f1","source":"toiletmap-uk","name":"Central Area Service Centre- Lisson Green Estate","fee":"no","charge":null,"access":null,"wheelchair":null,"opening_hours":"Mo-Sa 09:00-17:00","operator":null,"description":"Public facing male and female toilets located in a community hall attached to the building. ","password":null}},{"type":"Feature","geometry":{"type":"Point","coordinates":[-0.094186702,51.425841484]},"properties":{"id":"toiletmap/6d1597dc430cf37479a190cc","source":"toiletmap-uk","name":"Norwood Park public toilets","fee":"no","charge":null,"access":null,"wheelchair":"no","opening_hours":null,"operator":null,"description":null,"password":null}},{"type":"Feature","geometry":{"type":"Point","coordinates":[-0.253007412,51.33471744]},"properties":{"id":"toiletmap/6d7893a507f0a524ab897a34","source":"toiletmap-uk","name":"Alexandra Recreation Ground - Epsom","fee":"yes","charge":null,"access":null,"wheelchair":"yes","opening_hours":null,"operator":null,"description":"Updated from Epsom and Ewell Council Website Map - Dec 2016.  KT17 4BY.  Precise location may be wrong.","password":null}},{"type":"Feature","geometry":{"type":"Point","coordinates":[-0.0618862,51.45839014]},"properties":{"id":"toiletmap/6d885b05ab493e7af7c4b5bc","source":"toiletmap-uk","name":"Peckham Rye Park","fee":"no","charge":null,"access":null,"wheelchair":"yes","opening_hours":"Mo-Su 07:30-18:00","operator":null,"description":"Quite nice. Closes at DUSK. 6 standard, 1 accessible, 1 baby-changing. Part of Southwark Council Toilet Network. Managed by Parks Dept","password":null}},{"type":"Feature","geometry":{"type":"Point","coordinates":[-0.396387577,51.368813229]},"properties":{"id":"toiletmap/6da58b2003049abaf7ebaf62","source":"toiletmap-uk","name":"Public Toilet - Hersham (Pratts Lane)","fee":"yes","charge":"Unknown","access":null,"wheelchair":"yes","opening_hours":null,"operator":null,"description":"Updated from Elmbridge Borough Council Website Map - Dec 2016","password":null}},{"type":"Feature","geometry":{"type":"Point","coordinates":[-0.185533762,51.617906338]},"properties":{"id":"toiletmap/6da862c252c647c14226a15a","source":"toiletmap-uk","name":"Woodside Park Station","fee":"no","charge":null,"access":null,"wheelchair":"no","opening_hours":null,"operator":null,"description":null,"password":null}},{"type":"Feature","geometry":{"type":"Point","coordinates":[-0.1492645,51.4926514]},"properties":{"id":"toiletmap/6db2185e966a5dab429728b5","source":"toiletmap-uk","name":"Victoria Coach Station","fee":"no","charge":"true","access":null,"wheelchair":"yes","opening_hours":null,"operator":null,"description":"Inside Victoria Coach station and down the steps","password":null}},{"type":"Feature","geometry":{"type":"Point","coordinates":[0.040297508,51.592109057]},"properties":{"id":"toiletmap/6db6b553ce2744fefb215d07","source":"toiletmap-uk","name":"Tesco Woodford Green","fee":"yes","charge":null,"access":null,"wheelchair":"no","opening_hours":"Mo-Su 00:00-00:00","operator":null,"description":"Closes SAT Midnight. SUN 1000-1600. Opens MON 0600. Part of Mayor of London's 'Open London' Community Toilet Scheme","password":null}},{"type":"Feature","geometry":{"type":"Point","coordinates":[0.290193558,51.521977162]},"properties":{"id":"toiletmap/6de300cf092e3649b3abe697","source":"toiletmap-uk","name":"Ockendon Station","fee":"no","charge":null,"access":null,"wheelchair":"yes","opening_hours":null,"operator":null,"description":"On platform 1","password":null}},{"type":"Feature","geometry":{"type":"Point","coordinates":[-0.3522408,51.564936]},"properties":{"id":"toiletmap/6ded51cada7b72870d996e87","source":"toiletmap-uk","name":"South Harrow Station","fee":"no","charge":"true","access":null,"wheelchair":"no","opening_hours":null,"operator":null,"description":null,"password":null}},{"type":"Feature","geometry":{"type":"Point","coordinates":[-0.146169662,51.494042743]},"properties":{"id":"toiletmap/6e04417bb22577c5ff7fd26d","source":"toiletmap-uk","name":"perranporth","fee":"no","charge":null,"access":null,"wheelchair":null,"opening_hours":null,"operator":null,"description":null,"password":null}},{"type":"Feature","geometry":{"type":"Point","coordinates":[-0.304157138,51.460547017]},"properties":{"id":"toiletmap/6e2fc7dec07a18626c4387e4","source":"toiletmap-uk","name":"The Angel and Crown","fee":"no","charge":null,"access":null,"wheelchair":"no","opening_hours":"Mo 10:00-23:00; Tu-We 10:00-22:00; Th-Sa 10:00-23:00; Su 12:00-21:00","operator":null,"description":"Part of Richmond Council's Community Toilet Scheme.","password":null}},{"type":"Feature","geometry":{"type":"Point","coordinates":[-0.25256753,51.385608895]},"properties":{"id":"toiletmap/6e60f75b43c9d4c587594575","source":"toiletmap-uk","name":"Tesco Express Sutton Malden Road","fee":"yes","charge":null,"access":null,"wheelchair":"no","opening_hours":"Mo-Su 09:00-17:00","operator":null,"description":"0700-2300.  Part of Mayor of London's 'Open London' Community Toilet Scheme","password":null}},{"type":"Feature","geometry":{"type":"Point","coordinates":[-0.085974145,51.518813946]},"properties":{"id":"toiletmap/6e6204a5b0fc50940596a1d6","source":"toiletmap-uk","name":"The Red Lion","fee":"no","charge":null,"access":null,"wheelchair":"no","opening_hours":null,"operator":null,"description":"MONDAY TO FRIDAY: 11.00 - 23.30\r\n              SATURDAY: 12.00 - 18.30\r\n              SUNDAY: Closed\r\n              BANK HOLIDAYS: Closed. Part of City of London Community Toilet Scheme.","password":null}},{"type":"Feature","geometry":{"type":"Point","coordinates":[-0.0125037,51.4942394]},"properties":{"id":"toiletmap/6e84d2211f2bb0d23b2f9790","source":"toiletmap-uk","name":"ASDA Isle of Dogs","fee":"no","charge":null,"access":null,"wheelchair":"yes","opening_hours":"Mo-Fr 06:00-00:00; Sa 06:00-22:00; Su 11:00-17:00","operator":null,"description":"A Tower Hamlets Community Toilet Scheme Venue. The toilets can all be found in the main entrance to the store.","password":null}},{"type":"Feature","geometry":{"type":"Point","coordinates":[-0.457316637,51.361871834]},"properties":{"id":"toiletmap/6e99c8ee9561db2bef7db4d8","source":"toiletmap-uk","name":"Weybridge - Railway Station","fee":"no","charge":null,"access":null,"wheelchair":"no","opening_hours":null,"operator":null,"description":".","password":null}},{"type":"Feature","geometry":{"type":"Point","coordinates":[-0.3062945,51.5440182]},"properties":{"id":"toiletmap/6e9b5c1b987bc5d9c3322132","source":"toiletmap-uk","name":null,"fee":"no","charge":null,"access":null,"wheelchair":"no","opening_hours":null,"operator":null,"description":null,"password":null}},{"type":"Feature","geometry":{"type":"Point","coordinates":[0.047163963,51.550748405]},"properties":{"id":"toiletmap/6ecd4b264a57179e4cab38f2","source":"toiletmap-uk","name":"Manor Park Library","fee":"no","charge":null,"access":null,"wheelchair":"no","opening_hours":null,"operator":null,"description":"Mon-Fri 10am-8pm. Sat 10.30am-8pm. Part of Newham Community Toilet Scheme.","password":null}},{"type":"Feature","geometry":{"type":"Point","coordinates":[-0.301547348,51.515028868]},"properties":{"id":"toiletmap/6edfb3b672f93d881c971075","source":"toiletmap-uk","name":"Ealing Broadway station (inside paid area)","fee":"no","charge":null,"access":null,"wheelchair":"yes","opening_hours":null,"operator":null,"description":"Toilets are on the paid side of the ticket gates. The disabled toilet and changing places toilet are immediately to the left once you've entered the ticket gates, these require a radar key. Women's and men's toilets are halfway down the stairs to platform 4 (Elizabeth line eastbound). There is no step-free access to those toilets.","password":null}},{"type":"Feature","geometry":{"type":"Point","coordinates":[-0.132576227,51.526202558]},"properties":{"id":"toiletmap/6f0e9a77f0df489b100eea9f","source":"toiletmap-uk","name":"Quaker Building","fee":"no","charge":null,"access":null,"wheelchair":null,"opening_hours":null,"operator":null,"description":"On ground floor near back of building - other side from cafe","password":null}},{"type":"Feature","geometry":{"type":"Point","coordinates":[-0.060159266,51.450488326]},"properties":{"id":"toiletmap/6f2b6cf18de40a95727d7405","source":"toiletmap-uk","name":"Camberwell Old Cemetery ","fee":"no","charge":null,"access":null,"wheelchair":"yes","opening_hours":"Mo-Sa 08:30-17:00; Su 10:00-17:00","operator":null,"description":null,"password":null}},{"type":"Feature","geometry":{"type":"Point","coordinates":[-0.383700728,51.28881377]},"properties":{"id":"toiletmap/6f2ef64f091b8271e27dc630","source":"toiletmap-uk","name":"Bookham station","fee":"no","charge":null,"access":null,"wheelchair":"no","opening_hours":"Mo-Su 09:00-17:00","operator":null,"description":"Requires a key, obtainable from ticket office. Ticket office is open Mon -Fri 0640-1200 Sat 0900-1200 Sun Closed.","password":null}},{"type":"Feature","geometry":{"type":"Point","coordinates":[-0.1161799,51.4374437]},"properties":{"id":"toiletmap/6f41f1faee6bb5d62186497b","source":"toiletmap-uk","name":"Hillside Gardens Park Toilet","fee":"no","charge":null,"access":null,"wheelchair":"no","opening_hours":null,"operator":null,"description":null,"password":null}},{"type":"Feature","geometry":{"type":"Point","coordinates":[-0.152421221,51.44322754]},"properties":{"id":"toiletmap/6f712c1659b260f810be0632","source":"toiletmap-uk","name":"Balham Train Station","fee":"no","charge":null,"access":null,"wheelchair":"no","opening_hours":null,"operator":null,"description":"Ticket Barriers in use","password":null}},{"type":"Feature","geometry":{"type":"Point","coordinates":[-0.0119922,51.5385438]},"properties":{"id":"toiletmap/6fa79113b2206296a9a64bed","source":"toiletmap-uk","name":"Podium Toilets","fee":"no","charge":null,"access":null,"wheelchair":"yes","opening_hours":"Mo-Su 09:00-18:00","operator":null,"description":"Open\nMon-Wed – 8.00-18.30\nThurs & Fri – 8.00-23.00\nSat – 9.00-23.00\nSun – 9.00-18.30\nHas radar accessible disabled loos\nCHANGING PLACES","password":null}},{"type":"Feature","geometry":{"type":"Point","coordinates":[-0.3668122,51.421835]},"properties":{"id":"toiletmap/6fe7a61c390e0533c6944955","source":"toiletmap-uk","name":"Carlisle Park","fee":"no","charge":null,"access":null,"wheelchair":"yes","opening_hours":null,"operator":null,"description":null,"password":null}},{"type":"Feature","geometry":{"type":"Point","coordinates":[0.009296536,51.465531422]},"properties":{"id":"toiletmap/6fec3dbd6fd70d7f14b76dcc","source":"toiletmap-uk","name":"Age Exchange","fee":"no","charge":null,"access":null,"wheelchair":"no","opening_hours":"Mo-Su 09:00-17:00","operator":null,"description":"Part of Lewisham Community Toilet Scheme","password":null}},{"type":"Feature","geometry":{"type":"Point","coordinates":[-0.336614549,51.512253059]},"properties":{"id":"toiletmap/6feda21ddfb81c685bebe022","source":"toiletmap-uk","name":"Rosario Barber Shop","fee":"no","charge":null,"access":null,"wheelchair":"no","opening_hours":null,"operator":null,"description":"Ealing Community Toilet Scheme\nTues to Fri 9:00 - 18:00\nClosed Sunday and Monday","password":null}},{"type":"Feature","geometry":{"type":"Point","coordinates":[-0.172857642,51.497322373]},"properties":{"id":"toiletmap/700d71d7602e03208b85a24f","source":"toiletmap-uk","name":"V & A Cafe","fee":"no","charge":null,"access":null,"wheelchair":"no","opening_hours":"Mo-Su 09:00-17:00","operator":null,"description":"Ground Floor","password":null}},{"type":"Feature","geometry":{"type":"Point","coordinates":[-0.061661303,51.514326843]},"properties":{"id":"toiletmap/701fd17f8f678c7175c90a92","source":"toiletmap-uk","name":"Cafe Italia","fee":"no","charge":null,"access":null,"wheelchair":"no","opening_hours":"Mo-Su 07:30-19:30","operator":null,"description":"A Tower Hamlets Community Toilet Scheme Venue. This toilet is located downstairs.","password":null}},{"type":"Feature","geometry":{"type":"Point","coordinates":[-0.047493768,51.497699765]},"properties":{"id":"toiletmap/702e3b43a168a8382e82e0ee","source":"toiletmap-uk","name":"Decathlon","fee":"no","charge":null,"access":null,"wheelchair":null,"opening_hours":null,"operator":null,"description":null,"password":null}},{"type":"Feature","geometry":{"type":"Point","coordinates":[-0.163330732,51.399989348]},"properties":{"id":"toiletmap/7039b2dfc223eefbc7a2a7e8","source":"toiletmap-uk","name":"Canons","fee":"no","charge":null,"access":null,"wheelchair":null,"opening_hours":null,"operator":null,"description":null,"password":null}},{"type":"Feature","geometry":{"type":"Point","coordinates":[-0.207007527,51.506939309]},"properties":{"id":"toiletmap/704d8312161bc6f834287a8f","source":"toiletmap-uk","name":"The Castle pub","fee":"no","charge":null,"access":null,"wheelchair":null,"opening_hours":"Mo-Sa 12:00-23:00; Su 12:00-22:00","operator":null,"description":"These toilets are primarily for the use of pub customers; however, they are accessible to the wider public. Please consider supporting the pub by making a purchase as a token of gratitude for this service.","password":null}},{"type":"Feature","geometry":{"type":"Point","coordinates":[-0.096611259,51.516560582]},"properties":{"id":"toiletmap/704fabd191296b2d74eb22ad","source":"toiletmap-uk","name":"The Lord Raglan","fee":"no","charge":null,"access":null,"wheelchair":"yes","opening_hours":"Mo-Su 09:00-17:00","operator":null,"description":"MONDAY TO FRIDAY: 11.00 - 23.00.\r\n              SATURDAY: 12.00 - 19.00.\r\n              SUNDAY: 12.00 - 22.00. Part of City of London Community Toilet Scheme.","password":null}},{"type":"Feature","geometry":{"type":"Point","coordinates":[-0.079382658,51.308564734]},"properties":{"id":"toiletmap/704fbc1daabdc73a24717c8d","source":"toiletmap-uk","name":"Station Road - Whyteleafe","fee":"no","charge":null,"access":null,"wheelchair":"yes","opening_hours":"Mo-Su 00:00-00:00","operator":null,"description":"Free Parking - so car park full.  Drop off zone outside toilet block.  A bit basic.  Checked October 2016.  CR3 0EP","password":null}},{"type":"Feature","geometry":{"type":"Point","coordinates":[-0.33683449,51.42657834]},"properties":{"id":"toiletmap/705b75974f50da35f2ac1899","source":"toiletmap-uk","name":"Sidra","fee":"no","charge":null,"access":null,"wheelchair":"yes","opening_hours":"Mo-Sa 09:00-15:30","operator":null,"description":"Part of the Community Toilet Scheme","password":null}},{"type":"Feature","geometry":{"type":"Point","coordinates":[0.051981211,51.539182792]},"properties":{"id":"toiletmap/707835eb9bfa27afb9519221","source":"toiletmap-uk","name":"East Ham Station","fee":"no","charge":null,"access":null,"wheelchair":null,"opening_hours":null,"operator":null,"description":null,"password":null}},{"type":"Feature","geometry":{"type":"Point","coordinates":[-0.060454279,51.532328185]},"properties":{"id":"toiletmap/708e63fc0c00345b5d7e9534","source":"toiletmap-uk","name":"Knees Up","fee":"no","charge":null,"access":null,"wheelchair":"no","opening_hours":"Tu-Su 08:00-16:00","operator":null,"description":"A Tower Hamlets Community Toilet Scheme Venue. There are two unisex toilets that are both step free.","password":null}},{"type":"Feature","geometry":{"type":"Point","coordinates":[-0.061154366,51.553113361]},"properties":{"id":"toiletmap/709f062960c8bc7bdeafafc3","source":"toiletmap-uk","name":"Hackney Downs Park, Downs Park Road","fee":"no","charge":null,"access":null,"wheelchair":"no","opening_hours":null,"operator":null,"description":null,"password":null}},{"type":"Feature","geometry":{"type":"Point","coordinates":[-0.1037269,51.5471417]},"properties":{"id":"toiletmap/70a44304243bbbf21b7b27bc","source":"toiletmap-uk","name":"Highbury Crescent","fee":"no","charge":null,"access":null,"wheelchair":"no","opening_hours":"Mo-Su 00:00-00:00","operator":null,"description":"currently out of order","password":null}},{"type":"Feature","geometry":{"type":"Point","coordinates":[-0.056135952,51.528414805]},"properties":{"id":"toiletmap/70c1dd66ee546402455fbc7d","source":"toiletmap-uk","name":"Boom Bap Burger","fee":"no","charge":null,"access":null,"wheelchair":"yes","opening_hours":"Mo-Th 12:00-22:00; Fr-Sa 12:00-23:00; Su 12:00-22:00","operator":null,"description":"A Tower Hamlets Community Toilet Scheme Venue. These toilets can be found on the ground floor.","password":null}},{"type":"Feature","geometry":{"type":"Point","coordinates":[-0.149318576,51.493192739]},"properties":{"id":"toiletmap/70d7c3ba15e4abc70159e182","source":"toiletmap-uk","name":"Victoria Coach Station Arrivals","fee":"no","charge":"true","access":null,"wheelchair":"yes","opening_hours":null,"operator":null,"description":"Currently out of use, 11 September 2024","password":null}},{"type":"Feature","geometry":{"type":"Point","coordinates":[-0.358056128,51.45112867]},"properties":{"id":"toiletmap/70e3f89f1d3c688a0fc44dfb","source":"toiletmap-uk","name":"La Parisienne","fee":"no","charge":null,"access":null,"wheelchair":"no","opening_hours":null,"operator":null,"description":null,"password":null}},{"type":"Feature","geometry":{"type":"Point","coordinates":[-0.023359254,51.542662138]},"properties":{"id":"toiletmap/7108db388a86c0c2e64ada8a","source":"toiletmap-uk","name":"Fabwick","fee":"no","charge":null,"access":null,"wheelchair":"no","opening_hours":"Mo-We 12:00-00:00; Th-Sa 12:00-01:00; Su 12:00-22:00","operator":null,"description":"This is a Tower Hamlets Community Toilet Scheme venue. The toilets are located on the ground floor.","password":null}},{"type":"Feature","geometry":{"type":"Point","coordinates":[-0.44973372,51.47285186]},"properties":{"id":"toiletmap/71155d4cae8a6e7e28201458","source":"toiletmap-uk","name":null,"fee":"no","charge":null,"access":null,"wheelchair":"no","opening_hours":null,"operator":null,"description":null,"password":null}},{"type":"Feature","geometry":{"type":"Point","coordinates":[-0.364404917,51.464714439]},"properties":{"id":"toiletmap/711679372f745910db9b1a49","source":"toiletmap-uk","name":"Cross Lances","fee":"no","charge":null,"access":null,"wheelchair":"no","opening_hours":null,"operator":null,"description":"Part of Hounslow Community Toilet Scheme","password":null}},{"type":"Feature","geometry":{"type":"Point","coordinates":[-0.15076617,51.555341272]},"properties":{"id":"toiletmap/716b63518367cdfd0d91c035","source":"toiletmap-uk","name":"Gospel Oak Overground Station","fee":"no","charge":null,"access":null,"wheelchair":"yes","opening_hours":null,"operator":null,"description":"Platform 3. Access via ticket barriers only.","password":null}},{"type":"Feature","geometry":{"type":"Point","coordinates":[-0.221137404,51.507517107]},"properties":{"id":"toiletmap/717915db1407696a7aeca883","source":"toiletmap-uk","name":"Westfield London (food court, upper level)","fee":"no","charge":null,"access":null,"wheelchair":"yes","opening_hours":"Mo-Su 09:00-21:00","operator":null,"description":"In food court (upper level)","password":null}},{"type":"Feature","geometry":{"type":"Point","coordinates":[-0.29701978,51.461825565]},"properties":{"id":"toiletmap/719e5aff67670d28a5160526","source":"toiletmap-uk","name":"Cafe Nano ","fee":"no","charge":null,"access":null,"wheelchair":"no","opening_hours":"Mo-Fr 07:30-15:30; Sa 08:00-15:00","operator":null,"description":"Part of Community Toilet Scheme","password":null}},{"type":"Feature","geometry":{"type":"Point","coordinates":[-0.068310499,51.647206388]},"properties":{"id":"toiletmap/71a98c2da44b5287fb3b71f4","source":"toiletmap-uk","name":"Bush Hill Park, Lincoln Road","fee":"no","charge":null,"access":null,"wheelchair":"no","opening_hours":null,"operator":null,"description":null,"password":null}},{"type":"Feature","geometry":{"type":"Point","coordinates":[-0.252599716,51.400243153]},"properties":{"id":"toiletmap/71f879ba7a2e5245e9808e97","source":"toiletmap-uk","name":"Malden Centre","fee":"no","charge":null,"access":null,"wheelchair":"no","opening_hours":"Mo-Su 00:00-00:00","operator":null,"description":"Excellent, multiple (for men; I only use those). NOTE - the one you mark a short distance to the West, in Cocks Crescent, is SQUALID. The Lat & Long you show are unreasonably precise - think about it.","password":null}},{"type":"Feature","geometry":{"type":"Point","coordinates":[-0.131924233,51.40005422]},"properties":{"id":"toiletmap/71fbbfd683608013b8920a05","source":"toiletmap-uk","name":"Pollards Hill Library","fee":"no","charge":null,"access":null,"wheelchair":null,"opening_hours":"Mo-Tu 08:00-20:00; Th-Fr 08:00-20:00; Sa 08:00-17:00","operator":null,"description":null,"password":null}},{"type":"Feature","geometry":{"type":"Point","coordinates":[-0.259822905,51.459789584]},"properties":{"id":"toiletmap/7237e95b024439f74c3c001e","source":"toiletmap-uk","name":"Palewell Common & Fields","fee":"no","charge":null,"access":null,"wheelchair":"yes","opening_hours":null,"operator":null,"description":null,"password":null}},{"type":"Feature","geometry":{"type":"Point","coordinates":[-0.205414295,51.535108106]},"properties":{"id":"toiletmap/723a807f31ccb736ffb5474d","source":"toiletmap-uk","name":"Kilburn Library ","fee":"no","charge":null,"access":null,"wheelchair":null,"opening_hours":null,"operator":null,"description":"Address:\n\n42 Salusbury Road,\n\nKilburn\n\nNW6 6NN\n\nOpening hours\nMonday to Friday: 10:30am to 6pm\nSaturday: 10:30am to 5pm\nSunday: 12pm to 5pm\n\nOpening hours are subject to change on Bank Holidays","password":null}},{"type":"Feature","geometry":{"type":"Point","coordinates":[-0.45016622,51.47323632]},"properties":{"id":"toiletmap/7241f9b4c623202515e0438a","source":"toiletmap-uk","name":null,"fee":"no","charge":null,"access":null,"wheelchair":"no","opening_hours":null,"operator":null,"description":null,"password":null}},{"type":"Feature","geometry":{"type":"Point","coordinates":[-0.05125165,51.492239631]},"properties":{"id":"toiletmap/724583d3b8c698dfcf500120","source":"toiletmap-uk","name":"Southwark Park Sports & Athletics Centre","fee":"no","charge":null,"access":null,"wheelchair":"yes","opening_hours":"Mo-Fr 06:30-22:00; Sa-Su 09:00-17:00","operator":null,"description":null,"password":null}},{"type":"Feature","geometry":{"type":"Point","coordinates":[-0.110142231,51.489103225]},"properties":{"id":"toiletmap/724af7953466fb25186c0b7f","source":"toiletmap-uk","name":"Durning Library","fee":"no","charge":null,"access":null,"wheelchair":"yes","opening_hours":"Mo-Tu 11:00-18:00; We 11:00-20:00; Fr 11:00-18:00; Sa 09:00-17:00","operator":null,"description":"Stepfree access to the library is a 5 minute journey  through a housing estate to the rear of the building.  However, a new wheelchair lift is currently (March 2023) nearing completion at the front entrance.  ","password":null}},{"type":"Feature","geometry":{"type":"Point","coordinates":[-0.144968033,51.435356976]},"properties":{"id":"toiletmap/72624a13bfa6dd8db2c180ee","source":"toiletmap-uk","name":"Tooting Bec Common Cafe","fee":"no","charge":null,"access":null,"wheelchair":"yes","opening_hours":null,"operator":null,"description":"Opens 9am","password":null}},{"type":"Feature","geometry":{"type":"Point","coordinates":[-0.270398855,51.506909427]},"properties":{"id":"toiletmap/72c0b6b9975b5b3b98521343","source":"toiletmap-uk","name":"McDonald’s","fee":"no","charge":null,"access":null,"wheelchair":"yes","opening_hours":"Mo-Su 09:00-17:00","operator":null,"description":"Ealing Community Toilet Scheme\nMon to Sun 6am - 12pm","password":null}},{"type":"Feature","geometry":{"type":"Point","coordinates":[0.00182198,51.6480515]},"properties":{"id":"toiletmap/72cd5a3a18dd26f0cfbd48c0","source":"toiletmap-uk","name":null,"fee":"no","charge":null,"access":null,"wheelchair":"no","opening_hours":null,"operator":null,"description":null,"password":null}},{"type":"Feature","geometry":{"type":"Point","coordinates":[-0.117813349,51.375782035]},"properties":{"id":"toiletmap/72d70503ce45f79bfd5eb957","source":"toiletmap-uk","name":"Sainsbury's Superstore - Croydon","fee":"yes","charge":null,"access":null,"wheelchair":"yes","opening_hours":"Mo-Su 09:00-17:00","operator":null,"description":".","password":null}},{"type":"Feature","geometry":{"type":"Point","coordinates":[-0.191512406,51.456851542]},"properties":{"id":"toiletmap/72d91ed17c5bae532a52935c","source":"toiletmap-uk","name":"Wandsworth Town Hall","fee":"no","charge":null,"access":null,"wheelchair":"no","opening_hours":null,"operator":null,"description":"Part of council Community Toilet Scheme","password":null}},{"type":"Feature","geometry":{"type":"Point","coordinates":[-0.011525452,51.491993115]},"properties":{"id":"toiletmap/72e3e349f340b378b325d40d","source":"toiletmap-uk","name":"Mudchute Park & Farm","fee":"no","charge":null,"access":null,"wheelchair":"yes","opening_hours":"Mo-Su 09:00-16:00","operator":null,"description":"A Tower Hamlets Community Toilet Scheme Venue. This toilet can be found on outside in courtyard","password":null}},{"type":"Feature","geometry":{"type":"Point","coordinates":[-0.256095171,51.48213793]},"properties":{"id":"toiletmap/730a6c591763cd9922ce4ea6","source":"toiletmap-uk","name":"New Chiswick Pool","fee":"no","charge":null,"access":null,"wheelchair":"no","opening_hours":null,"operator":null,"description":"Part of Hounslow Community Toilet Scheme","password":null}},{"type":"Feature","geometry":{"type":"Point","coordinates":[-0.1026166,51.4744846]},"properties":{"id":"toiletmap/73538adbb6fcca970e77300c","source":"toiletmap-uk","name":null,"fee":"no","charge":null,"access":null,"wheelchair":"no","opening_hours":null,"operator":null,"description":null,"password":null}},{"type":"Feature","geometry":{"type":"Point","coordinates":[-0.227140188,51.513964024]},"properties":{"id":"toiletmap/73540b25f29c84a16e8fd8ad","source":"toiletmap-uk","name":"Westworks","fee":"no","charge":null,"access":null,"wheelchair":"yes","opening_hours":"Mo-Fr 07:00-19:00","operator":null,"description":"Turn left in front of reception desk and toilets are on the left.","password":null}},{"type":"Feature","geometry":{"type":"Point","coordinates":[0.2838099,51.485488546]},"properties":{"id":"toiletmap/73541d0196f69348ad4e88f7","source":"toiletmap-uk","name":"Lakeside shopping centre","fee":"no","charge":null,"access":null,"wheelchair":"yes","opening_hours":null,"operator":null,"description":null,"password":null}},{"type":"Feature","geometry":{"type":"Point","coordinates":[-0.01396358,51.55992735]},"properties":{"id":"toiletmap/735ea70e63d4918509c28648","source":"toiletmap-uk","name":"Score Centre","fee":"yes","charge":null,"access":null,"wheelchair":"yes","opening_hours":"Mo-Su 09:00-17:00","operator":null,"description":"Mon-Fri: 8am-10pm; Sat-Sun: 8am-6pm. Part of Waltham Forest Community Toilet Scheme.","password":null}},{"type":"Feature","geometry":{"type":"Point","coordinates":[0.028452873,51.406947841]},"properties":{"id":"toiletmap/741dd77b1289bd2890abc724","source":"toiletmap-uk","name":"BP Connect Filling Station - Bromley East","fee":"no","charge":"0","access":null,"wheelchair":"no","opening_hours":"Mo-Su 09:00-17:00","operator":null,"description":"Open: Mon-Sun 7am-M&S Shop; ATM; Wild Bean Cafe; HGV Suitable (single pump row).  Checked June 2017. BR1 3AX.","password":null}},{"type":"Feature","geometry":{"type":"Point","coordinates":[-0.3234941,51.447785]},"properties":{"id":"toiletmap/742c040659fd192faa4d731b","source":"toiletmap-uk","name":"York House Gardens Urinals","fee":"no","charge":null,"access":null,"wheelchair":"no","opening_hours":null,"operator":null,"description":"Part of Richmond Community Toilet Scheme","password":null}},{"type":"Feature","geometry":{"type":"Point","coordinates":[-0.180454731,51.547076455]},"properties":{"id":"toiletmap/743b4f957c25ae974c6557b9","source":"toiletmap-uk","name":"Finchley Road Tube Station","fee":"no","charge":null,"access":null,"wheelchair":"no","opening_hours":null,"operator":null,"description":"Toilets are inside ticket gateline!","password":null}},{"type":"Feature","geometry":{"type":"Point","coordinates":[-0.169817,51.4584735]},"properties":{"id":"toiletmap/7454fb0b29928f8193f68eb8","source":"toiletmap-uk","name":"St Mary's Cemetery","fee":"no","charge":null,"access":null,"wheelchair":"no","opening_hours":"Mo-Su 09:00-18:00","operator":null,"description":"Functional. A little al fresco.","password":null}},{"type":"Feature","geometry":{"type":"Point","coordinates":[-0.018206835,51.503149527]},"properties":{"id":"toiletmap/746cb20d58bf2fbc3825748d","source":"toiletmap-uk","name":"Jubilee Place - Mall, Level -2 (inside Wharf Kitchen)","fee":"no","charge":null,"access":null,"wheelchair":"yes","opening_hours":"Mo-Su 11:00-22:00","operator":null,"description":"A Tower Hamlets Community Toilet Scheme Venue. These toilets can be located on Level -2 and are situated inside Wharf Kitchen. The disabled toilet is a unisex toilet.","password":null}},{"type":"Feature","geometry":{"type":"Point","coordinates":[-0.002553463,51.586076514]},"properties":{"id":"toiletmap/74734cfcbb478ee48b9e912e","source":"toiletmap-uk","name":"E J Lancaster (Garden Centre)","fee":"yes","charge":null,"access":null,"wheelchair":"no","opening_hours":"Mo-Su 09:00-17:00","operator":null,"description":"Mon-Sat: 9am-6pm; Sun: 10am-4pm. Part of Waltham Forest Community Toilet Scheme.","password":null}},{"type":"Feature","geometry":{"type":"Point","coordinates":[-0.278324783,51.477049682]},"properties":{"id":"toiletmap/74d2547de29c293816b50412","source":"toiletmap-uk","name":"Marks & Spencer","fee":"no","charge":null,"access":null,"wheelchair":"yes","opening_hours":"Mo-Su 09:00-17:00","operator":null,"description":"Part of Richmond Community Toilet Scheme","password":null}},{"type":"Feature","geometry":{"type":"Point","coordinates":[-0.092959975,51.516125695]},"properties":{"id":"toiletmap/74dd623eaa85b760a8d20b8b","source":"toiletmap-uk","name":"Aldermanbury (Automatic)","fee":"no","charge":"£0.20","access":null,"wheelchair":"no","opening_hours":"Mo-Su 00:00-00:00","operator":null,"description":"Reported shut in 2016, but in 2018 it looks like it is operational but not tried it.\n\nToilet has been removed as per December 2021 Google Street View","password":null}},{"type":"Feature","geometry":{"type":"Point","coordinates":[0.133460723,51.463552852]},"properties":{"id":"toiletmap/74e7a8b31fc3b5574511a3b9","source":"toiletmap-uk","name":"Bexleyheath Station","fee":"no","charge":null,"access":null,"wheelchair":"no","opening_hours":null,"operator":null,"description":null,"password":null}},{"type":"Feature","geometry":{"type":"Point","coordinates":[0.101526976,51.421734169]},"properties":{"id":"toiletmap/74f6137e4078521e118acc83","source":"toiletmap-uk","name":"Sidcup Place Recreation Ground","fee":"no","charge":null,"access":null,"wheelchair":"no","opening_hours":null,"operator":null,"description":null,"password":null}},{"type":"Feature","geometry":{"type":"Point","coordinates":[-0.114406943,51.340299066]},"properties":{"id":"toiletmap/74fd0d161b07f8c8b78476e0","source":"toiletmap-uk","name":"Purley Hospital","fee":"yes","charge":null,"access":null,"wheelchair":"yes","opening_hours":null,"operator":null,"description":null,"password":null}},{"type":"Feature","geometry":{"type":"Point","coordinates":[-0.021007061,51.584349812]},"properties":{"id":"toiletmap/751a976da60cf892a6e1b343","source":"toiletmap-uk","name":"Walthamstow library","fee":"no","charge":null,"access":null,"wheelchair":null,"opening_hours":null,"operator":null,"description":null,"password":null}},{"type":"Feature","geometry":{"type":"Point","coordinates":[-0.116000175,51.514626767]},"properties":{"id":"toiletmap/75294c87a0b10c37bd1b6719","source":"toiletmap-uk","name":"British Library of Political and Economic Science","fee":"no","charge":null,"access":null,"wheelchair":"yes","opening_hours":null,"operator":null,"description":"Toilets are located on the left, before the barriers to enter the library.","password":null}},{"type":"Feature","geometry":{"type":"Point","coordinates":[-0.0148641,51.5476489]},"properties":{"id":"toiletmap/753cd24c788068dea774a12b","source":"toiletmap-uk","name":"Timber Lodge","fee":"yes","charge":"No Charge","access":null,"wheelchair":"yes","opening_hours":"Mo-Su 09:00-17:00","operator":null,"description":"Open seven days per week between 9.00-17.00.\r\n\r\nCHANGING PLACES","password":null}},{"type":"Feature","geometry":{"type":"Point","coordinates":[-0.143342548,51.610395783]},"properties":{"id":"toiletmap/7542cc5da7d1176582279473","source":"toiletmap-uk","name":"McDonald's","fee":"no","charge":null,"access":null,"wheelchair":"yes","opening_hours":null,"operator":null,"description":null,"password":null}},{"type":"Feature","geometry":{"type":"Point","coordinates":[-0.13328433,51.507941143]},"properties":{"id":"toiletmap/754f7b6ece6abb0f74d20837","source":"toiletmap-uk","name":"Benvenuti Cafe","fee":"no","charge":null,"access":null,"wheelchair":"no","opening_hours":"Mo-Fr 09:00-17:00","operator":null,"description":"This business participates in the Use Our Loos Community Toilet Scheme","password":null}},{"type":"Feature","geometry":{"type":"Point","coordinates":[-0.505542755,51.339508196]},"properties":{"id":"toiletmap/759d96ffdab2772c7794c594","source":"toiletmap-uk","name":"West Byfleet Station","fee":"no","charge":null,"access":null,"wheelchair":"no","opening_hours":null,"operator":null,"description":null,"password":null}},{"type":"Feature","geometry":{"type":"Point","coordinates":[-0.013861656,51.379530553]},"properties":{"id":"toiletmap/75b69c7597a13a3e8653cf23","source":"toiletmap-uk","name":"West Wickham Leisure Centre","fee":"yes","charge":"0","access":null,"wheelchair":"no","opening_hours":null,"operator":null,"description":"West Wickham Leisure Centre was closed this year for demolition and redevelopment. ","password":null}},{"type":"Feature","geometry":{"type":"Point","coordinates":[-0.3590027,51.4523967]},"properties":{"id":"toiletmap/75b8aa71e0bae72ab6e37fc3","source":"toiletmap-uk","name":"Whitton Library Car Park","fee":"no","charge":null,"access":null,"wheelchair":"no","opening_hours":null,"operator":null,"description":"Part of Richmond Community Toilet Scheme","password":null}},{"type":"Feature","geometry":{"type":"Point","coordinates":[-0.248866081,51.345007145]},"properties":{"id":"toiletmap/75c48a055ac4179d1e194938","source":"toiletmap-uk","name":"Esso Filling Station - Ewell","fee":"yes","charge":null,"access":null,"wheelchair":"no","opening_hours":null,"operator":null,"description":null,"password":null}},{"type":"Feature","geometry":{"type":"Point","coordinates":[-0.114128832,51.5031837]},"properties":{"id":"toiletmap/75f6919ed5f4616d0b644d80","source":"toiletmap-uk","name":"Waterloo Station - The Sidings","fee":"no","charge":null,"access":null,"wheelchair":"yes","opening_hours":"Mo-Su 06:00-01:00","operator":null,"description":"Situated in the new shopping area below platforms 21 to 24.","password":null}},{"type":"Feature","geometry":{"type":"Point","coordinates":[-0.074358881,51.519474788]},"properties":{"id":"toiletmap/760b0191d64338cb3691eb60","source":"toiletmap-uk","name":"Flat Iron Steak","fee":"no","charge":null,"access":null,"wheelchair":"yes","opening_hours":"Mo-Tu 12:00-22:00; We-Th 12:00-23:00; Fr-Sa 12:00-23:30; Su 12:00-22:00","operator":null,"description":"A Tower Hamlets Community Toilet Scheme Venue. The toilet is located on the ground floor.","password":null}},{"type":"Feature","geometry":{"type":"Point","coordinates":[0.085841417,51.54660193]},"properties":{"id":"toiletmap/761fee4dbfaa7a029a7d6deb","source":"toiletmap-uk","name":"Barking Park Visitors Centre","fee":"no","charge":"No Charge","access":null,"wheelchair":"no","opening_hours":null,"operator":null,"description":"Summer (April - September): 7.30 - 20.00\r\nWinter (October - March): 7.30 - 15.45pm","password":null}},{"type":"Feature","geometry":{"type":"Point","coordinates":[-0.054487,51.4267292]},"properties":{"id":"toiletmap/767d8f20309096f9399d0f28","source":"toiletmap-uk","name":"Sydenham Station Approach Public Toilet","fee":"no","charge":null,"access":null,"wheelchair":"yes","opening_hours":"Mo-Su 00:00-00:00","operator":null,"description":null,"password":null}},{"type":"Feature","geometry":{"type":"Point","coordinates":[-0.099236369,51.551377182]},"properties":{"id":"toiletmap/76af54aae01206a3ad63253f","source":"toiletmap-uk","name":"Highbury Fields","fee":"no","charge":null,"access":null,"wheelchair":"no","opening_hours":"Mo-Su 00:00-00:00","operator":null,"description":"Open when the tennis courts are, typically 8am to 9pm:  https://www.better.org.uk/leisure-centre/london/islington/highburyfields","password":null}},{"type":"Feature","geometry":{"type":"Point","coordinates":[-0.006855726,51.438971874]},"properties":{"id":"toiletmap/76cc982449acdc0a1a22c2ed","source":"toiletmap-uk","name":"Abbotshall Healthy Lifestyle Centre","fee":"no","charge":null,"access":null,"wheelchair":"no","opening_hours":"Mo-Su 09:00-17:00","operator":null,"description":"Opening Times:\n09.00 - 21.00 Monday - Friday\n09.00 - 18.00 Saturday - Sunday\n\nPart of the Lewisham Community Toilet Scheme. \nPart of the Use Our Loos Community Toilet Scheme","password":null}},{"type":"Feature","geometry":{"type":"Point","coordinates":[-0.175523758,51.51767307]},"properties":{"id":"toiletmap/76cf4e504e263e6c2c571da3","source":"toiletmap-uk","name":"Plymouth","fee":"no","charge":null,"access":null,"wheelchair":null,"opening_hours":null,"operator":null,"description":null,"password":null}},{"type":"Feature","geometry":{"type":"Point","coordinates":[-0.322414935,51.429291544]},"properties":{"id":"toiletmap/76dfdb4d08ab8aaced68864a","source":"toiletmap-uk","name":"The Anglers ","fee":"no","charge":null,"access":null,"wheelchair":"yes","opening_hours":"Mo-Su 10:00-23:30","operator":null,"description":"Part of Richmond Council's Community Toilet Scheme.","password":null}},{"type":"Feature","geometry":{"type":"Point","coordinates":[-0.405641198,51.304216796]},"properties":{"id":"toiletmap/770d599f30de96e81b824fae","source":"toiletmap-uk","name":"Cobham Services M25 - Food Court","fee":"no","charge":null,"access":null,"wheelchair":"yes","opening_hours":null,"operator":null,"description":"Starbucks; McDonalds; KFC; Fish and Chips; Small M&S; and Greggs.  Checked April 2017","password":null}},{"type":"Feature","geometry":{"type":"Point","coordinates":[-0.464183092,51.354629555]},"properties":{"id":"toiletmap/7725b4d669873ad37256838d","source":"toiletmap-uk","name":"Brooklands Museum Cafe","fee":"yes","charge":null,"access":null,"wheelchair":"yes","opening_hours":null,"operator":null,"description":"KT13 0QN. Free Parking. Cafe doing main meals. Requires Ticket. Checked October 2016.","password":null}},{"type":"Feature","geometry":{"type":"Point","coordinates":[-0.398501158,51.579083095]},"properties":{"id":"toiletmap/7751764f2f9365c930ba7b24","source":"toiletmap-uk","name":"Devonshire Lodge Car Park","fee":null,"charge":null,"access":null,"wheelchair":null,"opening_hours":null,"operator":null,"description":null,"password":null}},{"type":"Feature","geometry":{"type":"Point","coordinates":[0.090529919,51.532615214]},"properties":{"id":"toiletmap/77623cdb492144f53f0c1226","source":"toiletmap-uk","name":"Greatfields Park","fee":"yes","charge":"No Charge","access":null,"wheelchair":"yes","opening_hours":"Mo-Su 09:00-17:00","operator":null,"description":"Monday - Sunday: 08.00 - 16.00","password":null}},{"type":"Feature","geometry":{"type":"Point","coordinates":[-0.195506215,51.539587422]},"properties":{"id":"toiletmap/776d0214aaa70d5150673635","source":"toiletmap-uk","name":"Community Toilet Scheme McDonald's","fee":"no","charge":null,"access":null,"wheelchair":"yes","opening_hours":null,"operator":null,"description":"Part of Camden's Community Toilet Scheme\r\n\r\nOpen: \t\r\nMonday\t- Sunday: 05:00 - 02:00","password":null}},{"type":"Feature","geometry":{"type":"Point","coordinates":[-0.090851784,51.652630356]},"properties":{"id":"toiletmap/77812dba81a5af7f8a01a706","source":"toiletmap-uk","name":"Enfield Chase station toilet - accessible toilet and other toilets","fee":"no","charge":null,"access":null,"wheelchair":"yes","opening_hours":"Mo-Su 07:00-16:00","operator":null,"description":"After the turnstiles and upstairs. On platform to London.\nRadar key for accessible toilet available from cafe on platform or gate line staff.","password":null}},{"type":"Feature","geometry":{"type":"Point","coordinates":[-0.2978537,51.4815655]},"properties":{"id":"toiletmap/778b251912607a80e41461ec","source":"toiletmap-uk","name":"Kew Gardens","fee":"no","charge":null,"access":null,"wheelchair":"no","opening_hours":null,"operator":null,"description":null,"password":null}},{"type":"Feature","geometry":{"type":"Point","coordinates":[-0.062742233,51.342415248]},"properties":{"id":"toiletmap/780789e3fe1cc0f7b0a726ab","source":"toiletmap-uk","name":"Selsdon Hall & Jubilee Coffee Shop","fee":"no","charge":null,"access":null,"wheelchair":"yes","opening_hours":"Mo-Fr 08:30-17:00; Sa 09:00-16:00","operator":null,"description":"Has its own entrance but can also be reached by going down the stairs from the Sainsbury's entrance too. There is a lift as well. Selsdon library is also here.","password":null}},{"type":"Feature","geometry":{"type":"Point","coordinates":[-0.127415657,51.437885094]},"properties":{"id":"toiletmap/78106fd3d07db125c01c2aa7","source":"toiletmap-uk","name":"The Hamlet","fee":"no","charge":null,"access":null,"wheelchair":"no","opening_hours":null,"operator":null,"description":"Mon - Thu: 11:00 - 23:00 Fri & Sat: 11:00 - 03:00 Sun: 12:00 - 00:00. Part of Lambeth Community Toilet Scheme.","password":null}},{"type":"Feature","geometry":{"type":"Point","coordinates":[-0.4762703,51.636671]},"properties":{"id":"toiletmap/781c84ddc60a66aa2bfe2dd1","source":"toiletmap-uk","name":null,"fee":"no","charge":null,"access":null,"wheelchair":"no","opening_hours":null,"operator":null,"description":null,"password":null}},{"type":"Feature","geometry":{"type":"Point","coordinates":[-0.364338398,51.468754925]},"properties":{"id":"toiletmap/782d0e6f7b519c17d0ae5453","source":"toiletmap-uk","name":"Holy Trinity Church","fee":"no","charge":null,"access":null,"wheelchair":"no","opening_hours":null,"operator":null,"description":"Part of Hounslow Community Toilet Scheme","password":null}},{"type":"Feature","geometry":{"type":"Point","coordinates":[-0.126855075,51.513911544]},"properties":{"id":"toiletmap/7858bb13dae843176c0a5e17","source":"toiletmap-uk","name":"The Crown (Seven Dials)","fee":"no","charge":null,"access":null,"wheelchair":"no","opening_hours":"Mo-Sa 12:00-23:00; Su 12:00-22:00","operator":null,"description":"Here at the Crown, we recognise the need for more publicly available toilets. We provide access for anyone in need free of charge. Regrettably, due to our historic building layout, we don't have an accessible toilet, both ladies' and gents' have stairs leading to them.","password":null}},{"type":"Feature","geometry":{"type":"Point","coordinates":[-0.412700772,51.329513902]},"properties":{"id":"toiletmap/7859b0f1cf34f058de8e455f","source":"toiletmap-uk","name":"Automatic Toilet - Cobham (Between Streets Road)","fee":"yes","charge":"Unknown","access":null,"wheelchair":"yes","opening_hours":null,"operator":null,"description":"Updated from Elmbridge Borough Council Website map - Dec 2016","password":null}},{"type":"Feature","geometry":{"type":"Point","coordinates":[-0.153207779,51.545970545]},"properties":{"id":"toiletmap/785f3686d5fade37e0d50ebe","source":"toiletmap-uk","name":"Zabludowicz Collection","fee":"no","charge":null,"access":null,"wheelchair":"yes","opening_hours":"Th-Su 12:00-18:00","operator":null,"description":"An ace toilet with quite a nice gallery attached.","password":null}},{"type":"Feature","geometry":{"type":"Point","coordinates":[-0.358214379,51.467300745]},"properties":{"id":"toiletmap/7874e6acd6e333adb55b3569","source":"toiletmap-uk","name":"Inwood Park Cafe","fee":"no","charge":null,"access":null,"wheelchair":"no","opening_hours":null,"operator":null,"description":"Part of Hounslow Community Toilet Scheme","password":null}},{"type":"Feature","geometry":{"type":"Point","coordinates":[-0.060357749,51.515396101]},"properties":{"id":"toiletmap/789ac3af8ea4fd507a755852","source":"toiletmap-uk","name":"Cafe Donatella","fee":"no","charge":null,"access":null,"wheelchair":"no","opening_hours":"Mo-Sa 07:00-16:00","operator":null,"description":"A Tower Hamlets Community Toilet Scheme Venue. This toilet is located on the ground floor and is step free.","password":null}},{"type":"Feature","geometry":{"type":"Point","coordinates":[-0.334404409,51.427691511]},"properties":{"id":"toiletmap/789ce697533240fff7918be2","source":"toiletmap-uk","name":"Teddington Library","fee":"no","charge":null,"access":null,"wheelchair":"yes","opening_hours":"Mo 09:30-19:00; Tu 09:30-18:00; We 10:00-19:00; Th-Fr 09:30-18:00; Sa 09:30-16:00; Su 13:00-17:00","operator":null,"description":"Part of Richmond Community Toilet Scheme","password":null}},{"type":"Feature","geometry":{"type":"Point","coordinates":[-0.126187205,51.530589587]},"properties":{"id":"toiletmap/78af02aeb6cd5be2ee731156","source":"toiletmap-uk","name":"St Pancras International Station / Tube station","fee":"no","charge":null,"access":null,"wheelchair":"no","opening_hours":null,"operator":null,"description":"Mon-Sun 4.30am-00.30am.\n\nToilets are outside ticket gateline!","password":null}},{"type":"Feature","geometry":{"type":"Point","coordinates":[-0.0911556,51.5059788]},"properties":{"id":"toiletmap/78b3f1ccdaa8a408270ed69b","source":"toiletmap-uk","name":"Borough market 1","fee":"no","charge":null,"access":null,"wheelchair":"no","opening_hours":null,"operator":null,"description":"corner of delivery yard  Winchester Walk","password":null}},{"type":"Feature","geometry":{"type":"Point","coordinates":[-0.120217623,51.522271588]},"properties":{"id":"toiletmap/78cf2397088671ac15239ae1","source":"toiletmap-uk","name":"Great Ormond Street Hospital toilet in main building","fee":"no","charge":null,"access":null,"wheelchair":"yes","opening_hours":null,"operator":null,"description":"its in the hospital main building. Also has a Changing Places bathroom.","password":null}},{"type":"Feature","geometry":{"type":"Point","coordinates":[-0.020197034,51.443823613]},"properties":{"id":"toiletmap/78d9ddc72619af515aa55de8","source":"toiletmap-uk","name":"Mekan Café & Restaurant","fee":"no","charge":null,"access":null,"wheelchair":"no","opening_hours":"Mo-Su 09:00-17:00","operator":null,"description":null,"password":null}},{"type":"Feature","geometry":{"type":"Point","coordinates":[-0.265036311,51.630387773]},"properties":{"id":"toiletmap/7907dcb6eb3132af4f1a6fe1","source":"toiletmap-uk","name":"London Gateway Services (Scratch wood)","fee":"no","charge":null,"access":null,"wheelchair":"yes","opening_hours":null,"operator":null,"description":null,"password":null}},{"type":"Feature","geometry":{"type":"Point","coordinates":[-0.4331616,51.5907836]},"properties":{"id":"toiletmap/7913ff40a464f398e48a3b84","source":"toiletmap-uk","name":null,"fee":"no","charge":null,"access":null,"wheelchair":"no","opening_hours":null,"operator":null,"description":null,"password":null}},{"type":"Feature","geometry":{"type":"Point","coordinates":[-0.3187803,51.5281784]},"properties":{"id":"toiletmap/7973cf36799ee8a5751d9432","source":"toiletmap-uk","name":"Cafe Berry","fee":"yes","charge":"Customers only","access":null,"wheelchair":"no","opening_hours":"Mo-Fr 08:30-14:30; Sa 08:30-16:00; Su 09:00-15:00","operator":null,"description":null,"password":null}},{"type":"Feature","geometry":{"type":"Point","coordinates":[-0.30031,51.4095825]},"properties":{"id":"toiletmap/798f2de2f88df01ef421827a","source":"toiletmap-uk","name":"Kingston Museum / Kingston Library","fee":"no","charge":null,"access":null,"wheelchair":null,"opening_hours":"Th-Sa 10:00-17:00","operator":null,"description":null,"password":null}},{"type":"Feature","geometry":{"type":"Point","coordinates":[-0.030258,51.532785833]},"properties":{"id":"toiletmap/79afe22ecf7185dea7cd99bf","source":"toiletmap-uk","name":"Costa Coffee","fee":"no","charge":null,"access":null,"wheelchair":"yes","opening_hours":"Mo-Sa 07:00-17:30; Su 08:00-17:30","operator":null,"description":"A Tower Hamlets Community Toilet Scheme Venue. Toilets are located on the ground floor.","password":null}},{"type":"Feature","geometry":{"type":"Point","coordinates":[-0.007775723,51.508548811]},"properties":{"id":"toiletmap/79b19b39671f7850e8f29be6","source":"toiletmap-uk","name":"Dock Coffee","fee":"no","charge":null,"access":null,"wheelchair":"yes","opening_hours":"Mo-Fr 07:00-16:30; Sa-Su 08:00-16:30","operator":null,"description":"This is a Tower Hamlets Community Toilet Scheme venue. The toilet is on the ground floor with a step at the entrance.","password":null}},{"type":"Feature","geometry":{"type":"Point","coordinates":[-0.28440644,51.556495477]},"properties":{"id":"toiletmap/79e0b10b44a528e928839059","source":"toiletmap-uk","name":"LDO","fee":"no","charge":null,"access":null,"wheelchair":"yes","opening_hours":null,"operator":null,"description":"Toilets are open when shops in the LDO are open.","password":null}},{"type":"Feature","geometry":{"type":"Point","coordinates":[-0.136457384,51.519839239]},"properties":{"id":"toiletmap/7a03f5247087c56c5f2d242c","source":"toiletmap-uk","name":null,"fee":"no","charge":null,"access":null,"wheelchair":"no","opening_hours":null,"operator":null,"description":null,"password":null}},{"type":"Feature","geometry":{"type":"Point","coordinates":[-0.190544128,51.427079422]},"properties":{"id":"toiletmap/7a95d4427ec9b75d73feae69","source":"toiletmap-uk","name":"Haydons Cafe","fee":"no","charge":null,"access":null,"wheelchair":"no","opening_hours":null,"operator":null,"description":"Mon - Sat: 06.30 - 15.00; Sun: closed. ","password":null}},{"type":"Feature","geometry":{"type":"Point","coordinates":[-0.223889351,51.49215902]},"properties":{"id":"toiletmap/7aa34dfa75cbaebbea4d6d43","source":"toiletmap-uk","name":"Broadway Shopping Centre","fee":"yes","charge":"£0.50","access":null,"wheelchair":"yes","opening_hours":"Mo-Sa 05:30-22:30; Su 07:00-22:30","operator":null,"description":"Between Tesco and the rear tube station entrance (Hammersmith station, District and Piccadilly lines). From the main entrance, you need to walk past the first tube entrance and go all the way to the end of the corridor.\nDisabled toilet is free. Paid toilets are card only.\nBaby change is free but you may have to ask staff to unlock it. ","password":null}},{"type":"Feature","geometry":{"type":"Point","coordinates":[-0.194983184,51.370633262]},"properties":{"id":"toiletmap/7ab7694c2a19cdf2de23c798","source":"toiletmap-uk","name":"Sutton Green Cafe","fee":"no","charge":null,"access":null,"wheelchair":null,"opening_hours":"Mo-Su 08:00-19:00","operator":null,"description":"Inside cafe","password":null}},{"type":"Feature","geometry":{"type":"Point","coordinates":[-0.030212402,51.684476723]},"properties":{"id":"toiletmap/7b182b12d793751a1194a79b","source":"toiletmap-uk","name":"Community Alliance for Broxbourne and East Herts Skills Hub","fee":"no","charge":null,"access":null,"wheelchair":"yes","opening_hours":"Tu-Th 09:00-16:00","operator":null,"description":null,"password":null}},{"type":"Feature","geometry":{"type":"Point","coordinates":[-0.077334123,51.281493965]},"properties":{"id":"toiletmap/7b1dabac9ad5ac254c54bf59","source":"toiletmap-uk","name":"Greggs","fee":"yes","charge":null,"access":null,"wheelchair":"no","opening_hours":"Mo-Su 09:00-17:00","operator":null,"description":"For customers but they don't mind if you need to use so long as you ask","password":null}},{"type":"Feature","geometry":{"type":"Point","coordinates":[-0.024649501,51.477731264]},"properties":{"id":"toiletmap/7b5da3fd15b05ac06f032f70","source":"toiletmap-uk","name":"Deptford Lounge Library","fee":"yes","charge":null,"access":null,"wheelchair":"yes","opening_hours":"Mo-Su 09:00-17:00","operator":null,"description":"Monday-Friday​ 8am–10pm​ \r\nSaturday​ 9am–5pm​ \r\nSunday​ 10am–5pm","password":null}},{"type":"Feature","geometry":{"type":"Point","coordinates":[-0.243211985,51.439349732]},"properties":{"id":"toiletmap/7b7026b2f5a3d49f7d952f53","source":"toiletmap-uk","name":"Putney Vale Cemetery","fee":"no","charge":null,"access":null,"wheelchair":"no","opening_hours":"Mo-Su 09:00-18:00","operator":null,"description":null,"password":null}},{"type":"Feature","geometry":{"type":"Point","coordinates":[-0.197646618,51.518377182]},"properties":{"id":"toiletmap/7b7c5348420dc471eae14a60","source":"toiletmap-uk","name":"Bayswater Service Centre- Shrewsbury Road W2 5PR","fee":"no","charge":null,"access":null,"wheelchair":null,"opening_hours":"Mo-Fr 09:00-17:00","operator":null,"description":"1 toilet accessible to the public from the reception area.  ","password":null}},{"type":"Feature","geometry":{"type":"Point","coordinates":[-0.131428242,51.425116001]},"properties":{"id":"toiletmap/7bcad7e2a7633989b733a48b","source":"toiletmap-uk","name":"Tesco Extra","fee":"no","charge":null,"access":null,"wheelchair":"no","opening_hours":"Mo-Su 00:00-00:00","operator":null,"description":"Closes at midnight on saturdays and only open 10-4 on Sundays. Part of Mayor of London OPEN LONDON scheme.","password":null}},{"type":"Feature","geometry":{"type":"Point","coordinates":[0.2721278,51.4922658]},"properties":{"id":"toiletmap/7be83033d4aa6a7b11bbc915","source":"toiletmap-uk","name":"Thurrock -  M 25 Motorway Services","fee":"no","charge":null,"access":null,"wheelchair":"yes","opening_hours":null,"operator":null,"description":"Full Motorway Service Area","password":null}},{"type":"Feature","geometry":{"type":"Point","coordinates":[-0.043333769,51.307377601]},"properties":{"id":"toiletmap/7c1c657056152bb9834ba923","source":"toiletmap-uk","name":"Sainsburys - Warlingham","fee":"yes","charge":"0","access":null,"wheelchair":"yes","opening_hours":"Mo-Su 09:00-17:00","operator":null,"description":"Opening: Mon-Fri 8am-10pm; Sat 7am-10pm; Sun 10am-4pm.  CR6 9DY","password":null}},{"type":"Feature","geometry":{"type":"Point","coordinates":[-0.201385617,51.512361561]},"properties":{"id":"toiletmap/7c1e17fac7cb57a2426734ff","source":"toiletmap-uk","name":null,"fee":"no","charge":null,"access":null,"wheelchair":"no","opening_hours":null,"operator":null,"description":null,"password":null}},{"type":"Feature","geometry":{"type":"Point","coordinates":[-0.136151833,51.41868917]},"properties":{"id":"toiletmap/7c4f1e382b581600b548367b","source":"toiletmap-uk","name":"Streatham Common Station","fee":"no","charge":null,"access":null,"wheelchair":"no","opening_hours":null,"operator":null,"description":"Closed by staff.","password":null}},{"type":"Feature","geometry":{"type":"Point","coordinates":[-0.2955861,51.4826368]},"properties":{"id":"toiletmap/7c74d6cef98a6ababc706a8b","source":"toiletmap-uk","name":"Kew Gardens","fee":"no","charge":null,"access":null,"wheelchair":"no","opening_hours":null,"operator":null,"description":null,"password":null}},{"type":"Feature","geometry":{"type":"Point","coordinates":[-0.206637383,51.375303194]},"properties":{"id":"toiletmap/7ca17738f9cf571b0675e125","source":"toiletmap-uk","name":"Tesco Extra Superstore - Sutton Cheam","fee":"no","charge":null,"access":null,"wheelchair":"no","opening_hours":"Mo-Su 00:00-00:00","operator":null,"description":"Has cafe and Costa Coffee.  24/7 but closes SAT Midnight. SUN 1000-1600. Opens MON 0600. Part of Mayor of London's 'Open London' Community Toilet Scheme","password":null}},{"type":"Feature","geometry":{"type":"Point","coordinates":[-0.307115698,51.512649255]},"properties":{"id":"toiletmap/7cae8f0400e43c8f450523d1","source":"toiletmap-uk","name":"Cafe Nero","fee":"no","charge":null,"access":null,"wheelchair":"yes","opening_hours":"Mo-Su 09:00-17:00","operator":null,"description":null,"password":null}},{"type":"Feature","geometry":{"type":"Point","coordinates":[0.065891147,51.521274989]},"properties":{"id":"toiletmap/7cd62461d1af4ab25b9f7667","source":"toiletmap-uk","name":"Sainsbury's Beckton","fee":"no","charge":null,"access":null,"wheelchair":"yes","opening_hours":null,"operator":null,"description":null,"password":null}},{"type":"Feature","geometry":{"type":"Point","coordinates":[-0.092963743,51.516233019]},"properties":{"id":"toiletmap/7cdf262fb71404e3f3c9d7fc","source":"toiletmap-uk","name":"The London Centre","fee":"no","charge":null,"access":null,"wheelchair":null,"opening_hours":"Mo-Sa 11:00-04:00","operator":null,"description":null,"password":null}},{"type":"Feature","geometry":{"type":"Point","coordinates":[-0.078591579,51.51157341]},"properties":{"id":"toiletmap/7ceb1dd024a609f2cea28ce5","source":"toiletmap-uk","name":"London Fenchurch Street","fee":"no","charge":null,"access":null,"wheelchair":"yes","opening_hours":null,"operator":null,"description":"Situated on the ground floor of the main entrance, to the left of the stairs / escalators leading up to the concourse and platforms.","password":null}},{"type":"Feature","geometry":{"type":"Point","coordinates":[0.104423722,51.450198265]},"properties":{"id":"toiletmap/7cf165c7f5cf59aca139a823","source":"toiletmap-uk","name":"Blackfen Community Library","fee":"no","charge":null,"access":null,"wheelchair":"yes","opening_hours":"Tu-Fr 09:30-17:00; Sa 09:30-12:30","operator":null,"description":"The disabled toilet is unisex/gender neutral.","password":null}},{"type":"Feature","geometry":{"type":"Point","coordinates":[-0.339283347,51.491590561]},"properties":{"id":"toiletmap/7d07a9fbcd7e26b6cb840d3b","source":"toiletmap-uk","name":"Hare and Hounds","fee":"no","charge":null,"access":null,"wheelchair":"no","opening_hours":null,"operator":null,"description":"Part of Hounslow Community Toilet Scheme","password":null}},{"type":"Feature","geometry":{"type":"Point","coordinates":[-0.169794788,51.35741124]},"properties":{"id":"toiletmap/7d0c50732c5906719d4badb4","source":"toiletmap-uk","name":"Carshalton Beeches Station","fee":"no","charge":null,"access":null,"wheelchair":"yes","opening_hours":null,"operator":null,"description":"Toilets are on the platform 1 and so you either tap in or ask the staff if you can use them.\nNot guaranteed to be open at all times.","password":null}},{"type":"Feature","geometry":{"type":"Point","coordinates":[-0.23491323,51.476428003]},"properties":{"id":"toiletmap/7d27470f94a426de6c4d3f13","source":"toiletmap-uk","name":"London Wetland Centre","fee":"no","charge":null,"access":null,"wheelchair":"yes","opening_hours":"Mo-Su 10:00-17:30","operator":null,"description":"Closed Christmas. Part of Richmond Council's Community Toilet Scheme","password":null}},{"type":"Feature","geometry":{"type":"Point","coordinates":[-0.239006281,51.597704274]},"properties":{"id":"toiletmap/7d2baaa74747268d39d1acc4","source":"toiletmap-uk","name":"RAF Museum, Grahame Park Way, London NW9 5LL","fee":"no","charge":null,"access":null,"wheelchair":"yes","opening_hours":"Mo-Su 09:00-17:00","operator":null,"description":"SAT NAV Users\r\n\r\nPlease use postcode NW9 5QW.","password":null}},{"type":"Feature","geometry":{"type":"Point","coordinates":[0.01774013,51.379050077]},"properties":{"id":"toiletmap/7d2f5d99e1ec8ffcab21731c","source":"toiletmap-uk","name":"Dillingers","fee":"no","charge":null,"access":null,"wheelchair":"yes","opening_hours":"Mo-Su 09:00-17:00","operator":null,"description":"Mon - Sun 12.00 - 23.00. Part of Bromley Council Community Toilet Scheme.","password":null}},{"type":"Feature","geometry":{"type":"Point","coordinates":[-0.059595572,51.4656771]},"properties":{"id":"toiletmap/7d3ba1d56b3ca043e016d363","source":"toiletmap-uk","name":"Nunhead Library","fee":"no","charge":null,"access":null,"wheelchair":"yes","opening_hours":"Mo-Tu 14:00-19:00; We 10:00-15:00; Th 14:00-19:00; Fr 10:00-15:00; Sa 10:00-17:00","operator":null,"description":"Monday, Tuesday and Thursday 2pm to 7pm; Wednesday and Friday 10am to 3pm; Saturday 10am to 5pm","password":null}},{"type":"Feature","geometry":{"type":"Point","coordinates":[-0.134708876,51.482572572]},"properties":{"id":"toiletmap/7d41311bf60eb9ae6d036090","source":"toiletmap-uk","name":"Waitrose","fee":"yes","charge":null,"access":null,"wheelchair":"yes","opening_hours":null,"operator":null,"description":null,"password":null}},{"type":"Feature","geometry":{"type":"Point","coordinates":[-0.00166297,51.442302275]},"properties":{"id":"toiletmap/7d4951ba5803709570f39381","source":"toiletmap-uk","name":"Corbett Community Library","fee":"no","charge":null,"access":null,"wheelchair":"no","opening_hours":"Mo-Tu 09:00-17:30; Th 09:00-17:30; Sa 10:00-13:00","operator":null,"description":"Won the Lewisham community toilet of the year award 2023","password":null}},{"type":"Feature","geometry":{"type":"Point","coordinates":[-0.011756122,51.574342425]},"properties":{"id":"toiletmap/7d58d54a83c09f06dea1e532","source":"toiletmap-uk","name":"Tesco","fee":"no","charge":null,"access":null,"wheelchair":"yes","opening_hours":"Mo-Su 09:00-17:00","operator":null,"description":"Part of Mayor of London \"Open London\" scheme","password":null}},{"type":"Feature","geometry":{"type":"Point","coordinates":[-0.072813928,51.516141251]},"properties":{"id":"toiletmap/7d6b76c85c58ee98df73cbff","source":"toiletmap-uk","name":"Classic Football Shirts London","fee":"no","charge":null,"access":null,"wheelchair":"yes","opening_hours":"Mo-Sa 11:00-19:00; Su 11:00-17:00","operator":null,"description":"A Tower Hamlets Community Toilet Scheme Venue. The toilets can all be found on the ground floor.","password":null}},{"type":"Feature","geometry":{"type":"Point","coordinates":[-0.195227265,51.480549361]},"properties":{"id":"toiletmap/7d70d0983fff5c1def15e0ed","source":"toiletmap-uk","name":"Fulham Broadway","fee":"no","charge":null,"access":null,"wheelchair":"yes","opening_hours":null,"operator":null,"description":"Inside shopping centre","password":null}},{"type":"Feature","geometry":{"type":"Point","coordinates":[-0.305645228,51.484923173]},"properties":{"id":"toiletmap/7d814f164730932d818a7f36","source":"toiletmap-uk","name":"St Paul's Church and Parish Centre","fee":"no","charge":null,"access":null,"wheelchair":"no","opening_hours":null,"operator":null,"description":"Part of Hounslow Community Toilet Scheme","password":null}},{"type":"Feature","geometry":{"type":"Point","coordinates":[0.072049499,51.389281288]},"properties":{"id":"toiletmap/7dc054997f33d07eb7792f8b","source":"toiletmap-uk","name":"The Sovereign of the Seas","fee":"no","charge":null,"access":null,"wheelchair":"yes","opening_hours":"Mo-Su 09:00-17:00","operator":null,"description":"Mon-Sun 9.00-23.30. Part of Bromley Council Community Toilet Scheme.","password":null}},{"type":"Feature","geometry":{"type":"Point","coordinates":[-0.360973367,51.539576897]},"properties":{"id":"toiletmap/7e43521d6949d792dd064b7c","source":"toiletmap-uk","name":"Dunelm","fee":"no","charge":null,"access":null,"wheelchair":"yes","opening_hours":"Mo-Fr 09:00-21:00; Sa 09:00-19:00; Su 11:00-17:00","operator":null,"description":null,"password":null}},{"type":"Feature","geometry":{"type":"Point","coordinates":[-0.141186118,51.588328058]},"properties":{"id":"toiletmap/7e45394bdf5985d17703c2bd","source":"toiletmap-uk","name":"Famous royal oak","fee":"no","charge":null,"access":null,"wheelchair":"no","opening_hours":null,"operator":null,"description":"Might need to buy a pint","password":null}},{"type":"Feature","geometry":{"type":"Point","coordinates":[-0.132745206,51.512168787]},"properties":{"id":"toiletmap/7e4660af7fd88e9390b6b8b7","source":"toiletmap-uk","name":"Wardour St/Old Compton Street","fee":"no","charge":null,"access":null,"wheelchair":"no","opening_hours":null,"operator":null,"description":"2*4 bay urinals\n2*chemical toilets\nTemporary toilets 8PM Thursday-6am Monday","password":null}},{"type":"Feature","geometry":{"type":"Point","coordinates":[-0.027417496,51.59583615]},"properties":{"id":"toiletmap/7e885c5e9dbda255c680c312","source":"toiletmap-uk","name":"Higham Hill Library","fee":"no","charge":null,"access":null,"wheelchair":"yes","opening_hours":null,"operator":null,"description":"Mon: 10am-6pm. Tues, Weds: CLOSED, Thurs-Fri: 10am-6pm. Sat: 10am-4pm. Sun: CLOSED. Part of Community Toilet Scheme","password":null}},{"type":"Feature","geometry":{"type":"Point","coordinates":[0.021559596,51.476885967]},"properties":{"id":"toiletmap/7ebac73f59bf4f5a77414f0e","source":"toiletmap-uk","name":"Blackheath Library","fee":"no","charge":null,"access":null,"wheelchair":"yes","opening_hours":"Mo 09:00-19:00; Tu-We 09:00-17:30; Th 09:00-19:00; Fr 09:00-17:30; Sa 09:00-17:00","operator":null,"description":null,"password":null}},{"type":"Feature","geometry":{"type":"Point","coordinates":[-0.016468763,51.621027469]},"properties":{"id":"toiletmap/7f0fb9237078a41df9505d17","source":"toiletmap-uk","name":"Chingford Mount Cemetery","fee":"yes","charge":null,"access":null,"wheelchair":"no","opening_hours":null,"operator":null,"description":"unsure of exact location within cemetery - possibly in office as sign reads  'toilet open normal office hours'.","password":null}},{"type":"Feature","geometry":{"type":"Point","coordinates":[-0.468922555,51.639492922]},"properties":{"id":"toiletmap/7f592e3fe9fecdb77534e37c","source":"toiletmap-uk","name":"Three Rivers House","fee":"no","charge":null,"access":null,"wheelchair":"yes","opening_hours":"Mo-Fr 09:00-16:00","operator":null,"description":null,"password":null}},{"type":"Feature","geometry":{"type":"Point","coordinates":[-0.073672235,51.51026659]},"properties":{"id":"toiletmap/7f5c05fed7fc63e5e8696c7c","source":"toiletmap-uk","name":"Minories Car Park","fee":"no","charge":null,"access":null,"wheelchair":"no","opening_hours":"Mo-Su 00:00-00:00","operator":null,"description":"Parking customers only, but press the buzzer outside the toilet and they will let you in.","password":null}},{"type":"Feature","geometry":{"type":"Point","coordinates":[-0.301407874,51.463399205]},"properties":{"id":"toiletmap/7f647b5075dec8af512108bf","source":"toiletmap-uk","name":"Richmond Station Toilets","fee":"no","charge":null,"access":null,"wheelchair":"no","opening_hours":"Mo-Su 09:00-17:00","operator":null,"description":"Currently closed for refurbishment (October 2023)","password":null}},{"type":"Feature","geometry":{"type":"Point","coordinates":[-0.064423978,51.526311415]},"properties":{"id":"toiletmap/7f70c93b689d0180bde3b593","source":"toiletmap-uk","name":"Marquis of Cornwallis ","fee":"no","charge":null,"access":null,"wheelchair":"no","opening_hours":"Mo-Su 10:00-23:00","operator":null,"description":"A Tower Hamlets Community Toilet Scheme Venue. The toilets can be found on the ground floor and the lower ground.","password":null}},{"type":"Feature","geometry":{"type":"Point","coordinates":[-0.338390172,51.426139533]},"properties":{"id":"toiletmap/7f7d2d3cdf8f07e3259e2771","source":"toiletmap-uk","name":"Caffe Mimmo","fee":"no","charge":null,"access":null,"wheelchair":"no","opening_hours":null,"operator":null,"description":null,"password":null}},{"type":"Feature","geometry":{"type":"Point","coordinates":[-0.288194255,51.40008695]},"properties":{"id":"toiletmap/7fa6428ee810ca8224ac4bdb","source":"toiletmap-uk","name":"Surbiton Cemetery","fee":"no","charge":null,"access":null,"wheelchair":null,"opening_hours":"Mo-Su 00:00-11:59","operator":null,"description":null,"password":null}},{"type":"Feature","geometry":{"type":"Point","coordinates":[0.025998477,51.509795122]},"properties":{"id":"toiletmap/7fc7203debcbd9795a1181f3","source":"toiletmap-uk","name":"Custom House Elizabeth line, past barrier gates","fee":"no","charge":null,"access":null,"wheelchair":"yes","opening_hours":"Mo-Sa 06:30-22:30","operator":null,"description":"Within the Elizabeth line station, past ticket barriers. Only a single toilet which is accessible. Open when station is open and currently 630-2200 except Sundays when closed.","password":null}},{"type":"Feature","geometry":{"type":"Point","coordinates":[-0.1781289,51.4800331]},"properties":{"id":"toiletmap/800350f914656451ef356756","source":"toiletmap-uk","name":"Cremorne Gardens","fee":"no","charge":null,"access":null,"wheelchair":"no","opening_hours":"Mo-Su 09:00-18:00","operator":null,"description":null,"password":null}},{"type":"Feature","geometry":{"type":"Point","coordinates":[-0.509399772,51.432899972]},"properties":{"id":"toiletmap/8025fc26516d5add8b8cc4a7","source":"toiletmap-uk","name":"Elmsleigh Centre ","fee":"no","charge":null,"access":null,"wheelchair":"yes","opening_hours":"Mo-Su 09:00-18:00","operator":null,"description":null,"password":null}},{"type":"Feature","geometry":{"type":"Point","coordinates":[-0.210242271,51.497808285]},"properties":{"id":"toiletmap/80283d96721d3e79ea63ef8f","source":"toiletmap-uk","name":"Kensington Olympia Station","fee":"no","charge":null,"access":null,"wheelchair":"no","opening_hours":null,"operator":null,"description":null,"password":null}},{"type":"Feature","geometry":{"type":"Point","coordinates":[-0.3963823,51.4881189]},"properties":{"id":"toiletmap/806c2ee92a0d35e34efb12f0","source":"toiletmap-uk","name":"Heston Services M4 Westbound","fee":"no","charge":null,"access":null,"wheelchair":"no","opening_hours":null,"operator":null,"description":"Junction 2/3 M4 Phoenix Way\nPart of Hounslow Community Toilet Scheme","password":null}},{"type":"Feature","geometry":{"type":"Point","coordinates":[-0.472784936,51.510316296]},"properties":{"id":"toiletmap/80abcbb7940e114e67c7a3fa","source":"toiletmap-uk","name":"West Drayton Station (Platform 4)","fee":"no","charge":null,"access":null,"wheelchair":"yes","opening_hours":"Mo-Su 05:30-23:00","operator":null,"description":"https://www.nationalrail.co.uk/stations/west-drayton/","password":null}},{"type":"Feature","geometry":{"type":"Point","coordinates":[-0.352731597,51.643389449]},"properties":{"id":"toiletmap/80f7d5d63fa3acde2acc0e2b","source":"toiletmap-uk","name":"King George Park ","fee":null,"charge":null,"access":null,"wheelchair":null,"opening_hours":null,"operator":null,"description":"Hertsmere Borough Council Park public toilet ","password":null}},{"type":"Feature","geometry":{"type":"Point","coordinates":[-0.097374916,51.49165184]},"properties":{"id":"toiletmap/810e329822d9f216be5e44aa","source":"toiletmap-uk","name":"Walworth Library","fee":"no","charge":null,"access":null,"wheelchair":"yes","opening_hours":null,"operator":null,"description":null,"password":null}},{"type":"Feature","geometry":{"type":"Point","coordinates":[-0.238443017,51.540616729]},"properties":{"id":"toiletmap/812c95cdf1fc5f020263af74","source":"toiletmap-uk","name":"Roundwood Park","fee":"no","charge":null,"access":null,"wheelchair":"yes","opening_hours":null,"operator":null,"description":"Closed for maintenance following damage.\nThen only open when park is open - during daylight hours.","password":null}},{"type":"Feature","geometry":{"type":"Point","coordinates":[0.2591267,51.442452]},"properties":{"id":"toiletmap/8130e7cda32bf1b540dbf30f","source":"toiletmap-uk","name":null,"fee":"no","charge":null,"access":null,"wheelchair":"no","opening_hours":null,"operator":null,"description":null,"password":null}},{"type":"Feature","geometry":{"type":"Point","coordinates":[0.248351097,51.554994564]},"properties":{"id":"toiletmap/8140676db5bf53be9bd4a779","source":"toiletmap-uk","name":"Upminster RM14 2ED","fee":"no","charge":null,"access":null,"wheelchair":"yes","opening_hours":null,"operator":null,"description":"Next to the Library in Corbets Tey Road. Council Operated.","password":null}},{"type":"Feature","geometry":{"type":"Point","coordinates":[-0.035622418,51.524495618]},"properties":{"id":"toiletmap/8148c1ba740c669505bf35df","source":"toiletmap-uk","name":"Nando's","fee":"no","charge":null,"access":null,"wheelchair":"yes","opening_hours":"Mo-Su 11:00-22:00","operator":null,"description":"A Tower Hamlets Community Toilet Scheme Venue. The disabled toilet can found on the ground floor and the remaining toilets are on the first floor.","password":null}},{"type":"Feature","geometry":{"type":"Point","coordinates":[0.298212902,51.52346613]},"properties":{"id":"toiletmap/8150be85a7939b83e7d0bc74","source":"toiletmap-uk","name":"Royal oak toilet","fee":"yes","charge":"0.00","access":null,"wheelchair":"no","opening_hours":"Mo-Su 09:00-17:00","operator":null,"description":"Have used without buying anything and no one said anything but should really have bought something!","password":null}},{"type":"Feature","geometry":{"type":"Point","coordinates":[0.255527,51.6723342]},"properties":{"id":"toiletmap/816abc1e93eab19379169a96","source":"toiletmap-uk","name":null,"fee":"no","charge":null,"access":null,"wheelchair":"no","opening_hours":null,"operator":null,"description":null,"password":null}},{"type":"Feature","geometry":{"type":"Point","coordinates":[-0.328066349,51.29608322]},"properties":{"id":"toiletmap/8180c529bc4ceb675c26fe53","source":"toiletmap-uk","name":"Sainsbury's Superstore - Leatherhead","fee":"yes","charge":null,"access":null,"wheelchair":"yes","opening_hours":"Mo-Su 09:00-17:00","operator":null,"description":"Open: Mon-Sat 7am-9pm; Sun 10am-4pm.  KT22 8AH","password":null}},{"type":"Feature","geometry":{"type":"Point","coordinates":[-0.117695332,51.511624655]},"properties":{"id":"toiletmap/8190c0072bd9391b1ff356db","source":"toiletmap-uk","name":"Courtauld Gallery","fee":"no","charge":null,"access":null,"wheelchair":"yes","opening_hours":"Mo-Su 10:00-18:00","operator":null,"description":"There are 5 steps from the Entrance Hall to the main lift, which goes to all other floors in the gallery. There is a small platform lift nearby in the Ticket Hall for those who cannot use the steps. \n\n \n\nThe lift also provides access to the unisex accessible toilet, located on the lower ground floor. The toilet has a functional emergency alarm, coat hook and wall-mounted rails. ","password":null}},{"type":"Feature","geometry":{"type":"Point","coordinates":[0.0085175,51.568576]},"properties":{"id":"toiletmap/82093be4b70402f90c9c790d","source":"toiletmap-uk","name":"Leytonstone Station","fee":"no","charge":null,"access":null,"wheelchair":"no","opening_hours":null,"operator":null,"description":"Located inside the station, after passing through the barriers.\nMens - Plat 2\nWomens - Plat 3\n\nToilets are accessed by RADAR Key. If needed, ask a member of staff.","password":null}},{"type":"Feature","geometry":{"type":"Point","coordinates":[-0.343365669,51.481289532]},"properties":{"id":"toiletmap/824cc392440b74f51d0b061b","source":"toiletmap-uk","name":"St Mary's Church, Osterley ","fee":"no","charge":null,"access":null,"wheelchair":"no","opening_hours":"Mo-Sa 10:00-16:00; Su 08:00-16:00","operator":null,"description":"Part of Hounslow Community Toilet Scheme, toilet in the church building during daylight hours. Located through door on right hand aisle.","password":null}},{"type":"Feature","geometry":{"type":"Point","coordinates":[-0.01490978,51.61351006]},"properties":{"id":"toiletmap/824cfca12210c9321b57fc86","source":"toiletmap-uk","name":null,"fee":"no","charge":null,"access":null,"wheelchair":"no","opening_hours":null,"operator":null,"description":null,"password":null}},{"type":"Feature","geometry":{"type":"Point","coordinates":[-0.1559574,51.481909]},"properties":{"id":"toiletmap/828bcf628a960bffb7eca0d5","source":"toiletmap-uk","name":"Battersea Park","fee":"no","charge":null,"access":null,"wheelchair":"no","opening_hours":null,"operator":null,"description":"Gender-segregated accessible toilets within standard facilities.\n\nMen's toilet is currently padlocked with an 'out of order' sign on door.","password":null}},{"type":"Feature","geometry":{"type":"Point","coordinates":[-0.1993848,51.4987324]},"properties":{"id":"toiletmap/82a9a1a4171e58a26b7e43fc","source":"toiletmap-uk","name":"Kensington High Street","fee":"yes","charge":"£0.20","access":null,"wheelchair":"yes","opening_hours":"Mo-Su 00:00-00:00","operator":null,"description":null,"password":null}},{"type":"Feature","geometry":{"type":"Point","coordinates":[-0.058659911,51.512363231]},"properties":{"id":"toiletmap/82abf9e1ba98608d471ebb8d","source":"toiletmap-uk","name":"Tillman street E1","fee":"yes","charge":null,"access":null,"wheelchair":"yes","opening_hours":"Mo-Su 00:00-00:00","operator":null,"description":"Long gap between bushes and wall, very popular be prepared to wait.","password":null}},{"type":"Feature","geometry":{"type":"Point","coordinates":[-0.116946995,51.459610522]},"properties":{"id":"toiletmap/82c5b2b1ff116284e474ea58","source":"toiletmap-uk","name":"Civic Centre","fee":"no","charge":null,"access":null,"wheelchair":"yes","opening_hours":"Mo-Fr 09:00-16:30","operator":null,"description":null,"password":null}},{"type":"Feature","geometry":{"type":"Point","coordinates":[-0.0939551,51.512912414]},"properties":{"id":"toiletmap/82f1ee53ff2779aefa051351","source":"toiletmap-uk","name":"The Pavillion End","fee":"no","charge":null,"access":null,"wheelchair":"no","opening_hours":null,"operator":null,"description":"Mo: 10.00 - 22.00, Tues - Wed: 10.00 - 23.00, Thurs - Fri: 10:00 - 00.00, Sat: 11.00 - 17.00. Sun: Closed. Part of City of London Community Toilet Scheme.","password":null}},{"type":"Feature","geometry":{"type":"Point","coordinates":[-0.211456639,51.29486144]},"properties":{"id":"toiletmap/837f0aa6ea4a2933ed6d312d","source":"toiletmap-uk","name":"Kingswood","fee":"no","charge":null,"access":null,"wheelchair":"no","opening_hours":null,"operator":null,"description":null,"password":null}},{"type":"Feature","geometry":{"type":"Point","coordinates":[-0.016334653,51.34249232]},"properties":{"id":"toiletmap/838e4f818013cc2e4c5d9303","source":"toiletmap-uk","name":"Central Parade","fee":"no","charge":null,"access":null,"wheelchair":"yes","opening_hours":"Mo-Su 00:00-00:00","operator":null,"description":"Opposite Boots the Chemist near Cyber Cafe","password":null}},{"type":"Feature","geometry":{"type":"Point","coordinates":[0.041145086,51.494767488]},"properties":{"id":"toiletmap/83a518fd9c8b9b132831dbc8","source":"toiletmap-uk","name":"Thames Barrier cafe","fee":"yes","charge":null,"access":null,"wheelchair":"no","opening_hours":null,"operator":null,"description":null,"password":null}},{"type":"Feature","geometry":{"type":"Point","coordinates":[-0.0864985,51.5613257]},"properties":{"id":"toiletmap/83c0a588c695fc3eb898060a","source":"toiletmap-uk","name":"Clissold Park Toilets","fee":"no","charge":null,"access":null,"wheelchair":"yes","opening_hours":"Mo-Su 09:00-18:00","operator":null,"description":"Closes one hour before closing time of park","password":null}},{"type":"Feature","geometry":{"type":"Point","coordinates":[0.115889539,51.519190938]},"properties":{"id":"toiletmap/83fa71fbd60713362c38c91a","source":"toiletmap-uk","name":"Barking Riverside Station, WITHIN BARRIER","fee":null,"charge":null,"access":null,"wheelchair":null,"opening_hours":null,"operator":null,"description":"Opening hours are the operating hours of the station, 5-2400. Inside the barrier gates and very non descript to the left if you are entering the station.","password":null}},{"type":"Feature","geometry":{"type":"Point","coordinates":[-0.1613884,51.4372017]},"properties":{"id":"toiletmap/841c08c5554eb5361c6fd144","source":"toiletmap-uk","name":"BP Petrol Station","fee":"no","charge":null,"access":null,"wheelchair":"no","opening_hours":"Mo-Su 00:00-00:00","operator":null,"description":null,"password":null}},{"type":"Feature","geometry":{"type":"Point","coordinates":[-0.058547258,51.521100976]},"properties":{"id":"toiletmap/844ecdee1e872f4d988426e4","source":"toiletmap-uk","name":"Sainsbury's ","fee":"no","charge":null,"access":null,"wheelchair":"yes","opening_hours":"Mo-Sa 07:00-23:00; Su 11:00-17:00","operator":null,"description":"Disabled toilet is currently closed (went 08/05/2023)\n\nAll toilets were marked out of service (April 24,2025). Was let into one by customer service for an emergency but it had no toilet paper. ","password":null}},{"type":"Feature","geometry":{"type":"Point","coordinates":[-0.399270952,51.658660426]},"properties":{"id":"toiletmap/845359b04828ca5f399edb61","source":"toiletmap-uk","name":"Sainsbury's Superstore - Watford","fee":"yes","charge":null,"access":null,"wheelchair":"yes","opening_hours":null,"operator":null,"description":"Open: Mon-Sat - 7am-9pm, Sun 10am-4pm. WD17 1PE","password":null}},{"type":"Feature","geometry":{"type":"Point","coordinates":[-0.377333164,51.43678793]},"properties":{"id":"toiletmap/8453def058276eb8f37de9d1","source":"toiletmap-uk","name":"McDonalds","fee":"no","charge":null,"access":null,"wheelchair":null,"opening_hours":null,"operator":null,"description":null,"password":null}},{"type":"Feature","geometry":{"type":"Point","coordinates":[-0.421493053,51.336239008]},"properties":{"id":"toiletmap/8462d719a3dfcbcc0c0f43b7","source":"toiletmap-uk","name":"Sainsbury's - Cobham","fee":"yes","charge":null,"access":null,"wheelchair":"yes","opening_hours":null,"operator":null,"description":"KT11 1HW","password":null}},{"type":"Feature","geometry":{"type":"Point","coordinates":[-0.379500392,51.450960672]},"properties":{"id":"toiletmap/84826b1465b6d427e6c918df","source":"toiletmap-uk","name":"Hounslow Cemetery","fee":"no","charge":null,"access":null,"wheelchair":"no","opening_hours":null,"operator":null,"description":"Part of Hounslow Community Toilet Scheme","password":null}},{"type":"Feature","geometry":{"type":"Point","coordinates":[-0.304259062,51.409504299]},"properties":{"id":"toiletmap/84cf58746edad0df786216f5","source":"toiletmap-uk","name":"Eden Walk","fee":"no","charge":null,"access":null,"wheelchair":"no","opening_hours":"Mo-Su 09:00-17:00","operator":null,"description":"On 2nd floor, car park level","password":null}},{"type":"Feature","geometry":{"type":"Point","coordinates":[-0.135644674,51.562955461]},"properties":{"id":"toiletmap/84e50fa57aa71268c0417ee7","source":"toiletmap-uk","name":"St John's Tavern","fee":"yes","charge":null,"access":null,"wheelchair":"yes","opening_hours":"Mo-Su 09:00-17:00","operator":null,"description":"Toilets outside the restaurant and around the other side of the bar","password":null}},{"type":"Feature","geometry":{"type":"Point","coordinates":[-0.094849953,51.512739145]},"properties":{"id":"toiletmap/851ceab8068a4e85d0a8d204","source":"toiletmap-uk","name":"Valentino's","fee":"no","charge":null,"access":null,"wheelchair":"no","opening_hours":"Mo-Fr 09:00-17:00","operator":null,"description":"MONDAY TO FRIDAY: 07.00 - 16.00;  SATURDAY: Closed;\r\n              SUNDAY: Closed;\r\n              BANK HOLIDAYS: Closed. Part of City of London Community Toilet Scheme.","password":null}},{"type":"Feature","geometry":{"type":"Point","coordinates":[-0.175110698,51.55819143]},"properties":{"id":"toiletmap/853f7b1eeffa4f60677f606b","source":"toiletmap-uk","name":"Community Toilet Scheme Burgh House & Hampstead Museum","fee":"no","charge":null,"access":null,"wheelchair":"yes","opening_hours":null,"operator":null,"description":"Part of Camden's Community Toilet Scheme - www.burghhouse.org.uk/about","password":null}},{"type":"Feature","geometry":{"type":"Point","coordinates":[-0.3259476,51.4477576]},"properties":{"id":"toiletmap/855776ed5479972e81f2d125","source":"toiletmap-uk","name":"Civic Centre","fee":"no","charge":null,"access":null,"wheelchair":"yes","opening_hours":null,"operator":null,"description":"Part of Richmond Community Toilet Scheme","password":null}},{"type":"Feature","geometry":{"type":"Point","coordinates":[0.009586215,51.63292764]},"properties":{"id":"toiletmap/85b8a3e91bd63a3f44ec08b5","source":"toiletmap-uk","name":"Chingford Station","fee":"no","charge":null,"access":null,"wheelchair":"yes","opening_hours":"Mo-Su 09:00-17:00","operator":null,"description":"Accessed after entering station. Located to the side of Plat 2 (behind Plat 1).\n\nAccessible toilet contains a baby changing table.","password":null}},{"type":"Feature","geometry":{"type":"Point","coordinates":[-0.196262598,51.519575702]},"properties":{"id":"toiletmap/85cb7f4670816c52c033bb50","source":"toiletmap-uk","name":"Brunel Happy Hub (Formerly Brunel Family Hub) ","fee":"no","charge":null,"access":null,"wheelchair":"no","opening_hours":"Mo-Fr 08:00-21:00; Sa-Su 10:00-21:00","operator":null,"description":"Full address: Brunel Happy Hub \n\n  \n\nFormerly Brunel Family Centre, \n\nBrunel Estate, \n\nWestbourne Park Road \n\nW2 5UZ \n\nBaby Changing Facilities","password":null}},{"type":"Feature","geometry":{"type":"Point","coordinates":[-0.0065835,51.5430409]},"properties":{"id":"toiletmap/85e2f4c377424d1eae546deb","source":"toiletmap-uk","name":null,"fee":"no","charge":null,"access":null,"wheelchair":"no","opening_hours":null,"operator":null,"description":"Includes a Parent Room for changing and feeding","password":null}},{"type":"Feature","geometry":{"type":"Point","coordinates":[-0.263940096,51.564719544]},"properties":{"id":"toiletmap/85ee89a0c18e52fc4011aea4","source":"toiletmap-uk","name":"Lidl","fee":"no","charge":"Free","access":null,"wheelchair":"no","opening_hours":"Mo-Su 09:00-18:00","operator":null,"description":null,"password":null}},{"type":"Feature","geometry":{"type":"Point","coordinates":[-0.0857234,51.446063732]},"properties":{"id":"toiletmap/85fec0054d8802b2270995f9","source":"toiletmap-uk","name":"Dulwich Picture Gallery Cafe","fee":"no","charge":null,"access":null,"wheelchair":"no","opening_hours":"Mo-Su 09:00-17:00","operator":null,"description":null,"password":null}},{"type":"Feature","geometry":{"type":"Point","coordinates":[-0.092450352,51.37601318]},"properties":{"id":"toiletmap/860649695e36a243fda2c1de","source":"toiletmap-uk","name":"East Croydon Platforms 3 and 4","fee":"no","charge":null,"access":null,"wheelchair":"yes","opening_hours":"Mo-Su 05:00-00:30","operator":null,"description":"Also the same facilities on Platforms 5 and 6.\nOpen on request 0030 to 0500","password":null}},{"type":"Feature","geometry":{"type":"Point","coordinates":[-0.138386,51.501076]},"properties":{"id":"toiletmap/860a0cb2b1ab6748537479f3","source":"toiletmap-uk","name":"St James's Park Playground","fee":"yes","charge":"20p contactless only (no cash)","access":null,"wheelchair":"no","opening_hours":null,"operator":null,"description":"NOTE ADDED 12 APRIL 2025- The latest Royal Parks Map indicates that these toilets have been closed, however they also give current opening times for them (confusing to say the least). However they do show toilets up by Horseguards but without opening times. This situation needs to be verified on site.\n10.00 - 16.00 January, November & December.\n10.00 - 17.00 February.\n10.00 - 18.00 March & October.\n10.00 - 19.00 September. \n10.00 - 19.30 April, May, June, July & August","password":null}},{"type":"Feature","geometry":{"type":"Point","coordinates":[-0.086069405,51.487949459]},"properties":{"id":"toiletmap/860d60252cb308bab95f6641","source":"toiletmap-uk","name":"Una Marson Library","fee":"no","charge":null,"access":null,"wheelchair":"yes","opening_hours":"Mo-Tu 10:00-18:00; We 10:00-15:00; Th-Fr 10:00-18:00; Sa 10:00-17:00","operator":null,"description":"Monday, Tuesday, Thursday and Friday 10am to 6pm;\nWednesday 10am to 3pm; Saturday 10am to 5pm\nSunday closed  ","password":null}},{"type":"Feature","geometry":{"type":"Point","coordinates":[-0.13077,51.37630524]},"properties":{"id":"toiletmap/8652a0aa87160e77533853d8","source":"toiletmap-uk","name":"Asda","fee":"no","charge":null,"access":null,"wheelchair":"no","opening_hours":null,"operator":null,"description":null,"password":null}},{"type":"Feature","geometry":{"type":"Point","coordinates":[-0.419014692,51.385860102]},"properties":{"id":"toiletmap/86895cba9b42724838ff0569","source":"toiletmap-uk","name":"Community Toilet: McDonalds, Walton on Thames","fee":"no","charge":null,"access":null,"wheelchair":"yes","opening_hours":null,"operator":null,"description":"https://www.elmbridge.gov.uk/your-streets/cts/\n\nOpening: http://www.mcdonalds.co.uk/ukhome/\n\nKT12 1DG","password":null}},{"type":"Feature","geometry":{"type":"Point","coordinates":[-0.069394247,51.47003714]},"properties":{"id":"toiletmap/868d22faa5f787d66fdfdadb","source":"toiletmap-uk","name":"Peckham Rye","fee":"no","charge":null,"access":null,"wheelchair":"no","opening_hours":null,"operator":null,"description":null,"password":null}},{"type":"Feature","geometry":{"type":"Point","coordinates":[-0.013260841,51.635539699]},"properties":{"id":"toiletmap/86c5210975d573d31c149726","source":"toiletmap-uk","name":"McDonald's Chingford","fee":"yes","charge":null,"access":null,"wheelchair":"yes","opening_hours":"Mo-Su 00:00-00:00","operator":null,"description":"Open 24hours! Part of Waltham Forest Community Toilet Scheme.","password":null}},{"type":"Feature","geometry":{"type":"Point","coordinates":[-0.10859377,51.515730935]},"properties":{"id":"toiletmap/8705af9e4a7e45884e49e437","source":"toiletmap-uk","name":"Natural Kitchen","fee":"no","charge":null,"access":null,"wheelchair":"yes","opening_hours":"Mo-Fr 07:00-21:00","operator":null,"description":"Mon to Fri: 07.00 - 21.00\r\n BANK HOLIDAYS: Closed. Part of City of London Community Toilet Scheme,","password":null}},{"type":"Feature","geometry":{"type":"Point","coordinates":[0.053772926,51.53405846]},"properties":{"id":"toiletmap/873f9ce7db3569bfa221a69f","source":"toiletmap-uk","name":"McDonalds East Ham","fee":"no","charge":null,"access":null,"wheelchair":"no","opening_hours":null,"operator":null,"description":"Mon-Sun 6am-11pm. Part of Newham Community Toilet Scheme.","password":null}},{"type":"Feature","geometry":{"type":"Point","coordinates":[-0.421332121,51.571428434]},"properties":{"id":"toiletmap/8744dc4a90be297c2299eb26","source":"toiletmap-uk","name":"Ruislip Underground Station","fee":"no","charge":null,"access":null,"wheelchair":"no","opening_hours":null,"operator":null,"description":"Beyond the ticket gateline. Ask TfL staff for access. ","password":null}},{"type":"Feature","geometry":{"type":"Point","coordinates":[-0.1755956,51.6319909]},"properties":{"id":"toiletmap/87462fd89a719f1f01966732","source":"toiletmap-uk","name":"High Road, Totteridge","fee":"no","charge":null,"access":null,"wheelchair":"no","opening_hours":null,"operator":null,"description":null,"password":null}},{"type":"Feature","geometry":{"type":"Point","coordinates":[-0.082179996,51.672632643]},"properties":{"id":"toiletmap/87a9eb74af3307261bf08731","source":"toiletmap-uk","name":"Whitewebbs toilets","fee":"no","charge":null,"access":null,"wheelchair":null,"opening_hours":null,"operator":null,"description":"Near the cafe but separate","password":null}},{"type":"Feature","geometry":{"type":"Point","coordinates":[0.30015354,51.613645781]},"properties":{"id":"toiletmap/87c4965c0d455a88091fe253","source":"toiletmap-uk","name":"Brentwood Train Station","fee":"no","charge":null,"access":null,"wheelchair":"yes","opening_hours":null,"operator":null,"description":"Men, Women and Accessible Toilets are located on both Plat 3 and Plat 4.\nAccessible Toilets are RADAR Key locked and both contain baby changing.","password":null}},{"type":"Feature","geometry":{"type":"Point","coordinates":[-0.214166523,51.35547926]},"properties":{"id":"toiletmap/87d222a6d87b951f4bb7fb66","source":"toiletmap-uk","name":"Cheam Station","fee":"no","charge":null,"access":null,"wheelchair":"no","opening_hours":null,"operator":null,"description":null,"password":null}},{"type":"Feature","geometry":{"type":"Point","coordinates":[-0.196670294,51.525568276]},"properties":{"id":"toiletmap/87e35757cff3aa5a89136fd4","source":"toiletmap-uk","name":"The Exchange- Ernest Harriss House ","fee":"no","charge":null,"access":null,"wheelchair":"yes","opening_hours":"Mo-Fr 08:00-20:00; Sa 08:00-16:00","operator":null,"description":"Accessible- Free\n\nFull address: The Exchange at Ernest Harriss House, 61 Elgin Avenue, W9 2DB","password":null}},{"type":"Feature","geometry":{"type":"Point","coordinates":[0.088909864,51.350972808]},"properties":{"id":"toiletmap/87ece5e4325fceaf4f86401b","source":"toiletmap-uk","name":"The Royal Oak Public House","fee":"no","charge":null,"access":null,"wheelchair":"yes","opening_hours":"Mo-Su 09:00-17:00","operator":null,"description":"Mon-Sat 12.00-23.00 Sun 12.00-22,30. Part of Bromley Council Community Toilet Scheme.","password":null}},{"type":"Feature","geometry":{"type":"Point","coordinates":[-0.077786744,51.484975412]},"properties":{"id":"toiletmap/88643c38e7f07af90d449fb6","source":"toiletmap-uk","name":"Burgess Fishing Lakes Toilets","fee":"no","charge":null,"access":null,"wheelchair":"yes","opening_hours":"Mo-Su 07:30-18:00","operator":null,"description":"Closes at DUSK. 3 standard, 1 accessible, 1 baby-changing. Part of Southwark Council Toilet Network. Managed by Parks Dept","password":null}},{"type":"Feature","geometry":{"type":"Point","coordinates":[-0.2962596,51.44983268]},"properties":{"id":"toiletmap/8880077e4abbd82bee5e0e20","source":"toiletmap-uk","name":"Richmond Gate","fee":"yes","charge":"20p card payment only","access":null,"wheelchair":"yes","opening_hours":"Mo-Su 07:00-19:00","operator":null,"description":"Open:\r\n07.00 - 19.00 January, February, March, October, November & December.\r\n07.00 - 21.00 April, May, June, July, August & September.","password":null}},{"type":"Feature","geometry":{"type":"Point","coordinates":[0.127372742,51.425784978]},"properties":{"id":"toiletmap/888eb1285305406b3efdb398","source":"toiletmap-uk","name":"Footscray Meadows","fee":"no","charge":null,"access":null,"wheelchair":"no","opening_hours":null,"operator":null,"description":"EVENTS ONLY","password":null}},{"type":"Feature","geometry":{"type":"Point","coordinates":[-0.083830832,51.42445509]},"properties":{"id":"toiletmap/88905b35fa934a9174386e6f","source":"toiletmap-uk","name":"Gipsy Hill Station","fee":"no","charge":null,"access":null,"wheelchair":"no","opening_hours":null,"operator":null,"description":null,"password":null}},{"type":"Feature","geometry":{"type":"Point","coordinates":[-0.0591651,51.6360039]},"properties":{"id":"toiletmap/8897422ab0a17e9a264e0e33","source":"toiletmap-uk","name":null,"fee":"no","charge":null,"access":null,"wheelchair":"no","opening_hours":null,"operator":null,"description":null,"password":null}},{"type":"Feature","geometry":{"type":"Point","coordinates":[-0.366564095,51.468545905]},"properties":{"id":"toiletmap/88c551d0ff726ead4b2fb2ba","source":"toiletmap-uk","name":"Does not exist","fee":null,"charge":null,"access":null,"wheelchair":null,"opening_hours":null,"operator":null,"description":"Yates has been demolished - no longer a public toilet location.","password":null}},{"type":"Feature","geometry":{"type":"Point","coordinates":[-0.126978122,51.515555026]},"properties":{"id":"toiletmap/88eabdf1f807c52e909e001a","source":"toiletmap-uk","name":"St Giles High Street Pop up \"UriLift\" toilet (24hrs)","fee":"no","charge":null,"access":null,"wheelchair":"no","opening_hours":null,"operator":null,"description":"Pop-up ‘UriLift’ toilet 24 hours on  St Giles High Street","password":null}},{"type":"Feature","geometry":{"type":"Point","coordinates":[-0.10245221,51.508268356]},"properties":{"id":"toiletmap/892f8e49ab58132fd79270ec","source":"toiletmap-uk","name":"The London LGBTQ+ Community Centre ","fee":"no","charge":null,"access":null,"wheelchair":"no","opening_hours":"We 09:30-18:00; Th-Sa 11:00-20:00; Su 12:00-20:00","operator":null,"description":"The centre is a community centre and safer space for the LGBTQ+ community.  The venue has two entrances, one by Blackfriars station, and one on Hopton Street. The toilet is near the Blackfriars entrance door.\n\nYou do not have to buy anything or ask permission to use the bathroom.  \n\nFrom time to time there may be private or closed events taking place in the space; if there is a closed event taking place, members of the public are welcome to still use the bathroom if they enter via the Bankside/Blackfriars door to avoid disrupting the event. ","password":null}},{"type":"Feature","geometry":{"type":"Point","coordinates":[0.164955854,51.288503443]},"properties":{"id":"toiletmap/89542fc962b1147f8974c493","source":"toiletmap-uk","name":"Tesco Superstore - Sevenoaks","fee":"no","charge":null,"access":null,"wheelchair":"no","opening_hours":"Mo-Su 00:00-00:00","operator":null,"description":"Open: Mon 6am - midnight, Tues-Sat 24 hour. Sun: 10am-4pm Costa Coffee, Filling Station. ATM. TN13 2QS","password":null}},{"type":"Feature","geometry":{"type":"Point","coordinates":[-0.038237572,51.475519428]},"properties":{"id":"toiletmap/8986e8dc3dbc7b398b0ef43f","source":"toiletmap-uk","name":"New Cross Learning","fee":"yes","charge":null,"access":null,"wheelchair":"yes","opening_hours":"Mo-Fr 09:00-17:00","operator":null,"description":"Tue: 10am-5pm | Wed, Thu: 10am-7pm | Sat: 10am-5pm","password":null}},{"type":"Feature","geometry":{"type":"Point","coordinates":[-0.43233347,51.629765548]},"properties":{"id":"toiletmap/89f33ecd4f7658040cc98591","source":"toiletmap-uk","name":"Moor Park Tube Station","fee":"no","charge":null,"access":null,"wheelchair":"no","opening_hours":null,"operator":null,"description":"Toilets are behind ticket barriers!\nAsk TfL staff for access. ","password":null}},{"type":"Feature","geometry":{"type":"Point","coordinates":[0.079522133,51.459162884]},"properties":{"id":"toiletmap/89fc71a93be22e8e3475e24a","source":"toiletmap-uk","name":"Falconwood Station","fee":"no","charge":null,"access":null,"wheelchair":"no","opening_hours":null,"operator":null,"description":null,"password":null}},{"type":"Feature","geometry":{"type":"Point","coordinates":[-0.242007673,51.455272341]},"properties":{"id":"toiletmap/8a0245102a58bba34193fc04","source":"toiletmap-uk","name":"Queen Mary's Hospital","fee":"no","charge":null,"access":null,"wheelchair":null,"opening_hours":"Mo-Su 08:00-20:00","operator":null,"description":"Inside entrance and to the right\nSource: https://www.stgeorges.nhs.uk/contact-and-find-us/find-us/?site=queen-marys","password":null}},{"type":"Feature","geometry":{"type":"Point","coordinates":[-0.0179536,51.5290177]},"properties":{"id":"toiletmap/8a07a18c7549b611b0131a1c","source":"toiletmap-uk","name":"The Nunnery Cafe/Gallery","fee":"no","charge":null,"access":null,"wheelchair":"yes","opening_hours":"Tu-Sa 08:30-15:00; Su 09:00-15:00","operator":null,"description":"This is a Tower Hamlets Community Toilet scheme venue. This is step free","password":null}},{"type":"Feature","geometry":{"type":"Point","coordinates":[-0.056318343,51.457772108]},"properties":{"id":"toiletmap/8a189a32d573305c778e1a67","source":"toiletmap-uk","name":"Peckham Rye Park New Playroom","fee":"no","charge":null,"access":null,"wheelchair":"yes","opening_hours":"Mo-Su 07:30-18:00","operator":null,"description":"Closes at DUSK. 6 standard, 1 accessible, 1 baby-changing. Part of Southwark Council Toilet Network. Managed by Parks Dept","password":null}},{"type":"Feature","geometry":{"type":"Point","coordinates":[-0.434582233,51.451914271]},"properties":{"id":"toiletmap/8a3eb019b92c923a4b92bd84","source":"toiletmap-uk","name":"Bedfont Library","fee":"no","charge":null,"access":null,"wheelchair":"yes","opening_hours":null,"operator":null,"description":"Info provided by Hounslow Borough Council,","password":null}},{"type":"Feature","geometry":{"type":"Point","coordinates":[-0.337708,51.4050312]},"properties":{"id":"toiletmap/8a71127b166a40b432ebd689","source":"toiletmap-uk","name":"Hampton Court Palace","fee":"no","charge":null,"access":null,"wheelchair":"no","opening_hours":null,"operator":null,"description":"Within grounds of Hampton Court Palace","password":null}},{"type":"Feature","geometry":{"type":"Point","coordinates":[0.201551914,51.289707837]},"properties":{"id":"toiletmap/8a739fd9576d1ae172f7fe4f","source":"toiletmap-uk","name":"Greatness Park pavillion","fee":"yes","charge":null,"access":null,"wheelchair":"yes","opening_hours":"Mo-Su 09:00-18:00","operator":null,"description":null,"password":null}},{"type":"Feature","geometry":{"type":"Point","coordinates":[-0.181467533,51.415262498]},"properties":{"id":"toiletmap/8abd6d882f0f4626783fb366","source":"toiletmap-uk","name":"Sainsbury's","fee":"no","charge":null,"access":null,"wheelchair":"no","opening_hours":"Mo-Su 09:00-17:00","operator":null,"description":"On the first floor to the left of the store entrance. Lifts and escalators for access.","password":null}},{"type":"Feature","geometry":{"type":"Point","coordinates":[0.193955898,51.287345987]},"properties":{"id":"toiletmap/8aeb9df921ad35fd3415d85f","source":"toiletmap-uk","name":"Lower St John’s Car Park","fee":"no","charge":null,"access":null,"wheelchair":"no","opening_hours":"Mo-Su 09:00-18:00","operator":null,"description":null,"password":null}},{"type":"Feature","geometry":{"type":"Point","coordinates":[-0.227208008,51.513211959]},"properties":{"id":"toiletmap/8b10dfd8f0ec78ce8bf485c1","source":"toiletmap-uk","name":"Starbucks","fee":"no","charge":null,"access":null,"wheelchair":"yes","opening_hours":null,"operator":null,"description":null,"password":null}},{"type":"Feature","geometry":{"type":"Point","coordinates":[-0.082021952,51.417706418]},"properties":{"id":"toiletmap/8b3e3f738e6c3ca51f625e5a","source":"toiletmap-uk","name":"Westow Street","fee":"no","charge":null,"access":null,"wheelchair":"no","opening_hours":"Mo-Su 09:00-17:00","operator":null,"description":"9am - 6pm","password":null}},{"type":"Feature","geometry":{"type":"Point","coordinates":[-0.069104433,51.492783596]},"properties":{"id":"toiletmap/8b86c4895bec02a16868d35c","source":"toiletmap-uk","name":"AgeUK","fee":"no","charge":null,"access":null,"wheelchair":"yes","opening_hours":null,"operator":null,"description":null,"password":null}},{"type":"Feature","geometry":{"type":"Point","coordinates":[-0.076625347,51.650992549]},"properties":{"id":"toiletmap/8ba04a6df0f472bda6120838","source":"toiletmap-uk","name":"Tesco Enfield Southbury Road","fee":"yes","charge":null,"access":null,"wheelchair":"yes","opening_hours":"Mo-Su 09:00-17:00","operator":null,"description":"MON-SAT 0600-0000. SUN 1100-1700. Part of Mayor of London's 'Open London' Community Toilet Scheme","password":null}},{"type":"Feature","geometry":{"type":"Point","coordinates":[0.071373582,51.43751994]},"properties":{"id":"toiletmap/8ba9feb18821112e6b7bd425","source":"toiletmap-uk","name":"New Eltham Library","fee":"no","charge":null,"access":null,"wheelchair":"yes","opening_hours":null,"operator":null,"description":"Ground floor.\nLibrary closed on Wednesdays","password":null}},{"type":"Feature","geometry":{"type":"Point","coordinates":[-0.100684762,51.428328677]},"properties":{"id":"toiletmap/8bab1be9aa9ebd3c18e41030","source":"toiletmap-uk","name":"Little Rock Cafe/S Y Yoruk","fee":"no","charge":null,"access":null,"wheelchair":"no","opening_hours":null,"operator":null,"description":"Mon-Sat 6.00-15.00. Sun-CLOSED. Part of Lambeth Community Toilet Scheme.","password":null}},{"type":"Feature","geometry":{"type":"Point","coordinates":[-0.085181594,51.513242923]},"properties":{"id":"toiletmap/8bd1360f53e89b72ebd5953a","source":"toiletmap-uk","name":"The Counting House","fee":"no","charge":null,"access":null,"wheelchair":"yes","opening_hours":"Mo-Fr 09:00-17:00","operator":null,"description":"Mon - Fri: 11:00 - 23:00. Part of City of London Community Toilet Scheme.","password":null}},{"type":"Feature","geometry":{"type":"Point","coordinates":[-0.014336407,51.511538701]},"properties":{"id":"toiletmap/8bdbe5aad415b66ee7be61fa","source":"toiletmap-uk","name":"Idea Store Chrisp Street","fee":"no","charge":null,"access":null,"wheelchair":"yes","opening_hours":"Mo-Th 09:00-21:00; Fr 09:00-18:00; Sa 09:00-17:00; Su 11:00-15:00","operator":null,"description":"A Tower Hamlets Community Toilet Scheme Venue. All 3 toilets are split between the ground floor and first floor level. The disabled toilet is a unisex toilet.","password":null}},{"type":"Feature","geometry":{"type":"Point","coordinates":[-0.305321217,51.393937473]},"properties":{"id":"toiletmap/8bf031670bc743f15e7e8162","source":"toiletmap-uk","name":"Waitrose","fee":"no","charge":null,"access":null,"wheelchair":"no","opening_hours":"Mo-Su 09:00-17:00","operator":null,"description":"Open store hours","password":null}},{"type":"Feature","geometry":{"type":"Point","coordinates":[-0.394864082,51.681057574]},"properties":{"id":"toiletmap/8bfc8a6bc632febdd2a2a263","source":"toiletmap-uk","name":"Shell Filling Station - Garston","fee":"yes","charge":null,"access":null,"wheelchair":"no","opening_hours":null,"operator":null,"description":"Waitrose Store with Cafe.  Midnight-11.30pm.  WD24 7RU","password":null}},{"type":"Feature","geometry":{"type":"Point","coordinates":[-0.112191439,51.478601601]},"properties":{"id":"toiletmap/8c09c6ce98dbb6df9ad4d970","source":"toiletmap-uk","name":"Oval Tandoori","fee":"no","charge":null,"access":null,"wheelchair":"no","opening_hours":null,"operator":null,"description":"Mon - Sun: 12:00 - 14:30 & 18:00 - 00:00. Part of Lambeth Community Toilet Scheme.","password":null}},{"type":"Feature","geometry":{"type":"Point","coordinates":[0.160803795,51.447795569]},"properties":{"id":"toiletmap/8c1ba3517fa8bf2e385aaed7","source":"toiletmap-uk","name":"Hall Place","fee":"no","charge":null,"access":null,"wheelchair":"yes","opening_hours":"Mo-Su 10:00-17:00","operator":null,"description":"The disabled toilet is also a unisex toilet.\nThe toilets are closed on Christmas Eve, Christmas Day, New Years Eve and New Years Day.","password":null}},{"type":"Feature","geometry":{"type":"Point","coordinates":[-0.297456083,51.42627915]},"properties":{"id":"toiletmap/8c2616b6aa55a595fa831961","source":"toiletmap-uk","name":"Tudor Drive Library","fee":"no","charge":null,"access":null,"wheelchair":null,"opening_hours":"Tu-Fr 10:00-18:00; Sa 10:00-17:00","operator":null,"description":null,"password":null}},{"type":"Feature","geometry":{"type":"Point","coordinates":[-0.025770664,51.389107216]},"properties":{"id":"toiletmap/8c2d8a59eb38979db9f35862","source":"toiletmap-uk","name":"Esso Filling Station - Eden Park","fee":"yes","charge":null,"access":null,"wheelchair":"no","opening_hours":null,"operator":null,"description":"Shop; Snacks; Coffee; ATM.  BR3 3DG","password":null}},{"type":"Feature","geometry":{"type":"Point","coordinates":[-0.055478811,51.440239193]},"properties":{"id":"toiletmap/8c57102b8ffad4b4f069b5cc","source":"toiletmap-uk","name":"Sainsburys Supermarket","fee":"yes","charge":null,"access":null,"wheelchair":"yes","opening_hours":"Mo-Su 09:00-17:00","operator":null,"description":"Door has a keycode ask at Kiosk","password":null}},{"type":"Feature","geometry":{"type":"Point","coordinates":[0.286336,51.627869]},"properties":{"id":"toiletmap/8c5793c38ce87202bc82ed2c","source":"toiletmap-uk","name":"Calcott Hall Farm Shop","fee":"no","charge":null,"access":null,"wheelchair":"no","opening_hours":null,"operator":null,"description":"Tu-Su 10:00-18:00","password":null}},{"type":"Feature","geometry":{"type":"Point","coordinates":[0.004168153,51.555825071]},"properties":{"id":"toiletmap/8c8104bc3685ea66048a3600","source":"toiletmap-uk","name":"Langthorne Park","fee":"yes","charge":null,"access":null,"wheelchair":"yes","opening_hours":"Mo-Su 09:00-18:00","operator":null,"description":"Mon-Sun: 8.30am-late/sunset.","password":null}},{"type":"Feature","geometry":{"type":"Point","coordinates":[-0.100203752,51.514109801]},"properties":{"id":"toiletmap/8c93df0ec73d155fd4f03cc6","source":"toiletmap-uk","name":"Starbucks","fee":"no","charge":null,"access":null,"wheelchair":"no","opening_hours":"Mo-Fr 09:00-17:00","operator":null,"description":"Starbucks permit non-customers to use their toilets.","password":null}},{"type":"Feature","geometry":{"type":"Point","coordinates":[-0.09074986,51.475018158]},"properties":{"id":"toiletmap/8ce702692becd450b1f4899f","source":"toiletmap-uk","name":"Camberwell Leisure Centre","fee":"no","charge":null,"access":null,"wheelchair":"yes","opening_hours":"Mo-Fr 06:30-22:00; Sa 07:00-18:00; Su 07:00-22:00","operator":null,"description":null,"password":null}},{"type":"Feature","geometry":{"type":"Point","coordinates":[-0.134400129,51.618807601]},"properties":{"id":"toiletmap/8cf654e9979f18189a616e60","source":"toiletmap-uk","name":"Arnos Park, Arnos Road","fee":"no","charge":null,"access":null,"wheelchair":"no","opening_hours":null,"operator":null,"description":null,"password":null}},{"type":"Feature","geometry":{"type":"Point","coordinates":[-0.030491352,51.406107926]},"properties":{"id":"toiletmap/8d42de956743b8a64bdb85c3","source":"toiletmap-uk","name":"Sainsbury's Superstore - Beckenham","fee":"yes","charge":null,"access":null,"wheelchair":"yes","opening_hours":"Mo-Su 09:00-17:00","operator":null,"description":"Adjacent pay carpark (access off Village Way). Open:  Mon-Sat 7am-10pm.  Sun 10-4pm.  BR3 1AH","password":null}},{"type":"Feature","geometry":{"type":"Point","coordinates":[-0.240443945,51.405048717]},"properties":{"id":"toiletmap/8d50b13b6bd224c0f5cfb269","source":"toiletmap-uk","name":"Next, New Malden","fee":"no","charge":null,"access":null,"wheelchair":"yes","opening_hours":null,"operator":null,"description":"Customer toilets are available in this branch. Shop hours here: https://www.next.co.uk/storelocator/newmalden/0196\n","password":null}},{"type":"Feature","geometry":{"type":"Point","coordinates":[-0.039975643,51.482679105]},"properties":{"id":"toiletmap/8d538e498616db4ad5592964","source":"toiletmap-uk","name":"Festa Sul Prato","fee":"yes","charge":null,"access":null,"wheelchair":"yes","opening_hours":"Mo-Su 09:00-17:00","operator":null,"description":"Tue-Sun 10am-6pm","password":null}},{"type":"Feature","geometry":{"type":"Point","coordinates":[0.3030162,51.3841191]},"properties":{"id":"toiletmap/8d5777e413176d659b7244ec","source":"toiletmap-uk","name":"Hartley Park","fee":"no","charge":null,"access":null,"wheelchair":"no","opening_hours":null,"operator":null,"description":null,"password":null}},{"type":"Feature","geometry":{"type":"Point","coordinates":[0.190511942,51.567153798]},"properties":{"id":"toiletmap/8d7d34f9b9572493f5f80ac8","source":"toiletmap-uk","name":"B&Q","fee":"no","charge":null,"access":null,"wheelchair":"yes","opening_hours":"Mo-Su 09:00-17:00","operator":null,"description":null,"password":null}},{"type":"Feature","geometry":{"type":"Point","coordinates":[-0.101659439,51.51633797]},"properties":{"id":"toiletmap/8da915099a6b1a1f00ba1735","source":"toiletmap-uk","name":"The Viaduct Tavern","fee":"no","charge":null,"access":null,"wheelchair":"no","opening_hours":"Mo-Fr 09:00-17:00","operator":null,"description":"MONDAY TO FRIDAY: 08.30 - 23.00\r\n              SATURDAY: Closed.\r\n              SUNDAY: Closed. Part of City of London Community Toilet Scheme.","password":null}},{"type":"Feature","geometry":{"type":"Point","coordinates":[-0.1526109,51.5278516]},"properties":{"id":"toiletmap/8dc607055d247af02ed20122","source":"toiletmap-uk","name":"Queen Mary’s Rose Gardens","fee":"yes","charge":"20p card payment only","access":null,"wheelchair":"yes","opening_hours":"Mo-Su 08:00-18:00","operator":null,"description":"Open:\n08.00 - 16.00 January, November  & December. \n08.00 - 17.00 February & October.\n08.00 - 18.00 March.\n08.00 - 19.00 September.\n08.00 - 20.00 April & August.\n08.00 - 21.00 May, June & July.\n\nBaby changing in disabled toilet (radar lock).\nDrinking water available in all.\n","password":null}},{"type":"Feature","geometry":{"type":"Point","coordinates":[-0.364917219,51.444175371]},"properties":{"id":"toiletmap/8dd3517a9cdd433d707afb1d","source":"toiletmap-uk","name":"Whitton Community Centre","fee":"no","charge":null,"access":null,"wheelchair":"yes","opening_hours":"Mo-Th 09:00-20:00; Fr-Sa 09:00-18:00; Su 10:00-14:00","operator":null,"description":"Part of Richmond Community Toilet Scheme","password":null}},{"type":"Feature","geometry":{"type":"Point","coordinates":[-0.1728609,51.4901701]},"properties":{"id":"toiletmap/8df4d4f70b49fd13ed1789d0","source":"toiletmap-uk","name":"Royal Marsden Hospital","fee":"no","charge":null,"access":null,"wheelchair":"no","opening_hours":"Mo-Su 07:00-18:00","operator":null,"description":null,"password":null}},{"type":"Feature","geometry":{"type":"Point","coordinates":[-0.115517378,51.462460063]},"properties":{"id":"toiletmap/8df56095929f255ae66ecb57","source":"toiletmap-uk","name":"Morleys","fee":"no","charge":null,"access":null,"wheelchair":"yes","opening_hours":"Mo-Su 09:00-17:00","operator":null,"description":null,"password":null}},{"type":"Feature","geometry":{"type":"Point","coordinates":[-0.071604252,51.523817882]},"properties":{"id":"toiletmap/8e12719b064357469c592990","source":"toiletmap-uk","name":"Kahaila","fee":"no","charge":null,"access":null,"wheelchair":"no","opening_hours":"Mo-Su 09:00-18:00","operator":null,"description":"A Tower Hamlets Community Toilet Scheme Venue. This toilet can be found on the ground floor.","password":null}},{"type":"Feature","geometry":{"type":"Point","coordinates":[-0.3758228,51.5403919]},"properties":{"id":"toiletmap/8e4eaf3dc62b69d5bf98d571","source":"toiletmap-uk","name":null,"fee":"no","charge":null,"access":null,"wheelchair":"no","opening_hours":null,"operator":null,"description":null,"password":null}},{"type":"Feature","geometry":{"type":"Point","coordinates":[-0.283542752,51.493024671]},"properties":{"id":"toiletmap/8e59c29be5bcc5bfcb0044f8","source":"toiletmap-uk","name":"B&Q Chiswick","fee":"no","charge":null,"access":null,"wheelchair":"no","opening_hours":null,"operator":null,"description":"Part of Hounslow Community Toilet Scheme","password":null}},{"type":"Feature","geometry":{"type":"Point","coordinates":[-0.215952694,51.461621168]},"properties":{"id":"toiletmap/8e6a14315bed3ead2ad81f61","source":"toiletmap-uk","name":"Putney Library","fee":"no","charge":null,"access":null,"wheelchair":"no","opening_hours":"Mo-Su 09:00-20:00","operator":null,"description":"Part of council Community Toilet Scheme","password":null}},{"type":"Feature","geometry":{"type":"Point","coordinates":[-0.393359452,51.654602051]},"properties":{"id":"toiletmap/8e784c8a914c46dea60e7df8","source":"toiletmap-uk","name":"Harlequin shopping centre","fee":"no","charge":null,"access":null,"wheelchair":null,"opening_hours":null,"operator":null,"description":"1 upstairs by designer shops end I think next to H&M the other side of the doors.","password":null}},{"type":"Feature","geometry":{"type":"Point","coordinates":[-0.014572442,51.50458714]},"properties":{"id":"toiletmap/8eb48abea2d6135639d43534","source":"toiletmap-uk","name":"Idea Store Canary Wharf","fee":"no","charge":null,"access":null,"wheelchair":"yes","opening_hours":"Mo-Th 09:00-21:00; Fr 09:00-18:00; Sa 09:00-17:00; Su 11:00-15:00","operator":null,"description":"A Tower Hamlets Community Toilet Scheme Venue. All 3 toilets are located on the ground floor. The disabled toilet is a unisex toilet.","password":null}},{"type":"Feature","geometry":{"type":"Point","coordinates":[-0.023305714,51.504717445]},"properties":{"id":"toiletmap/8ec9a57969be53db7da2cc94","source":"toiletmap-uk","name":"Cabot Square Toilets (near Cubitt Steps)","fee":"no","charge":null,"access":null,"wheelchair":"yes","opening_hours":"Mo-Su 10:00-18:00","operator":null,"description":"These toilets are at street level","password":null}},{"type":"Feature","geometry":{"type":"Point","coordinates":[0.181617737,51.577022864]},"properties":{"id":"toiletmap/8ef838388ffbccba393a7bef","source":"toiletmap-uk","name":"South Street, Romford","fee":"no","charge":null,"access":null,"wheelchair":"no","opening_hours":null,"operator":null,"description":null,"password":null}},{"type":"Feature","geometry":{"type":"Point","coordinates":[-0.3407134,51.4055871]},"properties":{"id":"toiletmap/8f6ec9e120dd302a7fc16a20","source":"toiletmap-uk","name":"Hampton Court Palace","fee":"no","charge":null,"access":null,"wheelchair":"no","opening_hours":null,"operator":null,"description":"Within grounds of Hampton Court Palace","password":null}},{"type":"Feature","geometry":{"type":"Point","coordinates":[-0.252277851,51.350414974]},"properties":{"id":"toiletmap/8f7990a7e0a64f562d693701","source":"toiletmap-uk","name":"Bourne Hall - Ewell","fee":"no","charge":null,"access":null,"wheelchair":"yes","opening_hours":"Mo-Fr 09:00-17:00","operator":null,"description":"Updated from personal experience - May 2023\n\nUpdated from Epsom and Ewell Council Website - Dec 2016. KT17 1UF","password":null}},{"type":"Feature","geometry":{"type":"Point","coordinates":[0.0401322,51.6646977]},"properties":{"id":"toiletmap/8f9b2885607e677ecc5d96cc","source":"toiletmap-uk","name":null,"fee":"no","charge":null,"access":null,"wheelchair":"no","opening_hours":null,"operator":null,"description":null,"password":null}},{"type":"Feature","geometry":{"type":"Point","coordinates":[-0.415120125,51.459381812]},"properties":{"id":"toiletmap/8fc5267999b47906cf56f224","source":"toiletmap-uk","name":"Tesco Feltham Dukes Green","fee":"yes","charge":null,"access":null,"wheelchair":"yes","opening_hours":"Mo-Su 00:00-00:00","operator":null,"description":"Closes SAT 0000. SUN 1000-1600. Opens Mon 0600. Part of Mayor of London's 'Open London' Community Toilet Scheme","password":null}},{"type":"Feature","geometry":{"type":"Point","coordinates":[-0.190828443,51.54676873]},"properties":{"id":"toiletmap/8fe82eda4615236dea87c861","source":"toiletmap-uk","name":"West Hampstead Tube Station (Jubilee line)","fee":"yes","charge":"yes","access":null,"wheelchair":"no","opening_hours":null,"operator":null,"description":"Male toilets are outside ticket gateline!\nFemale, baby changing and disabled toilets are inside ticket gateline!","password":null}},{"type":"Feature","geometry":{"type":"Point","coordinates":[-0.319343805,51.395301347]},"properties":{"id":"toiletmap/8ffcc67ddbc8ee0e508b9ab8","source":"toiletmap-uk","name":"Hampton Court Palace Golf Club","fee":"no","charge":null,"access":null,"wheelchair":"yes","opening_hours":"Mo-Su 06:00-22:00","operator":null,"description":"Part of Richmond Council's Community Toilet Scheme. Opening in hours in winter months: Mon-Sun 7:30am-5pm","password":null}},{"type":"Feature","geometry":{"type":"Point","coordinates":[-0.308923423,51.456411327]},"properties":{"id":"toiletmap/90205579b97790ff2ae97dae","source":"toiletmap-uk","name":"Rich Cafe ","fee":"no","charge":null,"access":null,"wheelchair":"no","opening_hours":"Mo-Sa 07:00-16:00; Su 08:00-16:00","operator":null,"description":"Part of the Community Toilet Scheme ","password":null}},{"type":"Feature","geometry":{"type":"Point","coordinates":[-0.337117884,51.5804938]},"properties":{"id":"toiletmap/90210469c9ae537b4bcea52e","source":"toiletmap-uk","name":"St Ann's Shopping Centre","fee":"no","charge":null,"access":null,"wheelchair":"yes","opening_hours":null,"operator":null,"description":"https://www.stannsshopping.co.uk/wp-content/uploads/2024/04/B1809_STAN_Directory_April_24.pdf\n","password":null}},{"type":"Feature","geometry":{"type":"Point","coordinates":[-0.126538575,51.536598448]},"properties":{"id":"toiletmap/9040a10912fb997271fbc1d7","source":"toiletmap-uk","name":"Coal Drops Yard (lower level)","fee":"no","charge":null,"access":null,"wheelchair":"yes","opening_hours":null,"operator":null,"description":"Very nice well maintained toilets, fully accessbile for families and wheelchair users.","password":null}},{"type":"Feature","geometry":{"type":"Point","coordinates":[-0.061363578,51.581691586]},"properties":{"id":"toiletmap/90790b0b22360453da4a34df","source":"toiletmap-uk","name":"Next to Markfield Park Cafe","fee":"yes","charge":null,"access":null,"wheelchair":"no","opening_hours":"Mo-Su 09:00-17:00","operator":null,"description":"Busy at weekends in the summer!\r\nNB The cafe is no longer called Pistachios","password":null}},{"type":"Feature","geometry":{"type":"Point","coordinates":[-0.442154733,51.37187695]},"properties":{"id":"toiletmap/90a24c5a513f9c9411f9ff2c","source":"toiletmap-uk","name":null,"fee":"no","charge":null,"access":null,"wheelchair":"no","opening_hours":null,"operator":null,"description":null,"password":null}},{"type":"Feature","geometry":{"type":"Point","coordinates":[-0.357809365,51.451820668]},"properties":{"id":"toiletmap/90b1506d2128f00c206f21a9","source":"toiletmap-uk","name":"Your Bakery","fee":"no","charge":null,"access":null,"wheelchair":"no","opening_hours":null,"operator":null,"description":null,"password":null}},{"type":"Feature","geometry":{"type":"Point","coordinates":[-0.1893213,51.4812706]},"properties":{"id":"toiletmap/90c02e77ee0bf2501ad4b249","source":"toiletmap-uk","name":null,"fee":"no","charge":null,"access":null,"wheelchair":"no","opening_hours":null,"operator":null,"description":null,"password":null}},{"type":"Feature","geometry":{"type":"Point","coordinates":[-0.366328597,51.469578997]},"properties":{"id":"toiletmap/90efe2779dd2cf749bb46617","source":"toiletmap-uk","name":"Continental Hotel","fee":"no","charge":null,"access":null,"wheelchair":"no","opening_hours":null,"operator":null,"description":"Part of Hounslow Community Toilet Scheme","password":null}},{"type":"Feature","geometry":{"type":"Point","coordinates":[-0.308368206,51.509632237]},"properties":{"id":"toiletmap/9162d9aea57989a3af0d2f83","source":"toiletmap-uk","name":"The Rickyard & Spencer's Cafe","fee":"no","charge":null,"access":null,"wheelchair":"no","opening_hours":"Mo-Su 09:00-18:00","operator":null,"description":"A new learning and education centre. The public toilets that were 100 yards north have closed as part of the development. More details here: http://www.pitzhanger.org.uk/walpole-park","password":null}},{"type":"Feature","geometry":{"type":"Point","coordinates":[-0.002660751,51.455651537]},"properties":{"id":"toiletmap/917c07a191eddf0c3a15a1ea","source":"toiletmap-uk","name":"Manor Park Toilet","fee":"no","charge":null,"access":null,"wheelchair":"no","opening_hours":"Mo-Su 09:00-17:00","operator":null,"description":"6 days, closed Tuesdays 8am-4pm\n\nPart of Lewisham Community Toilet Scheme","password":null}},{"type":"Feature","geometry":{"type":"Point","coordinates":[-0.337384343,51.506670694]},"properties":{"id":"toiletmap/91acc5b163808e548b93a8ea","source":"toiletmap-uk","name":"The Little Art Room","fee":"no","charge":null,"access":null,"wheelchair":"no","opening_hours":"Mo-Su 09:00-17:00","operator":null,"description":"Ealing Community Toilet Scheme\nMon to Fri, 9.15am-5pm, \nSat 10am-5pm, \nSun 10am-4pm","password":null}},{"type":"Feature","geometry":{"type":"Point","coordinates":[0.055553913,51.366060242]},"properties":{"id":"toiletmap/91deee2ff5d8619ac8e530d4","source":"toiletmap-uk","name":"Sainsbury's - Locksbottom","fee":"no","charge":null,"access":null,"wheelchair":"yes","opening_hours":null,"operator":null,"description":"Mon-Fri 7.00 - 22.00. Sat 7.00 - 22.00. Sun 10.00 - 16.00. Part of Bromley Council Community Toilet Scheme and Mayor of London Open London Scheme.  BR6 8NZ","password":null}},{"type":"Feature","geometry":{"type":"Point","coordinates":[-0.191077888,51.503261508]},"properties":{"id":"toiletmap/91e29674020f0ddbab0b1a98","source":"toiletmap-uk","name":"Kesington Church Street - Bus Shelter Autoloo","fee":"no","charge":"£0.20","access":null,"wheelchair":"no","opening_hours":"Mo-Su 00:00-00:00","operator":null,"description":null,"password":null}},{"type":"Feature","geometry":{"type":"Point","coordinates":[-0.140711367,51.513770039]},"properties":{"id":"toiletmap/91e56e6907383c73c75a4ab8","source":"toiletmap-uk","name":"Kingly Street Temporary Toilets","fee":"no","charge":null,"access":null,"wheelchair":"no","opening_hours":null,"operator":null,"description":"2* Chemical Toilets 1*4 bay urinal. Temporary Toilets Open Thursday 8pm-Monday 6am ","password":null}},{"type":"Feature","geometry":{"type":"Point","coordinates":[-0.059309006,51.648083474]},"properties":{"id":"toiletmap/91f300a3f0ef88d914191a80","source":"toiletmap-uk","name":"Morrisons","fee":"no","charge":null,"access":null,"wheelchair":"no","opening_hours":null,"operator":null,"description":null,"password":null}},{"type":"Feature","geometry":{"type":"Point","coordinates":[-0.205709338,51.581406576]},"properties":{"id":"toiletmap/91f8d4037491465b0afac4a5","source":"toiletmap-uk","name":"Princes Park","fee":"no","charge":null,"access":null,"wheelchair":"no","opening_hours":null,"operator":null,"description":null,"password":null}},{"type":"Feature","geometry":{"type":"Point","coordinates":[-0.423381329,51.661961474]},"properties":{"id":"toiletmap/91f95bc2837cbcbb811bd9b1","source":"toiletmap-uk","name":"paddling pool toilets","fee":"no","charge":null,"access":null,"wheelchair":"no","opening_hours":null,"operator":null,"description":null,"password":null}},{"type":"Feature","geometry":{"type":"Point","coordinates":[-0.46300292,51.346593708]},"properties":{"id":"toiletmap/921f7c7a42194f4fbadb48f0","source":"toiletmap-uk","name":"Shell Filling Station","fee":"yes","charge":null,"access":null,"wheelchair":"no","opening_hours":null,"operator":null,"description":null,"password":null}},{"type":"Feature","geometry":{"type":"Point","coordinates":[-0.001072884,51.607180247]},"properties":{"id":"toiletmap/922a9b53855a837e6022eb27","source":"toiletmap-uk","name":"Chives","fee":"yes","charge":null,"access":null,"wheelchair":"no","opening_hours":"Mo-Fr 09:00-17:00","operator":null,"description":"Mon-Fri, 7am-4pm. Part of Waltham Forest Community Toilet Scheme.","password":null}},{"type":"Feature","geometry":{"type":"Point","coordinates":[0.087692142,51.360352792]},"properties":{"id":"toiletmap/92360b1f6a9d7fc16e7201f0","source":"toiletmap-uk","name":"Crescent Cafe","fee":"no","charge":null,"access":null,"wheelchair":"no","opening_hours":null,"operator":null,"description":"Mon - Sat 8.00-17.00. Part of Bromley Council Community Toilet Scheme.","password":null}},{"type":"Feature","geometry":{"type":"Point","coordinates":[-0.245167023,51.3812537]},"properties":{"id":"toiletmap/925621a203661850b76a0457","source":"toiletmap-uk","name":"Worcester Park","fee":"no","charge":null,"access":null,"wheelchair":"no","opening_hours":null,"operator":null,"description":null,"password":null}},{"type":"Feature","geometry":{"type":"Point","coordinates":[-0.179064274,51.630583802]},"properties":{"id":"toiletmap/92c75bc6c7b770f90192d6e9","source":"toiletmap-uk","name":"Totteridge and Whetstone Station","fee":null,"charge":null,"access":null,"wheelchair":"no","opening_hours":null,"operator":null,"description":null,"password":null}},{"type":"Feature","geometry":{"type":"Point","coordinates":[-0.056750912,51.52987037]},"properties":{"id":"toiletmap/92e77a5c884ebd4c056179c5","source":"toiletmap-uk","name":"La Tostadora Roastery and Coffee Shop","fee":"no","charge":null,"access":null,"wheelchair":"no","opening_hours":"Tu-Fr 08:00-16:00; Sa 09:00-16:30; Su 09:00-16:00","operator":null,"description":"This is a Tower Hamlets Community Toilet Scheme venue. This toilet is located on the ground floor.","password":null}},{"type":"Feature","geometry":{"type":"Point","coordinates":[0.017315524,51.408953082]},"properties":{"id":"toiletmap/92f091d083b127408920ad62","source":"toiletmap-uk","name":"Bromley North Station","fee":"no","charge":null,"access":null,"wheelchair":"no","opening_hours":null,"operator":null,"description":"Closed Sundays","password":null}},{"type":"Feature","geometry":{"type":"Point","coordinates":[-0.012536645,51.466447108]},"properties":{"id":"toiletmap/931247e46bc1063f7a38d2b4","source":"toiletmap-uk","name":"Tesco Lewisham","fee":"no","charge":null,"access":null,"wheelchair":"no","opening_hours":"Mo-Su 00:00-00:00","operator":null,"description":"Closes SAT 0000, SUN 1000-1600, Opens MON 0600. Part of Mayor of London's 'Open London' Community Toilet Scheme\n\nPart of Lewisham Community Toilet Scheme","password":null}},{"type":"Feature","geometry":{"type":"Point","coordinates":[0.242178,51.442465]},"properties":{"id":"toiletmap/9322e0beabb271ef08e48e8e","source":"toiletmap-uk","name":"Shell Filling Station - Dartford East","fee":"yes","charge":null,"access":null,"wheelchair":"yes","opening_hours":"Mo-Su 00:00-00:00","operator":null,"description":"Open: 24/7  ATM; Shop; Coffee. DA2 6AS","password":null}},{"type":"Feature","geometry":{"type":"Point","coordinates":[-0.135937035,51.513590121]},"properties":{"id":"toiletmap/93306d842b0897d7d5d20635","source":"toiletmap-uk","name":"Broadwick Street Temporary Toilet","fee":"yes","charge":"Card only ","access":null,"wheelchair":"yes","opening_hours":"Mo-Su 12:00-00:00","operator":null,"description":"Automatic PC- open 24 hours- Accessible (radar key required) ","password":null}},{"type":"Feature","geometry":{"type":"Point","coordinates":[-0.041925609,51.548888683]},"properties":{"id":"toiletmap/9347ccb1352366395fcefef2","source":"toiletmap-uk","name":"Homerton Library","fee":"no","charge":null,"access":null,"wheelchair":null,"opening_hours":"Mo-Tu 10:00-20:00; We 13:00-18:00; Th-Fr 10:00-20:00; Sa 10:00-17:00","operator":null,"description":null,"password":null}},{"type":"Feature","geometry":{"type":"Point","coordinates":[-0.144865538,51.541669479]},"properties":{"id":"toiletmap/9350600767ba62d10fc05c1f","source":"toiletmap-uk","name":"Hawley Warf toilets","fee":"no","charge":null,"access":null,"wheelchair":"yes","opening_hours":null,"operator":null,"description":"Follow market Signage, toilets on several floors","password":null}},{"type":"Feature","geometry":{"type":"Point","coordinates":[-0.089282691,51.515209232]},"properties":{"id":"toiletmap/93527b4c5bb97682a090484f","source":"toiletmap-uk","name":"The Tokenhouse","fee":"no","charge":null,"access":null,"wheelchair":"yes","opening_hours":"Mo-Fr 09:00-17:00","operator":null,"description":"Mon: 11:00 - 23:00, Tues - Fri: 09:00 - 23:00. Closed Bank Holidays. Part of City of London Community Toilet Scheme.","password":null}},{"type":"Feature","geometry":{"type":"Point","coordinates":[-0.021259522,51.667495406]},"properties":{"id":"toiletmap/9356051a9387398c282c6080","source":"toiletmap-uk","name":"McDonald’s Brimsdown","fee":"yes","charge":"Free","access":null,"wheelchair":"yes","opening_hours":"Mo-Su 00:00-00:00","operator":null,"description":"They also have a disabled toilet","password":null}},{"type":"Feature","geometry":{"type":"Point","coordinates":[-0.092297494,51.50179725]},"properties":{"id":"toiletmap/9375e8003a55161c7a698fe7","source":"toiletmap-uk","name":"John Harvard Library","fee":"no","charge":null,"access":null,"wheelchair":"yes","opening_hours":"Mo-Fr 09:00-19:00; Sa 09:00-17:00","operator":null,"description":"Monday - Friday 9am to 7pm, Saturday 10am to 5pm","password":null}},{"type":"Feature","geometry":{"type":"Point","coordinates":[0.113784671,51.693622008]},"properties":{"id":"toiletmap/937b8054c2aac24ddd1d0d3a","source":"toiletmap-uk","name":"Epping Underground Station","fee":"no","charge":null,"access":null,"wheelchair":"yes","opening_hours":null,"operator":null,"description":"Accessed after passing ticket barriers.\nLocated on Plat 2.\nBaby Changing located within Accessible Toilet.","password":null}},{"type":"Feature","geometry":{"type":"Point","coordinates":[-0.154009744,51.540381484]},"properties":{"id":"toiletmap/939c3e1a5391bed17cc97364","source":"toiletmap-uk","name":"Princess of Wales Pub","fee":"no","charge":null,"access":null,"wheelchair":null,"opening_hours":"Mo-Su 10:00-00:00","operator":null,"description":"Willing to allow non-customers to use their toilet.","password":null}},{"type":"Feature","geometry":{"type":"Point","coordinates":[-0.011699796,51.495946425]},"properties":{"id":"toiletmap/93bb559ed4a78a333f2e9ac6","source":"toiletmap-uk","name":"Cubitt Town Library","fee":"no","charge":null,"access":null,"wheelchair":"yes","opening_hours":"Mo-Th 10:00-18:00; Sa 09:00-17:00","operator":null,"description":"A Tower Hamlets Community Toilet Scheme Venue. The toilets can be found on the ground floor","password":null}},{"type":"Feature","geometry":{"type":"Point","coordinates":[-0.304346234,51.512638159]},"properties":{"id":"toiletmap/945f8b183dec449cd3847920","source":"toiletmap-uk","name":"Costa","fee":"no","charge":null,"access":null,"wheelchair":"yes","opening_hours":null,"operator":null,"description":null,"password":null}},{"type":"Feature","geometry":{"type":"Point","coordinates":[0.2693704,51.4382322]},"properties":{"id":"toiletmap/9474892b53a131ad6c780681","source":"toiletmap-uk","name":null,"fee":"no","charge":null,"access":null,"wheelchair":"no","opening_hours":null,"operator":null,"description":null,"password":null}},{"type":"Feature","geometry":{"type":"Point","coordinates":[0.321834603,51.476250576]},"properties":{"id":"toiletmap/9493911f6901715089f5bd31","source":"toiletmap-uk","name":"Grays Station","fee":"no","charge":null,"access":null,"wheelchair":"yes","opening_hours":null,"operator":null,"description":"On platform 1","password":null}},{"type":"Feature","geometry":{"type":"Point","coordinates":[-0.095541181,51.512178779]},"properties":{"id":"toiletmap/94f08350347ef4dd7245e920","source":"toiletmap-uk","name":"The Sea Horse","fee":"no","charge":null,"access":null,"wheelchair":"no","opening_hours":null,"operator":null,"description":"MONDAY TO FRIDAY: 10.00 - 03.00;\r\n              SATURDAY: 10.00 - 03.00;\r\n              SUNDAY: Closed. Part of City of London Community Toilet Scheme.","password":null}},{"type":"Feature","geometry":{"type":"Point","coordinates":[-0.342750055,51.40255764]},"properties":{"id":"toiletmap/954dddd92b8b2db86bb3522b","source":"toiletmap-uk","name":"Hampton Court - Railway Station","fee":"no","charge":null,"access":null,"wheelchair":"yes","opening_hours":null,"operator":null,"description":"Toilets are in the station, before the ticket barriers.","password":null}},{"type":"Feature","geometry":{"type":"Point","coordinates":[-0.303144044,51.538916003]},"properties":{"id":"toiletmap/95599846a3c4d32616ba9a95","source":"toiletmap-uk","name":"Sainsburys","fee":"no","charge":null,"access":null,"wheelchair":"yes","opening_hours":"Mo-Sa 07:00-23:00; Su 10:30-16:30","operator":null,"description":null,"password":null}},{"type":"Feature","geometry":{"type":"Point","coordinates":[-0.048368275,51.534819301]},"properties":{"id":"toiletmap/9568dbc60a3a027db30a6266","source":"toiletmap-uk","name":"Victoria Park East Shore Place","fee":"no","charge":null,"access":null,"wheelchair":"yes","opening_hours":"Mo-Su 08:00-17:00","operator":null,"description":"A Tower Hamlets Community Toilet Scheme Venue. Toilets are located in the Rose Garden near the Gore Street entrance. Please note all toilets in Victoria Park close one hour before the parks closing time. The parks closing time varies throughout the year, coinciding with sunset.","password":null}},{"type":"Feature","geometry":{"type":"Point","coordinates":[-0.054228902,51.585463006]},"properties":{"id":"toiletmap/95830cff872de065172ca72e","source":"toiletmap-uk","name":"Walthamstow Wetlands Engine House visitor centre","fee":"no","charge":null,"access":null,"wheelchair":"yes","opening_hours":null,"operator":null,"description":"Open 9.30am-4pm, every day","password":null}},{"type":"Feature","geometry":{"type":"Point","coordinates":[0.127737522,51.48863184]},"properties":{"id":"toiletmap/958eefbf2614f268da174b0d","source":"toiletmap-uk","name":"Lesnes Abbey","fee":"no","charge":null,"access":null,"wheelchair":"yes","opening_hours":"Mo-Su 09:00-17:00","operator":null,"description":"The times given are for Winter months.\nThe times for Summer months are Monday to Sunday 9am - 6pm. \nThe toilets are closed on Christmas Day and Boxing Day.\nThe Disabled toilet is also a unisex/gender neutral toilet.","password":null}},{"type":"Feature","geometry":{"type":"Point","coordinates":[-0.177063346,51.522537934]},"properties":{"id":"toiletmap/959ca1390534c67ce683dd39","source":"toiletmap-uk","name":"Little Venice Sports Centre Library ","fee":"no","charge":null,"access":null,"wheelchair":"yes","opening_hours":"Mo-Fr 09:00-20:30; Sa-Su 10:00-17:30","operator":null,"description":"Wheelchair accessible toilets- free. ","password":null}},{"type":"Feature","geometry":{"type":"Point","coordinates":[-0.005938411,51.480218615]},"properties":{"id":"toiletmap/95a2b9a246bada0169257cea","source":"toiletmap-uk","name":"National Maritime Museum","fee":"no","charge":null,"access":null,"wheelchair":"no","opening_hours":null,"operator":null,"description":null,"password":null}},{"type":"Feature","geometry":{"type":"Point","coordinates":[-0.060204864,51.652848068]},"properties":{"id":"toiletmap/95e0b1a010b2a569f20525a1","source":"toiletmap-uk","name":"Enfield Playing Fields, Great Cambridge Road","fee":"no","charge":null,"access":null,"wheelchair":"no","opening_hours":null,"operator":null,"description":null,"password":null}},{"type":"Feature","geometry":{"type":"Point","coordinates":[0.1295369,51.5695845]},"properties":{"id":"toiletmap/95e6ff9e824411ae6419833b","source":"toiletmap-uk","name":"Wangey Road Car Park Toilet","fee":"no","charge":null,"access":null,"wheelchair":"yes","opening_hours":null,"operator":null,"description":"Disabled Toilet is Still Accessible but currently not maintained due to the rest of the toilet block being vandalised During 2020 Lockdown","password":null}},{"type":"Feature","geometry":{"type":"Point","coordinates":[-0.358040035,51.418472791]},"properties":{"id":"toiletmap/95f3cc387d5efe3308f58e70","source":"toiletmap-uk","name":"Hampton Pool ","fee":"no","charge":null,"access":null,"wheelchair":"yes","opening_hours":"Mo-Fr 06:00-21:00; Sa-Su 08:00-17:00","operator":null,"description":"Part of Richmond Council's Community Toilet Scheme.","password":null}},{"type":"Feature","geometry":{"type":"Point","coordinates":[0.321002,51.442898]},"properties":{"id":"toiletmap/961f151bd4beb2c31ed3cfbc","source":"toiletmap-uk","name":"Ebbsfleet International Station","fee":"no","charge":null,"access":null,"wheelchair":"no","opening_hours":null,"operator":null,"description":null,"password":null}},{"type":"Feature","geometry":{"type":"Point","coordinates":[-0.370791256,51.413876506]},"properties":{"id":"toiletmap/966b177ccd0cdaea8c522801","source":"toiletmap-uk","name":"Hampton Library - Public Toilets","fee":"no","charge":null,"access":null,"wheelchair":"yes","opening_hours":"Mo-Tu 09:30-18:00; We 10:00-19:00; Fr 09:30-18:00; Sa 09:30-16:00","operator":null,"description":null,"password":null}},{"type":"Feature","geometry":{"type":"Point","coordinates":[-0.115638487,51.497147996]},"properties":{"id":"toiletmap/96b1e8cf4729c262e0b0ca7d","source":"toiletmap-uk","name":"Archbishop's Park Toilets","fee":"no","charge":null,"access":null,"wheelchair":"yes","opening_hours":"Mo-Fr 09:00-20:45; Sa-Su 09:00-17:45","operator":null,"description":"Times are for summer opening. Winter openings shorter.","password":null}},{"type":"Feature","geometry":{"type":"Point","coordinates":[-0.174190163,51.535337317]},"properties":{"id":"toiletmap/96fe8343ce13df52bd1be047","source":"toiletmap-uk","name":"St. John's Wood Tube Station","fee":"no","charge":null,"access":null,"wheelchair":"yes","opening_hours":null,"operator":null,"description":"Toilets are outside ticket gateline!","password":null}},{"type":"Feature","geometry":{"type":"Point","coordinates":[-0.282868,51.6252845]},"properties":{"id":"toiletmap/970d10937994128730a4e9ae","source":"toiletmap-uk","name":"Edgwarebury Park","fee":"no","charge":null,"access":null,"wheelchair":"no","opening_hours":null,"operator":null,"description":null,"password":null}},{"type":"Feature","geometry":{"type":"Point","coordinates":[-0.08431524,51.483626009]},"properties":{"id":"toiletmap/973fc95e331525922b50f9cd","source":"toiletmap-uk","name":"Chumleigh Gardens Toilet","fee":"no","charge":null,"access":null,"wheelchair":"yes","opening_hours":"Mo-Su 08:00-18:00","operator":null,"description":"Closes at DUSK.\n3 standard, 1 accessible, 1 baby-changing. Part of Southwark Council Toilet Network. Managed by Parks Dept.","password":null}},{"type":"Feature","geometry":{"type":"Point","coordinates":[-0.019161701,51.583529941]},"properties":{"id":"toiletmap/975f22118fe73927b42aad60","source":"toiletmap-uk","name":"McDonalds","fee":"yes","charge":null,"access":null,"wheelchair":"yes","opening_hours":null,"operator":null,"description":"Sun-Thurs: 5am-2am. Fri-Sat: 24hour. Part of Community Toilet Scheme","password":null}},{"type":"Feature","geometry":{"type":"Point","coordinates":[-0.321199894,51.513049292]},"properties":{"id":"toiletmap/97a900f2642dd4f475860d29","source":"toiletmap-uk","name":"Waitrose","fee":"no","charge":null,"access":null,"wheelchair":"yes","opening_hours":"Mo-Su 09:00-17:00","operator":null,"description":"Ealing Community Toilet Scheme\nMon to Wed & Sat 8am - 9pm\nThurs to Fri 8am - 10pm\nSun 11am - 5pm","password":null}},{"type":"Feature","geometry":{"type":"Point","coordinates":[-0.220509768,51.487083603]},"properties":{"id":"toiletmap/97b1d4fef44cc483eead72f6","source":"toiletmap-uk","name":"Charing Cross Hospital Entrance","fee":"no","charge":null,"access":null,"wheelchair":"no","opening_hours":"Mo-Su 00:00-00:00","operator":null,"description":"Located on the left and right walls as you enter the hospital","password":null}},{"type":"Feature","geometry":{"type":"Point","coordinates":[-0.40664649,51.451489331]},"properties":{"id":"toiletmap/97c92eaaf71fff53fabd499a","source":"toiletmap-uk","name":"Feltham Assembly Hall","fee":"no","charge":null,"access":null,"wheelchair":"no","opening_hours":null,"operator":null,"description":"Part of Hounslow Community Toilet Scheme","password":null}},{"type":"Feature","geometry":{"type":"Point","coordinates":[-0.1238053,51.5013275]},"properties":{"id":"toiletmap/97d128d08d0fdf9111a6054d","source":"toiletmap-uk","name":"Westminster Pier (CLOSED until 2027)","fee":null,"charge":null,"access":null,"wheelchair":"no","opening_hours":null,"operator":null,"description":"CLOSED FOR REFURBISHMENT, OPEN SUMMER 2026","password":null}},{"type":"Feature","geometry":{"type":"Point","coordinates":[-0.289378166,51.405811778]},"properties":{"id":"toiletmap/97d254e70bc336192ef3a718","source":"toiletmap-uk","name":"Kingston Cemetery","fee":"no","charge":null,"access":null,"wheelchair":null,"opening_hours":"Mo-Su 00:00-11:59","operator":null,"description":null,"password":null}},{"type":"Feature","geometry":{"type":"Point","coordinates":[-0.332016706,51.467271628]},"properties":{"id":"toiletmap/97fd902c852c6ffd3d760927","source":"toiletmap-uk","name":"Reedless Stables Gallery / Art Studio","fee":"no","charge":null,"access":null,"wheelchair":"no","opening_hours":null,"operator":null,"description":"Part of Hounslow Community Toilet Scheme","password":null}},{"type":"Feature","geometry":{"type":"Point","coordinates":[-0.2901664,51.4791278]},"properties":{"id":"toiletmap/981b5ca97d29bd7ca1296f37","source":"toiletmap-uk","name":"Kew Gardens","fee":"no","charge":null,"access":null,"wheelchair":"no","opening_hours":null,"operator":null,"description":null,"password":null}},{"type":"Feature","geometry":{"type":"Point","coordinates":[-0.010168,51.482147]},"properties":{"id":"toiletmap/9831ac3f0ebc2facf16e44cf","source":"toiletmap-uk","name":"Cutty Sark Gardens SE10 9HT","fee":"yes","charge":"50p","access":null,"wheelchair":"no","opening_hours":"Mo-Su 00:00-00:00","operator":null,"description":"The toilet is located in-between Marks & Spencer and the Cutty Sark ship.  It is a stand alone toilet.  Cost 50p, but free for disable radar key holders.","password":null}},{"type":"Feature","geometry":{"type":"Point","coordinates":[-0.1580494,51.5325517]},"properties":{"id":"toiletmap/983668ec8faff8dd4eaaff92","source":"toiletmap-uk","name":"The Hub","fee":"no","charge":null,"access":null,"wheelchair":"no","opening_hours":null,"operator":null,"description":null,"password":null}},{"type":"Feature","geometry":{"type":"Point","coordinates":[-0.3323747,51.4087329]},"properties":{"id":"toiletmap/9869a14a6047b6bc483adcd7","source":"toiletmap-uk","name":"Bushy Park","fee":"yes","charge":"No Charge","access":null,"wheelchair":"yes","opening_hours":null,"operator":null,"description":"Open 7am - 7pm October - May\r\n7am - 9pm June - September","password":null}},{"type":"Feature","geometry":{"type":"Point","coordinates":[-0.127667785,51.529900924]},"properties":{"id":"toiletmap/9875c0f6327ab5b8dd7ee366","source":"toiletmap-uk","name":"British Library","fee":"no","charge":null,"access":null,"wheelchair":null,"opening_hours":null,"operator":null,"description":null,"password":null}},{"type":"Feature","geometry":{"type":"Point","coordinates":[-0.468777716,51.639083719]},"properties":{"id":"toiletmap/98b9cccc6d7c05abea58ad1e","source":"toiletmap-uk","name":"Rickmansworth Library","fee":"no","charge":null,"access":null,"wheelchair":null,"opening_hours":null,"operator":null,"description":"Not currently open as being refurbished ","password":null}},{"type":"Feature","geometry":{"type":"Point","coordinates":[-0.037658215,51.306468788]},"properties":{"id":"toiletmap/98d7645ebcf9f62d749ff28e","source":"toiletmap-uk","name":"Knights Garden Centre - Warlingham","fee":"yes","charge":null,"access":null,"wheelchair":"no","opening_hours":null,"operator":null,"description":"Restaurant - Monday - Saturday: 9.00am - 4.30pm\r\nSunday: 10.00am - 4.00pm.\r\n\r\nCR6 9DZ","password":null}},{"type":"Feature","geometry":{"type":"Point","coordinates":[-0.1023558,51.515923385]},"properties":{"id":"toiletmap/9910029fd9cd53154e291443","source":"toiletmap-uk","name":"Firefly Bar","fee":"no","charge":null,"access":null,"wheelchair":"yes","opening_hours":"Mo-Fr 09:00-17:00","operator":null,"description":"MONDAY - WEDNESDAY 12.00 - 23.00, THURSDAY & FRIDAY 12.00 - 00.00. \r\n              SATURDAY: Closed. \r\n              SUNDAY: Closed.\r\nPart of City of London Community Toilet Scheme.","password":null}},{"type":"Feature","geometry":{"type":"Point","coordinates":[-0.195128918,51.599984372]},"properties":{"id":"toiletmap/991bc37e4d145d3b32d9ea00","source":"toiletmap-uk","name":"Finchley Church End Library","fee":"no","charge":null,"access":null,"wheelchair":"yes","opening_hours":"Mo 14:00-20:00; We 14:00-17:00; Fr 09:00-12:30; Sa 09:00-17:00; Su 14:00-17:00","operator":null,"description":null,"password":null}},{"type":"Feature","geometry":{"type":"Point","coordinates":[0.069612775,51.556771185]},"properties":{"id":"toiletmap/99379a4c7efca3c3d9129911","source":"toiletmap-uk","name":"Sainsbury's toilet","fee":"yes","charge":null,"access":null,"wheelchair":"no","opening_hours":"Mo-Su 09:00-17:00","operator":null,"description":"Regularly out of order","password":null}},{"type":"Feature","geometry":{"type":"Point","coordinates":[-0.109930843,51.507728936]},"properties":{"id":"toiletmap/996ad96c5db54bc92a707d33","source":"toiletmap-uk","name":"Gabriels Wharf","fee":"no","charge":null,"access":null,"wheelchair":"no","opening_hours":null,"operator":null,"description":"May need to ask at one of the shops/club for access.","password":null}},{"type":"Feature","geometry":{"type":"Point","coordinates":[-0.237241387,51.49749813]},"properties":{"id":"toiletmap/997e2de0b33074fec255f7ff","source":"toiletmap-uk","name":"Ravenscourt Park Public Toilet","fee":"no","charge":null,"access":null,"wheelchair":null,"opening_hours":null,"operator":null,"description":null,"password":null}},{"type":"Feature","geometry":{"type":"Point","coordinates":[0.119830122,51.456440978]},"properties":{"id":"toiletmap/9990370d427d95fcfb29239d","source":"toiletmap-uk","name":"Danson Park Toilet Block (adj Mansion)","fee":"no","charge":null,"access":null,"wheelchair":"yes","opening_hours":"Mo-Su 08:30-15:00","operator":null,"description":"The times given are for Winter months.\nThe times for Summer months are Monday to Sunday 8.30am - 5pm.\nThe toilets are closed on Christmas Day and Boxing Day.\nThe Disabled toilet is also a unisex/gender neutral toilet.","password":null}},{"type":"Feature","geometry":{"type":"Point","coordinates":[-0.087500438,51.516648546]},"properties":{"id":"toiletmap/99b2bf21d409fb40a30f7b78","source":"toiletmap-uk","name":"K10 Modern Japanese Cuisine","fee":"no","charge":null,"access":null,"wheelchair":"no","opening_hours":"Mo-Fr 09:00-17:00","operator":null,"description":"MONDAY TO FRIDAY: 11.30 - 15.00\r\n          . Part of City of London Community Toilet Scheme.","password":null}},{"type":"Feature","geometry":{"type":"Point","coordinates":[-0.139217377,51.508785863]},"properties":{"id":"toiletmap/99eb5a82c14c08f2cceb33ec","source":"toiletmap-uk","name":"ROYAL ACADEMY","fee":"no","charge":null,"access":null,"wheelchair":"yes","opening_hours":"Mo-Su 09:00-17:00","operator":null,"description":"OPEN AS EXHIBITIONS TIMES","password":null}},{"type":"Feature","geometry":{"type":"Point","coordinates":[-0.155417919,51.52726229]},"properties":{"id":"toiletmap/9a000a9564dd0463a07bf871","source":"toiletmap-uk","name":"Garden Cafe","fee":"no","charge":null,"access":null,"wheelchair":"no","opening_hours":null,"operator":null,"description":null,"password":null}},{"type":"Feature","geometry":{"type":"Point","coordinates":[-0.106239617,51.438419058]},"properties":{"id":"toiletmap/9a097b4e90c1248b4da5b7e6","source":"toiletmap-uk","name":"Elmcourt Health Centre","fee":"no","charge":null,"access":null,"wheelchair":"yes","opening_hours":null,"operator":null,"description":null,"password":null}},{"type":"Feature","geometry":{"type":"Point","coordinates":[-0.15396924,51.40840457]},"properties":{"id":"toiletmap/9a4e06ff77fe45f6a8a8a665","source":"toiletmap-uk","name":"Mitcham Eastfields Station","fee":"no","charge":null,"access":null,"wheelchair":"no","opening_hours":null,"operator":null,"description":"Located on platform 1\n","password":null}},{"type":"Feature","geometry":{"type":"Point","coordinates":[-0.018416047,51.50625506]},"properties":{"id":"toiletmap/9a5980bfa832ae35b1ba2d32","source":"toiletmap-uk","name":"Crossrail Place - Mall, Level -3 (by Boots & Subway)","fee":"no","charge":null,"access":null,"wheelchair":"yes","opening_hours":"Mo-Fr 10:00-20:00; Sa 10:00-19:00; Su 12:00-18:00","operator":null,"description":"A Tower Hamlets Community Toilet Scheme Venue. These toilets can be located on Level -1 and are situated near Boots & Subway. The disabled toilet is a unisex toilet.","password":null}},{"type":"Feature","geometry":{"type":"Point","coordinates":[-0.117073059,51.505657314]},"properties":{"id":"toiletmap/9a659a0c3b97d90643f35ffd","source":"toiletmap-uk","name":"Royal Festival Hall toilets","fee":"no","charge":null,"access":null,"wheelchair":"yes","opening_hours":null,"operator":null,"description":"Throughout the entire building on the first 4 floors, signposted clearly.","password":null}},{"type":"Feature","geometry":{"type":"Point","coordinates":[-0.177666843,51.467222419]},"properties":{"id":"toiletmap/9a6ae01a19e2da0747ac6586","source":"toiletmap-uk","name":"York Gardens Library and Community Centre","fee":"no","charge":null,"access":null,"wheelchair":"no","opening_hours":null,"operator":null,"description":"Part of council Community Toilet Scheme","password":null}},{"type":"Feature","geometry":{"type":"Point","coordinates":[-0.128842592,51.478668421]},"properties":{"id":"toiletmap/9a7f933a58a4b76167802691","source":"toiletmap-uk","name":"The Nott","fee":"no","charge":null,"access":null,"wheelchair":"no","opening_hours":"Mo-Su 09:00-17:00","operator":null,"description":"Mon - Sat: 12:00 - 23:00 \nSun: 12:00 - 22:30. Part of Community Toilet Scheme.","password":null}},{"type":"Feature","geometry":{"type":"Point","coordinates":[-0.0544657,51.5476693]},"properties":{"id":"toiletmap/9a9c3626c1c1d420488342f0","source":"toiletmap-uk","name":"St Johns Garden, Mare Street","fee":"yes","charge":"true","access":null,"wheelchair":"no","opening_hours":"Mo-Su 09:00-18:00","operator":null,"description":"20p","password":null}},{"type":"Feature","geometry":{"type":"Point","coordinates":[-0.135848522,51.565896672]},"properties":{"id":"toiletmap/9ab69ef0e3909dd89d516ffe","source":"toiletmap-uk","name":"McDonalds","fee":"no","charge":null,"access":null,"wheelchair":"no","opening_hours":"Mo-Su 06:00-00:00","operator":null,"description":"Supposed to be for customers but staff do not seem to mind.","password":null}},{"type":"Feature","geometry":{"type":"Point","coordinates":[0.095373988,51.418567865]},"properties":{"id":"toiletmap/9af3fa3f9b30253101002381","source":"toiletmap-uk","name":"Thompson's Garden Centre - Chislehurst","fee":"no","charge":null,"access":null,"wheelchair":"no","opening_hours":null,"operator":null,"description":"Open: Mon-Sat 9am-5.30; Sun 10.30am-4.30pm.  Access off A222 Coffee Shop.  BR7 6HA","password":null}},{"type":"Feature","geometry":{"type":"Point","coordinates":[-0.478565097,51.546214951]},"properties":{"id":"toiletmap/9b0f9a41ca928a5eec9d96f4","source":"toiletmap-uk","name":"Uxbridge Underground Station","fee":"no","charge":null,"access":null,"wheelchair":"yes","opening_hours":null,"operator":null,"description":null,"password":null}},{"type":"Feature","geometry":{"type":"Point","coordinates":[0.174944401,51.396986665]},"properties":{"id":"toiletmap/9b4bd7e780bfa6de7e432990","source":"toiletmap-uk","name":"Asda Superstore - Swanley","fee":"yes","charge":null,"access":null,"wheelchair":"no","opening_hours":null,"operator":null,"description":null,"password":null}},{"type":"Feature","geometry":{"type":"Point","coordinates":[-0.078078457,51.514858255]},"properties":{"id":"toiletmap/9b83b69952225620aae7570d","source":"toiletmap-uk","name":"The White Horse Pub & Grill","fee":"no","charge":null,"access":null,"wheelchair":"no","opening_hours":"Mo-Fr 09:00-17:00","operator":null,"description":"MONDAY TO FRIDAY: 10.00 - 23.00\r\n              Part of City of London Community Toilet Scheme.","password":null}},{"type":"Feature","geometry":{"type":"Point","coordinates":[0.105893612,51.381857527]},"properties":{"id":"toiletmap/9b87eb0b4ee359693a9592a1","source":"toiletmap-uk","name":"Texaco Filling Station - Orpington","fee":"yes","charge":null,"access":null,"wheelchair":"no","opening_hours":null,"operator":null,"description":".","password":null}},{"type":"Feature","geometry":{"type":"Point","coordinates":[-0.144599,51.5419635]},"properties":{"id":"toiletmap/9b8829ff6a5679c3267320f4","source":"toiletmap-uk","name":null,"fee":"no","charge":null,"access":null,"wheelchair":"no","opening_hours":null,"operator":null,"description":"inc disabled","password":null}},{"type":"Feature","geometry":{"type":"Point","coordinates":[-0.412389636,51.329859147]},"properties":{"id":"toiletmap/9b9b0eec7e6f4fbb84536000","source":"toiletmap-uk","name":"Waitrose - Cobham","fee":"yes","charge":null,"access":null,"wheelchair":"no","opening_hours":null,"operator":null,"description":"KT11 1AF","password":null}},{"type":"Feature","geometry":{"type":"Point","coordinates":[0.306260165,51.293216527]},"properties":{"id":"toiletmap/9bc8d005c230e95cb67147b4","source":"toiletmap-uk","name":"Borough Green & Wrotham Station","fee":"no","charge":null,"access":null,"wheelchair":"no","opening_hours":null,"operator":null,"description":null,"password":null}},{"type":"Feature","geometry":{"type":"Point","coordinates":[-0.492737889,51.347335194]},"properties":{"id":"toiletmap/9be0e23769fd390eff0dee69","source":"toiletmap-uk","name":"Heathervale Recreation Ground, Brooklands","fee":"no","charge":null,"access":null,"wheelchair":"yes","opening_hours":null,"operator":null,"description":"https://www.runnymede.gov.uk/heathervale\n\nThe park opens at 8am on weekdays and 9am on weekends and bank holidays. Closing times range from 4.30pm to 9pm depending on daylight hours.\n\nKT15 3AN","password":null}},{"type":"Feature","geometry":{"type":"Point","coordinates":[-0.432672501,51.687589653]},"properties":{"id":"toiletmap/9bf069253d59277cfb40ec23","source":"toiletmap-uk","name":"Shell Filling Station - Leavesden","fee":"yes","charge":null,"access":null,"wheelchair":"no","opening_hours":"Mo-Su 00:00-00:00","operator":null,"description":"24 Hour, Shop, ATM, Cafe. WD4 8RD","password":null}},{"type":"Feature","geometry":{"type":"Point","coordinates":[-0.00364244,51.541382176]},"properties":{"id":"toiletmap/9c1c414915e8869be7f16d2e","source":"toiletmap-uk","name":"Stratford Station","fee":"no","charge":null,"access":null,"wheelchair":"yes","opening_hours":null,"operator":null,"description":"Located inside the station, after passing through the barriers.\n \nOnly RADAR key toilet currently open. Behind stairs by platform 16.","password":null}},{"type":"Feature","geometry":{"type":"Point","coordinates":[-0.145942765,51.494336276]},"properties":{"id":"toiletmap/9c29c5be7bedceda67393cd5","source":"toiletmap-uk","name":"Victoria Place Top Level","fee":"no","charge":null,"access":null,"wheelchair":"yes","opening_hours":"Mo-Su 06:00-23:00","operator":null,"description":null,"password":null}},{"type":"Feature","geometry":{"type":"Point","coordinates":[-0.166366115,51.3684549]},"properties":{"id":"toiletmap/9c64c13b2276da8680b641a9","source":"toiletmap-uk","name":"Carshalton Station","fee":"no","charge":null,"access":null,"wheelchair":"no","opening_hours":null,"operator":null,"description":"Toilets are on the platform and so you either tap in or ask the staff if you can use them.\nNot guaranteed to be open at all times.","password":null}},{"type":"Feature","geometry":{"type":"Point","coordinates":[-0.10173887,51.512688735]},"properties":{"id":"toiletmap/9c81fc057fa80cabba6889cc","source":"toiletmap-uk","name":"The Cockpit","fee":"no","charge":null,"access":null,"wheelchair":"no","opening_hours":"Mo-Fr 09:00-17:00","operator":null,"description":"Mon - Fri: 11:00 - 23:00. Sat, Sun: Closed. Part of City of London Community Toilet Scheme.","password":null}},{"type":"Feature","geometry":{"type":"Point","coordinates":[-0.128467083,51.508114297]},"properties":{"id":"toiletmap/9c87f46cef7571c34d4a9f6a","source":"toiletmap-uk","name":"Trafalgar Square","fee":"yes","charge":"20p but turnstiles maybe be opened for free during large events in Trafalgar Square","access":null,"wheelchair":"no","opening_hours":null,"operator":null,"description":"Baby-changing in male and female","password":null}},{"type":"Feature","geometry":{"type":"Point","coordinates":[-0.192046165,51.416980449]},"properties":{"id":"toiletmap/9ca3a382af85dfe829115543","source":"toiletmap-uk","name":"Tesco Express Wimbledon","fee":null,"charge":null,"access":null,"wheelchair":"yes","opening_hours":"Mo-Su 09:00-17:00","operator":null,"description":"MON-SUN 0600-Midnight. ","password":null}},{"type":"Feature","geometry":{"type":"Point","coordinates":[-0.079436302,51.652070922]},"properties":{"id":"toiletmap/9d11c897f32c647dbb8fe6b4","source":"toiletmap-uk","name":"Enfield Town Railway Station","fee":"no","charge":null,"access":null,"wheelchair":"yes","opening_hours":"Mo-Su 09:00-17:00","operator":null,"description":"In the concourse opposite the Platform 1 exit gate.","password":null}},{"type":"Feature","geometry":{"type":"Point","coordinates":[-0.056817234,51.530306272]},"properties":{"id":"toiletmap/9d28a29c12c56864f414e8d8","source":"toiletmap-uk","name":"Vagina Museum","fee":"no","charge":null,"access":null,"wheelchair":"no","opening_hours":"We-Su 10:00-18:00","operator":null,"description":"A Tower Hamlets Community Toilet Scheme Venue. The toilet is located on the ground floor.","password":null}},{"type":"Feature","geometry":{"type":"Point","coordinates":[-0.1131903,51.5035019]},"properties":{"id":"toiletmap/9d4e798eef6057ed90ffcc67","source":"toiletmap-uk","name":"Waterloo Station (Main Concourse)","fee":"no","charge":null,"access":null,"wheelchair":"yes","opening_hours":"Mo-Fr 04:30-01:05; Sa 04:30-01:50; Su 05:30-01:05","operator":null,"description":"Now re-opened. Male & Female toilets down 1 flight of stairs. Disabled toilet on level.\n\nThe entrance to the public toilets is on the main concourse opposite platform 18. ","password":null}},{"type":"Feature","geometry":{"type":"Point","coordinates":[0.141298771,51.5862965]},"properties":{"id":"toiletmap/9d81f49329b2a4f6cc6d7709","source":"toiletmap-uk","name":"Marks Gate Cemetery","fee":"yes","charge":"No charge","access":null,"wheelchair":"yes","opening_hours":null,"operator":null,"description":"Summer (April - September): 08.00 - 18.30 / Winter (October-March): 08.00 - 16.00","password":null}},{"type":"Feature","geometry":{"type":"Point","coordinates":[-0.286864936,51.49978194]},"properties":{"id":"toiletmap/9daa68841134d6c6b2c3193a","source":"toiletmap-uk","name":"Gunnersbury Park Toilets","fee":"no","charge":null,"access":null,"wheelchair":"yes","opening_hours":"Mo-Su 00:00-00:00","operator":null,"description":null,"password":null}},{"type":"Feature","geometry":{"type":"Point","coordinates":[-0.405893326,51.443275268]},"properties":{"id":"toiletmap/9dac2e35e16bd1be3dd73a29","source":"toiletmap-uk","name":"Burger King","fee":"no","charge":null,"access":null,"wheelchair":"no","opening_hours":"Mo-Su 09:00-17:00","operator":null,"description":"Part of Hounslow Community Toilet Scheme","password":null}},{"type":"Feature","geometry":{"type":"Point","coordinates":[-0.285073221,51.470300942]},"properties":{"id":"toiletmap/9e1c2d055a31ffb25090001f","source":"toiletmap-uk","name":"North Sheen Recreation Ground ","fee":"no","charge":null,"access":null,"wheelchair":"yes","opening_hours":null,"operator":null,"description":null,"password":null}},{"type":"Feature","geometry":{"type":"Point","coordinates":[-0.354810589,51.509832704]},"properties":{"id":"toiletmap/9e238c991485a43fa3f1698c","source":"toiletmap-uk","name":"McDonald's","fee":"no","charge":null,"access":null,"wheelchair":"yes","opening_hours":"Mo-Su 09:00-17:00","operator":null,"description":"Ealing Community Toilet Scheme\nMon to Sun 5am - 12pm","password":null}},{"type":"Feature","geometry":{"type":"Point","coordinates":[-0.214281678,51.650919686]},"properties":{"id":"toiletmap/9e3262f0adf9ddf9952e1599","source":"toiletmap-uk","name":"Barnet hospital entrance","fee":"no","charge":null,"access":null,"wheelchair":"yes","opening_hours":null,"operator":null,"description":"On left hand side just after reception ","password":null}},{"type":"Feature","geometry":{"type":"Point","coordinates":[0.287236652,51.485645362]},"properties":{"id":"toiletmap/9e73e773c3f8f08f632f4f68","source":"toiletmap-uk","name":"Chafford Hundred Lakeside Station","fee":"no","charge":null,"access":null,"wheelchair":"yes","opening_hours":null,"operator":null,"description":"In booking hall","password":null}},{"type":"Feature","geometry":{"type":"Point","coordinates":[-0.255169272,51.554027289]},"properties":{"id":"toiletmap/9eaf1dc58336bc59eb37554c","source":"toiletmap-uk","name":"Tesco Extra Wembley","fee":"no","charge":null,"access":null,"wheelchair":"no","opening_hours":"Mo-Su 09:00-17:00","operator":null,"description":"Closes SAT Midnight. SUN 1100-1700. Opens MON 0600. Part of Mayor of London's 'Open London' Community Toilet Scheme","password":null}},{"type":"Feature","geometry":{"type":"Point","coordinates":[-0.279301644,51.563497668]},"properties":{"id":"toiletmap/9f52bf1b06971c2d68346141","source":"toiletmap-uk","name":"Wembley Park Tube Station","fee":"no","charge":null,"access":null,"wheelchair":"yes","opening_hours":null,"operator":null,"description":"Toilets are inside ticket gateline!","password":null}},{"type":"Feature","geometry":{"type":"Point","coordinates":[-0.076174736,51.311277584]},"properties":{"id":"toiletmap/9f90447651421a8399d0fe13","source":"toiletmap-uk","name":"Whyteleafe Recreation Ground","fee":"yes","charge":null,"access":null,"wheelchair":"yes","opening_hours":"Mo-Su 00:00-00:00","operator":null,"description":"Updated from Tandridge District Council Website - Dec 2016.  CR6 9TH","password":null}},{"type":"Feature","geometry":{"type":"Point","coordinates":[-0.268526673,51.659484047]},"properties":{"id":"toiletmap/9f95d3956539000545de21eb","source":"toiletmap-uk","name":"Hertsmere Borough Council, Civic Offices","fee":"no","charge":null,"access":null,"wheelchair":"no","opening_hours":"Mo-Fr 09:00-17:00","operator":null,"description":"Participant in Hertsmere Community Toilet Scheme.\nOpen: 9am-5pm Monday through Friday","password":null}},{"type":"Feature","geometry":{"type":"Point","coordinates":[0.282296904,51.510375071]},"properties":{"id":"toiletmap/9f9659372a82b78cd6d5f35e","source":"toiletmap-uk","name":"Belhus Library South Ockendon Centre","fee":"no","charge":null,"access":null,"wheelchair":"yes","opening_hours":"Mo-Fr 10:00-17:00; Sa 10:00-13:00","operator":null,"description":"Not open on Sundays","password":null}},{"type":"Feature","geometry":{"type":"Point","coordinates":[-0.103336892,51.512832776]},"properties":{"id":"toiletmap/9fa29d3283f8b735bc4ec00e","source":"toiletmap-uk","name":"The Glean Restaurant & Bar  ","fee":"no","charge":null,"access":null,"wheelchair":"no","opening_hours":"Mo-Fr 09:00-17:00","operator":null,"description":"MONDAY TO FRIDAY: 11.00 - 23.00;  SATURDAY, SUNDAY: Closed. Part of City of London Community Toilet Scheme.","password":null}},{"type":"Feature","geometry":{"type":"Point","coordinates":[0.00193119,51.369704063]},"properties":{"id":"toiletmap/9fab4b5693a8992d62464dbf","source":"toiletmap-uk","name":"Coney's Cafe and Restaurant","fee":"no","charge":null,"access":null,"wheelchair":"yes","opening_hours":null,"operator":null,"description":"Mon - Sat 8.00-16.00, CLOSED SUNDAYS. Part of Bromley Council Community Toilet Scheme.","password":null}},{"type":"Feature","geometry":{"type":"Point","coordinates":[-0.345602632,51.622374658]},"properties":{"id":"toiletmap/9fc5e74096e4143d91e06338","source":"toiletmap-uk","name":"Squires Garden Centre - Stanmore","fee":"yes","charge":null,"access":null,"wheelchair":"yes","opening_hours":null,"operator":null,"description":"Cafe.HA7 3JF","password":null}},{"type":"Feature","geometry":{"type":"Point","coordinates":[-0.313467085,51.415324595]},"properties":{"id":"toiletmap/9fc648f3c440a261d11f466e","source":"toiletmap-uk","name":"Hampton Wick Garage ","fee":"no","charge":null,"access":null,"wheelchair":"no","opening_hours":"Mo-Fr 08:00-17:00; Sa 09:00-14:00","operator":null,"description":"Part of the Community Toilet Scheme ","password":null}},{"type":"Feature","geometry":{"type":"Point","coordinates":[-0.178205967,51.418256742]},"properties":{"id":"toiletmap/9fcbce3213d6988dd2ac2851","source":"toiletmap-uk","name":"Corleone","fee":"no","charge":null,"access":null,"wheelchair":"no","opening_hours":null,"operator":null,"description":"Mon - Fri: 17.00 - 23.00; Sat: 12.00 - 23.00; Sun: 12.00 - 22.00. ","password":null}},{"type":"Feature","geometry":{"type":"Point","coordinates":[0.02641626,51.57673928]},"properties":{"id":"toiletmap/9fd6c291470c8d278ea0a30b","source":"toiletmap-uk","name":"Christchurch Green","fee":"no","charge":null,"access":null,"wheelchair":"no","opening_hours":null,"operator":null,"description":"The gents' toilet is currently marked as \"out of order\".","password":null}},{"type":"Feature","geometry":{"type":"Point","coordinates":[0.1937356,51.606622768]},"properties":{"id":"toiletmap/a01bda3a5d305323e0203371","source":"toiletmap-uk","name":"Bedfords Park Visitor Center","fee":"no","charge":null,"access":null,"wheelchair":null,"opening_hours":null,"operator":null,"description":"Open during Visitor centre opening hours","password":null}},{"type":"Feature","geometry":{"type":"Point","coordinates":[-0.218444467,51.504909369]},"properties":{"id":"toiletmap/a01dc5fe4f2537ae2aa7b248","source":"toiletmap-uk","name":"Shepherd's Bush (Central Line)","fee":"no","charge":"£0.20","access":null,"wheelchair":"no","opening_hours":null,"operator":null,"description":"Stainless steel. Much nicer, free toilets in Shopping Centre.","password":null}},{"type":"Feature","geometry":{"type":"Point","coordinates":[-0.384939909,51.524865952]},"properties":{"id":"toiletmap/a047436c33c3f2e2e9632287","source":"toiletmap-uk","name":"Tesco Extra Hayes Yeading","fee":"yes","charge":null,"access":null,"wheelchair":"yes","opening_hours":"Mo-Su 09:00-17:00","operator":null,"description":"MON-SAT 0800-2100. SUN 1000-1600. Part of Mayor of London's 'Open London' Community Toilet Scheme","password":null}},{"type":"Feature","geometry":{"type":"Point","coordinates":[-0.468925238,51.436227336]},"properties":{"id":"toiletmap/a04bd4d2c7e53ea7e9388d70","source":"toiletmap-uk","name":"Ashford station","fee":"no","charge":null,"access":null,"wheelchair":null,"opening_hours":"Mo-Fr 06:55-13:25; Sa 08:00-14:00; Su 08:55-16:25","operator":null,"description":"Open when ticket office is open","password":null}},{"type":"Feature","geometry":{"type":"Point","coordinates":[-0.13138604,51.509724047]},"properties":{"id":"toiletmap/a06eb32c9dad1ec80366dda3","source":"toiletmap-uk","name":"Japan Centre","fee":"no","charge":null,"access":null,"wheelchair":"no","opening_hours":null,"operator":null,"description":"Near checkouts in basement shop. Access by stairs from street","password":null}},{"type":"Feature","geometry":{"type":"Point","coordinates":[-0.085600019,51.283734201]},"properties":{"id":"toiletmap/a0d1f6e71c8cc0e4a9772170","source":"toiletmap-uk","name":"Caterham Dene Hospital","fee":"yes","charge":null,"access":null,"wheelchair":"yes","opening_hours":null,"operator":null,"description":".","password":null}},{"type":"Feature","geometry":{"type":"Point","coordinates":[0.052270889,51.532520108]},"properties":{"id":"toiletmap/a0e412f2db6cc36ede0b8d11","source":"toiletmap-uk","name":"St Bartholomew’s Church & Centre","fee":"no","charge":null,"access":null,"wheelchair":"no","opening_hours":"Mo-Fr 09:00-17:00","operator":null,"description":"Mon-Fri 9am-4pm. CLOSED weekends. Part of Newham Community Toilet Scheme.","password":null}},{"type":"Feature","geometry":{"type":"Point","coordinates":[0.218318403,51.607311844]},"properties":{"id":"toiletmap/a0f41d7d689bac5058cf32c3","source":"toiletmap-uk","name":"Hilldene Avenue","fee":"no","charge":null,"access":null,"wheelchair":"no","opening_hours":null,"operator":null,"description":null,"password":null}},{"type":"Feature","geometry":{"type":"Point","coordinates":[-0.062962174,51.342279534]},"properties":{"id":"toiletmap/a0f8689c4e222dcd6a1e9f4d","source":"toiletmap-uk","name":"Sainsburys supermarket","fee":"no","charge":null,"access":null,"wheelchair":"yes","opening_hours":"Mo-Su 09:00-17:00","operator":null,"description":"Opening Mon - Sat 7:30am - 10pm; Sun 10am - 4pm;  ATM;  Building also houses Selsdon Library whose users can also make use of these toilets CR2 8LA","password":null}},{"type":"Feature","geometry":{"type":"Point","coordinates":[-0.069316328,51.474293183]},"properties":{"id":"toiletmap/a10da6d93547c26ca67004c7","source":"toiletmap-uk","name":"Peckham Library","fee":"no","charge":null,"access":null,"wheelchair":"yes","opening_hours":"Mo-Tu 09:00-20:00; We 10:00-20:00; Th-Fr 09:00-20:00; Sa 10:00-17:00; Su 12:00-16:00","operator":null,"description":"Monday, Tuesday, Thursday and Friday 9am to 8pm; Wednesday 10am to 8pm; Saturday 10am to 5pm; Sunday 12pm to 4pm","password":null}},{"type":"Feature","geometry":{"type":"Point","coordinates":[0.075665116,51.389699728]},"properties":{"id":"toiletmap/a1288f628859ffaad2e699d1","source":"toiletmap-uk","name":"Cafe Maz","fee":"no","charge":null,"access":null,"wheelchair":"no","opening_hours":"Mo-Su 09:00-17:00","operator":null,"description":"Mon-Sat 7.00-16.00, Sun 9.00 - 16.00. Part of Bromley Council Community Toilet Scheme.","password":null}},{"type":"Feature","geometry":{"type":"Point","coordinates":[-0.121756196,51.507488611]},"properties":{"id":"toiletmap/a12e6e62ac68034f7c44f311","source":"toiletmap-uk","name":"Victoria Embankment Gardens","fee":"yes","charge":"£1","access":null,"wheelchair":"yes","opening_hours":"Mo-Su 07:30-20:30","operator":null,"description":"There is a baby change facility in both the men's and women's toilets.\n\nThere is also a family toilet, changing places and is accessible.","password":null}},{"type":"Feature","geometry":{"type":"Point","coordinates":[-0.085482001,51.398325046]},"properties":{"id":"toiletmap/a12f4e91a2dccdf147359285","source":"toiletmap-uk","name":"Selhurst Park","fee":"no","charge":null,"access":null,"wheelchair":null,"opening_hours":null,"operator":null,"description":"Only usable on match days","password":null}},{"type":"Feature","geometry":{"type":"Point","coordinates":[-0.268355012,51.33257409]},"properties":{"id":"toiletmap/a1442b029140147e3e26b262","source":"toiletmap-uk","name":"Ashley Centre - Epsom","fee":"no","charge":null,"access":null,"wheelchair":"yes","opening_hours":"Mo-Su 09:00-17:00","operator":null,"description":"Updated from Epsom and Ewell Council Website Map - Dec 2016.  \"has children's toilet as well\".  KT18 5AB","password":null}},{"type":"Feature","geometry":{"type":"Point","coordinates":[0.00502504,51.6508555]},"properties":{"id":"toiletmap/a16ba571ad00f4dda53ba40b","source":"toiletmap-uk","name":null,"fee":"no","charge":null,"access":null,"wheelchair":"no","opening_hours":null,"operator":null,"description":null,"password":null}},{"type":"Feature","geometry":{"type":"Point","coordinates":[-0.333064888,51.29875147]},"properties":{"id":"toiletmap/a16e51397ad232380c71a1a9","source":"toiletmap-uk","name":"Leatherhead","fee":"no","charge":null,"access":null,"wheelchair":"no","opening_hours":null,"operator":null,"description":null,"password":null}},{"type":"Feature","geometry":{"type":"Point","coordinates":[-0.26433599,51.492658721]},"properties":{"id":"toiletmap/a1b74a201b9a5ad9a691aa1b","source":"toiletmap-uk","name":"Rush Hair","fee":"no","charge":null,"access":null,"wheelchair":"no","opening_hours":null,"operator":null,"description":"Part of Hounslow Community Toilet Scheme","password":null}},{"type":"Feature","geometry":{"type":"Point","coordinates":[-0.231013298,51.527916422]},"properties":{"id":"toiletmap/a1f13d3d736fa0c447ab43b7","source":"toiletmap-uk","name":"Crematorium","fee":"no","charge":null,"access":null,"wheelchair":"no","opening_hours":"Mo-Fr 09:00-17:00","operator":null,"description":"Only open when crematorium is open.","password":null}},{"type":"Feature","geometry":{"type":"Point","coordinates":[-0.239424706,51.613979471]},"properties":{"id":"toiletmap/a216ad801b59ba5b0ab70ae7","source":"toiletmap-uk","name":"Mill Hill Park","fee":"no","charge":null,"access":null,"wheelchair":"no","opening_hours":null,"operator":null,"description":null,"password":null}},{"type":"Feature","geometry":{"type":"Point","coordinates":[-0.154876745,51.607225653]},"properties":{"id":"toiletmap/a26838e271ef35898ba69a65","source":"toiletmap-uk","name":"Tesco Colney Hatch","fee":"yes","charge":null,"access":null,"wheelchair":"yes","opening_hours":"Mo-Su 09:00-17:00","operator":null,"description":"Closes SAT midnight, Open SUN 10.00-16.00. Opens MON 06.00. Part of Mayor of London 'Open London' Community Toilet Scheme","password":null}},{"type":"Feature","geometry":{"type":"Point","coordinates":[0.063042641,51.501114359]},"properties":{"id":"toiletmap/a2f7eac64f38f13ee2096d0d","source":"toiletmap-uk","name":"North Woolwich Library","fee":"no","charge":null,"access":null,"wheelchair":"no","opening_hours":null,"operator":null,"description":"Mon, Tues, Sat: 9.30am-530pm. Thurs: 1pm-8pm. Fri, Sun: CLOSED. Part of Newham Community Toilet Scheme.","password":null}},{"type":"Feature","geometry":{"type":"Point","coordinates":[-0.407738686,51.499115716]},"properties":{"id":"toiletmap/a30d854d18ce25d92d6e358a","source":"toiletmap-uk","name":"Tesco Bulls Bridge Extra","fee":"no","charge":null,"access":null,"wheelchair":"yes","opening_hours":"Mo-Sa 06:00-00:00; Su 11:00-17:00","operator":null,"description":"Part of Mayor of London's 'Open London' Community Toilet Scheme","password":null}},{"type":"Feature","geometry":{"type":"Point","coordinates":[-0.104818046,51.520151338]},"properties":{"id":"toiletmap/a34d1d2c6229535893a381ad","source":"toiletmap-uk","name":"Farringdon","fee":"no","charge":null,"access":null,"wheelchair":null,"opening_hours":null,"operator":null,"description":"Located on northbound Thameslink platform. ","password":null}},{"type":"Feature","geometry":{"type":"Point","coordinates":[-0.237700045,51.480270685]},"properties":{"id":"toiletmap/a3542b96e982ed0b817240b0","source":"toiletmap-uk","name":"Castelnau Library - Public Toilets","fee":"no","charge":null,"access":null,"wheelchair":"yes","opening_hours":"Mo-Tu 09:30-18:00; We 10:00-19:00; Fr 09:30-18:00; Sa 09:30-16:00","operator":null,"description":"Unisex, easy access located on the ground floor of the library","password":null}},{"type":"Feature","geometry":{"type":"Point","coordinates":[0.091860294,51.468278425]},"properties":{"id":"toiletmap/a35f0f04a53380321cd3b761","source":"toiletmap-uk","name":"Hillview Cemetery","fee":"no","charge":null,"access":null,"wheelchair":"yes","opening_hours":"Mo-Su 09:00-16:00","operator":null,"description":"The times given are for Winter months.\nThe times for Summer months are Monday to Sunday 9am - 6pm.\nThe Disabled toilet is also a unisex/gender neutral toilet.","password":null}},{"type":"Feature","geometry":{"type":"Point","coordinates":[-0.14334391,51.590076076]},"properties":{"id":"toiletmap/a368cbbfcbedf9c3be0ded8d","source":"toiletmap-uk","name":"Crocodile cafe","fee":"no","charge":null,"access":null,"wheelchair":"no","opening_hours":"Mo-Su 09:00-17:00","operator":null,"description":"Accessible from side entrance outside serving area. Lots of steps","password":null}},{"type":"Feature","geometry":{"type":"Point","coordinates":[0.1795366,51.4522755]},"properties":{"id":"toiletmap/a36ac4b0cf6ca79af9f010c3","source":"toiletmap-uk","name":"Waterside Gardens, Crayford Way,","fee":"no","charge":null,"access":null,"wheelchair":"yes","opening_hours":null,"operator":null,"description":null,"password":null}},{"type":"Feature","geometry":{"type":"Point","coordinates":[0.090068579,51.35582384]},"properties":{"id":"toiletmap/a3a10a90fa8fbc213f8f0802","source":"toiletmap-uk","name":"Belmondo Coffee","fee":"no","charge":null,"access":null,"wheelchair":"no","opening_hours":null,"operator":null,"description":"Mon - Fri 8.00 - 17.00; Sat: 8.30 - 16.00. Part of Bromley Council Community Toilet Scheme.","password":null}},{"type":"Feature","geometry":{"type":"Point","coordinates":[0.250668526,51.559001868]},"properties":{"id":"toiletmap/a3c1a962bc5d253a06ee1fc5","source":"toiletmap-uk","name":"Upminster Station","fee":"no","charge":null,"access":null,"wheelchair":"yes","opening_hours":null,"operator":null,"description":"Platform 1","password":null}},{"type":"Feature","geometry":{"type":"Point","coordinates":[-0.409669876,51.600819835]},"properties":{"id":"toiletmap/a3d1cbe6b0b0dc9cc47656ca","source":"toiletmap-uk","name":"Northwood Hills Public Toilets","fee":"no","charge":null,"access":null,"wheelchair":"no","opening_hours":null,"operator":null,"description":"New building been there since 2013","password":null}},{"type":"Feature","geometry":{"type":"Point","coordinates":[-0.146589449,51.482196406]},"properties":{"id":"toiletmap/a3f8a9eed0c2e0de762c9876","source":"toiletmap-uk","name":"Railway arches Battersea","fee":"no","charge":null,"access":null,"wheelchair":"yes","opening_hours":null,"operator":null,"description":null,"password":null}},{"type":"Feature","geometry":{"type":"Point","coordinates":[0.1913119,51.5657817]},"properties":{"id":"toiletmap/a4023deb2a1854d3171b16b2","source":"toiletmap-uk","name":"Tesco Extra Romford","fee":"yes","charge":null,"access":null,"wheelchair":"yes","opening_hours":"Mo-Su 09:00-17:00","operator":null,"description":"MON-SAT 0800-2200. SUN 1000-1600. Part of Mayor of London's 'Open London' Community Toilet Scheme","password":null}},{"type":"Feature","geometry":{"type":"Point","coordinates":[0.030459166,51.340300742]},"properties":{"id":"toiletmap/a41b00ecaf1aa37a5d15ddca","source":"toiletmap-uk","name":"Filling Station - Leaves Green","fee":"yes","charge":null,"access":null,"wheelchair":"no","opening_hours":null,"operator":null,"description":null,"password":null}},{"type":"Feature","geometry":{"type":"Point","coordinates":[-0.035461485,51.537695851]},"properties":{"id":"toiletmap/a41f833456ffe604737b8833","source":"toiletmap-uk","name":"Victoria Park East The HUB Building","fee":"no","charge":null,"access":null,"wheelchair":"yes","opening_hours":"Mo-Su 08:00-17:00","operator":null,"description":"A Tower Hamlets Community Toilet Scheme Venue. Toilets are located in The Hub Building (East Park). Please note all toilets in Victoria Park close one hour before the parks closing time. The parks closing time varies throughout the year, coinciding with sunset.","password":null}},{"type":"Feature","geometry":{"type":"Point","coordinates":[-0.110232658,51.502091091]},"properties":{"id":"toiletmap/a426251a923adad9918c1dda","source":"toiletmap-uk","name":"Pret a Manger","fee":"no","charge":null,"access":null,"wheelchair":"yes","opening_hours":null,"operator":null,"description":"Difficult to enter with a larger wheelchair or power attachment. Staff like to put chairs in the corridor outside making getting in and out of the disabled toilet difficult.","password":null}},{"type":"Feature","geometry":{"type":"Point","coordinates":[-0.303454399,51.411018364]},"properties":{"id":"toiletmap/a426af4c3a5143c173588c2a","source":"toiletmap-uk","name":"Marks & Spencer","fee":"no","charge":null,"access":null,"wheelchair":"no","opening_hours":"Mo-Su 09:00-17:00","operator":null,"description":"located at rear of first floor","password":null}},{"type":"Feature","geometry":{"type":"Point","coordinates":[-0.313231051,51.437852525]},"properties":{"id":"toiletmap/a462951232de04049ae9cc57","source":"toiletmap-uk","name":"Ham Library - Public Toilets ","fee":"no","charge":null,"access":null,"wheelchair":"yes","opening_hours":"Mo-Tu 09:30-18:00; We 10:00-19:00; Fr 09:30-18:00; Sa 09:30-16:00","operator":null,"description":"Unisex, easy access toilet located in the Annexe of the library ","password":null}},{"type":"Feature","geometry":{"type":"Point","coordinates":[-0.182666481,51.494009344]},"properties":{"id":"toiletmap/a46d7750fafe572849b184fc","source":"toiletmap-uk","name":"Courtfield Road Adapted Toilet","fee":"no","charge":null,"access":null,"wheelchair":"yes","opening_hours":"Mo-Su 00:00-00:00","operator":null,"description":"Access by RADAR key only","password":null}},{"type":"Feature","geometry":{"type":"Point","coordinates":[-0.1177302,51.510386782]},"properties":{"id":"toiletmap/a4936fbeac74432d1fb3d0ed","source":"toiletmap-uk","name":"Somerset House","fee":"no","charge":null,"access":null,"wheelchair":"yes","opening_hours":"Mo-Su 10:00-19:00","operator":null,"description":"Somerset House has multiple public toilets, including accessible, gender-neutral, and baby-changing facilities, distributed throughout its main wings (New, East, and South) on levels -2 to 3. Accessible toilets are available in the New Wing, South Wing (Strand and Embankment levels), and East Wing. ","password":null}},{"type":"Feature","geometry":{"type":"Point","coordinates":[-0.308286989,51.401741594]},"properties":{"id":"toiletmap/a4d04a9d714d4a7f89320b01","source":"toiletmap-uk","name":"Queens Promenade","fee":"no","charge":null,"access":null,"wheelchair":"no","opening_hours":null,"operator":null,"description":"Toilets locked when we went to use them at approx 15:30 Saturday 28th May 2016","password":null}},{"type":"Feature","geometry":{"type":"Point","coordinates":[-0.126983821,51.508800862]},"properties":{"id":"toiletmap/a5187bec9c4c584ab68734d3","source":"toiletmap-uk","name":"Cafe in the Crypt","fee":"no","charge":null,"access":null,"wheelchair":"yes","opening_hours":null,"operator":null,"description":null,"password":null}},{"type":"Feature","geometry":{"type":"Point","coordinates":[0.010685921,51.37769735]},"properties":{"id":"toiletmap/a5374db0618824bf07486a42","source":"toiletmap-uk","name":"Filling Station - Hayes (Kent)","fee":"yes","charge":null,"access":null,"wheelchair":"no","opening_hours":null,"operator":null,"description":null,"password":null}},{"type":"Feature","geometry":{"type":"Point","coordinates":[0.184589624,51.479999787]},"properties":{"id":"toiletmap/a54cc29ac9db220ac865b357","source":"toiletmap-uk","name":"Morrisons","fee":"no","charge":null,"access":null,"wheelchair":"no","opening_hours":null,"operator":null,"description":null,"password":null}},{"type":"Feature","geometry":{"type":"Point","coordinates":[-0.024501979,51.507713532]},"properties":{"id":"toiletmap/a54cf318c096f7929784c360","source":"toiletmap-uk","name":"JD Wetherspoons - Ledger Building","fee":"no","charge":null,"access":null,"wheelchair":"yes","opening_hours":"Mo-Sa 09:00-00:00; Su 09:00-23:00","operator":null,"description":"A Tower Hamlets Community Toilet Scheme Venue. The toilets can be found on the ground floor and first floor.","password":null}},{"type":"Feature","geometry":{"type":"Point","coordinates":[-0.176644921,51.612760283]},"properties":{"id":"toiletmap/a554100f33bbd9ca751d0770","source":"toiletmap-uk","name":"North Finchley bus Station","fee":"no","charge":null,"access":null,"wheelchair":"no","opening_hours":null,"operator":null,"description":null,"password":null}},{"type":"Feature","geometry":{"type":"Point","coordinates":[-0.01978127,51.520536869]},"properties":{"id":"toiletmap/a560b69bd9f55287f1ec1bd6","source":"toiletmap-uk","name":"Ahada Cafe","fee":"no","charge":null,"access":null,"wheelchair":"yes","opening_hours":"Tu-Sa 08:30-15:00","operator":null,"description":"A Tower Hamlets Community Toilet Scheme venue. This toilet is located on the ground floor and is step free","password":null}},{"type":"Feature","geometry":{"type":"Point","coordinates":[-0.078805983,51.517806367]},"properties":{"id":"toiletmap/a5972eea68318173f2cc12dd","source":"toiletmap-uk","name":"The Shooting Star","fee":"no","charge":null,"access":null,"wheelchair":"no","opening_hours":"Mo-Fr 09:00-17:00","operator":null,"description":"Mon - Fri: 11:00 - 23:00, Part of City of London's Community Toilet Scheme.","password":null}},{"type":"Feature","geometry":{"type":"Point","coordinates":[-0.094352067,51.513282984]},"properties":{"id":"toiletmap/a5a93af6a09c3f33fef7aa37","source":"toiletmap-uk","name":"Kuruyama","fee":"no","charge":null,"access":null,"wheelchair":"no","opening_hours":"Mo-Fr 09:00-17:00","operator":null,"description":"Mon - Fri: 11:00 - 21:30. Part of City of London Community Toilet Scheme.","password":null}},{"type":"Feature","geometry":{"type":"Point","coordinates":[-0.176773667,51.555534895]},"properties":{"id":"toiletmap/a5c094d06a32f2753ae01915","source":"toiletmap-uk","name":"King William III, PUB","fee":"yes","charge":"unknown ","access":null,"wheelchair":"yes","opening_hours":"Mo-Su 09:00-17:00","operator":null,"description":null,"password":null}},{"type":"Feature","geometry":{"type":"Point","coordinates":[-0.441053867,51.647589523]},"properties":{"id":"toiletmap/a5cf33c550a506ba767eb0cd","source":"toiletmap-uk","name":"Croxley Underground Station","fee":"no","charge":null,"access":null,"wheelchair":"no","opening_hours":null,"operator":null,"description":"Male toilets are inside ticket gateline - ask TfL staff for access.\nFemale toilets are outside ticket gateline","password":null}},{"type":"Feature","geometry":{"type":"Point","coordinates":[-0.0017354,51.6862959]},"properties":{"id":"toiletmap/a5d6b0019d5416c4b74c462f","source":"toiletmap-uk","name":"Quaker Lane Car Park","fee":"yes","charge":"20p","access":null,"wheelchair":"no","opening_hours":null,"operator":null,"description":null,"password":null}},{"type":"Feature","geometry":{"type":"Point","coordinates":[-0.336619914,51.425885324]},"properties":{"id":"toiletmap/a6213906ae370226e6c424af","source":"toiletmap-uk","name":"Wimpy","fee":"no","charge":null,"access":null,"wheelchair":"yes","opening_hours":null,"operator":null,"description":null,"password":null}},{"type":"Feature","geometry":{"type":"Point","coordinates":[-0.462841988,51.432026068]},"properties":{"id":"toiletmap/a671c3501df645fcf2afe1c2","source":"toiletmap-uk","name":"The Fordbridge Centre","fee":"yes","charge":null,"access":null,"wheelchair":"yes","opening_hours":null,"operator":null,"description":"Part of Community Toilet Scheme. Monday - Friday 9.30am to 4pm - disabled toilet","password":null}},{"type":"Feature","geometry":{"type":"Point","coordinates":[-0.18610239,51.606202456]},"properties":{"id":"toiletmap/a6aebda6e33ba337fc10215f","source":"toiletmap-uk","name":"Victoria Park North Finchley","fee":"yes","charge":"Free","access":null,"wheelchair":"no","opening_hours":null,"operator":null,"description":"Inside Victoria Park gate","password":null}},{"type":"Feature","geometry":{"type":"Point","coordinates":[-0.1537534,51.5205121]},"properties":{"id":"toiletmap/a6b8e850fa678c24cdc22253","source":"toiletmap-uk","name":"Paddington Street Gardens","fee":"no","charge":null,"access":null,"wheelchair":"yes","opening_hours":"Mo-Su 08:00-20:00","operator":null,"description":"Managed by Westminster City Council\n","password":null}},{"type":"Feature","geometry":{"type":"Point","coordinates":[0.111842752,51.566356844]},"properties":{"id":"toiletmap/a6cff325bbca768cddcf5b3a","source":"toiletmap-uk","name":"Tesco Extra Romford Goodmayes","fee":"yes","charge":null,"access":null,"wheelchair":"yes","opening_hours":"Mo-Su 00:00-00:00","operator":null,"description":"Closes SAT Midnight. SUN 1000-1600. Opens MON 0600. Part of Mayor of London's 'Open London' Community Toilet Scheme","password":null}},{"type":"Feature","geometry":{"type":"Point","coordinates":[-0.090609398,51.51058265]},"properties":{"id":"toiletmap/a6d10496c544e0063694a50f","source":"toiletmap-uk","name":"London Cannon Street","fee":"no","charge":null,"access":null,"wheelchair":"yes","opening_hours":null,"operator":null,"description":"Accessible toilet and Baby change are on the ground floor, to the left of the ticket office. Other toilets are down the stairs, to the left of the ticket office.","password":null}},{"type":"Feature","geometry":{"type":"Point","coordinates":[-0.194326043,51.36491144]},"properties":{"id":"toiletmap/a6d4d53f9ab7fb7b99a304dd","source":"toiletmap-uk","name":"St. Nicholas Shopping Centre","fee":"no","charge":null,"access":null,"wheelchair":"yes","opening_hours":"Mo-Su 09:00-17:00","operator":null,"description":"Community Toilet Scheme toilet","password":null}},{"type":"Feature","geometry":{"type":"Point","coordinates":[-0.114122629,51.49947471]},"properties":{"id":"toiletmap/a6f21aba4ba3d86f9a365a07","source":"toiletmap-uk","name":"Crown & Cushion","fee":"no","charge":null,"access":null,"wheelchair":"no","opening_hours":null,"operator":null,"description":"Mon - Sat: 11:00 - 23:00 \nSun: 12:00 - 22:30. Part of Lambeth Community Toilet Scheme.","password":null}},{"type":"Feature","geometry":{"type":"Point","coordinates":[-0.177355734,51.418762099]},"properties":{"id":"toiletmap/a6f57d2030e5c10211ab9328","source":"toiletmap-uk","name":"Colliers Wood Library","fee":"no","charge":null,"access":null,"wheelchair":null,"opening_hours":"Mo-Tu 08:00-20:00; Th-Fr 08:00-20:00; Sa 08:00-17:00","operator":null,"description":"Toilet is within adjoining cafe.","password":null}},{"type":"Feature","geometry":{"type":"Point","coordinates":[-0.18914938,51.517175457]},"properties":{"id":"toiletmap/a6fd840a3a93df40fc0d87b0","source":"toiletmap-uk","name":"Changing Places Toilet- Porchester Centre ","fee":"no","charge":null,"access":null,"wheelchair":"yes","opening_hours":"Mo-Fr 06:30-22:00; Sa-Su 08:00-20:00","operator":null,"description":"Contact name: Simon Plummer \n\n \n\n020 7221 6118 \n\n \n\nDisabled Parking \n\n \n\nManaged \n\n \n\nLocked \n\n \n\nRadar key \n\n \n\nAccessible to Public \n\nFacility Features: \n\n \n\nBench - Height Adjustable, Adult Sized, Wall Mounted \n\nHoist - Ceiling, Loop \n\nPeninsular Toilet \n\nWashbasin Height Adjustable \n\nSlip Resistant Floor \n\nFloor Space (sq. m) - 15.0 \n\nEmergency Alarm \n\nPrivacy Screen \n\nPaper Roll \n\nAccessible Shower \n\nColostomy Shelf \n\nUnisex \n\nSignage in the room ","password":null}},{"type":"Feature","geometry":{"type":"Point","coordinates":[-0.280001163,51.655139487]},"properties":{"id":"toiletmap/a715e37cd85cefda2cf7488f","source":"toiletmap-uk","name":"The Wellington pub","fee":"no","charge":null,"access":null,"wheelchair":"yes","opening_hours":"Mo-Fr 11:00-23:00; Sa 11:00-00:00; Su 12:00-22:30","operator":null,"description":"Participant in Hertsmere Borough Council's Community Toilet Scheme.","password":null}},{"type":"Feature","geometry":{"type":"Point","coordinates":[0.03226161,51.392213635]},"properties":{"id":"toiletmap/a71c1aae21edc84f752083a4","source":"toiletmap-uk","name":"Filling Station","fee":"yes","charge":null,"access":null,"wheelchair":"no","opening_hours":null,"operator":null,"description":null,"password":null}},{"type":"Feature","geometry":{"type":"Point","coordinates":[-0.034410059,51.431601326]},"properties":{"id":"toiletmap/a74fd3c7a500238e1c473aa7","source":"toiletmap-uk","name":"Costa","fee":"no","charge":null,"access":null,"wheelchair":null,"opening_hours":null,"operator":null,"description":null,"password":null}},{"type":"Feature","geometry":{"type":"Point","coordinates":[-0.343202055,51.432514349]},"properties":{"id":"toiletmap/a7511139946475ed672390d2","source":"toiletmap-uk","name":"Teddington Cemetery","fee":"no","charge":null,"access":null,"wheelchair":"yes","opening_hours":null,"operator":null,"description":"Part of Richmond Community Toilet Scheme","password":null}},{"type":"Feature","geometry":{"type":"Point","coordinates":[-0.106124282,51.534181927]},"properties":{"id":"toiletmap/a770439bddd0afde3c40fca6","source":"toiletmap-uk","name":"Angel Centre","fee":"yes","charge":null,"access":null,"wheelchair":"yes","opening_hours":null,"operator":null,"description":"Open Mon-Sat: 10am - 7pm; Sun: 11am-5pm. In pedestrian walkway between Upper St and Liverpool Road","password":null}},{"type":"Feature","geometry":{"type":"Point","coordinates":[0.067918897,51.418265106]},"properties":{"id":"toiletmap/a7757fcb5524beaedcc27cce","source":"toiletmap-uk","name":"Cafe Nero","fee":"no","charge":null,"access":null,"wheelchair":"yes","opening_hours":"Mo-Su 09:00-17:00","operator":null,"description":"Mon-Fri 6.30-17.30, Sat 8.00-18.00 Sun 8.30 - 17.30. Part of Bromley Council Community Toilet Scheme.","password":null}},{"type":"Feature","geometry":{"type":"Point","coordinates":[0.0459243,51.5412566]},"properties":{"id":"toiletmap/a79a8cbf92b9950f21e8f221","source":"toiletmap-uk","name":null,"fee":"no","charge":null,"access":null,"wheelchair":"no","opening_hours":null,"operator":null,"description":null,"password":null}},{"type":"Feature","geometry":{"type":"Point","coordinates":[-0.1811493,51.5212956]},"properties":{"id":"toiletmap/a7add1c79cef7e311e284e19","source":"toiletmap-uk","name":"Rembrandt Gardens","fee":"no","charge":null,"access":null,"wheelchair":"yes","opening_hours":null,"operator":null,"description":"Open during park opening hours. \nManaged by Westminster City Council","password":null}},{"type":"Feature","geometry":{"type":"Point","coordinates":[0.002113581,51.434795153]},"properties":{"id":"toiletmap/a7fcbc46cc7f48df53191c68","source":"toiletmap-uk","name":"Goldsmith's Community Centre","fee":"no","charge":null,"access":null,"wheelchair":"no","opening_hours":"Mo-Fr 09:00-17:00","operator":null,"description":"This venue participates in the Use Our Loos Community Toilet Scheme.\nMonday - Thursday 9am-9pm, Friday 9am-7pm, Saturday 9am-3pm, Sunday - closed.","password":null}},{"type":"Feature","geometry":{"type":"Point","coordinates":[-0.070212185,51.516022008]},"properties":{"id":"toiletmap/a84a52687d2e0e40289fdc70","source":"toiletmap-uk","name":"Whitechapel Gallery","fee":"no","charge":null,"access":null,"wheelchair":"yes","opening_hours":"Tu-We 11:00-18:00; Th 11:00-21:00; Fr-Su 11:00-18:00","operator":null,"description":"A Tower Hamlets Community Toilet Scheme Venue. All 4 toilets are split between the ground floor and lower ground floor levels. There is one standalone unisex toilet as well as the disabled toilet.","password":null}},{"type":"Feature","geometry":{"type":"Point","coordinates":[-0.073310137,51.578012987]},"properties":{"id":"toiletmap/a8567086272989f6f06aa058","source":"toiletmap-uk","name":"The Crowe Bar","fee":"no","charge":null,"access":null,"wheelchair":"no","opening_hours":null,"operator":null,"description":"Sunday - Thursday, 12pm - 12am\r\nFriday and Saturday, 12pm - 2am","password":null}},{"type":"Feature","geometry":{"type":"Point","coordinates":[-0.297499895,51.54630836]},"properties":{"id":"toiletmap/a87006b4f353b999106ef9af","source":"toiletmap-uk","name":"Douglas Avenue","fee":"no","charge":null,"access":null,"wheelchair":"no","opening_hours":"Mo-Su 00:00-00:00","operator":null,"description":null,"password":null}},{"type":"Feature","geometry":{"type":"Point","coordinates":[-0.237700045,51.480270685]},"properties":{"id":"toiletmap/a8768fb796cbfad3d9ded568","source":"toiletmap-uk","name":"Castelnau Library - Public Toilets","fee":"no","charge":null,"access":null,"wheelchair":"yes","opening_hours":"Mo-Tu 09:30-18:00; We 10:00-19:00; Fr 09:30-18:00; Sa 09:30-16:00","operator":null,"description":"Unisex, easy access located on the ground floor of the library","password":null}},{"type":"Feature","geometry":{"type":"Point","coordinates":[-0.1497064,51.6518094]},"properties":{"id":"toiletmap/a877fd05e4954a3b5fbd3c7e","source":"toiletmap-uk","name":"Cockfosters Underground Station","fee":"yes","charge":"true","access":null,"wheelchair":"no","opening_hours":"Mo-Sa 06:00-24:00","operator":null,"description":null,"password":null}},{"type":"Feature","geometry":{"type":"Point","coordinates":[-0.509665587,51.38716506]},"properties":{"id":"toiletmap/a88ab63117a002e032b2acdf","source":"toiletmap-uk","name":"Chertsey","fee":"no","charge":null,"access":null,"wheelchair":"no","opening_hours":"Mo-Fr 09:00-17:00","operator":null,"description":"The toilet is in the cafe. The owner will let non-customers use it generally assuming basic politeness is used :-)","password":null}},{"type":"Feature","geometry":{"type":"Point","coordinates":[-0.221164226,51.360312596]},"properties":{"id":"toiletmap/a8aedee9a02cf27d5c304819","source":"toiletmap-uk","name":"Cheam Park Disabled Toilets","fee":"no","charge":null,"access":null,"wheelchair":"yes","opening_hours":"Mo-Su 00:00-00:00","operator":null,"description":".","password":null}},{"type":"Feature","geometry":{"type":"Point","coordinates":[-0.195618868,51.324351676]},"properties":{"id":"toiletmap/a8b19a15bdf744c752674ca6","source":"toiletmap-uk","name":"The Woolpack Pub (Shepherd Neame)","fee":"no","charge":null,"access":null,"wheelchair":"yes","opening_hours":"Mo-Su 09:00-17:00","operator":null,"description":"Disabled Toilet listed on Reigate and Banstead District Council Website - Dec 2016","password":null}},{"type":"Feature","geometry":{"type":"Point","coordinates":[-0.299870968,51.445863129]},"properties":{"id":"toiletmap/a8bbdc94d22a8a180ab881bc","source":"toiletmap-uk","name":"Petersham Gate Playground (Temporarily Closed)","fee":"yes","charge":"No Charge","access":null,"wheelchair":"yes","opening_hours":"Mo-Su 09:00-18:00","operator":null,"description":"Open: \r\n10.00 - 16.00 January, February, March, April, October, November & December. \r\n10.00 - 17.00 September. \r\n10.00 - 19.00 May, June, July, August & September.","password":null}},{"type":"Feature","geometry":{"type":"Point","coordinates":[0.025797486,51.546803758]},"properties":{"id":"toiletmap/a8d44e08cd099095be182c57","source":"toiletmap-uk","name":"The Gate Community Neighbourhood Centre & Library","fee":"yes","charge":null,"access":null,"wheelchair":"no","opening_hours":"Mo-Su 00:00-00:00","operator":null,"description":"Mon-Fri 8am-8pm. Sat 10.30am-8pm. Closed Sundays. Part of Newham Community Toilet Scheme.","password":null}},{"type":"Feature","geometry":{"type":"Point","coordinates":[-0.1384401,51.492228]},"properties":{"id":"toiletmap/a8e652734446d3b147819ac3","source":"toiletmap-uk","name":null,"fee":"no","charge":null,"access":null,"wheelchair":"no","opening_hours":null,"operator":null,"description":null,"password":null}},{"type":"Feature","geometry":{"type":"Point","coordinates":[-0.33741653,51.459174583]},"properties":{"id":"toiletmap/a8ef6a0312a3b29f84a6b02f","source":"toiletmap-uk","name":"Tesco Extra Twickenham","fee":"yes","charge":null,"access":null,"wheelchair":"yes","opening_hours":"Mo-Su 09:00-17:00","operator":null,"description":"MON-SAT 0800-2100. SUN 1000-1600.  Part of Mayor of London's 'Open London' Community Toilet Scheme","password":null}},{"type":"Feature","geometry":{"type":"Point","coordinates":[-0.15863657,51.49235775]},"properties":{"id":"toiletmap/a8f1a4573c4204e1802629c4","source":"toiletmap-uk","name":"Peter Jones","fee":"no","charge":null,"access":null,"wheelchair":"yes","opening_hours":"Mo-Sa 10:00-19:00; Su 12:00-18:00","operator":null,"description":null,"password":null}},{"type":"Feature","geometry":{"type":"Point","coordinates":[-0.396478772,51.55691738]},"properties":{"id":"toiletmap/a90a6fe516aaf11f8acd9db7","source":"toiletmap-uk","name":"Sainsbury's South Ruislip","fee":"yes","charge":null,"access":null,"wheelchair":"yes","opening_hours":null,"operator":null,"description":null,"password":null}},{"type":"Feature","geometry":{"type":"Point","coordinates":[-0.090419948,51.515750036]},"properties":{"id":"toiletmap/a90dab5a3477a83c8af89776","source":"toiletmap-uk","name":"Old Doctor Butler's Head","fee":"no","charge":null,"access":null,"wheelchair":"no","opening_hours":"Mo-Fr 09:00-17:00","operator":null,"description":"Mon - Fri: 11:00 - 23:00. Part of City of London Community Toilet Scheme.","password":null}},{"type":"Feature","geometry":{"type":"Point","coordinates":[-0.3167943,51.6493516]},"properties":{"id":"toiletmap/a92d0fd5facb090e19779061","source":"toiletmap-uk","name":null,"fee":"no","charge":null,"access":null,"wheelchair":"no","opening_hours":null,"operator":null,"description":null,"password":null}},{"type":"Feature","geometry":{"type":"Point","coordinates":[-0.078490445,51.509721814]},"properties":{"id":"toiletmap/a92f4b043f3875afd3447d58","source":"toiletmap-uk","name":"The Liberty Bounds","fee":"no","charge":null,"access":null,"wheelchair":"yes","opening_hours":"Mo-Fr 09:00-17:00","operator":null,"description":"MONDAY - THURSDAY 08.00 - 23.00; FRIDAY 08.00 -  00.00.\r\n              SATURDAY: 08.00 - 00.00.\r\n              SUNDAY: Closed\r\n              BANK HOLIDAYS: Closed. Part of City of London Community Toilet Scheme.","password":null}},{"type":"Feature","geometry":{"type":"Point","coordinates":[-0.305175854,51.49702255]},"properties":{"id":"toiletmap/a93469acf98c8884443bd773","source":"toiletmap-uk","name":"Ealing Park Health Centre","fee":"no","charge":null,"access":null,"wheelchair":"no","opening_hours":"Mo-Fr 09:00-17:00","operator":null,"description":null,"password":null}},{"type":"Feature","geometry":{"type":"Point","coordinates":[0.00110507,51.609235779]},"properties":{"id":"toiletmap/a946698c971dcd477a26ec87","source":"toiletmap-uk","name":"Hale End Library","fee":"yes","charge":null,"access":null,"wheelchair":"yes","opening_hours":null,"operator":null,"description":"Tues, Weds, Fri: 10am-6pm. Mon, Sat, Sun: CLOSED. Part of Waltham Forest Community Toilet Scheme.","password":null}},{"type":"Feature","geometry":{"type":"Point","coordinates":[0.12237844,51.500580329]},"properties":{"id":"toiletmap/a949637b074baaffe06ff8ce","source":"toiletmap-uk","name":"Thamesmead Library","fee":"no","charge":null,"access":null,"wheelchair":"yes","opening_hours":"Mo 09:30-19:00; We 09:30-17:30; Fr 09:30-17:30; Sa 09:30-17:00","operator":null,"description":"The disabled toilet is also unisex/gender neutral.","password":null}},{"type":"Feature","geometry":{"type":"Point","coordinates":[-0.281975678,51.4051429]},"properties":{"id":"toiletmap/a95bc47a17f280e136a7f7cb","source":"toiletmap-uk","name":"Weir Archer Athletics and Fitness Centre","fee":"no","charge":null,"access":null,"wheelchair":null,"opening_hours":"Mo-Th 08:00-22:00; Fr 08:00-20:00; Sa-Su 09:00-16:00","operator":null,"description":null,"password":null}},{"type":"Feature","geometry":{"type":"Point","coordinates":[-0.140097141,51.513888351]},"properties":{"id":"toiletmap/a96b02d7dc326804783f396f","source":"toiletmap-uk","name":"Liberty’s Department Store","fee":"no","charge":null,"access":null,"wheelchair":"yes","opening_hours":"Mo-Sa 10:00-21:00; Su 11:00-18:00","operator":null,"description":"Fully contained gender neutral toilets with shared handwashing. Standard toilets on LG, 2, 3 and 4. Accessible toilets on 2 (LH) and 4 (RH). Baby-changing on 4. ","password":null}},{"type":"Feature","geometry":{"type":"Point","coordinates":[0.219261557,51.447372543]},"properties":{"id":"toiletmap/a96e71c15ab58a3064c2527e","source":"toiletmap-uk","name":"Dartford Station","fee":"no","charge":null,"access":null,"wheelchair":"yes","opening_hours":"Mo-Su 07:00-20:00","operator":null,"description":"Stoma friendly disabled toilet","password":null}},{"type":"Feature","geometry":{"type":"Point","coordinates":[-0.114624202,51.460460872]},"properties":{"id":"toiletmap/a97910450ce95f7354791a08","source":"toiletmap-uk","name":"Black Cultural Archives","fee":"no","charge":null,"access":null,"wheelchair":"yes","opening_hours":"Th-Sa 11:30-17:00","operator":null,"description":null,"password":null}},{"type":"Feature","geometry":{"type":"Point","coordinates":[-0.244258046,51.58207993]},"properties":{"id":"toiletmap/a98905220bde4637a98fccc8","source":"toiletmap-uk","name":"Sainsbury's, Hyde Estate Rd, NW9 6jX","fee":"no","charge":null,"access":null,"wheelchair":"yes","opening_hours":"Mo-Su 09:00-17:00","operator":null,"description":null,"password":null}},{"type":"Feature","geometry":{"type":"Point","coordinates":[-0.02613008,51.410956464]},"properties":{"id":"toiletmap/a98b7b93a1b48ea730f576e6","source":"toiletmap-uk","name":"Beckenham Junction Railway Station","fee":"no","charge":null,"access":null,"wheelchair":"yes","opening_hours":null,"operator":null,"description":"Toilets may be beyond the ticket barrier.","password":null}},{"type":"Feature","geometry":{"type":"Point","coordinates":[0.038436055,51.368171885]},"properties":{"id":"toiletmap/a9eb1326b7f3fc6fa6341a0c","source":"toiletmap-uk","name":"Keston Garden Centre","fee":"no","charge":null,"access":null,"wheelchair":"no","opening_hours":"Mo-Su 09:00-17:00","operator":null,"description":"Mon - Dat 9.00 - 18.00, Sun: 10.30 - 16.30. Part of Bromley Council Community Toilet Scheme.","password":null}},{"type":"Feature","geometry":{"type":"Point","coordinates":[0.072427818,51.560460158]},"properties":{"id":"toiletmap/aa1fd42b34e9fa054382d1a8","source":"toiletmap-uk","name":"Mall lower ground floor","fee":"yes","charge":null,"access":null,"wheelchair":"yes","opening_hours":"Mo-Su 09:00-17:00","operator":null,"description":"On car park level -from inside mall go towards car park and go down spiral staircase (or take lift)","password":null}},{"type":"Feature","geometry":{"type":"Point","coordinates":[-0.074892916,51.582510843]},"properties":{"id":"toiletmap/aa3c3472650826b8888f347a","source":"toiletmap-uk","name":"Seven Sisters overground station","fee":"no","charge":null,"access":null,"wheelchair":"yes","opening_hours":"Mo-Su 00:00-00:00","operator":null,"description":"On platform. No step-free access from street.\nOpening hours not known (NOT 24 hr). ","password":null}},{"type":"Feature","geometry":{"type":"Point","coordinates":[-0.158094764,51.586163175]},"properties":{"id":"toiletmap/aa548f8165c514072d23cdd0","source":"toiletmap-uk","name":"Cherry Tree Wood","fee":"no","charge":null,"access":null,"wheelchair":"no","opening_hours":null,"operator":null,"description":null,"password":null}},{"type":"Feature","geometry":{"type":"Point","coordinates":[-0.11503458,51.462192688]},"properties":{"id":"toiletmap/aa7915040718a0030ad2bf7e","source":"toiletmap-uk","name":"Pop Up Urilift","fee":"yes","charge":null,"access":null,"wheelchair":"no","opening_hours":"Mo-Su 17:00-00:00","operator":null,"description":null,"password":null}},{"type":"Feature","geometry":{"type":"Point","coordinates":[-0.087863803,51.283029592]},"properties":{"id":"toiletmap/aa84fade3f0289dd1b82dc92","source":"toiletmap-uk","name":"Queens Park Pavillion - Caterham","fee":"yes","charge":null,"access":null,"wheelchair":"yes","opening_hours":"Mo-Fr 09:00-17:00","operator":null,"description":"Open 8am - 4.30pm Monday to Friday. Updated from Tandridge District Council Website - Dec 2016. CR3 5RB","password":null}},{"type":"Feature","geometry":{"type":"Point","coordinates":[-0.347578883,51.482804606]},"properties":{"id":"toiletmap/aa93ddd82485ff63a099d013","source":"toiletmap-uk","name":"Park Cafe / Tiger Lily Restaurant","fee":"no","charge":null,"access":null,"wheelchair":"no","opening_hours":null,"operator":null,"description":"Part of Hounslow Community Toilet Scheme","password":null}},{"type":"Feature","geometry":{"type":"Point","coordinates":[-0.195323825,51.502239705]},"properties":{"id":"toiletmap/aa98123863fc91534c760bea","source":"toiletmap-uk","name":"Kensington Town Hall","fee":"no","charge":null,"access":null,"wheelchair":"no","opening_hours":null,"operator":null,"description":"9am-8pm Mon-Sat\r\n10am-5pm Sun\r\nBy Town Hall Car Park exit, Hornton Street","password":null}},{"type":"Feature","geometry":{"type":"Point","coordinates":[-0.148819685,51.587061742]},"properties":{"id":"toiletmap/aac00c24c474b8973f916ff7","source":"toiletmap-uk","name":"Cherry Tree Woods","fee":"no","charge":null,"access":null,"wheelchair":null,"opening_hours":null,"operator":null,"description":"Opposite cafe kiosk. Basic but very clean.","password":null}},{"type":"Feature","geometry":{"type":"Point","coordinates":[-0.136828423,51.524987218]},"properties":{"id":"toiletmap/aadb5048ef37f3aea38949cd","source":"toiletmap-uk","name":"University College Hospital","fee":"no","charge":null,"access":null,"wheelchair":"yes","opening_hours":"Mo-Su 00:00-00:00","operator":null,"description":null,"password":null}},{"type":"Feature","geometry":{"type":"Point","coordinates":[-0.15688777,51.522526279]},"properties":{"id":"toiletmap/aadf1951de03c0447f5ee929","source":"toiletmap-uk","name":"The Metropolitan Bar - JD Wetherspoon","fee":"no","charge":null,"access":null,"wheelchair":null,"opening_hours":"Mo-Su 08:00-23:00","operator":null,"description":"These toilets are primarily for the use of pub customers; however, they are accessible to the wider public. Please consider supporting the pub by making a purchase as a token of gratitude for this service.","password":null}},{"type":"Feature","geometry":{"type":"Point","coordinates":[-0.02002269,51.50566904]},"properties":{"id":"toiletmap/aaf2b293b76d8e241a3aa1a0","source":"toiletmap-uk","name":"Market Halls Cargo Food Court","fee":"no","charge":null,"access":null,"wheelchair":"yes","opening_hours":"Mo-Tu 11:00-22:00; We 11:00-23:00; Th-Fr 11:00-00:00; Sa 11:00-23:00; Su 11:00-21:00","operator":null,"description":"Toilets can be found within the food court on the ground level","password":null}},{"type":"Feature","geometry":{"type":"Point","coordinates":[-0.076225698,51.531210625]},"properties":{"id":"toiletmap/aaf6c31a78105b12414ab732","source":"toiletmap-uk","name":"Museum of the Home","fee":"no","charge":null,"access":null,"wheelchair":"yes","opening_hours":"Tu-Su 10:00-17:00","operator":null,"description":"There is an accessible toilet suitable for wheelchair users in the reception area and two further accessible toilets across the museum.\n\nThere are gendered toilets in the reception area. The gendered toilets each include one ambulatory cubicle. This is a larger cubicle fitted with grab rails, suitable for you if you need more space but do not use a wheelchair.\n\nThere are also gender-neutral toilets available at the end of the Home Galleries. ","password":null}},{"type":"Feature","geometry":{"type":"Point","coordinates":[-0.367902517,51.474341632]},"properties":{"id":"toiletmap/ab0d4cc47f212bfea107598a","source":"toiletmap-uk","name":"Hounslow Civic Centre","fee":"no","charge":null,"access":null,"wheelchair":"yes","opening_hours":null,"operator":null,"description":"Info provided by Hounslow Borough Council","password":null}},{"type":"Feature","geometry":{"type":"Point","coordinates":[-0.033254027,51.357158788]},"properties":{"id":"toiletmap/ab145839572aa6a0c2f5b9da","source":"toiletmap-uk","name":"Shell Filling Station - Addington","fee":"yes","charge":"0","access":null,"wheelchair":"yes","opening_hours":"Mo-Su 00:00-00:00","operator":null,"description":"Shop; Snacks.  CR0 5AR","password":null}},{"type":"Feature","geometry":{"type":"Point","coordinates":[-0.450814962,51.469748772]},"properties":{"id":"toiletmap/ab3e553a1ff476d912043f05","source":"toiletmap-uk","name":"Heathrow Terminal 2","fee":"yes","charge":null,"access":null,"wheelchair":"no","opening_hours":"Mo-Su 00:00-00:00","operator":null,"description":null,"password":null}},{"type":"Feature","geometry":{"type":"Point","coordinates":[-0.358034134,51.468068822]},"properties":{"id":"toiletmap/ab47f884fd21cd996c58fcd3","source":"toiletmap-uk","name":"Hounslow Toy Library for Disabled Children","fee":"no","charge":null,"access":null,"wheelchair":"no","opening_hours":null,"operator":null,"description":"Part of Hounslow Community Toilet Scheme","password":null}},{"type":"Feature","geometry":{"type":"Point","coordinates":[0.008328259,51.632837739]},"properties":{"id":"toiletmap/ab6fb1d38e348e3cde6b3041","source":"toiletmap-uk","name":"Cafe Delice","fee":"yes","charge":null,"access":null,"wheelchair":"no","opening_hours":"Mo-Su 09:00-17:00","operator":null,"description":"Mon-Sun,7am - 6.30pm.\r\nPart of Waltham Forest Community Toilet Scheme.","password":null}},{"type":"Feature","geometry":{"type":"Point","coordinates":[0.163550377,51.598799219]},"properties":{"id":"toiletmap/ab71953cd01d81ab239dd5f0","source":"toiletmap-uk","name":"Costa ","fee":"no","charge":null,"access":null,"wheelchair":"yes","opening_hours":null,"operator":null,"description":null,"password":null}},{"type":"Feature","geometry":{"type":"Point","coordinates":[-0.364529371,51.465739349]},"properties":{"id":"toiletmap/ab781af5510b3b972348b704","source":"toiletmap-uk","name":"Disablility Network Hounslow","fee":"no","charge":null,"access":null,"wheelchair":"no","opening_hours":null,"operator":null,"description":"Part of Hounslow Community Toilet Scheme","password":null}},{"type":"Feature","geometry":{"type":"Point","coordinates":[-0.173254609,51.542353319]},"properties":{"id":"toiletmap/ab8937e69cd349183850fb62","source":"toiletmap-uk","name":"Swiss Cottage Central Library","fee":"no","charge":null,"access":null,"wheelchair":"yes","opening_hours":"Mo-Th 10:00-20:00; Fr-Sa 10:00-17:00","operator":null,"description":"Please note toilets are locked 30 minutes before the library closes i.e. 7.30pm Mon-Thur and 4.30pm Fri-Sat. ","password":null}},{"type":"Feature","geometry":{"type":"Point","coordinates":[-0.2219495,51.5700399]},"properties":{"id":"toiletmap/aba25d38759b5d7abd030960","source":"toiletmap-uk","name":"Claremont Park","fee":"no","charge":null,"access":null,"wheelchair":"yes","opening_hours":"Mo-Su 10:00-17:00","operator":null,"description":"Next to ice cream shop by the playground","password":null}},{"type":"Feature","geometry":{"type":"Point","coordinates":[-0.082633495,51.504862622]},"properties":{"id":"toiletmap/abc4f77c62ee93783a5701a0","source":"toiletmap-uk","name":"More London","fee":"yes","charge":"£0.50","access":null,"wheelchair":"no","opening_hours":"Mo-Su 00:00-00:00","operator":null,"description":"Checked existing Sept 2016","password":null}},{"type":"Feature","geometry":{"type":"Point","coordinates":[-0.021221638,51.44615066]},"properties":{"id":"toiletmap/abe8cce99378e1aa48b6b9c3","source":"toiletmap-uk","name":"Catford Library","fee":"no","charge":null,"access":null,"wheelchair":"yes","opening_hours":null,"operator":null,"description":null,"password":null}},{"type":"Feature","geometry":{"type":"Point","coordinates":[-0.206272602,51.421062507]},"properties":{"id":"toiletmap/ac0cf12030678f2d438275a5","source":"toiletmap-uk","name":"wimbledon Train station","fee":"yes","charge":"tap into station","access":null,"wheelchair":"yes","opening_hours":null,"operator":null,"description":"you have to tap into the station to use","password":null}},{"type":"Feature","geometry":{"type":"Point","coordinates":[0.040595,51.481757]},"properties":{"id":"toiletmap/ac1e5a74447222510301230a","source":"toiletmap-uk","name":"Charlton Park","fee":"no","charge":null,"access":null,"wheelchair":"no","opening_hours":"Mo-Su 09:00-17:00","operator":null,"description":null,"password":null}},{"type":"Feature","geometry":{"type":"Point","coordinates":[-0.036864281,51.475506063]},"properties":{"id":"toiletmap/ac22a1ce289fc34ae344fb7e","source":"toiletmap-uk","name":"New Cross House","fee":"yes","charge":null,"access":null,"wheelchair":"yes","opening_hours":"Mo-Su 09:00-17:00","operator":null,"description":"Sun-Thu: 12pm-12am | Fri-Sat: 12pm-1am","password":null}},{"type":"Feature","geometry":{"type":"Point","coordinates":[-0.08245647,51.499496416]},"properties":{"id":"toiletmap/ac632e6a5d9524d50785d9b8","source":"toiletmap-uk","name":"White Cube","fee":"yes","charge":null,"access":null,"wheelchair":"no","opening_hours":null,"operator":null,"description":"Closed Monday. Tue - Sat 10.00-18.00\r\nSunday 12.00-18.00","password":null}},{"type":"Feature","geometry":{"type":"Point","coordinates":[-0.129859149,51.508660658]},"properties":{"id":"toiletmap/ac716ae52c79ec3a4c4b961b","source":"toiletmap-uk","name":"The National Gallery","fee":"no","charge":null,"access":null,"wheelchair":"no","opening_hours":"Mo-Su 09:00-17:00","operator":null,"description":"Ground and floor 2. No male toilet. Baby-change on ground floor only.","password":null}},{"type":"Feature","geometry":{"type":"Point","coordinates":[0.191013515,51.473299132]},"properties":{"id":"toiletmap/ac845d6dd5b7a8296825e7b1","source":"toiletmap-uk","name":"Slade Green Community Library","fee":"no","charge":null,"access":null,"wheelchair":"yes","opening_hours":"Mo-We 10:00-17:00; Th 10:00-19:00; Fr 10:00-17:00; Sa 14:00-18:00","operator":null,"description":"The disabled toilet is unisex/gender neutral","password":null}},{"type":"Feature","geometry":{"type":"Point","coordinates":[-0.013354677,51.47809667]},"properties":{"id":"toiletmap/acb5bd8c054de53ee570635e","source":"toiletmap-uk","name":"Greenwich National Rail station","fee":"no","charge":null,"access":null,"wheelchair":"yes","opening_hours":"Mo-Sa 06:00-19:00; Su 07:30-18:00","operator":null,"description":"Inside National Rail main building, opposite ticket office, adjacent to National Rail platform going to London Bridge.  There is a notice on the door to say opening hours change depending on staffing levels. Station staff like to close the toilets early, so bear that in mind. Toilets checked by both male and female staff.","password":null}},{"type":"Feature","geometry":{"type":"Point","coordinates":[-0.128939152,51.517556007]},"properties":{"id":"toiletmap/acdd6cfece1bc9a648c02203","source":"toiletmap-uk","name":"Kilcock toilet","fee":"no","charge":null,"access":null,"wheelchair":null,"opening_hours":null,"operator":null,"description":null,"password":null}},{"type":"Feature","geometry":{"type":"Point","coordinates":[-0.103586912,51.490938232]},"properties":{"id":"toiletmap/ad0cc736a5a6d5497e5603bc","source":"toiletmap-uk","name":"Toulouse Lautrec","fee":"no","charge":null,"access":null,"wheelchair":"no","opening_hours":"Mo-Fr 12:00-22:00; Sa 10:00-22:00; Su 10:00-21:00","operator":null,"description":"Mon - Fri: 12:00 - 22:00\nSat: 10:00 - 22:00 \nSun: 10:00 - 21:00. \nPart of Lambeth Community Toilet Scheme.","password":null}},{"type":"Feature","geometry":{"type":"Point","coordinates":[-0.404695988,51.498143474]},"properties":{"id":"toiletmap/ad1ce3028db99da94fad584f","source":"toiletmap-uk","name":"Toys R Us","fee":"no","charge":null,"access":null,"wheelchair":"no","opening_hours":null,"operator":null,"description":"Part of Hounslow Community Toilet Scheme","password":null}},{"type":"Feature","geometry":{"type":"Point","coordinates":[-0.170037746,51.463354644]},"properties":{"id":"toiletmap/ad1d06a3da78a2a6e0202fd8","source":"toiletmap-uk","name":"Clapham Junction Station","fee":"no","charge":null,"access":null,"wheelchair":"no","opening_hours":"Mo-Su 00:00-00:00","operator":null,"description":null,"password":null}},{"type":"Feature","geometry":{"type":"Point","coordinates":[-0.327875912,51.447548168]},"properties":{"id":"toiletmap/ada198d936db01a3c3368cc5","source":"toiletmap-uk","name":"Twickenham Library","fee":"no","charge":null,"access":null,"wheelchair":"yes","opening_hours":"Mo 09:30-19:00; Tu 09:30-18:00; We 10:00-19:00; Th-Fr 09:30-18:00; Sa 09:30-16:00","operator":null,"description":"Part of Richmond Community Toilet Scheme","password":null}},{"type":"Feature","geometry":{"type":"Point","coordinates":[-0.118585825,51.364228174]},"properties":{"id":"toiletmap/adbe4ff620af3eeb18506a0e","source":"toiletmap-uk","name":"Esso Filling Station - Croydon West","fee":"yes","charge":null,"access":null,"wheelchair":"yes","opening_hours":null,"operator":null,"description":"Small shop. Cramped site. 3.9 m.  Doesn't officially have a customer toilet - but if you walk in and look in need they may let you use the 'staff' one.  Checked Nov 2016","password":null}},{"type":"Feature","geometry":{"type":"Point","coordinates":[-0.050339699,51.396635232]},"properties":{"id":"toiletmap/adcbcbd7278225d4656529b3","source":"toiletmap-uk","name":"Tesco Beckenham Elmers End","fee":"no","charge":null,"access":null,"wheelchair":"yes","opening_hours":"Mo-Su 00:00-00:00","operator":null,"description":"Closes SAT midnight, Open SUN 10.00-16.00. Opens MON 06.00. Part of Mayor of London 'Open London' Community Toilet Scheme and  Bromley Council Community Toilet Scheme.","password":null}},{"type":"Feature","geometry":{"type":"Point","coordinates":[0.121217,51.489551]},"properties":{"id":"toiletmap/ade45be6c1a8e071a8b34dbe","source":"toiletmap-uk","name":"Knee Hill","fee":"no","charge":null,"access":null,"wheelchair":"no","opening_hours":"Mo-Su 00:00-00:00","operator":null,"description":null,"password":null}},{"type":"Feature","geometry":{"type":"Point","coordinates":[-0.314202011,51.499424654]},"properties":{"id":"toiletmap/ade4e31435b1668a8416bc3a","source":"toiletmap-uk","name":"Northfields Station toilets","fee":"no","charge":null,"access":null,"wheelchair":"no","opening_hours":"Mo-Su 05:00-19:00","operator":null,"description":null,"password":null}},{"type":"Feature","geometry":{"type":"Point","coordinates":[-0.450364351,51.54144583]},"properties":{"id":"toiletmap/adfb4522798f2e3e8ba75199","source":"toiletmap-uk","name":"Oak Farm Library","fee":"no","charge":null,"access":null,"wheelchair":"no","opening_hours":"Mo-Fr 09:00-17:00","operator":null,"description":"Big space for wheelchair or pram. Always clean.","password":null}},{"type":"Feature","geometry":{"type":"Point","coordinates":[-0.075021386,51.633796678]},"properties":{"id":"toiletmap/ae021a1231259abbbb1a14a1","source":"toiletmap-uk","name":"Bury Lodge Gardens, Bury Street West","fee":"no","charge":null,"access":null,"wheelchair":"no","opening_hours":null,"operator":null,"description":null,"password":null}},{"type":"Feature","geometry":{"type":"Point","coordinates":[0.021725893,51.54186284]},"properties":{"id":"toiletmap/ae041d12f978e8676a88a6f1","source":"toiletmap-uk","name":"Clapton Community FC - Old Spotted Dog Ground","fee":"no","charge":null,"access":null,"wheelchair":"yes","opening_hours":null,"operator":null,"description":"The toilet block in the Old Spotted Dog Ground, home to Clapton Community FC in Newham, London.","password":null}},{"type":"Feature","geometry":{"type":"Point","coordinates":[-0.491897277,51.682244163]},"properties":{"id":"toiletmap/ae09a22978df4a5ae5a01139","source":"toiletmap-uk","name":"The Cricketers Pub","fee":"no","charge":null,"access":null,"wheelchair":"yes","opening_hours":"Mo-Sa 11:30-23:00; Su 11:30-22:00","operator":null,"description":null,"password":null}},{"type":"Feature","geometry":{"type":"Point","coordinates":[-0.392503738,51.441255827]},"properties":{"id":"toiletmap/ae1c6f8b6fdafb59c1a57eb5","source":"toiletmap-uk","name":"Hanworth Air Park Library","fee":"no","charge":null,"access":null,"wheelchair":"no","opening_hours":null,"operator":null,"description":"Part of Hounslow Community Toilet Scheme","password":null}},{"type":"Feature","geometry":{"type":"Point","coordinates":[-0.146247,51.541434]},"properties":{"id":"toiletmap/ae2b822573492459120a14da","source":"toiletmap-uk","name":"Camden Lock Market","fee":"yes","charge":"40p","access":null,"wheelchair":"yes","opening_hours":null,"operator":null,"description":null,"password":null}},{"type":"Feature","geometry":{"type":"Point","coordinates":[-0.090408339,51.51027765]},"properties":{"id":"toiletmap/ae6b3b386f16c3e80d28884d","source":"toiletmap-uk","name":"The Steelyard ","fee":"no","charge":null,"access":null,"wheelchair":"yes","opening_hours":"Mo-Fr 09:00-17:00","operator":null,"description":"MONDAY 10.00 - 16.00;  TUESDAY - FRIDAY 10.00 - 22.00. Bank Holidays: Closed. Part of City of London Community Toilet Scheme.","password":null}},{"type":"Feature","geometry":{"type":"Point","coordinates":[-0.509399772,51.432899972]},"properties":{"id":"toiletmap/ae7a6d884e335e2f6f46a84f","source":"toiletmap-uk","name":"Elmsleigh Centre ","fee":"no","charge":null,"access":null,"wheelchair":"yes","opening_hours":"Mo-Su 09:00-18:00","operator":null,"description":null,"password":null}},{"type":"Feature","geometry":{"type":"Point","coordinates":[-0.027186871,51.477808108]},"properties":{"id":"toiletmap/ae925dbba2f745dfc8bfe41d","source":"toiletmap-uk","name":"The Albany","fee":"yes","charge":null,"access":null,"wheelchair":"yes","opening_hours":"Mo-Su 09:00-17:00","operator":null,"description":"Mon-Fri - 9am-9pm\r\nSat - 10am-5pm","password":null}},{"type":"Feature","geometry":{"type":"Point","coordinates":[0.2305557,51.3061546]},"properties":{"id":"toiletmap/aeb682967245e69567f4d5ac","source":"toiletmap-uk","name":null,"fee":"no","charge":null,"access":null,"wheelchair":"no","opening_hours":null,"operator":null,"description":null,"password":null}},{"type":"Feature","geometry":{"type":"Point","coordinates":[-0.1117454,51.4627041]},"properties":{"id":"toiletmap/aeb7d00e91dc99eacaee8256","source":"toiletmap-uk","name":"Brixton Market","fee":"yes","charge":"There is a charge 20p?","access":null,"wheelchair":"no","opening_hours":null,"operator":null,"description":null,"password":null}},{"type":"Feature","geometry":{"type":"Point","coordinates":[-0.152585506,51.513857037]},"properties":{"id":"toiletmap/aeb90e2071d231898251e5f7","source":"toiletmap-uk","name":"Balderton St/Oxford St","fee":"yes","charge":"50p","access":null,"wheelchair":"yes","opening_hours":"Mo-Su 00:00-00:00","operator":null,"description":"                  ","password":null}},{"type":"Feature","geometry":{"type":"Point","coordinates":[-0.481463671,51.546013676]},"properties":{"id":"toiletmap/aece32c1b9667ccdf9bec600","source":"toiletmap-uk","name":"Pavillion toilet","fee":"no","charge":null,"access":null,"wheelchair":"yes","opening_hours":"Mo-Su 09:00-17:00","operator":null,"description":"4G mobile internet reception, cleaned regularly","password":null}},{"type":"Feature","geometry":{"type":"Point","coordinates":[-0.08199513,51.520293201]},"properties":{"id":"toiletmap/aef167c164adb89a1cf421ff","source":"toiletmap-uk","name":"K10 Modern Japanese Cuisine","fee":"no","charge":null,"access":null,"wheelchair":"yes","opening_hours":"Mo-Fr 09:00-17:00","operator":null,"description":"MONDAY - TUESDAY 11.30 - 15.00 & 17.30 - 21.00, WEDNESDAY - FRIDAY 11.30 - 15.00 & 17.30 - 21.30. Part of City of London's Community Toilet Scheme.","password":null}},{"type":"Feature","geometry":{"type":"Point","coordinates":[-0.291942358,51.621720219]},"properties":{"id":"toiletmap/af05bfbce2343f6b617cb17e","source":"toiletmap-uk","name":"Tesco Express Edgware Canons Corner","fee":"yes","charge":null,"access":null,"wheelchair":"no","opening_hours":"Mo-Su 09:00-17:00","operator":null,"description":"0600-0000","password":null}},{"type":"Feature","geometry":{"type":"Point","coordinates":[-0.159677267,51.501673696]},"properties":{"id":"toiletmap/af13e18a2cbb510a868ca043","source":"toiletmap-uk","name":"HARVEY NICHOLS","fee":"no","charge":null,"access":null,"wheelchair":"no","opening_hours":"Mo-Su 09:00-17:00","operator":null,"description":null,"password":null}},{"type":"Feature","geometry":{"type":"Point","coordinates":[-0.411065697,51.445111667]},"properties":{"id":"toiletmap/af246743490d7a977ddf8dd7","source":"toiletmap-uk","name":"Nando's","fee":"no","charge":null,"access":null,"wheelchair":"no","opening_hours":null,"operator":null,"description":"Part of Hounslow Community Toilet Scheme","password":null}},{"type":"Feature","geometry":{"type":"Point","coordinates":[0.0508674,51.4515966]},"properties":{"id":"toiletmap/af6069cdd4d29d357cfa4454","source":"toiletmap-uk","name":null,"fee":"no","charge":null,"access":null,"wheelchair":"no","opening_hours":null,"operator":null,"description":null,"password":null}},{"type":"Feature","geometry":{"type":"Point","coordinates":[-0.288332105,51.480749901]},"properties":{"id":"toiletmap/af853c5447a52a390e64d1e6","source":"toiletmap-uk","name":"The Original Maids of Honour","fee":"no","charge":null,"access":null,"wheelchair":"no","opening_hours":"Mo-Su 09:00-18:00","operator":null,"description":"Part of Richmond Council's Community Toilet Scheme.","password":null}},{"type":"Feature","geometry":{"type":"Point","coordinates":[-0.01603961,51.590066081]},"properties":{"id":"toiletmap/afb9d39f01c7ad80579d2cf6","source":"toiletmap-uk","name":"Enjoy Cafe","fee":"yes","charge":null,"access":null,"wheelchair":"no","opening_hours":"Mo-Su 09:00-17:00","operator":null,"description":"Mon-Sun: 6am-6pm. Part of Waltham Forest Community Toilet Scheme.","password":null}},{"type":"Feature","geometry":{"type":"Point","coordinates":[-0.229632855,51.409561739]},"properties":{"id":"toiletmap/afec6b7a7bfdd9272466cea1","source":"toiletmap-uk","name":"Starbucks","fee":"no","charge":null,"access":null,"wheelchair":"no","opening_hours":"Mo-Su 09:00-17:00","operator":null,"description":null,"password":null}},{"type":"Feature","geometry":{"type":"Point","coordinates":[-0.362408246,51.33639577]},"properties":{"id":"toiletmap/aff612c2e0babd7173e0b709","source":"toiletmap-uk","name":"Oxshott Station","fee":"no","charge":null,"access":null,"wheelchair":"no","opening_hours":null,"operator":null,"description":null,"password":null}},{"type":"Feature","geometry":{"type":"Point","coordinates":[-0.243267062,51.53203324]},"properties":{"id":"toiletmap/aff96b1106e529f00f4ec881","source":"toiletmap-uk","name":"Willesden Junction","fee":"no","charge":null,"access":null,"wheelchair":"no","opening_hours":null,"operator":null,"description":null,"password":null}},{"type":"Feature","geometry":{"type":"Point","coordinates":[-0.137951374,51.462221096]},"properties":{"id":"toiletmap/b016ae188b3837baa9ec7e2e","source":"toiletmap-uk","name":"Starbucks","fee":"no","charge":null,"access":null,"wheelchair":"no","opening_hours":"Mo-Su 09:00-17:00","operator":null,"description":"Mon - Sat: 07:00 - 20:00 \nSun: 07:00 - 19:30. Starbucks allow non-customers to use toilets.","password":null}},{"type":"Feature","geometry":{"type":"Point","coordinates":[-0.051120284,51.520693762]},"properties":{"id":"toiletmap/b01a5bd9544de09dff14103d","source":"toiletmap-uk","name":"Mackbear Coffee","fee":"no","charge":null,"access":null,"wheelchair":"no","opening_hours":"Mo-Su 06:00-23:00","operator":null,"description":"A Tower Hamlets Community Toilet Scheme venue. This toilet is on the ground floor.","password":null}},{"type":"Feature","geometry":{"type":"Point","coordinates":[-0.137852132,51.321073286]},"properties":{"id":"toiletmap/b0246f9681778f547eec02f7","source":"toiletmap-uk","name":"Public Toilet","fee":"no","charge":null,"access":null,"wheelchair":"yes","opening_hours":null,"operator":null,"description":"24 hour access","password":null}},{"type":"Feature","geometry":{"type":"Point","coordinates":[0.3061222,51.2917863]},"properties":{"id":"toiletmap/b049e796883973e1043fa4e7","source":"toiletmap-uk","name":null,"fee":"no","charge":null,"access":null,"wheelchair":"no","opening_hours":null,"operator":null,"description":null,"password":null}},{"type":"Feature","geometry":{"type":"Point","coordinates":[-0.014604628,51.514373219]},"properties":{"id":"toiletmap/b061f9f472f1cd008a8bb82b","source":"toiletmap-uk","name":"KC London","fee":"no","charge":null,"access":null,"wheelchair":"no","opening_hours":"Mo-Sa 10:00-18:00","operator":null,"description":"A Tower Hamlets Community Toilet Scheme Venue. The toilet is located on the ground floor.","password":null}},{"type":"Feature","geometry":{"type":"Point","coordinates":[-0.308147338,51.31788158]},"properties":{"id":"toiletmap/b06f07f4e3912f03cd571bea","source":"toiletmap-uk","name":"Ashtead","fee":"no","charge":null,"access":null,"wheelchair":"no","opening_hours":null,"operator":null,"description":null,"password":null}},{"type":"Feature","geometry":{"type":"Point","coordinates":[-0.2605408,51.4926491]},"properties":{"id":"toiletmap/b0818a99f6897c8428932ed9","source":"toiletmap-uk","name":null,"fee":"no","charge":null,"access":null,"wheelchair":"no","opening_hours":null,"operator":null,"description":"Automated Sanisette/Superloo toilet","password":null}},{"type":"Feature","geometry":{"type":"Point","coordinates":[-0.4743278,51.3117287]},"properties":{"id":"toiletmap/b093e4ffcb0c794136b592c8","source":"toiletmap-uk","name":null,"fee":"no","charge":null,"access":null,"wheelchair":"no","opening_hours":null,"operator":null,"description":null,"password":null}},{"type":"Feature","geometry":{"type":"Point","coordinates":[-0.147711933,51.542164716]},"properties":{"id":"toiletmap/b0bf0f912569fad61e1e3901","source":"toiletmap-uk","name":"Under Stables toilet","fee":"yes","charge":"1£","access":null,"wheelchair":null,"opening_hours":null,"operator":null,"description":"available in basement via lifts or stairs","password":null}},{"type":"Feature","geometry":{"type":"Point","coordinates":[-0.396333933,51.576656147]},"properties":{"id":"toiletmap/b0cea1ae1e6b714ef48be282","source":"toiletmap-uk","name":"Eastcote Underground Station","fee":"no","charge":null,"access":null,"wheelchair":"no","opening_hours":null,"operator":null,"description":"toilets are locked with note saying no toilet facilities at this station pinned on door.","password":null}},{"type":"Feature","geometry":{"type":"Point","coordinates":[-0.1130944,51.4685618]},"properties":{"id":"toiletmap/b0e3410705fee3c702face62","source":"toiletmap-uk","name":"Tesco Express Stockwell","fee":"yes","charge":null,"access":null,"wheelchair":"yes","opening_hours":"Mo-Su 09:00-17:00","operator":null,"description":"0600-Midnight.  Part of Mayor of London's 'Open London' Community Toilet Scheme","password":null}},{"type":"Feature","geometry":{"type":"Point","coordinates":[-0.087875,51.619324]},"properties":{"id":"toiletmap/b0ee69392752ce952d3e2c79","source":"toiletmap-uk","name":null,"fee":"no","charge":null,"access":null,"wheelchair":"no","opening_hours":null,"operator":null,"description":null,"password":null}},{"type":"Feature","geometry":{"type":"Point","coordinates":[-0.1087908,51.4495044]},"properties":{"id":"toiletmap/b0f554478e0690f0e07cb2a9","source":"toiletmap-uk","name":"Quiet Garden Toilets","fee":"yes","charge":"No charge","access":null,"wheelchair":"no","opening_hours":"Mo-Su 09:00-18:00","operator":null,"description":null,"password":null}},{"type":"Feature","geometry":{"type":"Point","coordinates":[0.189090371,51.528867566]},"properties":{"id":"toiletmap/b11e82211a9f7866d57f0588","source":"toiletmap-uk","name":"Cherry Tree Lane, Rainham Road","fee":"no","charge":null,"access":null,"wheelchair":"no","opening_hours":null,"operator":null,"description":null,"password":null}},{"type":"Feature","geometry":{"type":"Point","coordinates":[-0.0554506,51.4361545]},"properties":{"id":"toiletmap/b138e4b4e3d9b772156474e2","source":"toiletmap-uk","name":"Forest Hill Pools","fee":"no","charge":null,"access":null,"wheelchair":"yes","opening_hours":"Mo-Su 09:00-17:00","operator":null,"description":"Mon-Fri: 6am-10pm | Sat-Sun: 7am-6pm","password":null}},{"type":"Feature","geometry":{"type":"Point","coordinates":[-0.467863083,51.354756858]},"properties":{"id":"toiletmap/b13cd095e34dd39e1931dbf8","source":"toiletmap-uk","name":"Mercedes Benz World - Visitor Centre","fee":"yes","charge":null,"access":null,"wheelchair":"yes","opening_hours":null,"operator":null,"description":"Free entry to building. Cafe on ground floor and Restaurant on 2nd floor. Free parking.  Checked October 2016. KT13 0SL","password":null}},{"type":"Feature","geometry":{"type":"Point","coordinates":[-0.065247979,51.514708047]},"properties":{"id":"toiletmap/b149673d890a466037b60fbb","source":"toiletmap-uk","name":"Vapor Bubble","fee":"no","charge":null,"access":null,"wheelchair":null,"opening_hours":"Mo-Fr 10:00-21:00; Sa 11:00-22:00; Su 14:00-21:00","operator":null,"description":"A Tower Hamlets Community Toilet Scheme venue. The toilet is located on the ground floor.","password":null}},{"type":"Feature","geometry":{"type":"Point","coordinates":[-0.123306513,51.47876531]},"properties":{"id":"toiletmap/b14a594ad4c443d266e9c403","source":"toiletmap-uk","name":"Machico Tapas Bar","fee":"no","charge":null,"access":null,"wheelchair":"no","opening_hours":"Mo-Su 09:00-17:00","operator":null,"description":"Mon - Sun: 08:00 - 23:00. Part of Lambeth Community Toilet Scheme.","password":null}},{"type":"Feature","geometry":{"type":"Point","coordinates":[-0.227750828,51.513466058]},"properties":{"id":"toiletmap/b16689dfd7126ff0facf1ff4","source":"toiletmap-uk","name":"Mediaworks","fee":"no","charge":null,"access":null,"wheelchair":"yes","opening_hours":null,"operator":null,"description":"On the lefthand side after entering the building. ","password":null}},{"type":"Feature","geometry":{"type":"Point","coordinates":[-0.373321652,51.486046348]},"properties":{"id":"toiletmap/b16c459d909445f153b6f0c6","source":"toiletmap-uk","name":"Rose and Crown","fee":"no","charge":null,"access":null,"wheelchair":"no","opening_hours":null,"operator":null,"description":"Part of Hounslow Community Toilet Scheme","password":null}},{"type":"Feature","geometry":{"type":"Point","coordinates":[-0.219898224,51.306277632]},"properties":{"id":"toiletmap/b1818c96a67df5dba9815d78","source":"toiletmap-uk","name":"Shell Filling Station - Burgh Heath","fee":"yes","charge":"0","access":null,"wheelchair":"yes","opening_hours":"Mo-Su 00:00-00:00","operator":null,"description":"Shop (Waitrose); ATM; Snacks; Truck Friendly. KT20 6SU","password":null}},{"type":"Feature","geometry":{"type":"Point","coordinates":[0.031553507,51.515084045]},"properties":{"id":"toiletmap/b1bb61ed0b5ba2a59666c9a1","source":"toiletmap-uk","name":"Custom House Library","fee":"no","charge":null,"access":null,"wheelchair":"no","opening_hours":null,"operator":null,"description":"Mon Tues Sat: 9.30am-5.30pm. Thurs 1pm-8pm. Weds, Fri, Sun: CLOSED. Part of Newham Community Toilet Scheme.","password":null}},{"type":"Feature","geometry":{"type":"Point","coordinates":[0.303344474,51.620959155]},"properties":{"id":"toiletmap/b1c1e578714c1a7bc60375a6","source":"toiletmap-uk","name":"Marks & Spencer","fee":"no","charge":null,"access":null,"wheelchair":"yes","opening_hours":"Mo-Th 08:30-19:00; Fr-Sa 08:00-19:00; Su 10:00-16:00","operator":null,"description":"Located on the top floor near the corner of the kids clothing section.","password":null}},{"type":"Feature","geometry":{"type":"Point","coordinates":[-0.3181234,51.417959054]},"properties":{"id":"toiletmap/b20649c90bd7937849ac6e1b","source":"toiletmap-uk","name":"The Lion","fee":"no","charge":null,"access":null,"wheelchair":"yes","opening_hours":"Mo 12:00-22:00; Tu-Sa 12:00-23:00; Su 12:00-22:00","operator":null,"description":"Part of Richmond Council's Community Toilet Scheme.","password":null}},{"type":"Feature","geometry":{"type":"Point","coordinates":[-0.036166906,51.474192944]},"properties":{"id":"toiletmap/b20fdb8e70213e2a2b56ab96","source":"toiletmap-uk","name":"Curzon Goldsmiths","fee":"no","charge":null,"access":null,"wheelchair":"yes","opening_hours":"Mo-Su 09:00-17:00","operator":null,"description":"Mon - Sun: 9am-10pm","password":null}},{"type":"Feature","geometry":{"type":"Point","coordinates":[-0.190388905,51.501687303]},"properties":{"id":"toiletmap/b2219732e2cacea34b0304ba","source":"toiletmap-uk","name":"Whole Foods Market","fee":null,"charge":null,"access":null,"wheelchair":null,"opening_hours":null,"operator":null,"description":null,"password":null}},{"type":"Feature","geometry":{"type":"Point","coordinates":[-0.130014718,51.509480271]},"properties":{"id":"toiletmap/b237bb13ec8aaf68a9d7c811","source":"toiletmap-uk","name":"St Martin's Street Temporary Urinal","fee":"no","charge":null,"access":null,"wheelchair":"no","opening_hours":null,"operator":null,"description":"1*4 bay urinal. Temporary Toilets Open Thursday 8pm-Monday 6am ","password":null}},{"type":"Feature","geometry":{"type":"Point","coordinates":[-0.072618127,51.580086507]},"properties":{"id":"toiletmap/b2725a08106421713fa6f0f1","source":"toiletmap-uk","name":"Le Fondra De Maria","fee":"no","charge":null,"access":null,"wheelchair":"no","opening_hours":null,"operator":null,"description":"Monday - Thursday, 8am - 4pm\r\nFriday 8am - 9pm\r\nSaturday and Sunday, 10am - 10pm.","password":null}},{"type":"Feature","geometry":{"type":"Point","coordinates":[-0.255687475,51.492495619]},"properties":{"id":"toiletmap/b274dff606ca175c3ce9ba41","source":"toiletmap-uk","name":"Packhorse and Talbot","fee":"no","charge":null,"access":null,"wheelchair":"no","opening_hours":null,"operator":null,"description":"Part of Hounslow Community Toilet Scheme","password":null}},{"type":"Feature","geometry":{"type":"Point","coordinates":[0.074195266,51.388345643]},"properties":{"id":"toiletmap/b285f3c7980a5a4562bdc56a","source":"toiletmap-uk","name":"Morrisons Superstore - Petts Wood","fee":"yes","charge":"Na","access":null,"wheelchair":"no","opening_hours":null,"operator":null,"description":"BR5 1DH\nSeptember 2025 Security guard said it was permanently closed","password":null}},{"type":"Feature","geometry":{"type":"Point","coordinates":[-0.079189539,51.282074999]},"properties":{"id":"toiletmap/b2a2c5c45c36f90ed96ede64","source":"toiletmap-uk","name":"Caterham Museum","fee":"yes","charge":null,"access":null,"wheelchair":"no","opening_hours":"Mo-Fr 09:00-17:00","operator":null,"description":"Open: 10am-5pm Wednesdays, Thursdays and Saturdays.  Free entry (donations welcome).  CR3 6JG","password":null}},{"type":"Feature","geometry":{"type":"Point","coordinates":[-0.410131216,51.305355382]},"properties":{"id":"toiletmap/b2b2d1795dca3eb4b87318b9","source":"toiletmap-uk","name":"Cobham Services - Filling Station","fee":"yes","charge":null,"access":null,"wheelchair":"no","opening_hours":null,"operator":null,"description":null,"password":null}},{"type":"Feature","geometry":{"type":"Point","coordinates":[0.1774688,51.4058494]},"properties":{"id":"toiletmap/b2c0517e3d423cf100f79dc1","source":"toiletmap-uk","name":"Swanley Park","fee":"no","charge":null,"access":null,"wheelchair":"no","opening_hours":null,"operator":null,"description":null,"password":null}},{"type":"Feature","geometry":{"type":"Point","coordinates":[-0.075311065,51.515573024]},"properties":{"id":"toiletmap/b2f8a486833dc367a44283ef","source":"toiletmap-uk","name":"1947 Restaurant","fee":"no","charge":null,"access":null,"wheelchair":"no","opening_hours":"Mo 17:00-23:30; Tu-We 12:00-23:30; Th-Sa 12:00-00:00; Su 17:00-22:30","operator":null,"description":"A Tower Hamlets Community Toilet Scheme Venue. The toilet can be found up the front steps on the ground floor.","password":null}},{"type":"Feature","geometry":{"type":"Point","coordinates":[0.119905472,51.329297703]},"properties":{"id":"toiletmap/b335fe798ba25a4f235d93fc","source":"toiletmap-uk","name":"Coolings Garden Centre - Halstead","fee":"yes","charge":null,"access":null,"wheelchair":"no","opening_hours":"Mo-Su 09:00-17:00","operator":null,"description":"TN14 7NN","password":null}},{"type":"Feature","geometry":{"type":"Point","coordinates":[0.143809319,51.409658217]},"properties":{"id":"toiletmap/b36f690b2dae648581654894","source":"toiletmap-uk","name":"BP Connect Filling Station - Swanley Services","fee":"yes","charge":null,"access":null,"wheelchair":"yes","opening_hours":"Mo-Su 00:00-00:00","operator":null,"description":"Shop; ATM; Wild Bean Cafe ( Hot & Cold Snacks); Truck Friendly; Truck Parking; Adjacent McDonalds. DA14 5JA","password":null}},{"type":"Feature","geometry":{"type":"Point","coordinates":[-0.430821776,51.386075911]},"properties":{"id":"toiletmap/b393d314b9cbc359a8bd2ea4","source":"toiletmap-uk","name":"Public Toilet - Walton on Thames (Walton Lane Car Park)","fee":"no","charge":null,"access":null,"wheelchair":"no","opening_hours":null,"operator":null,"description":"Updated from Elmbridge Borough Council Website Map - Dec 2016\r\n\r\n\"cabin. Possibly temporary\"","password":null}},{"type":"Feature","geometry":{"type":"Point","coordinates":[-0.281428099,51.558996865]},"properties":{"id":"toiletmap/b3a07da1d7527f4c019c6a6a","source":"toiletmap-uk","name":"Brent Civic Centre","fee":"no","charge":null,"access":null,"wheelchair":"no","opening_hours":"Mo-Su 09:00-17:00","operator":null,"description":"8.30am to 8pm Monday to Friday and 9am to 5pm on Saturdays and Sundays","password":null}},{"type":"Feature","geometry":{"type":"Point","coordinates":[-0.141572356,51.49794741]},"properties":{"id":"toiletmap/b3bc9db9ef8c9d10238053ad","source":"toiletmap-uk","name":"Cardinal Place Public Toilet","fee":"yes","charge":"20p","access":null,"wheelchair":"yes","opening_hours":null,"operator":null,"description":"Exact change only. On the ground floor, access from Cathedral Walk (not inside M&S)","password":null}},{"type":"Feature","geometry":{"type":"Point","coordinates":[-0.093705654,51.51991935]},"properties":{"id":"toiletmap/b3c9a94bb4d1e22b5879cade","source":"toiletmap-uk","name":"Barbican Centre","fee":"yes","charge":null,"access":null,"wheelchair":"yes","opening_hours":"Mo-Su 09:00-17:00","operator":null,"description":"Toilets in the cinema building on beach street and the main centre on level G, 1 & 3 \n\nOpen 08:00-23:00 daily","password":null}},{"type":"Feature","geometry":{"type":"Point","coordinates":[-0.124744177,51.508453709]},"properties":{"id":"toiletmap/b3d7be6461b0d74c913219f0","source":"toiletmap-uk","name":"London Charing Cross Station","fee":"no","charge":null,"access":null,"wheelchair":"yes","opening_hours":"Mo-Su 06:30-22:30","operator":null,"description":null,"password":null}},{"type":"Feature","geometry":{"type":"Point","coordinates":[-0.059773028,51.526842567]},"properties":{"id":"toiletmap/b3e1c913102b27eb2acc1f09","source":"toiletmap-uk","name":"Sprinkles","fee":"no","charge":null,"access":null,"wheelchair":"no","opening_hours":"Mo-Su 08:00-00:00","operator":null,"description":"A Tower Hamlets Community Toilet Scheme Venue. This toilet can be found on the ground floor.","password":null}},{"type":"Feature","geometry":{"type":"Point","coordinates":[-0.394536853,51.65579178]},"properties":{"id":"toiletmap/b3e77720d919bad3222a30da","source":"toiletmap-uk","name":"Marks and Spencer - Watford","fee":"yes","charge":null,"access":null,"wheelchair":"no","opening_hours":null,"operator":null,"description":null,"password":null}},{"type":"Feature","geometry":{"type":"Point","coordinates":[-0.122917593,51.485480099]},"properties":{"id":"toiletmap/b3ef85f9765f0aad3897bf66","source":"toiletmap-uk","name":"Market Place Vauxhall","fee":"no","charge":null,"access":null,"wheelchair":"yes","opening_hours":null,"operator":null,"description":null,"password":null}},{"type":"Feature","geometry":{"type":"Point","coordinates":[-0.162879825,51.499190854]},"properties":{"id":"toiletmap/b4650782ee0c6eaaf8e44d97","source":"toiletmap-uk","name":"Harrods","fee":"no","charge":null,"access":null,"wheelchair":"no","opening_hours":"Mo-Su 09:00-17:00","operator":null,"description":null,"password":null}},{"type":"Feature","geometry":{"type":"Point","coordinates":[-0.303538084,51.492244769]},"properties":{"id":"toiletmap/b49e270ea557f122bd7d552b","source":"toiletmap-uk","name":"Topps Tiles / Crown Decorating Centre","fee":"no","charge":null,"access":null,"wheelchair":"no","opening_hours":null,"operator":null,"description":"Topps Tiles: Unit 1 Phoenix Park\nCrown Decoration Centre: Unit 3 Phoenix Park\nPart of Hounslow Community Toilet Scheme","password":null}},{"type":"Feature","geometry":{"type":"Point","coordinates":[0.067563568,51.558739585]},"properties":{"id":"toiletmap/b4bda8db812773ec7c85d2ee","source":"toiletmap-uk","name":"Ilford Station Platform 4","fee":"no","charge":null,"access":null,"wheelchair":"no","opening_hours":"Mo-Su 00:00-00:00","operator":null,"description":"End of building on platform 4. More toilets available on platform 3.. Access maybe restricted by ticket gates","password":null}},{"type":"Feature","geometry":{"type":"Point","coordinates":[-0.117486119,51.300960185]},"properties":{"id":"toiletmap/b4e6073e9c91bba67cdb208b","source":"toiletmap-uk","name":"Shell Filling Station - Old Coulsdon","fee":"yes","charge":null,"access":null,"wheelchair":"yes","opening_hours":"Mo-Su 09:00-17:00","operator":null,"description":"Open Mon-Sun - 6.30am-10.30.  Shop; Snacks.  CR5 1EN","password":null}},{"type":"Feature","geometry":{"type":"Point","coordinates":[-0.44066334,51.445533837]},"properties":{"id":"toiletmap/b51ccb87f88f386a24bfcee6","source":"toiletmap-uk","name":"Bedfont Lakes Country Park","fee":"no","charge":null,"access":null,"wheelchair":"no","opening_hours":null,"operator":null,"description":"Part of Hounslow Community Toilet Scheme","password":null}},{"type":"Feature","geometry":{"type":"Point","coordinates":[-0.198676586,51.32306941]},"properties":{"id":"toiletmap/b5288154372b968dae3c83d4","source":"toiletmap-uk","name":"Waitrose - Banstead","fee":"yes","charge":"0","access":null,"wheelchair":"yes","opening_hours":"Mo-Su 09:00-17:00","operator":null,"description":"Opening: Mon-Fri 8am-9pm; Sat 8am-8pm; Sun 10am-4pm.  Cafe. SM7 2NB","password":null}},{"type":"Feature","geometry":{"type":"Point","coordinates":[-0.388308764,51.681391851]},"properties":{"id":"toiletmap/b550b3c80a033a871c0fce7e","source":"toiletmap-uk","name":"Sainsbury's Superstore - Garston","fee":"no","charge":null,"access":null,"wheelchair":"yes","opening_hours":"Mo-Su 09:00-17:00","operator":null,"description":"Open: Mon-Fri 7am-11pm.  Sun: 10am-4pm.  Has Restaurant. WD25 9JS","password":null}},{"type":"Feature","geometry":{"type":"Point","coordinates":[-0.176180899,51.496425674]},"properties":{"id":"toiletmap/b556e51240e3a8ec095a7780","source":"toiletmap-uk","name":"Natural History Museum - by cafe","fee":"no","charge":null,"access":null,"wheelchair":"yes","opening_hours":"Mo-Su 10:00-17:00","operator":null,"description":"Ground floor after main staircase and atrium. Nice large baby-changing area.\n\nCOVID-19: You need to book a timeslot online to enter the museum (free admission) — https://ticketing.nhm.ac.uk/events/GENAD-ADM\n\nSource: https://www.nhm.ac.uk/visit.html","password":null}},{"type":"Feature","geometry":{"type":"Point","coordinates":[-0.095011542,51.514422442]},"properties":{"id":"toiletmap/b56e09cfacfd19a92eeea2b1","source":"toiletmap-uk","name":"Hummus Bros","fee":"no","charge":null,"access":null,"wheelchair":"no","opening_hours":"Mo-Fr 09:00-17:00","operator":null,"description":"MONDAY TO FRIDAY: 11.00 - 16.00;\r\n              SATURDAY: Closed;\r\n              SUNDAY: Closed; Part of City of London Community Toilet Scheme.","password":null}},{"type":"Feature","geometry":{"type":"Point","coordinates":[-0.353326233,51.37989226]},"properties":{"id":"toiletmap/b581de2c9f3ad54ab11189b8","source":"toiletmap-uk","name":"Esher Station","fee":"no","charge":null,"access":null,"wheelchair":"no","opening_hours":null,"operator":null,"description":null,"password":null}},{"type":"Feature","geometry":{"type":"Point","coordinates":[0.218751132,51.439405464]},"properties":{"id":"toiletmap/b5ad7ee064d0de4b1831ef23","source":"toiletmap-uk","name":"Central Park Public Toilets","fee":null,"charge":null,"access":null,"wheelchair":"yes","opening_hours":null,"operator":null,"description":null,"password":null}},{"type":"Feature","geometry":{"type":"Point","coordinates":[-0.260919929,51.49183189]},"properties":{"id":"toiletmap/b5b76dec612639bb2c4c9dad","source":"toiletmap-uk","name":"Chiswick Library","fee":"no","charge":null,"access":null,"wheelchair":"no","opening_hours":null,"operator":null,"description":"Part of Hounslow Community Toilet Scheme","password":null}},{"type":"Feature","geometry":{"type":"Point","coordinates":[-0.410614014,51.560784446]},"properties":{"id":"toiletmap/b5c00abd8c654f62e5ee2e82","source":"toiletmap-uk","name":"Ruislip Gardens Underground Station","fee":"yes","charge":null,"access":null,"wheelchair":"yes","opening_hours":null,"operator":null,"description":"Open when the station is open. Only one toilet, so if it is occupied then you have to wait.","password":null}},{"type":"Feature","geometry":{"type":"Point","coordinates":[-0.250842332,51.554434907]},"properties":{"id":"toiletmap/b5d02fb001efddc43a7ddd11","source":"toiletmap-uk","name":"Neasden Tube Station","fee":"no","charge":null,"access":null,"wheelchair":"yes","opening_hours":null,"operator":null,"description":"Toilets are inside ticket gateline!","password":null}},{"type":"Feature","geometry":{"type":"Point","coordinates":[-0.165929496,51.426450601]},"properties":{"id":"toiletmap/b5d6d68a165cb3d2f7a8b0ff","source":"toiletmap-uk","name":"Tooting Library","fee":"no","charge":null,"access":null,"wheelchair":"no","opening_hours":null,"operator":null,"description":"Part of council Community Toilet Scheme","password":null}},{"type":"Feature","geometry":{"type":"Point","coordinates":[-0.078706741,51.504449135]},"properties":{"id":"toiletmap/b5f3e29b1e7d61b58c219955","source":"toiletmap-uk","name":"Portable toilets behind City Hall","fee":"no","charge":null,"access":null,"wheelchair":"yes","opening_hours":"Mo-Su 12:00-22:00","operator":null,"description":null,"password":null}},{"type":"Feature","geometry":{"type":"Point","coordinates":[-0.066871,51.4682771]},"properties":{"id":"toiletmap/b6de0e6f5c560dbe2f100b06","source":"toiletmap-uk","name":"Atwell Road","fee":"no","charge":null,"access":null,"wheelchair":"no","opening_hours":"Mo-Su 00:00-00:00","operator":null,"description":"Closed. Don't know when it will reopen","password":null}},{"type":"Feature","geometry":{"type":"Point","coordinates":[-0.346938372,51.361023137]},"properties":{"id":"toiletmap/b6f2a8334de315a6e7d38c59","source":"toiletmap-uk","name":"Community Toilet: Parade & Albany Cafe, Claygate","fee":"no","charge":null,"access":null,"wheelchair":"yes","opening_hours":null,"operator":null,"description":"https://www.elmbridge.gov.uk/your-streets/cts/\n\nOpening: https://www.paradeandalbany.com/\n\nKT10 0PD","password":null}},{"type":"Feature","geometry":{"type":"Point","coordinates":[-0.120865703,51.581579916]},"properties":{"id":"toiletmap/b7074e79fb47f39d8e9f5a7b","source":"toiletmap-uk","name":"Crouchend Picturehouse","fee":"yes","charge":null,"access":null,"wheelchair":"yes","opening_hours":"Mo-Su 09:00-17:00","operator":null,"description":null,"password":null}},{"type":"Feature","geometry":{"type":"Point","coordinates":[-0.2108025,51.5270511]},"properties":{"id":"toiletmap/b72df9be53392ba917cb3c0c","source":"toiletmap-uk","name":"Queen's Park Library ","fee":"no","charge":null,"access":null,"wheelchair":"yes","opening_hours":"Mo 09:30-20:00; Tu-Fr 09:30-19:00; Sa 09:30-17:00","operator":null,"description":"One accessible toilet with baby change facilities on the ground floor with level access into the building. ","password":null}},{"type":"Feature","geometry":{"type":"Point","coordinates":[-0.333291292,51.389396778]},"properties":{"id":"toiletmap/b73c1e3957c92a3a7c05da87","source":"toiletmap-uk","name":"Community Toilet: George & Dragon, Thames Ditton","fee":"no","charge":null,"access":null,"wheelchair":"yes","opening_hours":null,"operator":null,"description":"https://www.elmbridge.gov.uk/your-streets/cts/\n\nOpening: http://www.georgeanddragonthamesditton.co.uk/menus\n\nKT7 0RY","password":null}},{"type":"Feature","geometry":{"type":"Point","coordinates":[-0.278735161,51.584343246]},"properties":{"id":"toiletmap/b7623b93a83d75785589d435","source":"toiletmap-uk","name":"Kingsbury Tube Station","fee":"no","charge":null,"access":null,"wheelchair":"yes","opening_hours":null,"operator":null,"description":"Toilets are inside ticket gateline!","password":null}},{"type":"Feature","geometry":{"type":"Point","coordinates":[-0.241734087,51.53735583]},"properties":{"id":"toiletmap/b77ab579ca2eedffc65cdcca","source":"toiletmap-uk","name":"Rubio’s","fee":"no","charge":null,"access":null,"wheelchair":null,"opening_hours":null,"operator":null,"description":"Not open Mondays. ","password":null}},{"type":"Feature","geometry":{"type":"Point","coordinates":[-0.128858685,51.432200357]},"properties":{"id":"toiletmap/b7a7c234c9383997a6c7b26b","source":"toiletmap-uk","name":"Odeon Cinema","fee":"no","charge":null,"access":null,"wheelchair":"yes","opening_hours":null,"operator":null,"description":"Accessible entrance is on Pendennis Road","password":null}},{"type":"Feature","geometry":{"type":"Point","coordinates":[-0.21476984,51.574289081]},"properties":{"id":"toiletmap/b7b66d4db76260a2ae6e5921","source":"toiletmap-uk","name":"Tesco Brent Cross Hendon Way","fee":"no","charge":null,"access":null,"wheelchair":"no","opening_hours":"Mo-Su 00:00-00:00","operator":null,"description":"Closes SAT midnight, Open SUN 10.00-16.00. Opens MON 06.00. Part of Mayor of London 'Open London' Community Toilet Scheme","password":null}},{"type":"Feature","geometry":{"type":"Point","coordinates":[-0.057227612,51.50473238]},"properties":{"id":"toiletmap/b7d10c01ee9e6448cee8d4f3","source":"toiletmap-uk","name":"Cinnamon Coffee Shop","fee":"no","charge":null,"access":null,"wheelchair":"no","opening_hours":"Mo-Fr 07:00-17:00; Sa-Su 08:00-17:00","operator":null,"description":"A Tower Hamlets Community Toilet Scheme Venue. The toilet can be located upstairs at the back of the shop.","password":null}},{"type":"Feature","geometry":{"type":"Point","coordinates":[-0.093064606,51.49467867]},"properties":{"id":"toiletmap/b804e55c067d5f8a55d186af","source":"toiletmap-uk","name":"The Rising SE1","fee":"no","charge":null,"access":null,"wheelchair":null,"opening_hours":"Mo-Th 12:00-23:00; Fr-Sa 12:00-01:00; Su 12:00-22:00","operator":null,"description":null,"password":null}},{"type":"Feature","geometry":{"type":"Point","coordinates":[-0.318843783,51.5338476]},"properties":{"id":"toiletmap/b8181db0e7640e9d5ed248ae","source":"toiletmap-uk","name":"Tesco Greenford Hoover Building","fee":"yes","charge":null,"access":null,"wheelchair":"yes","opening_hours":"Mo-Su 09:00-17:00","operator":null,"description":"MON-SAT 0600-0000. SUN 1000-1600. Part of Mayor of London's 'Open London' Community Toilet Scheme","password":null}},{"type":"Feature","geometry":{"type":"Point","coordinates":[-0.2190457,51.4833069]},"properties":{"id":"toiletmap/b8579fc3f6fd813bb6030324","source":"toiletmap-uk","name":null,"fee":"yes","charge":"true","access":null,"wheelchair":"no","opening_hours":null,"operator":null,"description":null,"password":null}},{"type":"Feature","geometry":{"type":"Point","coordinates":[-0.4172616,51.657482154]},"properties":{"id":"toiletmap/b868dcc2fd92fd2eddc79fc4","source":"toiletmap-uk","name":"Watford Tube Station","fee":"no","charge":null,"access":null,"wheelchair":"no","opening_hours":null,"operator":null,"description":"Male toilets are inside ticket gateline - ask TfL staff for access. \nFemale toilets are outside ticket gateline","password":null}},{"type":"Feature","geometry":{"type":"Point","coordinates":[0.10664463,51.608061438]},"properties":{"id":"toiletmap/b86a893b5af3d9aaa6bf6cef","source":"toiletmap-uk","name":"Manford Way","fee":"no","charge":null,"access":null,"wheelchair":"yes","opening_hours":null,"operator":null,"description":"Free parking nearby.\n\nNow only the disabled toilet is available for use. The general public entrances are now boarded over to prevent access until further notice.\nI have researched the subject and the toilet may never re-open as London Borough of Redbridge now have a policy of demolishing toilets to make way for the building of flats.","password":null}},{"type":"Feature","geometry":{"type":"Point","coordinates":[-0.186118116,51.540353296]},"properties":{"id":"toiletmap/b87cf72271e1c8441ca60a41","source":"toiletmap-uk","name":"Community Toilet Scheme Abbey Road Community Centre","fee":"no","charge":null,"access":null,"wheelchair":"yes","opening_hours":null,"operator":null,"description":"Part of Camden Community Toilet Scheme; Mon - Thur  9:30am - 5pm; Fri 9.30-4pm","password":null}},{"type":"Feature","geometry":{"type":"Point","coordinates":[-0.022433996,51.377081244]},"properties":{"id":"toiletmap/b8f87e998e6064591e06ea49","source":"toiletmap-uk","name":"Esso Filling Station - West Wickham","fee":null,"charge":null,"access":null,"wheelchair":null,"opening_hours":null,"operator":null,"description":null,"password":null}},{"type":"Feature","geometry":{"type":"Point","coordinates":[0.089306831,51.557912943]},"properties":{"id":"toiletmap/b94dcbacc3d13349aeab7949","source":"toiletmap-uk","name":"South Park","fee":"no","charge":null,"access":null,"wheelchair":"no","opening_hours":null,"operator":null,"description":null,"password":null}},{"type":"Feature","geometry":{"type":"Point","coordinates":[-0.348236165,51.36121463]},"properties":{"id":"toiletmap/b965b1c5280659dcb950f2dc","source":"toiletmap-uk","name":"Claygate Station","fee":"no","charge":null,"access":null,"wheelchair":"no","opening_hours":null,"operator":null,"description":null,"password":null}},{"type":"Feature","geometry":{"type":"Point","coordinates":[-0.0198466,51.4327487]},"properties":{"id":"toiletmap/b979e644238760fb6967f142","source":"toiletmap-uk","name":"The Fellowship","fee":"no","charge":null,"access":null,"wheelchair":"yes","opening_hours":null,"operator":null,"description":null,"password":null}},{"type":"Feature","geometry":{"type":"Point","coordinates":[-0.24253875,51.449851623]},"properties":{"id":"toiletmap/b9ac3387213b2d26f0f2d5e9","source":"toiletmap-uk","name":"Roehampton Library","fee":"no","charge":null,"access":null,"wheelchair":"no","opening_hours":null,"operator":null,"description":"Part of council Community Toilet Scheme","password":null}},{"type":"Feature","geometry":{"type":"Point","coordinates":[-0.20177318,51.46156272]},"properties":{"id":"toiletmap/b9c766279eaabcdaad409b34","source":"toiletmap-uk","name":null,"fee":"no","charge":null,"access":null,"wheelchair":"no","opening_hours":null,"operator":null,"description":null,"password":null}},{"type":"Feature","geometry":{"type":"Point","coordinates":[-0.056020617,51.520199691]},"properties":{"id":"toiletmap/b9dfc66c3763b84cbada5c7a","source":"toiletmap-uk","name":"Cookies and Cream","fee":"no","charge":null,"access":null,"wheelchair":"no","opening_hours":"Mo-Th 12:00-00:00; Fr-Sa 12:00-01:00; Su 12:00-00:00","operator":null,"description":"A Tower Hamlets Community Toilet Scheme Venue. This toilet can be found on the ground floor.","password":null}},{"type":"Feature","geometry":{"type":"Point","coordinates":[0.019623041,51.47744059]},"properties":{"id":"toiletmap/b9e66d8764aceaf76d2b458f","source":"toiletmap-uk","name":"Bartley Park","fee":"yes","charge":"true","access":null,"wheelchair":"no","opening_hours":"Mo-Su 00:00-00:00","operator":null,"description":"Still there but closed last time I needed it - alternative facilities at Blackheath Library, Old Dover Road during opening times - I think this may have changed due to covid.\nit costs 50p - and who has change these days - unless you have a Radar key.\nThere is just the one toilet inside","password":null}},{"type":"Feature","geometry":{"type":"Point","coordinates":[0.2696598,51.4395211]},"properties":{"id":"toiletmap/ba0f87b4077371b32438e4ee","source":"toiletmap-uk","name":null,"fee":"no","charge":null,"access":null,"wheelchair":"no","opening_hours":null,"operator":null,"description":null,"password":null}},{"type":"Feature","geometry":{"type":"Point","coordinates":[-0.328538418,51.296188882]},"properties":{"id":"toiletmap/ba39b7886903248fb2f08f59","source":"toiletmap-uk","name":"Swan Centre","fee":"no","charge":null,"access":null,"wheelchair":"no","opening_hours":"Mo-Su 09:00-17:00","operator":null,"description":"Parking in shopping centre car park - 60p for 1 hour. Free 6pm Monday to Friday, all day Sunday and Bank Holidays.  Opening - Monday – Sunday: 7am - 12pm KT22 7JL","password":null}},{"type":"Feature","geometry":{"type":"Point","coordinates":[-0.095967471,51.513557161]},"properties":{"id":"toiletmap/ba4ab4b5355fb783f0294500","source":"toiletmap-uk","name":"Nando's","fee":"no","charge":null,"access":null,"wheelchair":"yes","opening_hours":"Mo-Su 09:00-17:00","operator":null,"description":"Inside Shopping Centre, Level 1 South.  \r\nMONDAY TO FRIDAY: 11.00 - 22.00;\r\n              SATURDAY: 11.00 - 20.00;\r\n              SUNDAY: 12.00 - 18.00; Part of City of London Community Toilet Scheme.","password":null}},{"type":"Feature","geometry":{"type":"Point","coordinates":[-0.033237934,51.666952521]},"properties":{"id":"toiletmap/ba4f0c833568b008b082bbac","source":"toiletmap-uk","name":"Albany Park, Hertford Road","fee":"no","charge":null,"access":null,"wheelchair":"yes","opening_hours":null,"operator":null,"description":null,"password":null}},{"type":"Feature","geometry":{"type":"Point","coordinates":[-0.298003077,51.485717144]},"properties":{"id":"toiletmap/ba8309b3f548d79122b23681","source":"toiletmap-uk","name":"Watermans Arts Centre / Guru Restaurant","fee":"no","charge":null,"access":null,"wheelchair":"no","opening_hours":null,"operator":null,"description":"Part of Hounslow Community Toilet Scheme","password":null}},{"type":"Feature","geometry":{"type":"Point","coordinates":[-0.233716965,51.485435098]},"properties":{"id":"toiletmap/baa2f7435ad0057310cf9a3f","source":"toiletmap-uk","name":"Sips & Bites","fee":"no","charge":null,"access":null,"wheelchair":"no","opening_hours":"Mo-Sa 08:00-17:00; Su 09:00-16:00","operator":null,"description":"Part of Richmond Council's Community Toilet Scheme.","password":null}},{"type":"Feature","geometry":{"type":"Point","coordinates":[-0.491176844,51.375639327]},"properties":{"id":"toiletmap/bab331c10efaa46a7bc2067e","source":"toiletmap-uk","name":"Victory Park, Addlestone","fee":"no","charge":null,"access":null,"wheelchair":"yes","opening_hours":null,"operator":null,"description":"https://www.runnymede.gov.uk/article/14225/Victory-Park\n\nThe park opens at 8am on weekdays and 9am on weekends and bank holidays. Closing times range from 4.30pm to 9pm depending on daylight hours.\n\nKT15 2ED","password":null}},{"type":"Feature","geometry":{"type":"Point","coordinates":[-0.096935034,51.493142266]},"properties":{"id":"toiletmap/bb02293f79d2ccbc7872863d","source":"toiletmap-uk","name":"Elephant Park ","fee":"no","charge":null,"access":null,"wheelchair":"yes","opening_hours":null,"operator":null,"description":null,"password":null}},{"type":"Feature","geometry":{"type":"Point","coordinates":[-0.020889044,51.588113004]},"properties":{"id":"toiletmap/bb10f34f091470165c0e3e74","source":"toiletmap-uk","name":"Le Delice Cafe","fee":"no","charge":null,"access":null,"wheelchair":"yes","opening_hours":"Mo-Su 08:00-22:00","operator":null,"description":"Part of Waltham Forest Community Toilet Scheme","password":null}},{"type":"Feature","geometry":{"type":"Point","coordinates":[-0.10396784,51.512429681]},"properties":{"id":"toiletmap/bb20d437da0529f59c248663","source":"toiletmap-uk","name":"El Vino","fee":"no","charge":null,"access":null,"wheelchair":"no","opening_hours":"Mo-Fr 09:00-17:00","operator":null,"description":"MONDAY 08.30 - 21.00; TUESDAY - FRIDAY 08.30 - 22.00. \r\n              SATURDAY: Closed\r\n              SUNDAY: Closed\r\n              BANK HOLIDAYS: Closed. Part of City of London Community Toilet Scheme.","password":null}},{"type":"Feature","geometry":{"type":"Point","coordinates":[-0.503194733,51.391244984]},"properties":{"id":"toiletmap/bb27f00bc97e0777e83d543d","source":"toiletmap-uk","name":"Sainsbury's Superstore - Chertsey","fee":"no","charge":null,"access":null,"wheelchair":"yes","opening_hours":"Mo-Su 09:00-17:00","operator":null,"description":"Open: Mon-Sat: 7.00am - 9.00pm Sun: 10am-4pm.  ATM, Filling Station. KT16 9AG","password":null}},{"type":"Feature","geometry":{"type":"Point","coordinates":[-0.1195403,51.4219664]},"properties":{"id":"toiletmap/bb41acd881656cf0bc3d3dcd","source":"toiletmap-uk","name":null,"fee":"no","charge":null,"access":null,"wheelchair":"no","opening_hours":null,"operator":null,"description":null,"password":null}},{"type":"Feature","geometry":{"type":"Point","coordinates":[-0.101847798,51.518470708]},"properties":{"id":"toiletmap/bb55430388db7bada04b36f6","source":"toiletmap-uk","name":"The Bishops Finger","fee":"no","charge":null,"access":null,"wheelchair":"yes","opening_hours":"Mo-Fr 09:00-17:00","operator":null,"description":"It’s closed,she said no toilet here.","password":null}},{"type":"Feature","geometry":{"type":"Point","coordinates":[-0.508257151,51.390383829]},"properties":{"id":"toiletmap/bb7183997e66dea76385ef24","source":"toiletmap-uk","name":"Gogmore Farm Park, Chertsey","fee":"no","charge":null,"access":null,"wheelchair":"yes","opening_hours":null,"operator":null,"description":"https://www.runnymede.gov.uk/article/14228/Gogmore-Farm-Park\n\nThere is a car park (charges apply) and public toilets are available from April to September. Disabled toilets are also available, which are accessed with a radar key.\n\nKT16 9FG","password":null}},{"type":"Feature","geometry":{"type":"Point","coordinates":[-0.279582739,51.481068352]},"properties":{"id":"toiletmap/bbe2c97baead5ed7665e1e6b","source":"toiletmap-uk","name":"The National Archives","fee":"no","charge":null,"access":null,"wheelchair":"yes","opening_hours":"Tu 09:00-19:00; We 09:00-17:00; Th 09:00-19:00; Fr-Sa 09:00-17:00","operator":null,"description":"Turn right upon entry - no ticket required.","password":null}},{"type":"Feature","geometry":{"type":"Point","coordinates":[0.104997754,51.403957876]},"properties":{"id":"toiletmap/bc1692a8d9e62ec7e85d1627","source":"toiletmap-uk","name":"Community Centre, St Paul's Cray","fee":"no","charge":null,"access":null,"wheelchair":"yes","opening_hours":"Mo-Su 09:00-17:00","operator":null,"description":"Mon - Sat 7.00 - 16.00. Dun 8.30 -  14.30. Part of Bromley Council Community Toilet Scheme.","password":null}},{"type":"Feature","geometry":{"type":"Point","coordinates":[-0.013669035,51.456787969]},"properties":{"id":"toiletmap/bc819234abdccf3009dd884b","source":"toiletmap-uk","name":"Lewisham Local","fee":"no","charge":null,"access":null,"wheelchair":"yes","opening_hours":null,"operator":null,"description":null,"password":null}},{"type":"Feature","geometry":{"type":"Point","coordinates":[-0.319215059,51.338363755]},"properties":{"id":"toiletmap/bc86693d6ec84938da1076b7","source":"toiletmap-uk","name":"BP Connect Filling Station - Chessington","fee":"yes","charge":null,"access":null,"wheelchair":"yes","opening_hours":"Mo-Su 00:00-00:00","operator":null,"description":"M&S Shop; Wild Bean Cafe (Hot and cold snacks); Table but no stools ! ATM;4.5m. Single Row. Large amount of parking. Checked Dec 2016. KT9 2NH","password":null}},{"type":"Feature","geometry":{"type":"Point","coordinates":[-0.206519365,51.528740659]},"properties":{"id":"toiletmap/bcab0e14a8314343d110146d","source":"toiletmap-uk","name":"Queen's Park Housing Service Centre","fee":"no","charge":null,"access":null,"wheelchair":null,"opening_hours":"Mo-Sa 09:00-17:00","operator":null,"description":"Queens Park Housing Service Centre- Central Area Service Centre- 82 Bryckner Street W10 4EY\n\nPublic toilets accessible from the reception areas. Offices are also used by Housing Solutions Service and have high usage of clients visiting.  ","password":null}},{"type":"Feature","geometry":{"type":"Point","coordinates":[-0.294477046,51.462340531]},"properties":{"id":"toiletmap/bcfc946ebc83b53b46955930","source":"toiletmap-uk","name":"Sheen Road Chiropractic","fee":"no","charge":null,"access":null,"wheelchair":"no","opening_hours":"Mo 15:00-19:00; Tu 08:00-12:00; We 08:00-19:00; Fr 08:00-12:00; Sa 10:00-13:00","operator":null,"description":"Part of Richmond Council's Community Toilet Scheme. Wednesday - closed between 12-3pm.","password":null}},{"type":"Feature","geometry":{"type":"Point","coordinates":[-0.190216899,51.699588726]},"properties":{"id":"toiletmap/bd1a4cf729701d698457c96a","source":"toiletmap-uk","name":"The Admiral Byng PH","fee":"no","charge":null,"access":null,"wheelchair":"yes","opening_hours":"Mo-Th 08:00-00:00; Fr 08:00-00:30; Sa 08:00-23:30; Su 08:00-23:00","operator":null,"description":"Participant in Hertsmere Borough Council's Community Toilet Scheme\n","password":null}},{"type":"Feature","geometry":{"type":"Point","coordinates":[0.10553956,51.462112475]},"properties":{"id":"toiletmap/bd28e96283ed125be2b11e3b","source":"toiletmap-uk","name":"Welling Library","fee":"no","charge":null,"access":null,"wheelchair":"no","opening_hours":null,"operator":null,"description":null,"password":null}},{"type":"Feature","geometry":{"type":"Point","coordinates":[-0.107167661,51.549147236]},"properties":{"id":"toiletmap/bd2b45fd32fda5cd1f1d52f4","source":"toiletmap-uk","name":"Islington Central Library","fee":"yes","charge":null,"access":null,"wheelchair":"yes","opening_hours":"Mo-Fr 09:00-17:00","operator":null,"description":"Toilets on Ground floor and also third floor","password":null}},{"type":"Feature","geometry":{"type":"Point","coordinates":[-0.262636542,51.49255786]},"properties":{"id":"toiletmap/bd3b2c2eaf12fcda7d034789","source":"toiletmap-uk","name":"Crown and Anchor","fee":"no","charge":null,"access":null,"wheelchair":"no","opening_hours":null,"operator":null,"description":"Part of Hounslow Community Toilet Scheme","password":null}},{"type":"Feature","geometry":{"type":"Point","coordinates":[-0.392632484,51.654886555]},"properties":{"id":"toiletmap/bd614f71eab03abf3743146e","source":"toiletmap-uk","name":"intu Watford","fee":"no","charge":null,"access":null,"wheelchair":"no","opening_hours":null,"operator":null,"description":"Our clean, spacious toilets (and disabled toilets) can be found on the Lower Mall near Zara and on the Upper Mall near Panacea Health & Beauty.quin Shopping Centre","password":null}},{"type":"Feature","geometry":{"type":"Point","coordinates":[-0.122091472,51.512485087]},"properties":{"id":"toiletmap/bd93b3c51195c65f03454213","source":"toiletmap-uk","name":"Royal Opera House","fee":"no","charge":null,"access":null,"wheelchair":"yes","opening_hours":"Mo-Su 12:00-15:30","operator":null,"description":"Access to public 12pm-3:30pm. For Disabled toilets after 3:30pm, speak to member of staff. I updated the hours but didn’t confirm the toilets are available. ","password":null}},{"type":"Feature","geometry":{"type":"Point","coordinates":[-0.367351055,51.467386048]},"properties":{"id":"toiletmap/bde8794e76b0791027dfbf24","source":"toiletmap-uk","name":"Il Bebo's","fee":"no","charge":null,"access":null,"wheelchair":"no","opening_hours":null,"operator":null,"description":"Part of Hounslow Community Toilet Scheme","password":null}},{"type":"Feature","geometry":{"type":"Point","coordinates":[-0.170068145,51.452723258]},"properties":{"id":"toiletmap/bdf36b82aae20e38cde86061","source":"toiletmap-uk","name":"Wandsworth common beyond tennis courts","fee":"yes","charge":null,"access":null,"wheelchair":"no","opening_hours":"Mo-Su 09:00-17:00","operator":null,"description":null,"password":null}},{"type":"Feature","geometry":{"type":"Point","coordinates":[-0.080763996,51.503454974]},"properties":{"id":"toiletmap/be3bddb255cf13f00866cc1d","source":"toiletmap-uk","name":"Southwark Council Public Toilets","fee":"no","charge":null,"access":null,"wheelchair":"yes","opening_hours":"Mo-Fr 09:00-17:00","operator":null,"description":null,"password":null}},{"type":"Feature","geometry":{"type":"Point","coordinates":[-0.007797182,51.501807045]},"properties":{"id":"toiletmap/be3cd070c8b08d90382292a2","source":"toiletmap-uk","name":"The Gun","fee":"no","charge":null,"access":null,"wheelchair":"yes","opening_hours":"Mo-Tu 11:30-23:00; We-Sa 11:30-00:00; Su 11:30-22:30","operator":null,"description":"A Tower Hamlets Community Toilet Scheme Venue. Toilets can be found on the ground floor.","password":null}},{"type":"Feature","geometry":{"type":"Point","coordinates":[0.181142855,51.55182595]},"properties":{"id":"toiletmap/be44f49154f7e6c3457c04ec","source":"toiletmap-uk","name":"Eastbrookend Country Park","fee":"yes","charge":"No Charge","access":null,"wheelchair":"yes","opening_hours":null,"operator":null,"description":"Summer (April - September): 09.00 - 17.00\r\nWinter (October - March): 09.00 - 16.00","password":null}},{"type":"Feature","geometry":{"type":"Point","coordinates":[-0.069214254,51.641526617]},"properties":{"id":"toiletmap/be4a7a587942fb260c931170","source":"toiletmap-uk","name":"Bush Hill Park Station","fee":"no","charge":null,"access":null,"wheelchair":"no","opening_hours":null,"operator":null,"description":null,"password":null}},{"type":"Feature","geometry":{"type":"Point","coordinates":[0.079972744,51.540002818]},"properties":{"id":"toiletmap/be5ba7553db8458d492b75ca","source":"toiletmap-uk","name":"Barking Station","fee":"no","charge":null,"access":null,"wheelchair":"no","opening_hours":null,"operator":null,"description":"Inside Ticket Gateline.","password":null}},{"type":"Feature","geometry":{"type":"Point","coordinates":[-0.125806332,51.537954162]},"properties":{"id":"toiletmap/be63027d876cb8f22404d2c4","source":"toiletmap-uk","name":"Lewis Cubitt Park","fee":"yes","charge":null,"access":null,"wheelchair":"no","opening_hours":null,"operator":null,"description":null,"password":null}},{"type":"Feature","geometry":{"type":"Point","coordinates":[-0.425362944,51.450365692]},"properties":{"id":"toiletmap/be68610a58927fa317a80603","source":"toiletmap-uk","name":"Southville Community Centre","fee":"no","charge":null,"access":null,"wheelchair":"no","opening_hours":null,"operator":null,"description":"Part of Hounslow Community Toilet Scheme","password":null}},{"type":"Feature","geometry":{"type":"Point","coordinates":[-0.148736154,51.458377319]},"properties":{"id":"toiletmap/be77199fbac69ff0edf8b1cc","source":"toiletmap-uk","name":"Pear Tree Cafe","fee":"no","charge":null,"access":null,"wheelchair":"yes","opening_hours":"Mo-Su 09:00-17:00","operator":null,"description":"The toilets are in the right hand corner of the cafe. It closes at 4.30 each day and is usually closed for 10 days every Christmas.","password":null}},{"type":"Feature","geometry":{"type":"Point","coordinates":[-0.370423794,51.510625496]},"properties":{"id":"toiletmap/be79923ca7badbf68f1e69e3","source":"toiletmap-uk","name":"Southall Park","fee":"yes","charge":"20p","access":null,"wheelchair":"yes","opening_hours":null,"operator":null,"description":"Free Male Urinal","password":null}},{"type":"Feature","geometry":{"type":"Point","coordinates":[-0.099075437,51.374872903]},"properties":{"id":"toiletmap/be8db4740f19e1ddf262ff53","source":"toiletmap-uk","name":"Whitgift Centre, by Dingwall Car Park","fee":"no","charge":null,"access":null,"wheelchair":"no","opening_hours":null,"operator":null,"description":"Not kept especially clean, sometimes \"out of order\"","password":null}},{"type":"Feature","geometry":{"type":"Point","coordinates":[-0.055277646,51.390573419]},"properties":{"id":"toiletmap/be9f07d9dd366510f9e66d00","source":"toiletmap-uk","name":"The Golf Venue","fee":"no","charge":null,"access":null,"wheelchair":null,"opening_hours":null,"operator":null,"description":null,"password":null}},{"type":"Feature","geometry":{"type":"Point","coordinates":[-0.070560803,51.5254964]},"properties":{"id":"toiletmap/beae6f7fe41f39e1d6708516","source":"toiletmap-uk","name":"Holy Shot Coffee","fee":"no","charge":null,"access":null,"wheelchair":"no","opening_hours":"Mo-Fr 07:00-17:00; Sa-Su 07:30-17:30","operator":null,"description":"A Tower Hamlets Community Toilet Scheme. The toilets are located down a steep staircase.","password":null}},{"type":"Feature","geometry":{"type":"Point","coordinates":[-0.133096576,51.545407621]},"properties":{"id":"toiletmap/bee0e72d1e39436e92238fc0","source":"toiletmap-uk","name":"Tesco Express Camden","fee":"no","charge":null,"access":null,"wheelchair":"no","opening_hours":"Mo-Su 00:00-00:00","operator":null,"description":"Part of Mayor of London 'Open London' Community Toilet Scheme. I could not see a toilet in store!","password":null}},{"type":"Feature","geometry":{"type":"Point","coordinates":[-0.32874763,51.470817303]},"properties":{"id":"toiletmap/beeca83ad013d0b88a637a31","source":"toiletmap-uk","name":"The Cafe","fee":"no","charge":null,"access":null,"wheelchair":"no","opening_hours":null,"operator":null,"description":"Part of Hounslow Community Toilet Scheme","password":null}},{"type":"Feature","geometry":{"type":"Point","coordinates":[-0.23530215,51.471824189]},"properties":{"id":"toiletmap/befef70108583d862bb2e98d","source":"toiletmap-uk","name":"Rocks Lane Multi Sports Centre ","fee":"no","charge":null,"access":null,"wheelchair":"yes","opening_hours":"Mo-Fr 08:00-22:00; Sa-Su 08:00-20:00","operator":null,"description":"Part of Richmond Council's Community Toilet Scheme.","password":null}},{"type":"Feature","geometry":{"type":"Point","coordinates":[-0.02880156,51.512224571]},"properties":{"id":"toiletmap/bf5c5f5ecb2fe11d98eb3bca","source":"toiletmap-uk","name":"Star of the East","fee":null,"charge":null,"access":null,"wheelchair":"yes","opening_hours":"Mo 12:00-22:00; Tu-Fr 12:00-23:30; Sa 10:30-23:30; Su 12:00-22:00","operator":null,"description":"A Tower Hamlets Community Toilet Scheme Venue. The disabled toilet is located on the ground floor, whilst there is a mix of ladies & mens toilets split across the ground floor, first floor & second floor. All toilets are self-contained, individual cubicles with sinks. The disabled toilet is a unisex toilet.","password":null}},{"type":"Feature","geometry":{"type":"Point","coordinates":[-0.040168762,51.587576393]},"properties":{"id":"toiletmap/bf5f3f2fe900c0e59da87cef","source":"toiletmap-uk","name":"Yasar's","fee":"yes","charge":null,"access":null,"wheelchair":"yes","opening_hours":null,"operator":null,"description":"Mon-Thurs: 12pm-2am; Fri: Noon-4am; Sat: 2pm-4am; Sun: 3pm-2am. Part of Waltham Forest Community Toilet Scheme.","password":null}},{"type":"Feature","geometry":{"type":"Point","coordinates":[-0.0127045,51.4620137]},"properties":{"id":"toiletmap/bf93d91412342da281188c87","source":"toiletmap-uk","name":"Lewisham Shopping Centre","fee":"no","charge":null,"access":null,"wheelchair":"no","opening_hours":"Mo-Sa 09:00-19:00","operator":null,"description":"Part of Lewisham Community Toilet Scheme","password":null}},{"type":"Feature","geometry":{"type":"Point","coordinates":[-0.128375888,51.435353632]},"properties":{"id":"toiletmap/bf97ff368f84bf53ebf7f271","source":"toiletmap-uk","name":"Taylors Pub","fee":"no","charge":null,"access":null,"wheelchair":"no","opening_hours":"Mo-Su 09:00-17:00","operator":null,"description":"Mon - Thu: 10:00 - 23:00 Fri & Sat 10:00 - 00:00 Sun: 10:00 - 22:30. Part of Lambeth Community Toilet Scheme.","password":null}},{"type":"Feature","geometry":{"type":"Point","coordinates":[-0.171704292,51.464976654]},"properties":{"id":"toiletmap/bfde17312d3d2ef3e6308635","source":"toiletmap-uk","name":"Clapham Junction walk in centre","fee":"no","charge":null,"access":null,"wheelchair":"no","opening_hours":"Mo-Su 09:00-17:00","operator":null,"description":"Everyone is able to access NHS for free, as this is provided by NHS so are the toilets.","password":null}},{"type":"Feature","geometry":{"type":"Point","coordinates":[-0.453819036,51.434553803]},"properties":{"id":"toiletmap/bfde37d04dc703738c782bf4","source":"toiletmap-uk","name":"Ashford Recreation Ground, Clockhouse Lane, Ashford, Middlesex","fee":"no","charge":null,"access":null,"wheelchair":"yes","opening_hours":"Mo-Su 08:00-18:00","operator":null,"description":"near park pavillion ","password":null}},{"type":"Feature","geometry":{"type":"Point","coordinates":[-0.192022026,51.548116454]},"properties":{"id":"toiletmap/bfe6f409710fb8f1bb4973f9","source":"toiletmap-uk","name":"West Hampstead station","fee":"no","charge":null,"access":null,"wheelchair":"no","opening_hours":null,"operator":null,"description":null,"password":null}},{"type":"Feature","geometry":{"type":"Point","coordinates":[-0.268577635,51.469368152]},"properties":{"id":"toiletmap/bfec08cf2d0833609fb3eb02","source":"toiletmap-uk","name":"The Tapestry","fee":"no","charge":null,"access":null,"wheelchair":"yes","opening_hours":"Tu 12:00-22:00; We 12:00-23:00; Th-Sa 11:00-23:00; Su 11:00-21:00","operator":null,"description":"Part of Richmond Community Toilet Scheme","password":null}},{"type":"Feature","geometry":{"type":"Point","coordinates":[0.105112007,51.425805048]},"properties":{"id":"toiletmap/bff387881a4292046f47b871","source":"toiletmap-uk","name":"Sidcup Library","fee":"no","charge":null,"access":null,"wheelchair":"yes","opening_hours":"Mo 09:30-17:30; We 09:30-19:00; Fr 09:30-17:30; Sa 09:30-17:00","operator":null,"description":"The disabled toilet is also unisex/gender neutral.","password":null}},{"type":"Feature","geometry":{"type":"Point","coordinates":[-0.131787658,51.519378596]},"properties":{"id":"toiletmap/c013b62c66847f89063abed5","source":"toiletmap-uk","name":"The Building Centre","fee":"no","charge":null,"access":null,"wheelchair":"no","opening_hours":"Mo-Fr 09:00-17:00","operator":null,"description":"Down stair to basement from front cafe.\r\nSome evening events open until about 2000pm. Opening times are 09:00-18:00 mon to fri, 10:00-1400 sat, closed sun.","password":null}},{"type":"Feature","geometry":{"type":"Point","coordinates":[-0.051358938,51.506979545]},"properties":{"id":"toiletmap/c035e0801b6f514f1ba5cdb5","source":"toiletmap-uk","name":"Prospect of Whitby","fee":"no","charge":null,"access":null,"wheelchair":"yes","opening_hours":"Mo-Sa 11:00-23:00; Su 12:00-22:00","operator":null,"description":"A Tower Hamlets Community Toilet Scheme Venue. These toilets can be found on the ground floor.","password":null}},{"type":"Feature","geometry":{"type":"Point","coordinates":[0.154978037,51.491484334]},"properties":{"id":"toiletmap/c03620d1d590e1715f368217","source":"toiletmap-uk","name":"ASDA","fee":"no","charge":null,"access":null,"wheelchair":null,"opening_hours":null,"operator":null,"description":null,"password":null}},{"type":"Feature","geometry":{"type":"Point","coordinates":[0.190656781,51.520173035]},"properties":{"id":"toiletmap/c055e33b3b6559c8bcbbdc81","source":"toiletmap-uk","name":"Tesco Extra Rainham","fee":"yes","charge":null,"access":null,"wheelchair":"yes","opening_hours":"Mo-Su 00:00-00:00","operator":null,"description":"Closes SAT Midnight. SUN 1000-1600. Opens MON 0600. Part of Mayor of London's 'Open London' Community Toilet Scheme","password":null}},{"type":"Feature","geometry":{"type":"Point","coordinates":[-0.086831152,51.478399471]},"properties":{"id":"toiletmap/c0592b6ecdd93f227830f7f9","source":"toiletmap-uk","name":"Harris Street NHO","fee":"no","charge":null,"access":null,"wheelchair":"no","opening_hours":"Mo-Fr 09:00-17:00","operator":null,"description":"Monday to Friday, 9am to 5pm","password":null}},{"type":"Feature","geometry":{"type":"Point","coordinates":[-0.142548848,51.509859104]},"properties":{"id":"toiletmap/c07134646a660c51629e10af","source":"toiletmap-uk","name":"The Royal Institution","fee":"no","charge":null,"access":null,"wheelchair":"yes","opening_hours":"Mo-Fr 09:00-17:00","operator":null,"description":"Opening hours may vary if private events are taking place.  Check Google Maps first. Also, an interesting free science museum","password":null}},{"type":"Feature","geometry":{"type":"Point","coordinates":[-0.449999571,51.553713754]},"properties":{"id":"toiletmap/c07f4ff194622a0e41e95f6d","source":"toiletmap-uk","name":"Hillingdon Underground Station","fee":"no","charge":null,"access":null,"wheelchair":"yes","opening_hours":null,"operator":null,"description":"Inside the ticket gateline. Ask TfL staff for access. ","password":null}},{"type":"Feature","geometry":{"type":"Point","coordinates":[-0.119867921,51.364730577]},"properties":{"id":"toiletmap/c0b0a0d4c65da99fa7b09cd9","source":"toiletmap-uk","name":"Morrison's Store","fee":"no","charge":null,"access":null,"wheelchair":"no","opening_hours":"Mo-Su 09:00-17:00","operator":null,"description":"Opening times\r\nMon-Sat    0700-2300\r\nSunday     1000-1600\r\nNo Cafe","password":null}},{"type":"Feature","geometry":{"type":"Point","coordinates":[-0.299353302,51.465484978]},"properties":{"id":"toiletmap/c0c6b48ce205d2e16cc7d8a1","source":"toiletmap-uk","name":"The Hope ","fee":"no","charge":null,"access":null,"wheelchair":"no","opening_hours":"Tu 16:00-23:00; We-Th 12:00-23:00; Fr-Sa 12:00-00:00; Su 12:00-23:00","operator":null,"description":"Part of the Community Toilet Scheme. Two single cubicles labelled M/F are used as gender-neutral options.","password":null}},{"type":"Feature","geometry":{"type":"Point","coordinates":[-0.069412872,51.529438203]},"properties":{"id":"toiletmap/c0eeeeaffa1b7a1415c892ca","source":"toiletmap-uk","name":"Corner Deli","fee":"no","charge":null,"access":null,"wheelchair":"no","opening_hours":"Mo-We 11:00-17:00; Th-Sa 11:00-19:00; Su 11:00-17:00","operator":null,"description":"A Tower Hamlets Community Toilet Scheme Venue. This is a very small unisex toilet located on the ground floor.","password":null}},{"type":"Feature","geometry":{"type":"Point","coordinates":[-0.414495171,51.65829937]},"properties":{"id":"toiletmap/c1098dc1de058c99368fc716","source":"toiletmap-uk","name":"Cafe in the Park","fee":"no","charge":null,"access":null,"wheelchair":"yes","opening_hours":"Mo-Su 09:00-16:30","operator":null,"description":"In the summer the toilets are open to 5pm","password":null}},{"type":"Feature","geometry":{"type":"Point","coordinates":[-0.088625831,51.515705826]},"properties":{"id":"toiletmap/c1184f0744561a57cb079c48","source":"toiletmap-uk","name":"The Telegraph","fee":"no","charge":null,"access":null,"wheelchair":"yes","opening_hours":"Mo-Fr 09:00-17:00","operator":null,"description":"MONDAY TO FRIDAY: 11.00 - 23.00\r\n              \r\n              BANK HOLIDAYS: Closed. Part of City of London Community Toilet Scheme.","password":null}},{"type":"Feature","geometry":{"type":"Point","coordinates":[-0.259895438,51.553927579]},"properties":{"id":"toiletmap/c1194d612f429ee38b8b73f8","source":"toiletmap-uk","name":"Ikea","fee":"no","charge":null,"access":null,"wheelchair":"yes","opening_hours":null,"operator":null,"description":null,"password":null}},{"type":"Feature","geometry":{"type":"Point","coordinates":[-0.139405131,51.56611342]},"properties":{"id":"toiletmap/c12b2b8deafdde6202f54ce0","source":"toiletmap-uk","name":"Whittington Hospital,","fee":"yes","charge":null,"access":null,"wheelchair":"yes","opening_hours":"Mo-Su 09:00-17:00","operator":null,"description":"Ground floor near lifts. Disabled access. Other toilets on most floors","password":null}},{"type":"Feature","geometry":{"type":"Point","coordinates":[-0.332666337,51.423953527]},"properties":{"id":"toiletmap/c149485de123b0b7e77e5fc1","source":"toiletmap-uk","name":"The Railway ","fee":"no","charge":null,"access":null,"wheelchair":"yes","opening_hours":"Mo-We 12:00-22:00; Th-Sa 10:00-23:00; Su 11:30-22:00","operator":null,"description":"Part of Richmond Council's Community Toilet Scheme ","password":null}},{"type":"Feature","geometry":{"type":"Point","coordinates":[-0.375428796,51.485874371]},"properties":{"id":"toiletmap/c152bd44155ef350414a9bca","source":"toiletmap-uk","name":"Heston Library","fee":"no","charge":null,"access":null,"wheelchair":"yes","opening_hours":null,"operator":null,"description":"Info provided by Hounslow Borough Council","password":null}},{"type":"Feature","geometry":{"type":"Point","coordinates":[-0.018367767,51.503126231]},"properties":{"id":"toiletmap/c15595cddb25a6b6f6db1661","source":"toiletmap-uk","name":"Jubilee Place - Mall, Level -2 (by Weather and Palette & Rituals)","fee":"no","charge":null,"access":null,"wheelchair":"yes","opening_hours":"Mo-Fr 10:00-20:00; Sa 10:00-19:00; Su 12:00-18:00","operator":null,"description":"A Tower Hamlets Community Toilet Scheme Venue. These toilets can be located on Level -2 and are situated near Weather and Palette & Rituals. The disabled toilet is a unisex toilet.","password":null}},{"type":"Feature","geometry":{"type":"Point","coordinates":[-0.029045641,51.533062433]},"properties":{"id":"toiletmap/c16bd6df3355c9a9ccb16156","source":"toiletmap-uk","name":"Artisan Bakery","fee":"no","charge":null,"access":null,"wheelchair":"no","opening_hours":"Mo-Su 08:00-20:00","operator":null,"description":"A Tower Hamlets Community Toilet Scheme Venue. The toilet is located on the ground floor.","password":null}},{"type":"Feature","geometry":{"type":"Point","coordinates":[-0.411693335,51.446636651]},"properties":{"id":"toiletmap/c173ebf25bc123957a95761b","source":"toiletmap-uk","name":"Asda","fee":"no","charge":null,"access":null,"wheelchair":"no","opening_hours":null,"operator":null,"description":"Part of Hounslow Community Toilet Scheme","password":null}},{"type":"Feature","geometry":{"type":"Point","coordinates":[-0.0842969,51.6518944]},"properties":{"id":"toiletmap/c1a43043e66989fddb5164df","source":"toiletmap-uk","name":"Enfield Palace Gardens Shopping Centre","fee":"no","charge":null,"access":null,"wheelchair":"yes","opening_hours":"Mo-Su 09:00-17:00","operator":null,"description":"At end of corridor alongside Waitrose supermarket, next to lifts and stairs from multistorey Parking","password":null}},{"type":"Feature","geometry":{"type":"Point","coordinates":[-0.240561962,51.47519379]},"properties":{"id":"toiletmap/c1a8a94697a33689e68f7d46","source":"toiletmap-uk","name":"Olympic Studios","fee":"no","charge":null,"access":null,"wheelchair":"yes","opening_hours":"Mo-Sa 09:00-22:00; Su 09:00-21:00","operator":null,"description":"Part of Richmond Council's Community Toilet Scheme. Closure times vary with film screening times.","password":null}},{"type":"Feature","geometry":{"type":"Point","coordinates":[-0.07883817,51.504714033]},"properties":{"id":"toiletmap/c1d0694b408679415a2abd35","source":"toiletmap-uk","name":"City Hall","fee":"yes","charge":null,"access":null,"wheelchair":"yes","opening_hours":null,"operator":null,"description":"In Basement. Anyone can access building, but via airport-style security.","password":null}},{"type":"Feature","geometry":{"type":"Point","coordinates":[-0.046549737,51.453502145]},"properties":{"id":"toiletmap/c1ed67ea7b57a844d1ec5f7e","source":"toiletmap-uk","name":"Camberwell New Cemetery","fee":"no","charge":null,"access":null,"wheelchair":"yes","opening_hours":null,"operator":null,"description":"Monday to Saturday 8.30am to 4.30pm, Sunday 10am to 4:30pm","password":null}},{"type":"Feature","geometry":{"type":"Point","coordinates":[-0.090293884,51.581749921]},"properties":{"id":"toiletmap/c229698f7aaa4dae3d68f37d","source":"toiletmap-uk","name":"St. Ann's Road","fee":"no","charge":null,"access":null,"wheelchair":"yes","opening_hours":"Mo-Su 09:00-17:00","operator":null,"description":"9am - 5pm","password":null}},{"type":"Feature","geometry":{"type":"Point","coordinates":[-0.1884939,51.5159434]},"properties":{"id":"toiletmap/c22dca3b4ef4b4b480f75495","source":"toiletmap-uk","name":"Queensway","fee":"no","charge":null,"access":null,"wheelchair":"no","opening_hours":"Mo-Su 07:30-20:30","operator":null,"description":"managed by Westminster City Council","password":null}},{"type":"Feature","geometry":{"type":"Point","coordinates":[-0.25655462,51.43625806]},"properties":{"id":"toiletmap/c243fd11937df90b60cab22b","source":"toiletmap-uk","name":"Robin Hood Gate","fee":"yes","charge":"20p (by credit or debit card)","access":null,"wheelchair":"yes","opening_hours":"Mo-Su 09:00-18:00","operator":null,"description":"Open:\r\n07.00 - 19.00 January, February, March, October, November & December.\r\n07.00 - 21.00 April, May, June, July, August & September.","password":null}},{"type":"Feature","geometry":{"type":"Point","coordinates":[-0.035150349,51.524626304]},"properties":{"id":"toiletmap/c26856a6f05eb59bab5549cf","source":"toiletmap-uk","name":"Roosters Piri Piri","fee":"no","charge":null,"access":null,"wheelchair":"no","opening_hours":"Mo-Su 11:00-00:00","operator":null,"description":"A Tower Hamlets Community Toilet Scheme Venue. The toilet can be found on the ground floor.","password":null}},{"type":"Feature","geometry":{"type":"Point","coordinates":[-0.121986866,51.536349351]},"properties":{"id":"toiletmap/c26c022645aba9c4a356480f","source":"toiletmap-uk","name":"Star of Kings (pub)","fee":"yes","charge":"You may need to buy a pint","access":null,"wheelchair":"no","opening_hours":null,"operator":null,"description":"This is a pub, you can probably walk in, but maybe ask beforehand","password":null}},{"type":"Feature","geometry":{"type":"Point","coordinates":[-0.406524181,51.478066988]},"properties":{"id":"toiletmap/c272cdd7b43364cbc44f5eb8","source":"toiletmap-uk","name":"Cranford Library","fee":"no","charge":null,"access":null,"wheelchair":"no","opening_hours":null,"operator":null,"description":"Part of Hounslow Community Toilet Scheme","password":null}},{"type":"Feature","geometry":{"type":"Point","coordinates":[-0.29394865,51.423692246]},"properties":{"id":"toiletmap/c28792eb036a3111c09adaaf","source":"toiletmap-uk","name":"Latchmere Recreation Ground","fee":"no","charge":null,"access":null,"wheelchair":"yes","opening_hours":"Mo-Su 08:00-19:00","operator":null,"description":"Open dawn to dusk","password":null}},{"type":"Feature","geometry":{"type":"Point","coordinates":[-0.20615168,51.409111]},"properties":{"id":"toiletmap/c28ae5f07ca995d78b567d25","source":"toiletmap-uk","name":null,"fee":"no","charge":null,"access":null,"wheelchair":"no","opening_hours":null,"operator":null,"description":null,"password":null}},{"type":"Feature","geometry":{"type":"Point","coordinates":[-0.330040455,51.466833094]},"properties":{"id":"toiletmap/c28ffe3aeb8c9ff2096ac527","source":"toiletmap-uk","name":"Isleworth Library & Community Room","fee":"no","charge":null,"access":null,"wheelchair":"no","opening_hours":null,"operator":null,"description":"Info provided by Hounslow Borough Council","password":null}},{"type":"Feature","geometry":{"type":"Point","coordinates":[-0.125704408,51.528894605]},"properties":{"id":"toiletmap/c2952e3e1317c9b341a3ba53","source":"toiletmap-uk","name":"Camden Town Hall","fee":"no","charge":null,"access":null,"wheelchair":"yes","opening_hours":"Mo-Sa 08:30-20:00","operator":null,"description":"Main door on Judd Street. \nAccessible toilets on all floors and a 'Changing Places toilet' on the  ground floor. ","password":null}},{"type":"Feature","geometry":{"type":"Point","coordinates":[-0.293019533,51.487775556]},"properties":{"id":"toiletmap/c2ad45c9b0aea672f64ebd57","source":"toiletmap-uk","name":"The Musical Museum","fee":"no","charge":null,"access":null,"wheelchair":"no","opening_hours":null,"operator":null,"description":"Part of Hounslow Community Toilet Scheme","password":null}},{"type":"Feature","geometry":{"type":"Point","coordinates":[-0.328369439,51.446030298]},"properties":{"id":"toiletmap/c2bc047a3a4eab628b2465ac","source":"toiletmap-uk","name":"Kentucky Fried Chicken","fee":"no","charge":null,"access":null,"wheelchair":"yes","opening_hours":null,"operator":null,"description":null,"password":null}},{"type":"Feature","geometry":{"type":"Point","coordinates":[0.220649242,51.560804456]},"properties":{"id":"toiletmap/c2c16099149e18982ad62c9c","source":"toiletmap-uk","name":"Appleton Way","fee":"no","charge":null,"access":null,"wheelchair":"no","opening_hours":null,"operator":null,"description":"This toilet is no longer here in 2023","password":null}},{"type":"Feature","geometry":{"type":"Point","coordinates":[0.046867847,51.626058896]},"properties":{"id":"toiletmap/c2e0d9388af556a8492cfec7","source":"toiletmap-uk","name":"Buckhurst Hill Station","fee":"no","charge":null,"access":null,"wheelchair":"no","opening_hours":null,"operator":null,"description":"Located inside the station, after passing through the barriers.\nOn Plat 2","password":null}},{"type":"Feature","geometry":{"type":"Point","coordinates":[-0.080329478,51.430514331]},"properties":{"id":"toiletmap/c30bbc2ec51263f3b420ff74","source":"toiletmap-uk","name":"Kingswood Library","fee":"no","charge":null,"access":null,"wheelchair":"yes","opening_hours":"Mo 10:00-14:00; Tu 14:00-18:00; Th 10:00-14:00; Fr 14:00-18:00; Sa 13:00-17:00","operator":null,"description":"Monday, Thursday 10am to 2pm; Tuesday, Friday 2pm to 6pm;\nSaturday 1pm to 5pm\n","password":null}},{"type":"Feature","geometry":{"type":"Point","coordinates":[-0.069922507,51.484666777]},"properties":{"id":"toiletmap/c32a0abc02cb9a913b7295f4","source":"toiletmap-uk","name":"Asda, Old Kent Roat","fee":"no","charge":null,"access":null,"wheelchair":"no","opening_hours":null,"operator":null,"description":"Monday to Saturday 8am to 10pm; Sunday 11am to 5pm","password":null}},{"type":"Feature","geometry":{"type":"Point","coordinates":[0.070808785,51.568513939]},"properties":{"id":"toiletmap/c34da9d163ea43b1c312226d","source":"toiletmap-uk","name":"Main park toilets","fee":"yes","charge":null,"access":null,"wheelchair":"no","opening_hours":"Mo-Su 09:00-18:00","operator":null,"description":"There are accessible facilities, I don't know whether they are unused or not.","password":null}},{"type":"Feature","geometry":{"type":"Point","coordinates":[-0.117008686,51.557481035]},"properties":{"id":"toiletmap/c3865c87bf9ee6ee2753b4d7","source":"toiletmap-uk","name":"Morrison's supermarket, Nag's Head","fee":"no","charge":null,"access":null,"wheelchair":"no","opening_hours":null,"operator":null,"description":"Quite often out of order and locked :-( Key required for Accessible one","password":null}},{"type":"Feature","geometry":{"type":"Point","coordinates":[-0.19837,51.508856]},"properties":{"id":"toiletmap/c38fdeaba07414917f19c0e6","source":"toiletmap-uk","name":"Notting Hill Gate","fee":"yes","charge":"£0.30 (coins only, 5p, 10p, 20p or 50p - no change given)","access":null,"wheelchair":"yes","opening_hours":"Mo-Su 00:00-00:00","operator":null,"description":"In operation but with technical issues (automatic cleaning cycle switching on with person inside, water from toilet spits out on person as a result; as of 28 Apr. 2023).\nMax. time allowed inside: 20 min.","password":null}},{"type":"Feature","geometry":{"type":"Point","coordinates":[0.034031391,51.606517732]},"properties":{"id":"toiletmap/c3961553388d2f6b08bc4602","source":"toiletmap-uk","name":"Woodford Station","fee":"no","charge":null,"access":null,"wheelchair":"no","opening_hours":null,"operator":null,"description":"Located inside the station, after passing through the barriers.\n\nWomens - Located on Plat 2\nMens - Located on Plat 2 and Plat 3","password":null}},{"type":"Feature","geometry":{"type":"Point","coordinates":[-0.423836231,51.610911582]},"properties":{"id":"toiletmap/c3dfbecdbf8de82564b629cc","source":"toiletmap-uk","name":"Northwood Tube Station","fee":"no","charge":null,"access":null,"wheelchair":"no","opening_hours":null,"operator":null,"description":"Toilets are inside ticket gateline! Ask TfL staff for access. \n\nWomen's toilet has been unavailable for some time due to flooding. ","password":null}},{"type":"Feature","geometry":{"type":"Point","coordinates":[-0.122488439,51.511964275]},"properties":{"id":"toiletmap/c3faef0e0a5c4b2e6d635b74","source":"toiletmap-uk","name":"2theloo Covent Garden","fee":"yes","charge":"£1.50","access":null,"wheelchair":"no","opening_hours":"Mo-Su 09:00-17:00","operator":null,"description":"Accepting cash (coins) only when visited on 01/02/2025. Unhelpful staff making no exceptions and turning people away. Not totally clean. Very cramped, claustrophobic cubicles. Avoid.","password":null}},{"type":"Feature","geometry":{"type":"Point","coordinates":[-0.017737336,51.419599898]},"properties":{"id":"toiletmap/c40f96e7e93f6e0e78f22e4e","source":"toiletmap-uk","name":"Park toilets","fee":"no","charge":null,"access":null,"wheelchair":null,"opening_hours":null,"operator":null,"description":null,"password":null}},{"type":"Feature","geometry":{"type":"Point","coordinates":[0.034611225,51.312191333]},"properties":{"id":"toiletmap/c412e81c3bac2270a6d94221","source":"toiletmap-uk","name":"Biggin Hill Memorial Library & Pool","fee":"no","charge":null,"access":null,"wheelchair":"no","opening_hours":"Mo-Su 09:00-17:00","operator":null,"description":"Mon - Thurs: 7.30 - 21.30; Fri: 7.30 - 20.30; Sat, Sun: 8.00 - 19.30. Part of Bromley Council Community Toilet Scheme.","password":null}},{"type":"Feature","geometry":{"type":"Point","coordinates":[-0.505671501,51.337163989]},"properties":{"id":"toiletmap/c4239f5cdd23d94ba70b8d6c","source":"toiletmap-uk","name":"Waitrose - West Byfleet","fee":"yes","charge":"0","access":null,"wheelchair":"yes","opening_hours":"Mo-Su 09:00-17:00","operator":null,"description":"Open: Mon-Sat: 7.30am-9pm (except Sat to 8pm). Sun: 10am-4pm.  KT14 6NE","password":null}},{"type":"Feature","geometry":{"type":"Point","coordinates":[0.053933859,51.528717386]},"properties":{"id":"toiletmap/c42f618e3473a33122df8931","source":"toiletmap-uk","name":"Central Park Toilets","fee":"no","charge":null,"access":null,"wheelchair":"no","opening_hours":null,"operator":null,"description":"Exact location known","password":null}},{"type":"Feature","geometry":{"type":"Point","coordinates":[0.067998,51.556467]},"properties":{"id":"toiletmap/c45db2a4a433f215b8cb98e0","source":"toiletmap-uk","name":"Chapel Road/Roden Street","fee":"no","charge":null,"access":null,"wheelchair":"no","opening_hours":null,"operator":null,"description":null,"password":null}},{"type":"Feature","geometry":{"type":"Point","coordinates":[-0.134426951,51.509981132]},"properties":{"id":"toiletmap/c49bebbca720d77c5ea1a1bc","source":"toiletmap-uk","name":"Piccadilly Circus - inside Underground station ","fee":"yes","charge":"£1","access":null,"wheelchair":"yes","opening_hours":"Mo-Sa 07:30-23:00; Su 10:00-20:00","operator":null,"description":"Toilets open 05/03/2026","password":null}},{"type":"Feature","geometry":{"type":"Point","coordinates":[0.320663452,51.477338687]},"properties":{"id":"toiletmap/c4a1db29e5da5f1f56d1c82d","source":"toiletmap-uk","name":"Morrisons Supermarket","fee":"no","charge":null,"access":null,"wheelchair":"no","opening_hours":"Mo-Su 09:00-17:00","operator":null,"description":"Foul only use if desperate","password":null}},{"type":"Feature","geometry":{"type":"Point","coordinates":[-0.177516639,51.516395806]},"properties":{"id":"toiletmap/c4b282cfe15a6ae41daf1d86","source":"toiletmap-uk","name":"Paddington Station — Platform 1","fee":"no","charge":null,"access":null,"wheelchair":"no","opening_hours":"Mo-Su 07:00-19:00","operator":null,"description":"If these toilets are closed, you can also use the 24-hour toilets by Platform 12.\n\nSource: https://www.networkrail.co.uk/communities/passengers/our-stations/london-paddington/","password":null}},{"type":"Feature","geometry":{"type":"Point","coordinates":[0.110995173,51.567032089]},"properties":{"id":"toiletmap/c4be4aae023b41aa7e4c9c36","source":"toiletmap-uk","name":"Barley Lane","fee":"no","charge":null,"access":null,"wheelchair":"no","opening_hours":null,"operator":null,"description":null,"password":null}},{"type":"Feature","geometry":{"type":"Point","coordinates":[0.0037361,51.65011954]},"properties":{"id":"toiletmap/c4c1905ef5fcb27d44b7f759","source":"toiletmap-uk","name":null,"fee":"no","charge":null,"access":null,"wheelchair":"no","opening_hours":null,"operator":null,"description":null,"password":null}},{"type":"Feature","geometry":{"type":"Point","coordinates":[0.31136984,51.3099084]},"properties":{"id":"toiletmap/c503686d1c9578acf7ad8916","source":"toiletmap-uk","name":null,"fee":"no","charge":null,"access":null,"wheelchair":"no","opening_hours":null,"operator":null,"description":null,"password":null}},{"type":"Feature","geometry":{"type":"Point","coordinates":[-0.097503662,51.358634389]},"properties":{"id":"toiletmap/c52296e8e20615d45cdcc7c9","source":"toiletmap-uk","name":"Esso Filling Station - South Croydon","fee":"yes","charge":null,"access":null,"wheelchair":"no","opening_hours":"Mo-Su 00:00-00:00","operator":null,"description":"Shop; Snacks; Coffee; ATM. CR2 6EE","password":null}},{"type":"Feature","geometry":{"type":"Point","coordinates":[-0.108117467,51.511928906]},"properties":{"id":"toiletmap/c536a5ac6a810677a33e4206","source":"toiletmap-uk","name":"Tempio Bar & Restaurant","fee":"no","charge":null,"access":null,"wheelchair":"no","opening_hours":null,"operator":null,"description":"MONDAY TO FRIDAY: 11.30 - 23.00; \r\n              SATURDAY: Closed;\r\n              SUNDAY: Closed;\r\n              BANK HOLIDAYS: Closed. Part of City of London Community Toilet Scheme.","password":null}},{"type":"Feature","geometry":{"type":"Point","coordinates":[-0.249166489,51.473823479]},"properties":{"id":"toiletmap/c575b49f942a292ef4456c02","source":"toiletmap-uk","name":"The Nest","fee":"no","charge":null,"access":null,"wheelchair":"yes","opening_hours":"Mo 08:00-16:00; We-Fr 08:00-16:00; Sa 09:00-16:30; Su 09:30-16:30","operator":null,"description":"Part of Richmond Council's Community Toilet Scheme.","password":null}},{"type":"Feature","geometry":{"type":"Point","coordinates":[-0.010685921,51.427497517]},"properties":{"id":"toiletmap/c580e07a999fe8536d9bc02d","source":"toiletmap-uk","name":"The Green Man","fee":"no","charge":null,"access":null,"wheelchair":"no","opening_hours":"Mo-Fr 09:00-17:00","operator":null,"description":"Part of Lewisham Community Toilet Scheme","password":null}},{"type":"Feature","geometry":{"type":"Point","coordinates":[-0.3154195,51.5545945]},"properties":{"id":"toiletmap/c5993d7fe67f799acf764911","source":"toiletmap-uk","name":"Sudbury and Harrow Road Station","fee":"no","charge":null,"access":null,"wheelchair":"yes","opening_hours":null,"operator":null,"description":"Outside Sudbury and Harrow Road Station / The unisex/disabled toilet with baby changing facility is opened 24/7 (There are 2 other toilets specially for drivers)","password":null}},{"type":"Feature","geometry":{"type":"Point","coordinates":[-0.171924233,51.496231972]},"properties":{"id":"toiletmap/c5d663081059e69a96297f08","source":"toiletmap-uk","name":"Toilet, Victoria and Albert museum","fee":"no","charge":null,"access":null,"wheelchair":"no","opening_hours":"Mo-Su 09:00-17:00","operator":null,"description":"Basement level.\r\nMale & Female on opposite sides of Entrance.","password":null}},{"type":"Feature","geometry":{"type":"Point","coordinates":[0.029740334,51.335062646]},"properties":{"id":"toiletmap/c5effb065aa23daf72ac76d6","source":"toiletmap-uk","name":"The Kings Arms Public House","fee":"no","charge":null,"access":null,"wheelchair":"no","opening_hours":"Mo-Su 09:00-17:00","operator":null,"description":"Mon-Sat 11.00-23.00. Sun 11.00-22.00. Part of Bromley Council Community Toilet Scheme.","password":null}},{"type":"Feature","geometry":{"type":"Point","coordinates":[0.148454905,51.540401539]},"properties":{"id":"toiletmap/c5f27356de221177108d56a8","source":"toiletmap-uk","name":"Dagenham Library","fee":"no","charge":null,"access":null,"wheelchair":"yes","opening_hours":"Mo-We 09:00-17:00; Th 09:00-19:00; Fr-Sa 09:00-17:00","operator":null,"description":"On first floor (lift available)","password":null}},{"type":"Feature","geometry":{"type":"Point","coordinates":[0.010594726,51.567795686]},"properties":{"id":"toiletmap/c5f8325a43d67bb0fdf7a522","source":"toiletmap-uk","name":"Horizon Cafe","fee":"no","charge":null,"access":null,"wheelchair":"yes","opening_hours":"Mo-Su 09:00-17:00","operator":null,"description":"Mon-Sat: 7am-8pm; Sun: 8am-7pm. Part of Community Toilet Scheme Waltham Forest","password":null}},{"type":"Feature","geometry":{"type":"Point","coordinates":[-0.384819746,51.463961626]},"properties":{"id":"toiletmap/c60169dd1a31ff606d88999a","source":"toiletmap-uk","name":"The Honeycombe","fee":"no","charge":null,"access":null,"wheelchair":"no","opening_hours":null,"operator":null,"description":"Part of Hounslow Community Toilet Scheme","password":null}},{"type":"Feature","geometry":{"type":"Point","coordinates":[-0.075216424,51.397020224]},"properties":{"id":"toiletmap/c60b1fe2957869a26b759181","source":"toiletmap-uk","name":"Norwood Junction Station","fee":"no","charge":null,"access":null,"wheelchair":"no","opening_hours":null,"operator":null,"description":null,"password":null}},{"type":"Feature","geometry":{"type":"Point","coordinates":[-0.074369609,51.51391061]},"properties":{"id":"toiletmap/c614e6ec66a430831141deb4","source":"toiletmap-uk","name":"The Still & Star","fee":"no","charge":null,"access":null,"wheelchair":"no","opening_hours":"Mo-Fr 09:00-17:00","operator":null,"description":"Mon - Fri: 11:00 - 23:00. Part of City of London Community Toilet Scheme.","password":null}},{"type":"Feature","geometry":{"type":"Point","coordinates":[-0.293841362,51.403530336]},"properties":{"id":"toiletmap/c672c4f4cad95b8719504d91","source":"toiletmap-uk","name":"Athelstan Recreation Ground","fee":"no","charge":null,"access":null,"wheelchair":"no","opening_hours":null,"operator":null,"description":null,"password":null}},{"type":"Feature","geometry":{"type":"Point","coordinates":[0.199856758,51.288738285]},"properties":{"id":"toiletmap/c6829416c3a49a26e214d46b","source":"toiletmap-uk","name":"Shell Filling Station - Sevenoaks","fee":"yes","charge":null,"access":null,"wheelchair":"yes","opening_hours":"Mo-Su 09:00-17:00","operator":null,"description":"Opening Mon - Sun 6am - 10pm; Shop, Snacks. TN14 5AX","password":null}},{"type":"Feature","geometry":{"type":"Point","coordinates":[-0.273177624,51.326052928]},"properties":{"id":"toiletmap/c6ac326e14092f7ed18c4c8c","source":"toiletmap-uk","name":"Epsom hospital","fee":"no","charge":null,"access":null,"wheelchair":"yes","opening_hours":"Mo-Su 00:00-00:00","operator":null,"description":null,"password":null}},{"type":"Feature","geometry":{"type":"Point","coordinates":[-0.125572979,51.507863863]},"properties":{"id":"toiletmap/c6fd90101169345ac973c15f","source":"toiletmap-uk","name":"Craven Street Temporary Urinal","fee":"no","charge":null,"access":null,"wheelchair":"no","opening_hours":null,"operator":null,"description":"1*4 bay urinal Temporary Toilets Open Thursday 8pm-Monday 6am ","password":null}},{"type":"Feature","geometry":{"type":"Point","coordinates":[-0.359810293,51.426287681]},"properties":{"id":"toiletmap/c741ebbba38b157ecbb18448","source":"toiletmap-uk","name":"The Greenwood Centre","fee":"no","charge":null,"access":null,"wheelchair":"yes","opening_hours":"Mo-Fr 09:30-16:00","operator":null,"description":"Part of Richmond Council's Community Toilet Scheme.","password":null}},{"type":"Feature","geometry":{"type":"Point","coordinates":[-0.004109144,51.424380114]},"properties":{"id":"toiletmap/c75af2eebaf267bbb0798df7","source":"toiletmap-uk","name":"Downham Way","fee":"no","charge":"free with radar key","access":null,"wheelchair":"no","opening_hours":"Mo-Su 00:00-00:00","operator":null,"description":"This automatic toilet is now out of use due to damage. Toilet is awaiting removal and is permanently closed.\n\nPart of Lewisham Community Toilet Scheme","password":null}},{"type":"Feature","geometry":{"type":"Point","coordinates":[-0.0005164,51.5417311]},"properties":{"id":"toiletmap/c7f42c9b0c1ab01a39bcbca8","source":"toiletmap-uk","name":"Stratford Mall","fee":"no","charge":null,"access":null,"wheelchair":"yes","opening_hours":"Mo-Sa 09:00-18:00; Su 10:00-17:00","operator":null,"description":"Seperate baby changing. Very loud hand dryers. Good mall toilets.","password":null}},{"type":"Feature","geometry":{"type":"Point","coordinates":[-0.331931412,51.428310281]},"properties":{"id":"toiletmap/c80d32e13a4d2d0215f9763c","source":"toiletmap-uk","name":"Teddington Pool and Fitness Centre","fee":"no","charge":null,"access":null,"wheelchair":"no","opening_hours":null,"operator":null,"description":"Part of Richmond Community Toilet Scheme","password":null}},{"type":"Feature","geometry":{"type":"Point","coordinates":[-0.086626768,51.520969463]},"properties":{"id":"toiletmap/c816f662daf2b01078265cf1","source":"toiletmap-uk","name":"Finsbury Square","fee":"no","charge":null,"access":null,"wheelchair":"no","opening_hours":null,"operator":null,"description":"Opposite Bowlers Green","password":null}},{"type":"Feature","geometry":{"type":"Point","coordinates":[-0.049113929,51.497669692]},"properties":{"id":"toiletmap/c83ee3828de78bd2c0b3f437","source":"toiletmap-uk","name":"Canada Water Library","fee":"no","charge":null,"access":null,"wheelchair":"yes","opening_hours":"Mo-Fr 08:00-20:00; Sa 09:00-17:00; Su 10:00-16:00","operator":null,"description":"Monday to Friday 8am to 8pm, Saturday 9am to 5pm, Sunday 10am to 4pm","password":null}},{"type":"Feature","geometry":{"type":"Point","coordinates":[-0.107119782,51.513706985]},"properties":{"id":"toiletmap/c86bbfcb5bc3e44956ba4a25","source":"toiletmap-uk","name":"Hack & Hop","fee":"no","charge":null,"access":null,"wheelchair":"no","opening_hours":null,"operator":null,"description":"MONDAY TO FRIDAY: 11.00 - 23.00; \r\n              SATURDAY: Closed;\r\n              SUNDAY: Closed. Part of City of London Community Toilet Scheme,","password":null}},{"type":"Feature","geometry":{"type":"Point","coordinates":[-0.333656073,51.586329831]},"properties":{"id":"toiletmap/c87e487004b4cc41553e1210","source":"toiletmap-uk","name":"Tesco Harrow Station Road","fee":"yes","charge":null,"access":null,"wheelchair":"yes","opening_hours":"Mo-Su 09:00-17:00","operator":null,"description":"MON-SAT 0600-2300. SUN 1100-1700. Part of Mayor of London's 'Open London' Community Toilet Scheme","password":null}},{"type":"Feature","geometry":{"type":"Point","coordinates":[0.182104461,51.57984329]},"properties":{"id":"toiletmap/c8886635c443b70c4e0912be","source":"toiletmap-uk","name":null,"fee":"yes","charge":null,"access":null,"wheelchair":"no","opening_hours":null,"operator":null,"description":null,"password":null}},{"type":"Feature","geometry":{"type":"Point","coordinates":[-0.004804093,51.509987792]},"properties":{"id":"toiletmap/c8a1ce943d2c869cb56a2da7","source":"toiletmap-uk","name":"Westland Coffee at Republic","fee":"no","charge":null,"access":null,"wheelchair":"no","opening_hours":"Mo-Fr 07:00-19:00; Sa 08:30-16:00","operator":null,"description":"A Tower Hamlets Community Toilet Scheme venue. This toilet is located on the ground floor.","password":null}},{"type":"Feature","geometry":{"type":"Point","coordinates":[-0.272233486,51.605537753]},"properties":{"id":"toiletmap/c8a55b80bb518c01d57544dd","source":"toiletmap-uk","name":"Edgware Community Hospital, Burnt Oak Broadway, Edgware, HA8 0AD","fee":"no","charge":null,"access":null,"wheelchair":"yes","opening_hours":"Mo-Su 09:00-17:00","operator":null,"description":null,"password":null}},{"type":"Feature","geometry":{"type":"Point","coordinates":[0.028077364,51.546365072]},"properties":{"id":"toiletmap/c8a7e792dad77fe466004ef0","source":"toiletmap-uk","name":"McDonalds","fee":"no","charge":null,"access":null,"wheelchair":"no","opening_hours":null,"operator":null,"description":"6am-11pm Everyday. Part of Newham Community Toilet Scheme.","password":null}},{"type":"Feature","geometry":{"type":"Point","coordinates":[0.0422171,51.5676874]},"properties":{"id":"toiletmap/c8a9f6cfdee24baaddf96240","source":"toiletmap-uk","name":"The Temple, Wanstead Park","fee":"no","charge":null,"access":null,"wheelchair":"yes","opening_hours":"Mo-Su 09:00-17:00","operator":null,"description":"Two sets of toilets both inside and outside the Visitor's Centre.","password":null}},{"type":"Feature","geometry":{"type":"Point","coordinates":[-0.017552376,51.609768802]},"properties":{"id":"toiletmap/c8c84129ae636a608f3078f6","source":"toiletmap-uk","name":"Star Cafe","fee":"yes","charge":null,"access":null,"wheelchair":"no","opening_hours":"Mo-Su 09:00-17:00","operator":null,"description":"Mon-Sun: 7am-5pm. Part of Waltham Forest Community Toilet Scheme.","password":null}},{"type":"Feature","geometry":{"type":"Point","coordinates":[0.01142621,51.375899234]},"properties":{"id":"toiletmap/c8db57641c7327d543f8760f","source":"toiletmap-uk","name":"The New Inn Public House","fee":"no","charge":null,"access":null,"wheelchair":"yes","opening_hours":"Mo-Su 09:00-17:00","operator":null,"description":"Mon-Sat 11.30 - 23.00. Sun - 11.00 - 23.00. Part of Bromley Council Community Toilet Scheme.","password":null}},{"type":"Feature","geometry":{"type":"Point","coordinates":[0.131932497,51.613473642]},"properties":{"id":"toiletmap/c8ef1a894652d8ac8f8be5e4","source":"toiletmap-uk","name":"Hainault Country Park.","fee":"no","charge":null,"access":null,"wheelchair":"yes","opening_hours":null,"operator":null,"description":"The toilet is only open during park opening times. Make sure that you pay for parking before using the toilet or you may be fined. You will have to log into an online payment system to pay for parking here. Parking is not cheap either.","password":null}},{"type":"Feature","geometry":{"type":"Point","coordinates":[-0.356546044,51.332492639]},"properties":{"id":"toiletmap/c8fa0bcee69de3c1fc5e0441","source":"toiletmap-uk","name":"Edson/Londis","fee":"no","charge":null,"access":null,"wheelchair":"yes","opening_hours":null,"operator":null,"description":null,"password":null}},{"type":"Feature","geometry":{"type":"Point","coordinates":[-0.131959319,51.522517734]},"properties":{"id":"toiletmap/c91cf38e36c9a17a58026827","source":"toiletmap-uk","name":"Waterstones","fee":"no","charge":null,"access":null,"wheelchair":null,"opening_hours":null,"operator":null,"description":null,"password":null}},{"type":"Feature","geometry":{"type":"Point","coordinates":[-0.1499555,51.5824191]},"properties":{"id":"toiletmap/c94fdc9b1fb9dc9f12b3e3e9","source":"toiletmap-uk","name":null,"fee":"no","charge":null,"access":null,"wheelchair":"no","opening_hours":null,"operator":null,"description":null,"password":null}},{"type":"Feature","geometry":{"type":"Point","coordinates":[-0.31395793,51.442164014]},"properties":{"id":"toiletmap/c960c1cb3c8c41931740915d","source":"toiletmap-uk","name":"The Palm Centre","fee":"no","charge":null,"access":null,"wheelchair":"no","opening_hours":"Mo-Sa 09:00-16:00","operator":null,"description":"Part of Richmond Council's Community Toilet Scheme","password":null}},{"type":"Feature","geometry":{"type":"Point","coordinates":[-0.012767315,51.590894866]},"properties":{"id":"toiletmap/c9a3846a3ce8e67229fbdff6","source":"toiletmap-uk","name":"Assembly Hall","fee":"no","charge":null,"access":null,"wheelchair":null,"opening_hours":null,"operator":null,"description":"Ground floor of the Assembly Hall","password":null}},{"type":"Feature","geometry":{"type":"Point","coordinates":[-0.127962828,51.530190791]},"properties":{"id":"toiletmap/c9aa76f8c4c1d1555b6599a8","source":"toiletmap-uk","name":"The British Library","fee":"no","charge":null,"access":null,"wheelchair":"no","opening_hours":"Mo-Su 09:00-17:00","operator":null,"description":"Clean, well-serviced and many available.","password":null}},{"type":"Feature","geometry":{"type":"Point","coordinates":[-0.085793956,51.513727984]},"properties":{"id":"toiletmap/c9b41b5fa2322c74a4da82ca","source":"toiletmap-uk","name":"The Cock and Woolpack","fee":"no","charge":null,"access":null,"wheelchair":"no","opening_hours":"Mo-Fr 09:00-17:00","operator":null,"description":"MONDAY TO FRIDAY: 08.00 - 23.00\r\n             Part of City of London Community Toilet Scheme.","password":null}},{"type":"Feature","geometry":{"type":"Point","coordinates":[-0.205982924,51.502338253]},"properties":{"id":"toiletmap/c9bf1dc8786c4c93edeaaaa4","source":"toiletmap-uk","name":"Adventure Playground Toilets","fee":"no","charge":null,"access":null,"wheelchair":"yes","opening_hours":null,"operator":null,"description":"Toilets close 30 minutes before park closes. I gender-neutral toilet with sink, 1 accessible toilet with sink.","password":null}},{"type":"Feature","geometry":{"type":"Point","coordinates":[-0.073385239,51.408241145]},"properties":{"id":"toiletmap/ca5940471d96a6d541cb58c9","source":"toiletmap-uk","name":"South Norwood Lake","fee":"yes","charge":"Free but permanently closed ","access":null,"wheelchair":"yes","opening_hours":null,"operator":null,"description":"These toilets have been closed to the public since Covid. ","password":null}},{"type":"Feature","geometry":{"type":"Point","coordinates":[-0.411117196,51.446386776]},"properties":{"id":"toiletmap/ca792ed13b57556b6ee65661","source":"toiletmap-uk","name":"Feltham Library","fee":"no","charge":null,"access":null,"wheelchair":"no","opening_hours":null,"operator":null,"description":"Part of Hounslow Community Toilet Scheme","password":null}},{"type":"Feature","geometry":{"type":"Point","coordinates":[-0.078670286,51.518174184]},"properties":{"id":"toiletmap/ca8ba0f290abc943fdcc36b5","source":"toiletmap-uk","name":"Nando's","fee":"no","charge":null,"access":null,"wheelchair":"yes","opening_hours":"Mo-Su 09:00-17:00","operator":null,"description":"Mon - Fri: 11:30 - 23:00; Sat: 12:00 - 22:30; Sun: 12:00 - 22:00. Part of City of London's Community Toilet Scheme.","password":null}},{"type":"Feature","geometry":{"type":"Point","coordinates":[-0.246663988,51.472275584]},"properties":{"id":"toiletmap/cab32226a37982daff49a9e2","source":"toiletmap-uk","name":"OSO Arts Centre ","fee":"no","charge":null,"access":null,"wheelchair":"yes","opening_hours":"Mo 08:00-18:00; Tu-Sa 08:00-22:00; Su 08:00-18:00","operator":null,"description":"Part of Richmond Council's Community Toilet Scheme ","password":null}},{"type":"Feature","geometry":{"type":"Point","coordinates":[0.055081844,51.491105237]},"properties":{"id":"toiletmap/cae3201e815a14706642d341","source":"toiletmap-uk","name":"Woolwich Dockyard Station","fee":"no","charge":null,"access":null,"wheelchair":"no","opening_hours":null,"operator":null,"description":null,"password":null}},{"type":"Feature","geometry":{"type":"Point","coordinates":[0.218423009,51.593718711]},"properties":{"id":"toiletmap/cae7ccab7e3d24f6e52cd1be","source":"toiletmap-uk","name":"Tesco Extra Gallows Corner","fee":"yes","charge":null,"access":null,"wheelchair":"yes","opening_hours":"Mo-Su 00:00-00:00","operator":null,"description":"Closes SAT Midnight. SUN 1000-1600. Opens MON 0600. Part of Mayor of London's 'Open London' Community Toilet Scheme","password":null}},{"type":"Feature","geometry":{"type":"Point","coordinates":[0.009068549,51.508253725]},"properties":{"id":"toiletmap/cb3c28d5ae3c140fe962f862","source":"toiletmap-uk","name":"Trinity Buoy Wharf Public Toilets","fee":"no","charge":null,"access":null,"wheelchair":"yes","opening_hours":"Mo-Su 07:00-19:00","operator":null,"description":"Go round the building to find the accessible toilet. (Follow the sign.)","password":null}},{"type":"Feature","geometry":{"type":"Point","coordinates":[-0.322892368,51.460549593]},"properties":{"id":"toiletmap/cb43303f25724fd45dc08706","source":"toiletmap-uk","name":"Ailsa Tavern","fee":"no","charge":null,"access":null,"wheelchair":"no","opening_hours":"Tu-Su 12:00-00:00","operator":null,"description":"Part of Richmond Council's Community Toilet Scheme. Baby changing facilities in both men's and women's facilities.","password":null}},{"type":"Feature","geometry":{"type":"Point","coordinates":[-0.227880478,51.496268117]},"properties":{"id":"toiletmap/cb92afde0b7ac9483e5d9639","source":"toiletmap-uk","name":"Kings Shopping Arcade, Hammersmith","fee":"yes","charge":"None","access":null,"wheelchair":"no","opening_hours":null,"operator":null,"description":"Next to the car park on the first floor of the arcade. 5 cubicles in the ladies (2 no seats and 3 others) plus one wheelchair accessible cubicle - with no door!!","password":null}},{"type":"Feature","geometry":{"type":"Point","coordinates":[-0.0017495,51.4777832]},"properties":{"id":"toiletmap/cbc2bd1cda3f225b0d07f163","source":"toiletmap-uk","name":"Royal Observatory","fee":"no","charge":null,"access":null,"wheelchair":"no","opening_hours":null,"operator":null,"description":null,"password":null}},{"type":"Feature","geometry":{"type":"Point","coordinates":[-0.380761027,51.593407116]},"properties":{"id":"toiletmap/cbf84dfaaff3bf2b8d376117","source":"toiletmap-uk","name":"Sainsbury's Superstore - Pinner","fee":"no","charge":null,"access":null,"wheelchair":"no","opening_hours":"Mo-Su 09:00-17:00","operator":null,"description":"Opening: Mon-Sat 7am-10pm, Sun 10am-4pm  HA5 5LU","password":null}},{"type":"Feature","geometry":{"type":"Point","coordinates":[-0.350376964,51.436133148]},"properties":{"id":"toiletmap/cc451c38391ff976c6bbdfb0","source":"toiletmap-uk","name":"Brouge Bistros","fee":"no","charge":null,"access":null,"wheelchair":"no","opening_hours":"Mo-Th 12:00-23:00; Fr-Sa 12:00-23:30; Su 12:00-22:30","operator":null,"description":"Part of Richmond Community Toilet Scheme. The gender neutral cubicle is labelled men's.","password":null}},{"type":"Feature","geometry":{"type":"Point","coordinates":[0.180118371,51.449972644]},"properties":{"id":"toiletmap/cc6cd012f7d1e6d9579739e8","source":"toiletmap-uk","name":"Crayford Library","fee":"no","charge":null,"access":null,"wheelchair":"yes","opening_hours":"Mo 09:30-17:30; We 09:30-19:00; Fr 09:30-17:30; Sa 09:30-17:00","operator":null,"description":"There is 1 unisex cubicle plus 1 disabled toilet","password":null}},{"type":"Feature","geometry":{"type":"Point","coordinates":[-0.2014195,51.5243863]},"properties":{"id":"toiletmap/cc93e05f2f3bf3ba6c71b5e0","source":"toiletmap-uk","name":"Maida Hill Market ","fee":"no","charge":null,"access":null,"wheelchair":"yes","opening_hours":"Mo-Su 06:00-19:00","operator":null,"description":"There are baby changing facilities in two of the cubicles.","password":null}},{"type":"Feature","geometry":{"type":"Point","coordinates":[0.181478262,51.480647916]},"properties":{"id":"toiletmap/cc950fc35cd5f04d404c3f45","source":"toiletmap-uk","name":"Matalan","fee":"no","charge":null,"access":null,"wheelchair":"no","opening_hours":null,"operator":null,"description":null,"password":null}},{"type":"Feature","geometry":{"type":"Point","coordinates":[-0.1358969,51.5032917]},"properties":{"id":"toiletmap/cc9b705d70e22f327d085ee5","source":"toiletmap-uk","name":"Marlborough Gate","fee":"yes","charge":"20p contactless only (no cash)","access":null,"wheelchair":"yes","opening_hours":null,"operator":null,"description":"Open:\n08.00 - 18.00 January, February, November & December. \n08.00 - 18.30 March. \n08.00 - 20.00 September & October.\n08.00 - 20.30 April\n08.00 - 22.00 May, June, July & August","password":null}},{"type":"Feature","geometry":{"type":"Point","coordinates":[-0.414759636,51.461167436]},"properties":{"id":"toiletmap/ccc5c380c46d43e253f6b08a","source":"toiletmap-uk","name":"Hounslow Urban Farm / Shop","fee":"no","charge":null,"access":null,"wheelchair":"no","opening_hours":null,"operator":null,"description":"Part of Hounslow Community Toilet Scheme","password":null}},{"type":"Feature","geometry":{"type":"Point","coordinates":[-0.16702652,51.52542679]},"properties":{"id":"toiletmap/ccc9d9702877bf53d7355149","source":"toiletmap-uk","name":"Lilestone Street Community Hub- NW8 8SR","fee":"no","charge":null,"access":null,"wheelchair":"yes","opening_hours":"Mo 12:00-18:00; Tu 10:00-17:00; We 10:00-18:00; Th 10:00-15:00; Sa 11:00-13:00","operator":null,"description":"Full address: \nLilestone Street, \nLisson Green Estate, \nNW8 8SR \n\nAccessible and Free. \n","password":null}},{"type":"Feature","geometry":{"type":"Point","coordinates":[-0.102144721,51.376450158]},"properties":{"id":"toiletmap/ccd407931580825ad9b75257","source":"toiletmap-uk","name":"Centrale lower ground floor","fee":"yes","charge":null,"access":null,"wheelchair":"no","opening_hours":"Mo-Su 09:00-17:00","operator":null,"description":null,"password":null}},{"type":"Feature","geometry":{"type":"Point","coordinates":[0.057799,51.430281]},"properties":{"id":"toiletmap/ccf22f95afbdea7ab01b8d38","source":"toiletmap-uk","name":"Queen's Gardens","fee":"no","charge":null,"access":null,"wheelchair":"no","opening_hours":"Mo-Su 09:30-15:30","operator":null,"description":null,"password":null}},{"type":"Feature","geometry":{"type":"Point","coordinates":[-0.119001567,51.487364019]},"properties":{"id":"toiletmap/cd1dd540100cc0a21b62dde7","source":"toiletmap-uk","name":"Vauxhall City Farm","fee":"no","charge":null,"access":null,"wheelchair":"yes","opening_hours":null,"operator":null,"description":"Entry is free but a donation is welcome","password":null}},{"type":"Feature","geometry":{"type":"Point","coordinates":[0.253924727,51.498441334]},"properties":{"id":"toiletmap/cd48d4255ef5cc7100f80572","source":"toiletmap-uk","name":"Aveley Community Hub and Library","fee":"no","charge":null,"access":null,"wheelchair":null,"opening_hours":null,"operator":null,"description":"Not open weekends\nhttps://www.thurrock.gov.uk/find-a-library/aveley-library-part-of-aveley-community-hub\n","password":null}},{"type":"Feature","geometry":{"type":"Point","coordinates":[-0.152719617,51.514376315]},"properties":{"id":"toiletmap/cd514d55ef08de0bb0bf1dd3","source":"toiletmap-uk","name":"Selfridges","fee":"no","charge":null,"access":null,"wheelchair":"no","opening_hours":"Mo-Su 09:00-17:00","operator":null,"description":"On most floors.","password":null}},{"type":"Feature","geometry":{"type":"Point","coordinates":[-0.395486355,51.59701449]},"properties":{"id":"toiletmap/cd5a3a072ee786a46b2fa03a","source":"toiletmap-uk","name":"Tesco Pinner","fee":"no","charge":null,"access":null,"wheelchair":"no","opening_hours":"Mo-Su 09:00-17:00","operator":null,"description":"MON-SAT 0800-2200. SUN 1100-1700. Part of Mayor of London's 'Open London' Community Toilet Scheme. HA5 2AG","password":null}},{"type":"Feature","geometry":{"type":"Point","coordinates":[-0.058895946,51.344822852]},"properties":{"id":"toiletmap/cdc7be5ea67af5d7d6afc486","source":"toiletmap-uk","name":"Aldi","fee":"no","charge":null,"access":null,"wheelchair":"no","opening_hours":null,"operator":null,"description":null,"password":null}},{"type":"Feature","geometry":{"type":"Point","coordinates":[-0.222263988,51.509954926]},"properties":{"id":"toiletmap/cdc9cab46fbade7897f74c60","source":"toiletmap-uk","name":"John Lewis White City","fee":"no","charge":null,"access":null,"wheelchair":"yes","opening_hours":"Mo-Sa 10:00-20:00; Su 12:00-18:00","operator":null,"description":null,"password":null}},{"type":"Feature","geometry":{"type":"Point","coordinates":[-0.4880204,51.5187399]},"properties":{"id":"toiletmap/cdd3e27b77b4a07d132a7e6a","source":"toiletmap-uk","name":"Public Toilet","fee":"no","charge":null,"access":null,"wheelchair":"no","opening_hours":"Mo-Su 09:00-16:00","operator":null,"description":null,"password":null}},{"type":"Feature","geometry":{"type":"Point","coordinates":[-0.1702576,51.5235936]},"properties":{"id":"toiletmap/cde302290d623e2780afd6a3","source":"toiletmap-uk","name":"Church Street Triangle","fee":"no","charge":null,"access":null,"wheelchair":"yes","opening_hours":"Mo-Fr 08:00-18:00; Sa 09:00-18:00","operator":null,"description":"Located at 54a Church Street, NW8. There are two public toilets, with one accessible toilet.","password":null}},{"type":"Feature","geometry":{"type":"Point","coordinates":[-0.135502517,51.461905143]},"properties":{"id":"toiletmap/cdf8ad353a21b0b4f329bf85","source":"toiletmap-uk","name":"Sainsbury's","fee":"no","charge":null,"access":null,"wheelchair":"yes","opening_hours":null,"operator":null,"description":"Toilets are located near exit to car park","password":null}},{"type":"Feature","geometry":{"type":"Point","coordinates":[-0.165964365,51.428979419]},"properties":{"id":"toiletmap/ce2bf6fc7d1c9753b7713a98","source":"toiletmap-uk","name":"Tooting Broadway Market","fee":"no","charge":null,"access":null,"wheelchair":"no","opening_hours":"Mo-Su 09:00-17:00","operator":null,"description":"09:00 am to 17:00 pm","password":null}},{"type":"Feature","geometry":{"type":"Point","coordinates":[-0.072441101,51.547322503]},"properties":{"id":"toiletmap/ce6cb23c7decbce8972e7372","source":"toiletmap-uk","name":null,"fee":"yes","charge":"£1","access":null,"wheelchair":"yes","opening_hours":null,"operator":null,"description":"Automatic free standing toilet. £1. Flush has no water, paper dispenser is operated by an electronic button and is broken, and no soap. Use only in emergencies.","password":null}},{"type":"Feature","geometry":{"type":"Point","coordinates":[-0.098769665,51.516960145]},"properties":{"id":"toiletmap/ce7d97d0ab2ac5783a8677a0","source":"toiletmap-uk","name":"Barts Hospital","fee":"no","charge":null,"access":null,"wheelchair":"yes","opening_hours":null,"operator":null,"description":null,"password":null}},{"type":"Feature","geometry":{"type":"Point","coordinates":[-0.220946914,51.507385075]},"properties":{"id":"toiletmap/ce7f310c0293474778934cc5","source":"toiletmap-uk","name":"Westfield London (lower level, next to Läderach shop)","fee":"no","charge":null,"access":null,"wheelchair":"yes","opening_hours":"Mo-Sa 10:00-21:00; Su 12:00-18:00","operator":null,"description":"Upon walking in, the children and baby change is on the right. All other toilets are afterwards.  The disabled toilets are located just before going into the Mens and Womens. All disabled toilets require a radar key.","password":null}},{"type":"Feature","geometry":{"type":"Point","coordinates":[-0.45962555,51.371561633]},"properties":{"id":"toiletmap/ce86b23e2d4fb332a0a8f26a","source":"toiletmap-uk","name":"Public Toilet - Weybridge (Churchfield Rd)","fee":"no","charge":"20p","access":null,"wheelchair":"yes","opening_hours":null,"operator":null,"description":"Updated from Elmbridge Borough Council Website Map - Dec 2016","password":null}},{"type":"Feature","geometry":{"type":"Point","coordinates":[-0.366282463,51.645012767]},"properties":{"id":"toiletmap/ce9db1854310c73d5d981099","source":"toiletmap-uk","name":"The Red Lion PH","fee":"no","charge":null,"access":null,"wheelchair":"yes","opening_hours":"Mo 12:00-23:00; Tu-Th 11:00-23:00; Fr-Sa 11:00-00:00; Su 12:00-23:00","operator":null,"description":"Participant in Hertsmere Borough Council's Community Toilet Scheme. \n","password":null}},{"type":"Feature","geometry":{"type":"Point","coordinates":[-0.124044146,51.479954725]},"properties":{"id":"toiletmap/cea0133796c2731cd3ea8039","source":"toiletmap-uk","name":"Pinto Portugal, Cafe, Restraunt","fee":"no","charge":null,"access":null,"wheelchair":null,"opening_hours":null,"operator":null,"description":"Inside and down the stairs, not wheelchair accesbile obvs but not suspect to use","password":null}},{"type":"Feature","geometry":{"type":"Point","coordinates":[-0.1724301,51.5336505]},"properties":{"id":"toiletmap/cea77987637f5442c2948df0","source":"toiletmap-uk","name":"St John's Wood Library","fee":"no","charge":null,"access":null,"wheelchair":"yes","opening_hours":"Mo 09:30-20:00; Tu 09:30-19:00; We 10:00-19:00; Th-Fr 09:30-19:00; Sa 09:30-17:00; Su 11:30-15:00","operator":null,"description":"One accessible toilet with baby change facilities on the ground floor with level access into the building. ","password":null}},{"type":"Feature","geometry":{"type":"Point","coordinates":[-0.480512381,51.338656971]},"properties":{"id":"toiletmap/cef1b74b118cb2ff054fefdf","source":"toiletmap-uk","name":"Byfleet Recreation Ground, Byfleet","fee":"no","charge":null,"access":null,"wheelchair":"yes","opening_hours":null,"operator":null,"description":"https://www.woking.gov.uk/environmental-services/environmental-problems/public-toilets\n\nOpen 8.30am to 5.30pm, seven days a week\n\nKT14 7LZ","password":null}},{"type":"Feature","geometry":{"type":"Point","coordinates":[-0.117566586,51.364147789]},"properties":{"id":"toiletmap/cf06ec4a7d981d15ec8934df","source":"toiletmap-uk","name":"Waddon Leisure Centre","fee":"yes","charge":null,"access":null,"wheelchair":"no","opening_hours":null,"operator":null,"description":"Swimming pool and leisure centre.","password":null}},{"type":"Feature","geometry":{"type":"Point","coordinates":[-0.455090404,51.372736453]},"properties":{"id":"toiletmap/cf34256498440c4e68c7024b","source":"toiletmap-uk","name":"Morrisons Supermarket - Weybridge","fee":"no","charge":null,"access":null,"wheelchair":"yes","opening_hours":"Mo-Sa 07:00-22:00; Su 10:00-16:00","operator":null,"description":"Very clean facilities catering for shoppers and the general public. A credit to the franchise ","password":null}},{"type":"Feature","geometry":{"type":"Point","coordinates":[-0.401427448,51.65932598]},"properties":{"id":"toiletmap/cf378354525be1a0c233aa35","source":"toiletmap-uk","name":"Pop up urinal","fee":"no","charge":null,"access":null,"wheelchair":"no","opening_hours":"Mo-Su 17:00-00:00","operator":null,"description":null,"password":null}},{"type":"Feature","geometry":{"type":"Point","coordinates":[-0.27868607,51.656697853]},"properties":{"id":"toiletmap/cf68c6bc0ea1de0d293cec50","source":"toiletmap-uk","name":"Lidl","fee":"no","charge":null,"access":null,"wheelchair":null,"opening_hours":null,"operator":null,"description":null,"password":null}},{"type":"Feature","geometry":{"type":"Point","coordinates":[-0.032199919,51.532642002]},"properties":{"id":"toiletmap/cf6bd857b1c96a85011e1f96","source":"toiletmap-uk","name":"Local Cafe","fee":"no","charge":null,"access":null,"wheelchair":"no","opening_hours":"Mo-Sa 08:00-16:00","operator":null,"description":"A Tower Hamlets Community Toilet Scheme Venue. The toilet is located on the ground floor. On the colder days of the winter, the café may close at 3pm.","password":null}},{"type":"Feature","geometry":{"type":"Point","coordinates":[-0.112022465,51.507515487]},"properties":{"id":"toiletmap/cf753d6187cc2dec1a155de0","source":"toiletmap-uk","name":"IBM's toilet","fee":"no","charge":null,"access":null,"wheelchair":"yes","opening_hours":null,"operator":null,"description":null,"password":null}},{"type":"Feature","geometry":{"type":"Point","coordinates":[-0.138251781,51.508331786]},"properties":{"id":"toiletmap/cf8192a29cd9993ed146efb0","source":"toiletmap-uk","name":"FORTNUM AND MASON","fee":"no","charge":null,"access":null,"wheelchair":"yes","opening_hours":"Mo-Su 09:00-17:00","operator":null,"description":"High quality, excellent and clean\n\nGentlemen are on the 3rd floor only.","password":null}},{"type":"Feature","geometry":{"type":"Point","coordinates":[-0.1859444,51.482654]},"properties":{"id":"toiletmap/cfeb0ede4e5f5a4411c858f3","source":"toiletmap-uk","name":"Tesco Express Chelsea Fulham Road","fee":"yes","charge":null,"access":null,"wheelchair":"yes","opening_hours":"Mo-Su 00:00-00:00","operator":null,"description":"Part of Mayor of London 'Open London' Community Toilet Scheme","password":null}},{"type":"Feature","geometry":{"type":"Point","coordinates":[-0.10904789,51.595358299]},"properties":{"id":"toiletmap/cffaea995324580153e9c0f4","source":"toiletmap-uk","name":"Wood Green Shopping City","fee":"no","charge":null,"access":null,"wheelchair":"no","opening_hours":"Mo-Su 00:00-00:00","operator":null,"description":"These toilets are only open when the shopping centre is open ","password":null}},{"type":"Feature","geometry":{"type":"Point","coordinates":[-0.266391635,51.334333689]},"properties":{"id":"toiletmap/d015c80a7be17473f2ec37d9","source":"toiletmap-uk","name":"The Ebbisham Centre, Epsom","fee":"yes","charge":null,"access":null,"wheelchair":"yes","opening_hours":null,"operator":null,"description":"Updated from Epsom and Ewell Council Website Map - Dec 2016.  KT19 8AG","password":null}},{"type":"Feature","geometry":{"type":"Point","coordinates":[0.022578266,51.43044575]},"properties":{"id":"toiletmap/d031db861505dc6b7c58b906","source":"toiletmap-uk","name":"Grove Park Station","fee":"no","charge":null,"access":null,"wheelchair":"no","opening_hours":null,"operator":null,"description":null,"password":null}},{"type":"Feature","geometry":{"type":"Point","coordinates":[0.054810182,51.367275401]},"properties":{"id":"toiletmap/d04cd0fa350cdbcefaf2764b","source":"toiletmap-uk","name":"Costa Coffee","fee":"no","charge":null,"access":null,"wheelchair":"yes","opening_hours":null,"operator":null,"description":"Mon - Fri 6.30 - 18.00. Sat 7.00 -18.00. Sun 8.00- 17.00. Part of Bromley Council Community Toilet Scheme.","password":null}},{"type":"Feature","geometry":{"type":"Point","coordinates":[-0.346873999,51.636888121]},"properties":{"id":"toiletmap/d07b48635f4c6704deb97183","source":"toiletmap-uk","name":"The Three Crowns PH","fee":"no","charge":null,"access":null,"wheelchair":"no","opening_hours":"Mo-Th 12:00-23:00; Fr-Sa 12:00-00:00; Su 12:00-23:00","operator":null,"description":"Participant in Hertsmere Borough Council's Community Toilet Scheme","password":null}},{"type":"Feature","geometry":{"type":"Point","coordinates":[-0.219461919,51.50336224]},"properties":{"id":"toiletmap/d0915e12f9306db2a65cbe1d","source":"toiletmap-uk","name":"W12 Shopping Precinct","fee":"yes","charge":null,"access":null,"wheelchair":"yes","opening_hours":"Mo-Su 09:00-17:00","operator":null,"description":null,"password":null}},{"type":"Feature","geometry":{"type":"Point","coordinates":[-0.056211054,51.308858158]},"properties":{"id":"toiletmap/d0e2dcb87087e85e3c1ff21e","source":"toiletmap-uk","name":"Public Toilet","fee":"no","charge":null,"access":null,"wheelchair":"no","opening_hours":"Mo-Su 00:00-00:00","operator":null,"description":"Updated from Tandridge District Council website Dec 2016.  CR6 9LL","password":null}},{"type":"Feature","geometry":{"type":"Point","coordinates":[-0.0896934,51.4422088]},"properties":{"id":"toiletmap/d0ea2ed0806d0caa0cc6adcc","source":"toiletmap-uk","name":"Belair Park Toilet","fee":"no","charge":null,"access":null,"wheelchair":"yes","opening_hours":null,"operator":null,"description":"Closes at DUSK. 2 standard toilets, 2 accessible toilets, 2 baby-changing. Part of Southwark Council Toilet Network. Managed by Parks Dept.","password":null}},{"type":"Feature","geometry":{"type":"Point","coordinates":[-0.186805129,51.467655184]},"properties":{"id":"toiletmap/d0fa65c669570e14c90e81dc","source":"toiletmap-uk","name":"Sainsburys","fee":"no","charge":null,"access":null,"wheelchair":"no","opening_hours":"Mo-Su 09:00-17:00","operator":null,"description":null,"password":null}},{"type":"Feature","geometry":{"type":"Point","coordinates":[-0.252654433,51.492907738]},"properties":{"id":"toiletmap/d1017a731bd22170855104e8","source":"toiletmap-uk","name":"The Roebuck","fee":"no","charge":null,"access":null,"wheelchair":"no","opening_hours":null,"operator":null,"description":"Part of Hounslow Community Toilet Scheme","password":null}},{"type":"Feature","geometry":{"type":"Point","coordinates":[0.125178695,51.414720502]},"properties":{"id":"toiletmap/d134fc14f4a185b2d8b07681","source":"toiletmap-uk","name":"BP Connect Filling Station - Sidcup","fee":"yes","charge":null,"access":null,"wheelchair":"yes","opening_hours":"Mo-Su 00:00-00:00","operator":null,"description":"M&S Shop; ATM; Wild Bean Cafe ( Hot & Cold Snacks); Truck Friendly; DA14 5AD","password":null}},{"type":"Feature","geometry":{"type":"Point","coordinates":[-0.243244171,51.378146031]},"properties":{"id":"toiletmap/d13b9693488876c00a426a20","source":"toiletmap-uk","name":"Waitrose","fee":"no","charge":null,"access":null,"wheelchair":"no","opening_hours":"Mo-Su 09:00-17:00","operator":null,"description":null,"password":null}},{"type":"Feature","geometry":{"type":"Point","coordinates":[-0.4229254,51.4672491]},"properties":{"id":"toiletmap/d198cc7f4248567316bfe0de","source":"toiletmap-uk","name":"Hatton Cross Station","fee":"no","charge":null,"access":null,"wheelchair":"no","opening_hours":null,"operator":null,"description":"Toilets may be behind ticket barriers","password":null}},{"type":"Feature","geometry":{"type":"Point","coordinates":[-0.312560499,51.411116517]},"properties":{"id":"toiletmap/d1ab84ccb882308a97df5027","source":"toiletmap-uk","name":"The King's Field Pavillion","fee":"no","charge":null,"access":null,"wheelchair":"yes","opening_hours":null,"operator":null,"description":null,"password":null}},{"type":"Feature","geometry":{"type":"Point","coordinates":[-0.142857057,51.506532373]},"properties":{"id":"toiletmap/d1b454053c3aa66fc4f04f4d","source":"toiletmap-uk","name":"Green Park Underground Station - PAY TOILET ","fee":"yes","charge":"1£ Contactless only","access":null,"wheelchair":"yes","opening_hours":null,"operator":null,"description":"Staffed. Hours not posted.\nIn subway from station to Piccadilly South west exit.\nNew condition June 22, 2026\nMen's: 8 urinals; 4 toilet stslls; 6 sinks.\nAccessible toilet in Women's entrance.","password":null}},{"type":"Feature","geometry":{"type":"Point","coordinates":[0.24075554,51.39407728]},"properties":{"id":"toiletmap/d1b6de7ecc44cd1c536f6fdd","source":"toiletmap-uk","name":"Westminster Field Pavilion","fee":"no","charge":null,"access":null,"wheelchair":"yes","opening_hours":"Sa-Su 07:30-18:30","operator":null,"description":null,"password":null}},{"type":"Feature","geometry":{"type":"Point","coordinates":[-0.072757648,51.573765333]},"properties":{"id":"toiletmap/d22dc2b7d54fbb051da3ec7a","source":"toiletmap-uk","name":"Stamford Hill","fee":"no","charge":"20p","access":null,"wheelchair":"no","opening_hours":"Mo-Su 00:00-00:00","operator":null,"description":null,"password":null}},{"type":"Feature","geometry":{"type":"Point","coordinates":[-0.225375295,51.492781835]},"properties":{"id":"toiletmap/d24b1ab9dcc76bd69c1d7513","source":"toiletmap-uk","name":"Cafe Nero","fee":"no","charge":null,"access":null,"wheelchair":"yes","opening_hours":"Mo-Su 07:00-20:00","operator":null,"description":"Code is 135.","password":null}},{"type":"Feature","geometry":{"type":"Point","coordinates":[0.103704929,51.418472521]},"properties":{"id":"toiletmap/d253a984607be67ea23a263b","source":"toiletmap-uk","name":"Queen Mary's Hospital - Sidcup","fee":"yes","charge":null,"access":null,"wheelchair":"yes","opening_hours":"Mo-Su 09:00-17:00","operator":null,"description":".","password":null}},{"type":"Feature","geometry":{"type":"Point","coordinates":[-0.284357071,51.460666924]},"properties":{"id":"toiletmap/d25ffc4863b4ab50cd3f7e6a","source":"toiletmap-uk","name":"East Sheen Cemetery","fee":"no","charge":null,"access":null,"wheelchair":"yes","opening_hours":null,"operator":null,"description":"Part of Richmond Community Toilet Scheme","password":null}},{"type":"Feature","geometry":{"type":"Point","coordinates":[-0.086174011,51.651691497]},"properties":{"id":"toiletmap/d2a272a384fb9663f99e8d4c","source":"toiletmap-uk","name":"Enfield Town library","fee":"yes","charge":null,"access":null,"wheelchair":"yes","opening_hours":null,"operator":null,"description":"Open when library is","password":null}},{"type":"Feature","geometry":{"type":"Point","coordinates":[-0.081100793,51.509758956]},"properties":{"id":"toiletmap/d2b8443f94abdb711f1050eb","source":"toiletmap-uk","name":"Assenhiem 56","fee":"no","charge":null,"access":null,"wheelchair":"no","opening_hours":"Mo-Fr 09:00-17:00","operator":null,"description":"MONDAY TO FRIDAY: 07.00 - 16.00. Part of City of London Community Toilet Scheme.","password":null}},{"type":"Feature","geometry":{"type":"Point","coordinates":[0.142575502,51.457576878]},"properties":{"id":"toiletmap/d2d48abdcb2abed1adf4ba25","source":"toiletmap-uk","name":"ASDA","fee":"no","charge":null,"access":null,"wheelchair":"yes","opening_hours":null,"operator":null,"description":null,"password":null}},{"type":"Feature","geometry":{"type":"Point","coordinates":[-0.499223471,51.42809244]},"properties":{"id":"toiletmap/d2d495dae161b4eeec95016c","source":"toiletmap-uk","name":"staines park near bowls club ","fee":"no","charge":null,"access":null,"wheelchair":"yes","opening_hours":null,"operator":null,"description":null,"password":null}},{"type":"Feature","geometry":{"type":"Point","coordinates":[0.025676419,51.508848815]},"properties":{"id":"toiletmap/d2f75dd594de7f73055fce3f","source":"toiletmap-uk","name":"Fox Pub/Starbucks","fee":null,"charge":null,"access":null,"wheelchair":null,"opening_hours":null,"operator":null,"description":"Inside pub at bottom","password":null}},{"type":"Feature","geometry":{"type":"Point","coordinates":[-0.070963204,51.52530571]},"properties":{"id":"toiletmap/d316c5b991af26dd42f81a08","source":"toiletmap-uk","name":"Well and Bucket","fee":"no","charge":null,"access":null,"wheelchair":"no","opening_hours":"Mo 12:00-23:00; Tu-Th 12:00-00:00; Fr-Sa 12:00-00:30; Su 12:00-23:00","operator":null,"description":"A Tower Hamlets Community Toilet Scheme Venue. These toilets can be found downstairs.","password":null}},{"type":"Feature","geometry":{"type":"Point","coordinates":[-0.17527163,51.50346035]},"properties":{"id":"toiletmap/d338a3aa7e51995b9d8fdd32","source":"toiletmap-uk","name":"Flower Walk Toilets (Kensington Gardens)","fee":"yes","charge":"20p","access":null,"wheelchair":null,"opening_hours":null,"operator":null,"description":"Must tap in with contactless. \nOpening hours unknown and seasonal (until 4pm winter, 9pm summer, and varying between those). Please update if you visit! ","password":null}},{"type":"Feature","geometry":{"type":"Point","coordinates":[-0.271525383,51.54333252]},"properties":{"id":"toiletmap/d33a37347f26c248901bc569","source":"toiletmap-uk","name":"Bridge Park Community Leisure Centre","fee":"no","charge":null,"access":null,"wheelchair":"yes","opening_hours":"Mo-Su 09:00-17:00","operator":null,"description":null,"password":null}},{"type":"Feature","geometry":{"type":"Point","coordinates":[-0.043902397,51.425739823]},"properties":{"id":"toiletmap/d3734a4a05e42032e02cd2bd","source":"toiletmap-uk","name":"The Alfred pub","fee":"yes","charge":"50p","access":null,"wheelchair":"no","opening_hours":"Mo-Su 09:00-17:00","operator":null,"description":null,"password":null}},{"type":"Feature","geometry":{"type":"Point","coordinates":[0.068310499,51.49994127]},"properties":{"id":"toiletmap/d39959d55a9a02ad6ad290e6","source":"toiletmap-uk","name":"Royal Victoria Gardens","fee":"no","charge":null,"access":null,"wheelchair":"no","opening_hours":null,"operator":null,"description":"look for local signs - gardens closed at night","password":null}},{"type":"Feature","geometry":{"type":"Point","coordinates":[0.320953131,51.449218101]},"properties":{"id":"toiletmap/d3a2a835f9611572d29445c7","source":"toiletmap-uk","name":"Shell Filling Station - Northfleet","fee":"yes","charge":null,"access":null,"wheelchair":"yes","opening_hours":"Mo-Su 00:00-00:00","operator":null,"description":"Open: 24/7 ATM.  Adjacent Costa Coffee and Shop.  DA11 9BJ","password":null}},{"type":"Feature","geometry":{"type":"Point","coordinates":[-0.229017735,51.546789017]},"properties":{"id":"toiletmap/d3b29b34e6c315e214456eb0","source":"toiletmap-uk","name":"Willesden Library Centre","fee":"no","charge":null,"access":null,"wheelchair":"yes","opening_hours":null,"operator":null,"description":"Toilets open during Library opening hours.","password":null}},{"type":"Feature","geometry":{"type":"Point","coordinates":[-0.365209579,51.468316715]},"properties":{"id":"toiletmap/d3f1aa65506467fdd9fb8f18","source":"toiletmap-uk","name":"T.K.Maxx","fee":"no","charge":null,"access":null,"wheelchair":"no","opening_hours":null,"operator":null,"description":"Part of Hounslow Community Toilet Scheme","password":null}},{"type":"Feature","geometry":{"type":"Point","coordinates":[-0.260732174,51.399265896]},"properties":{"id":"toiletmap/d4101ebf6b9620c68c9dc223","source":"toiletmap-uk","name":"Old Malden Library","fee":"no","charge":null,"access":null,"wheelchair":null,"opening_hours":"Mo-Tu 10:00-18:00; Th-Fr 10:00-18:00; Sa 10:00-17:00","operator":null,"description":"The library is also closed on Saturdays from 13:00 to 14:00.","password":null}},{"type":"Feature","geometry":{"type":"Point","coordinates":[-0.072717369,51.511497664]},"properties":{"id":"toiletmap/d4267249c63b09cec0e03d4a","source":"toiletmap-uk","name":"JD Wetherspoons - Goodman’s Fields","fee":"no","charge":null,"access":null,"wheelchair":"no","opening_hours":"Mo-Su 08:00-23:00","operator":null,"description":"A Tower Hamlets Community Toilet Scheme Venue. These toilets can be located on the ground floor.","password":null}},{"type":"Feature","geometry":{"type":"Point","coordinates":[-0.111190975,51.461198373]},"properties":{"id":"toiletmap/d44094510a3431e56c1c42b4","source":"toiletmap-uk","name":"Brixton Pound Cafe","fee":"no","charge":null,"access":null,"wheelchair":"yes","opening_hours":null,"operator":null,"description":"Mon-Fri 8.30am-6pm. Sat: 9am-5pm. Sunday CLOSED. Part of Lambeth Community Toilet Scheme.","password":null}},{"type":"Feature","geometry":{"type":"Point","coordinates":[-0.339428186,51.581436577]},"properties":{"id":"toiletmap/d442f937cd76bcb74f38f96d","source":"toiletmap-uk","name":"St George's shopping centre","fee":"no","charge":null,"access":null,"wheelchair":"yes","opening_hours":null,"operator":null,"description":"Toilets located on the second floor accessible by stairs and a lift.\n\nThe baby change facilities have a toilet in them.","password":null}},{"type":"Feature","geometry":{"type":"Point","coordinates":[0.324241519,51.477258501]},"properties":{"id":"toiletmap/d4470fd0c334159668e0e9e2","source":"toiletmap-uk","name":"Grays Shopping Centre","fee":"yes","charge":null,"access":null,"wheelchair":"yes","opening_hours":"Mo-Su 09:00-17:00","operator":null,"description":"Shopping Centre is open 7am to 6pm","password":null}},{"type":"Feature","geometry":{"type":"Point","coordinates":[-0.1117038,51.6317221]},"properties":{"id":"toiletmap/d44923782eb557f4762bf4d9","source":"toiletmap-uk","name":"Grovelands Park Café","fee":"no","charge":null,"access":null,"wheelchair":"yes","opening_hours":"Mo-Su 09:00-18:00","operator":null,"description":"Radar key required for accessible WC. Baby changing facilities available in the female WC only.","password":null}},{"type":"Feature","geometry":{"type":"Point","coordinates":[0.205978561,51.581909703]},"properties":{"id":"toiletmap/d44d395aa4fa209b1a0d2934","source":"toiletmap-uk","name":"Gidea Park Station","fee":"no","charge":null,"access":null,"wheelchair":"yes","opening_hours":null,"operator":null,"description":"Single cubicle requiring Radar key on Eluzabeth Line platform. Behind automatic ticket barriers","password":null}},{"type":"Feature","geometry":{"type":"Point","coordinates":[-0.129102767,51.431509436]},"properties":{"id":"toiletmap/d472721c2d83f8d92f8000f2","source":"toiletmap-uk","name":"Streatham Library","fee":"no","charge":null,"access":null,"wheelchair":"yes","opening_hours":"Mo-We 11:00-20:00; Th-Fr 11:00-18:00; Sa 09:00-17:00","operator":null,"description":null,"password":null}},{"type":"Feature","geometry":{"type":"Point","coordinates":[0.008302376,51.465764084]},"properties":{"id":"toiletmap/d47766f2425a8044dfa12450","source":"toiletmap-uk","name":"Blackheath Station","fee":"no","charge":null,"access":null,"wheelchair":"no","opening_hours":null,"operator":null,"description":"Limited opening hours.  On London platform.\nDon’t need a ticket to use these toilets.","password":null}},{"type":"Feature","geometry":{"type":"Point","coordinates":[-0.2861669,51.5560921]},"properties":{"id":"toiletmap/d48b528703cc216266ad3f41","source":"toiletmap-uk","name":"Empire Way","fee":"no","charge":"£0.20","access":null,"wheelchair":"no","opening_hours":null,"operator":null,"description":"There is a secondary door on the South side for four, event day only, urinals.  Looks architect designed.","password":null}},{"type":"Feature","geometry":{"type":"Point","coordinates":[-0.473509,51.315647]},"properties":{"id":"toiletmap/d4e3e57e43e41c038b956722","source":"toiletmap-uk","name":null,"fee":"no","charge":null,"access":null,"wheelchair":"no","opening_hours":null,"operator":null,"description":null,"password":null}},{"type":"Feature","geometry":{"type":"Point","coordinates":[-0.007038116,51.479512014]},"properties":{"id":"toiletmap/d4e8838ef03129e7e298abea","source":"toiletmap-uk","name":"Greenwich Park Cafe Toilet","fee":"no","charge":null,"access":null,"wheelchair":"yes","opening_hours":null,"operator":null,"description":null,"password":null}},{"type":"Feature","geometry":{"type":"Point","coordinates":[-0.321368873,51.446997053]},"properties":{"id":"toiletmap/d50462923221e1712ae09be0","source":"toiletmap-uk","name":"The White Swan","fee":"no","charge":null,"access":null,"wheelchair":"no","opening_hours":"Mo-Su 11:00-22:00","operator":null,"description":"Part of the Community Toilet Scheme ","password":null}},{"type":"Feature","geometry":{"type":"Point","coordinates":[-0.191213151,51.35953356]},"properties":{"id":"toiletmap/d5055275390f4966bb8c816b","source":"toiletmap-uk","name":"Sutton (Surrey) Station","fee":"no","charge":null,"access":null,"wheelchair":"yes","opening_hours":null,"operator":null,"description":"Toilets are on the platform and so you either tap in or ask the staff if you can use them.","password":null}},{"type":"Feature","geometry":{"type":"Point","coordinates":[-0.053126514,51.491364092]},"properties":{"id":"toiletmap/d53be76b412c7168ac66b027","source":"toiletmap-uk","name":"Abbeyfield NHO","fee":"no","charge":null,"access":null,"wheelchair":"no","opening_hours":null,"operator":null,"description":"Monday to Friday, 9am to 5pm","password":null}},{"type":"Feature","geometry":{"type":"Point","coordinates":[-0.35204744,51.490032935]},"properties":{"id":"toiletmap/d55daf3a3c743fd34c745683","source":"toiletmap-uk","name":"Osterley Park","fee":"no","charge":null,"access":null,"wheelchair":"no","opening_hours":null,"operator":null,"description":"Toilets at\nOsterley Gardens\nTea Shop\nOsterley Park Shop\n\nPart of Hounslow Community Toilet Scheme","password":null}},{"type":"Feature","geometry":{"type":"Point","coordinates":[-0.349609852,51.447314138]},"properties":{"id":"toiletmap/d56b75c74c76b2a24efaaf19","source":"toiletmap-uk","name":"Kneller Gardens","fee":"no","charge":null,"access":null,"wheelchair":"yes","opening_hours":"Mo-Su 09:00-18:00","operator":null,"description":null,"password":null}},{"type":"Feature","geometry":{"type":"Point","coordinates":[0.113618374,51.38639897]},"properties":{"id":"toiletmap/d57703940785fb0fc596c787","source":"toiletmap-uk","name":"Croft Tea Room","fee":"no","charge":null,"access":null,"wheelchair":"yes","opening_hours":null,"operator":null,"description":"Weds - Sat 10.00 - 16.00. Sun 11.00 - 16.00. Part of Bromley Council Community Toilet Scheme.","password":null}},{"type":"Feature","geometry":{"type":"Point","coordinates":[-0.022079945,51.505126258]},"properties":{"id":"toiletmap/d5a6b67cdf6be9b5a7d122d8","source":"toiletmap-uk","name":"Cabot Place - Mall, Level -1 (next to Flip Out, Buns From Home, Boss)","fee":"no","charge":null,"access":null,"wheelchair":"yes","opening_hours":"Mo-Su 00:00-00:00","operator":null,"description":"These toilets are located on Level -1 (this means it is underground, so you will have to take the escalator down from street level, using the escalator at Zara.  Wheelchair users can use the lift behind Postmark.  The toilets are situated near Flip Out, Buns From Home and Boss. Upon walking in, the children and baby change are on the left, these are only opened during the day time until late evening.  On the right are the main toilets for everyone else.  The disabled toilet are unisex and on the right side.  There are 3 disabled toilets which do NOT have radar keys and are heavily used.","password":null}},{"type":"Feature","geometry":{"type":"Point","coordinates":[-0.016943514,51.590286047]},"properties":{"id":"toiletmap/d5e6fc6dff82a8aeeb1e7a0e","source":"toiletmap-uk","name":"The Bell Inn","fee":"no","charge":null,"access":null,"wheelchair":"no","opening_hours":null,"operator":null,"description":"Baby-changing in accessible toilet. Mon, Sun: Noon-11pm; Tues,Weds,Thurs: Noon-Midnight; Fri-Sat: Noon-1am. \r\nPart of Community Toilet Scheme. \r\nOpen during pub trading hours.","password":null}},{"type":"Feature","geometry":{"type":"Point","coordinates":[-0.123762488,51.536239094]},"properties":{"id":"toiletmap/d600f2870be753c1e81f3bc2","source":"toiletmap-uk","name":"Granary Square Public Toilets","fee":"no","charge":null,"access":null,"wheelchair":"no","opening_hours":null,"operator":null,"description":"Relocated to here from Granary Sq in April 2018.","password":null}},{"type":"Feature","geometry":{"type":"Point","coordinates":[0.329854866,51.630884408]},"properties":{"id":"toiletmap/d632a0b47135dd2f135c33cd","source":"toiletmap-uk","name":"Shenfield","fee":"no","charge":null,"access":null,"wheelchair":"no","opening_hours":null,"operator":null,"description":null,"password":null}},{"type":"Feature","geometry":{"type":"Point","coordinates":[-0.410018563,51.406463873]},"properties":{"id":"toiletmap/d6360657cefac9daaad02bf5","source":"toiletmap-uk","name":"Walled Garden","fee":"no","charge":null,"access":null,"wheelchair":"yes","opening_hours":"Mo-Su 08:00-17:00","operator":null,"description":null,"password":null}},{"type":"Feature","geometry":{"type":"Point","coordinates":[-0.102481842,51.536272494]},"properties":{"id":"toiletmap/d66dd91bddb0bc1819406d38","source":"toiletmap-uk","name":"Islington Green, Essex Road","fee":"yes","charge":"40p","access":null,"wheelchair":"yes","opening_hours":"Mo-Su 00:00-00:00","operator":null,"description":"It seems the toilet is under construction. \n\nThis door is regularly forced open and Islington Council are slow to reset it, which means it’s often out of order. Not a reliable bathroom.","password":null}},{"type":"Feature","geometry":{"type":"Point","coordinates":[-0.3816247,51.3562161]},"properties":{"id":"toiletmap/d6822909ae8123c52f7143b6","source":"toiletmap-uk","name":null,"fee":"no","charge":null,"access":null,"wheelchair":"no","opening_hours":null,"operator":null,"description":null,"password":null}},{"type":"Feature","geometry":{"type":"Point","coordinates":[0.010439157,51.514998918]},"properties":{"id":"toiletmap/d6a0f64cc7a9b5d1d13ce84b","source":"toiletmap-uk","name":"Morrisons","fee":"no","charge":null,"access":null,"wheelchair":"yes","opening_hours":null,"operator":null,"description":null,"password":null}},{"type":"Feature","geometry":{"type":"Point","coordinates":[-0.219785571,51.508200945]},"properties":{"id":"toiletmap/d6a814c2f04e92c2cc621951","source":"toiletmap-uk","name":"Westfield (next to Marks & Spencer lower level)","fee":"no","charge":null,"access":null,"wheelchair":"yes","opening_hours":null,"operator":null,"description":"Corridor near by Marks and Spencers (lower level of the main shopping centre).","password":null}},{"type":"Feature","geometry":{"type":"Point","coordinates":[-0.033195019,51.684576499]},"properties":{"id":"toiletmap/d6c6f56c983b72c0d3b3592c","source":"toiletmap-uk","name":"Pavilions Sopping centre","fee":"no","charge":null,"access":null,"wheelchair":"no","opening_hours":"Mo-Su 09:00-17:00","operator":null,"description":null,"password":null}},{"type":"Feature","geometry":{"type":"Point","coordinates":[-0.076687032,51.515424901]},"properties":{"id":"toiletmap/d6e4a8c7a98649827acfd22d","source":"toiletmap-uk","name":"La Piazetta","fee":"no","charge":null,"access":null,"wheelchair":"no","opening_hours":"Mo-Fr 09:00-17:00","operator":null,"description":"MONDAY TO FRIDAY: 11.00 - 23.00\r\n             \r\n              BANK HOLIDAYS: Closed. Part of City of London Community Toilet Scheme.","password":null}},{"type":"Feature","geometry":{"type":"Point","coordinates":[-0.322935283,51.45538753]},"properties":{"id":"toiletmap/d71376db379ecb0f963875ec","source":"toiletmap-uk","name":"Free Public Toilet","fee":"no","charge":null,"access":null,"wheelchair":"no","opening_hours":"Mo-Su 09:00-21:00","operator":null,"description":"Free Public Toilet. Ring doorbell to ask to use. House number 5","password":null}},{"type":"Feature","geometry":{"type":"Point","coordinates":[-0.412341356,51.573228862]},"properties":{"id":"toiletmap/d7375b9959567154f0c736ce","source":"toiletmap-uk","name":"Ruislip Manor Underground Station","fee":"no","charge":null,"access":null,"wheelchair":"yes","opening_hours":null,"operator":null,"description":"Toilet has not been open since pandemic. Notice at station says there are no toilets although you can see them through locked gate.","password":null}},{"type":"Feature","geometry":{"type":"Point","coordinates":[-0.2906682,51.4782814]},"properties":{"id":"toiletmap/d7a590b72f364edbe39eb201","source":"toiletmap-uk","name":"Kew Gardens","fee":"no","charge":null,"access":null,"wheelchair":"no","opening_hours":null,"operator":null,"description":null,"password":null}},{"type":"Feature","geometry":{"type":"Point","coordinates":[-0.22390008,51.497512731]},"properties":{"id":"toiletmap/d7e4f05eebcb9e6c15adbd1f","source":"toiletmap-uk","name":"Tesco Hammersmith","fee":"yes","charge":null,"access":null,"wheelchair":"yes","opening_hours":"Mo-Su 09:00-17:00","operator":null,"description":"MON-SAT 0800-2200. SUN 1100-1700. Part of Mayor of London's 'Open London' Community Toilet Scheme","password":null}},{"type":"Feature","geometry":{"type":"Point","coordinates":[-0.306375325,51.458953983]},"properties":{"id":"toiletmap/d80aa382e1b90b93532128e1","source":"toiletmap-uk","name":"Old Town Hall, Information & Reference Library","fee":"no","charge":null,"access":null,"wheelchair":"yes","opening_hours":null,"operator":null,"description":"Part of Richmond Community Toilet Scheme. (Disabled Entrance)","password":null}},{"type":"Feature","geometry":{"type":"Point","coordinates":[-0.228685141,51.358486998]},"properties":{"id":"toiletmap/d81acb344686e1a7299f492d","source":"toiletmap-uk","name":"Nonsuch Park Cafe","fee":"yes","charge":null,"access":null,"wheelchair":"no","opening_hours":null,"operator":null,"description":"Updated from Epsom and Ewell Council Website - Dec 2016.  SM3 8AL","password":null}},{"type":"Feature","geometry":{"type":"Point","coordinates":[-0.269240141,51.655802141]},"properties":{"id":"toiletmap/d81f6a8648c6193cb058027a","source":"toiletmap-uk","name":"Tesco ","fee":"no","charge":null,"access":null,"wheelchair":"yes","opening_hours":"Mo-Sa 06:00-00:00; Su 10:00-16:00","operator":null,"description":null,"password":null}},{"type":"Feature","geometry":{"type":"Point","coordinates":[0.011447667,51.517462539]},"properties":{"id":"toiletmap/d844366248c29ad31ae30109","source":"toiletmap-uk","name":"Canning Town Community Links","fee":"yes","charge":null,"access":null,"wheelchair":"yes","opening_hours":"Mo-Fr 09:00-17:00","operator":null,"description":"Monday to Tuesday from 9am - 6pm and Wednesday to Friday from 8am - 6pm, part of Newham community toilet scheme","password":null}},{"type":"Feature","geometry":{"type":"Point","coordinates":[-0.106505156,51.496447841]},"properties":{"id":"toiletmap/d8497f1e64ad0a3b518019b7","source":"toiletmap-uk","name":"Geraldine Mary Harmsworth Sports Facility","fee":"no","charge":null,"access":null,"wheelchair":"yes","opening_hours":"Mo-Fr 09:00-20:00; Sa-Su 09:00-17:00","operator":null,"description":null,"password":null}},{"type":"Feature","geometry":{"type":"Point","coordinates":[-0.168246415,51.407401968]},"properties":{"id":"toiletmap/d86b377f4e21afa7171dd83f","source":"toiletmap-uk","name":"Asda","fee":"no","charge":null,"access":null,"wheelchair":"yes","opening_hours":null,"operator":null,"description":null,"password":null}},{"type":"Feature","geometry":{"type":"Point","coordinates":[-0.051814914,51.562218462]},"properties":{"id":"toiletmap/d8eacfc55052ba8870507387","source":"toiletmap-uk","name":"Millfields Park Toilets","fee":"yes","charge":null,"access":null,"wheelchair":"no","opening_hours":"Mo-Su 09:00-18:00","operator":null,"description":"Close one hour before dusk","password":null}},{"type":"Feature","geometry":{"type":"Point","coordinates":[0.081957579,51.646965062]},"properties":{"id":"toiletmap/d918e9a28e0b816eb00229f1","source":"toiletmap-uk","name":"The Broadway. ","fee":null,"charge":null,"access":null,"wheelchair":"yes","opening_hours":null,"operator":null,"description":"Not been working for a long time","password":null}},{"type":"Feature","geometry":{"type":"Point","coordinates":[-0.209383965,51.521115996]},"properties":{"id":"toiletmap/d92a8c34bfa63130216705ba","source":"toiletmap-uk","name":"Bevington Road","fee":"yes","charge":null,"access":null,"wheelchair":"no","opening_hours":null,"operator":null,"description":"9am-6pm Mon-Thurs\r\n8am-6pm Fri-Sat\r\nUnderground - access via stairs.","password":null}},{"type":"Feature","geometry":{"type":"Point","coordinates":[-0.115340352,51.516960145]},"properties":{"id":"toiletmap/d92d50344bbe4bc65a6535ff","source":"toiletmap-uk","name":"Lincoln's Inn Fields Public Toilets (closed for refurbishment until 16 September 2026)","fee":"no","charge":null,"access":null,"wheelchair":"yes","opening_hours":null,"operator":null,"description":"Planned improvement works - Lincoln’s Inn Fields, closed 31 July 2026 to 16 September 2026 \n\n\nWill close at regular intervals during the day to be cleaned, and close at  end of the day cleaning.\nSummer/Autumn opening hours (1 June to 31 October): 9am to 7.45pm\nWinter/Spring opening hours (1 November to 31 May): 9am to 5.45pm","password":null}},{"type":"Feature","geometry":{"type":"Point","coordinates":[-0.067698956,51.430333767]},"properties":{"id":"toiletmap/d930a85cf512100556ca9e24","source":"toiletmap-uk","name":"Sydenham Wells Park Toilet","fee":"yes","charge":null,"access":null,"wheelchair":"yes","opening_hours":null,"operator":null,"description":"Mon, Fri, Sun 8am-3pm","password":null}},{"type":"Feature","geometry":{"type":"Point","coordinates":[-0.228422284,51.60227258]},"properties":{"id":"toiletmap/d941b1b4b546489282505cd5","source":"toiletmap-uk","name":"Copthall Playing Fields","fee":"no","charge":null,"access":null,"wheelchair":"no","opening_hours":null,"operator":null,"description":null,"password":null}},{"type":"Feature","geometry":{"type":"Point","coordinates":[-0.108697143,51.533794043]},"properties":{"id":"toiletmap/d948461a5c2e5412afb852e5","source":"toiletmap-uk","name":"Chapel Market, White Conduit Street","fee":"no","charge":null,"access":null,"wheelchair":"yes","opening_hours":null,"operator":null,"description":"Open 8am to 6pm, seven days a week.","password":null}},{"type":"Feature","geometry":{"type":"Point","coordinates":[-0.324362218,51.447632304]},"properties":{"id":"toiletmap/d94b4f5ffc898746a78e1fc9","source":"toiletmap-uk","name":"York House - Public Toilets","fee":"no","charge":null,"access":null,"wheelchair":"yes","opening_hours":"Mo-Tu 09:00-16:00; We 09:00-12:30; Th-Fr 09:00-16:00","operator":null,"description":null,"password":null}},{"type":"Feature","geometry":{"type":"Point","coordinates":[0.143646882,51.455783473]},"properties":{"id":"toiletmap/d956cd6fd250bb090e676f1f","source":"toiletmap-uk","name":"Central Library","fee":"no","charge":null,"access":null,"wheelchair":"yes","opening_hours":"Mo-We 09:30-17:30; Th 09:30-19:00; Sa 09:30-17:00","operator":null,"description":"There are 3 unisex cubicles plus 1 disabled toilet","password":null}},{"type":"Feature","geometry":{"type":"Point","coordinates":[0.041091442,51.539465638]},"properties":{"id":"toiletmap/d96b9ede13d11223ae839143","source":"toiletmap-uk","name":"Katherine Road Community Centre","fee":"no","charge":null,"access":null,"wheelchair":"no","opening_hours":"Mo-Fr 09:00-17:00","operator":null,"description":"Mon-Fri 9am-5pm. Part of Newham Community Toilet Scheme.","password":null}},{"type":"Feature","geometry":{"type":"Point","coordinates":[-0.143262148,51.642336339]},"properties":{"id":"toiletmap/d97707a4972290976e5aa39e","source":"toiletmap-uk","name":"Bramley Road, Chase Side","fee":"no","charge":null,"access":null,"wheelchair":"no","opening_hours":null,"operator":null,"description":null,"password":null}},{"type":"Feature","geometry":{"type":"Point","coordinates":[-0.026301742,51.42639374]},"properties":{"id":"toiletmap/d98ea1083d2b0ff56aca51cd","source":"toiletmap-uk","name":"Lidil","fee":"no","charge":null,"access":null,"wheelchair":"yes","opening_hours":"Mo-Su 09:00-17:00","operator":null,"description":"Just ask a worker","password":null}},{"type":"Feature","geometry":{"type":"Point","coordinates":[0.044282703,51.417119053]},"properties":{"id":"toiletmap/d998625080583e53f837aa62","source":"toiletmap-uk","name":"Elmstead Woods Station","fee":"no","charge":null,"access":null,"wheelchair":"no","opening_hours":null,"operator":null,"description":null,"password":null}},{"type":"Feature","geometry":{"type":"Point","coordinates":[-0.163383008,51.4461876]},"properties":{"id":"toiletmap/d9c297cd0338f9e37295474f","source":"toiletmap-uk","name":"Wandsworth Common Station","fee":"no","charge":null,"access":null,"wheelchair":"no","opening_hours":null,"operator":null,"description":null,"password":null}},{"type":"Feature","geometry":{"type":"Point","coordinates":[-0.111724734,51.462701103]},"properties":{"id":"toiletmap/d9d34899f664332aec2de7b3","source":"toiletmap-uk","name":"Brixton market/village toilets","fee":"no","charge":null,"access":null,"wheelchair":"yes","opening_hours":null,"operator":null,"description":null,"password":null}},{"type":"Feature","geometry":{"type":"Point","coordinates":[0.021233041,51.538717114]},"properties":{"id":"toiletmap/d9d5f5dcc75b744c386bfdb3","source":"toiletmap-uk","name":"West ham park","fee":"no","charge":null,"access":null,"wheelchair":null,"opening_hours":null,"operator":null,"description":"Park closes at sunset","password":null}},{"type":"Feature","geometry":{"type":"Point","coordinates":[-0.139434636,51.514046874]},"properties":{"id":"toiletmap/da10dd72c4a3f846d51007af","source":"toiletmap-uk","name":"Carnaby Street Temporary Toilets","fee":"no","charge":null,"access":null,"wheelchair":"no","opening_hours":null,"operator":null,"description":"Chemical Toilet Temporary Toilets Open Thursday 8pm-Monday 6am ","password":null}},{"type":"Feature","geometry":{"type":"Point","coordinates":[-0.1300195,51.5046837]},"properties":{"id":"toiletmap/da2d6315d2d29d364869d0f8","source":"toiletmap-uk","name":"Horse Guard Toilets","fee":"yes","charge":"20p cards or mobile payments only","access":null,"wheelchair":"yes","opening_hours":"Mo-Su 05:00-12:00","operator":null,"description":"Accessible, RADAR key operated toilets are available near Horse Guards Road and the playground area. ","password":null}},{"type":"Feature","geometry":{"type":"Point","coordinates":[0.169237354,51.393387282]},"properties":{"id":"toiletmap/da4cab737126fa84cb89976f","source":"toiletmap-uk","name":"Swanley Station","fee":"no","charge":null,"access":null,"wheelchair":"no","opening_hours":null,"operator":null,"description":null,"password":null}},{"type":"Feature","geometry":{"type":"Point","coordinates":[0.0127244,51.569807987]},"properties":{"id":"toiletmap/da4d7cf219273d081fd580fe","source":"toiletmap-uk","name":"The Walnut Tree Pub","fee":"no","charge":null,"access":null,"wheelchair":"yes","opening_hours":null,"operator":null,"description":"Mon-Thurs, Sun: 8am-12midnight; Fri-Sat: 8am-1am. Part of Waltham Forest Community Toilet Scheme.","password":null}},{"type":"Feature","geometry":{"type":"Point","coordinates":[-0.073805133,51.513624998]},"properties":{"id":"toiletmap/da6f86bbea8b9de1a65e2438","source":"toiletmap-uk","name":"The Duke of Somerset","fee":"no","charge":null,"access":null,"wheelchair":"yes","opening_hours":"Mo-Fr 09:00-17:00","operator":null,"description":"MONDAY TO FRIDAY: 11.00 - 23.00. Part of City of London Community Toilet Scheme.","password":null}},{"type":"Feature","geometry":{"type":"Point","coordinates":[-0.12765544,51.537618171]},"properties":{"id":"toiletmap/da8ef4befe104c37efca5830","source":"toiletmap-uk","name":null,"fee":"yes","charge":"0.20","access":null,"wheelchair":"yes","opening_hours":"Mo-Su 09:00-17:00","operator":null,"description":null,"password":null}},{"type":"Feature","geometry":{"type":"Point","coordinates":[-0.0684732,51.4727711]},"properties":{"id":"toiletmap/daa9e356a8c7f1f3470fe973","source":"toiletmap-uk","name":null,"fee":"no","charge":null,"access":null,"wheelchair":"no","opening_hours":null,"operator":null,"description":null,"password":null}},{"type":"Feature","geometry":{"type":"Point","coordinates":[-0.330373049,51.298137713]},"properties":{"id":"toiletmap/dae4fe67f74e8a1c6ab7c699","source":"toiletmap-uk","name":"BP Connect Filling Station - Leatherhead","fee":"yes","charge":null,"access":null,"wheelchair":"yes","opening_hours":"Mo-Su 09:00-17:00","operator":null,"description":"M&S Shop; ATM; Wild Bean Cafe ( Hot & Cold Snacks); Opening Mon - Sun 6am - 11pm KT22 7BL","password":null}},{"type":"Feature","geometry":{"type":"Point","coordinates":[-0.062082936,51.526626165]},"properties":{"id":"toiletmap/daec5e3e45caf7c95834b6a9","source":"toiletmap-uk","name":"Nandos","fee":"no","charge":null,"access":null,"wheelchair":"yes","opening_hours":"Mo-Fr 11:00-22:00; Sa-Su 11:00-23:00","operator":null,"description":"A Tower Hamlets Community Toilet Scheme venue. The disabled toilet is located on the ground floor and the men's and women's are downstairs.","password":null}},{"type":"Feature","geometry":{"type":"Point","coordinates":[0.01880765,51.435940529]},"properties":{"id":"toiletmap/db276a28094e4bbb84117d51","source":"toiletmap-uk","name":"Ringway Centre / Grove Park Community Group","fee":"no","charge":null,"access":null,"wheelchair":"no","opening_hours":"Mo-Su 09:00-17:00","operator":null,"description":"Mon-Sun: 8.30am-10pm\nPart of Lewisham Community Toilet Scheme","password":null}},{"type":"Feature","geometry":{"type":"Point","coordinates":[-0.216530438,51.390812522]},"properties":{"id":"toiletmap/db481e3edba0f39132bc0d1a","source":"toiletmap-uk","name":"LOWER MORDEN BLUE DIAMOND GARDEN CENTRE ","fee":"no","charge":null,"access":null,"wheelchair":"yes","opening_hours":"Mo-Sa 08:30-17:30; Su 10:00-16:00","operator":null,"description":" Customer toilets near cafe. https://www.bluediamond.gg/our-locations/lower-morden-garden-centre?srsltid=AfmBOopwhPZ_QUGoQzdeofAKKGQBllpJdjU2gemLziYijIuJhCEZsCBi.","password":null}},{"type":"Feature","geometry":{"type":"Point","coordinates":[-0.05604744,51.435734865]},"properties":{"id":"toiletmap/db7f23212a5bf27f69117b08","source":"toiletmap-uk","name":"Forest Hill Library","fee":"no","charge":null,"access":null,"wheelchair":"no","opening_hours":"Mo-Fr 09:00-17:00","operator":null,"description":"Monday - Friday\r\n9am - 7:30pm\r\nSaturday\r\n9am–5pm\r\nSunday\r\n10am–4pm","password":null}},{"type":"Feature","geometry":{"type":"Point","coordinates":[0.115624666,51.315173882]},"properties":{"id":"toiletmap/db96645a694e83771e9fff41","source":"toiletmap-uk","name":"Coolings Garden Centre Knockholt","fee":"yes","charge":null,"access":null,"wheelchair":"no","opening_hours":"Mo-Su 09:00-17:00","operator":null,"description":"Monday to Saturday: 9am – 5pm\r\nSunday: 10am – 4.30pm; Cafe and 6 acre nature trail. TN14 7LJ","password":null}},{"type":"Feature","geometry":{"type":"Point","coordinates":[-0.403628771,51.515482318]},"properties":{"id":"toiletmap/db96fad6cd041621da626bc6","source":"toiletmap-uk","name":"Sainsburys","fee":"no","charge":null,"access":null,"wheelchair":"yes","opening_hours":"Mo-Su 09:00-17:00","operator":null,"description":null,"password":null}},{"type":"Feature","geometry":{"type":"Point","coordinates":[-0.119206309,51.499501982]},"properties":{"id":"toiletmap/db988a7f97e3c8079d8522ef","source":"toiletmap-uk","name":"Hospital","fee":"no","charge":null,"access":null,"wheelchair":"no","opening_hours":"Mo-Su 00:00-00:00","operator":null,"description":null,"password":null}},{"type":"Feature","geometry":{"type":"Point","coordinates":[-0.042657852,51.533389322]},"properties":{"id":"toiletmap/dba511ce2d929ebed551001b","source":"toiletmap-uk","name":"Victoria Park Public Toilets (Crown Gate)","fee":"no","charge":null,"access":null,"wheelchair":"yes","opening_hours":"Mo-Su 08:00-17:00","operator":null,"description":" A Tower Hamlets Community Toilet Scheme Venue. Toilets are located next to West Lake behind the Pavilion cafe. Please note all toilets in Victoria Park close one hour before the parks closing time. The parks closing time varies throughout the year, coinciding with sunset.","password":null}},{"type":"Feature","geometry":{"type":"Point","coordinates":[-0.029737651,51.532683566]},"properties":{"id":"toiletmap/dbc78bfa1da20818b008bf5a","source":"toiletmap-uk","name":"Idea Store Bow","fee":"no","charge":null,"access":null,"wheelchair":"yes","opening_hours":"Mo-Fr 09:00-21:00; Sa 09:00-17:00; Su 11:00-15:00","operator":null,"description":"A Tower Hamlets Community Toilet Scheme Venue. All 3 toilets are located on the ground floor. The disabled toilet is a unisex toilet. ","password":null}},{"type":"Feature","geometry":{"type":"Point","coordinates":[-0.164411366,51.455113363]},"properties":{"id":"toiletmap/dbcc664abb44c59782569a99","source":"toiletmap-uk","name":"Northcote Library","fee":"no","charge":null,"access":null,"wheelchair":"no","opening_hours":null,"operator":null,"description":"Part of council Community Toilet Scheme","password":null}},{"type":"Feature","geometry":{"type":"Point","coordinates":[-0.115581751,51.55562495]},"properties":{"id":"toiletmap/dbe888b86933ca4047842002","source":"toiletmap-uk","name":"The Coronet","fee":"yes","charge":null,"access":null,"wheelchair":"yes","opening_hours":"Mo-Su 09:00-17:00","operator":null,"description":"Large public house.","password":null}},{"type":"Feature","geometry":{"type":"Point","coordinates":[-0.149978077,51.652113271]},"properties":{"id":"toiletmap/dc13e41d1201dd22cc84bbae","source":"toiletmap-uk","name":"Gas Station Toilet","fee":"no","charge":null,"access":null,"wheelchair":"yes","opening_hours":null,"operator":null,"description":null,"password":null}},{"type":"Feature","geometry":{"type":"Point","coordinates":[-0.085452268,51.510042344]},"properties":{"id":"toiletmap/dc54d34eb0dd4651e2ec05a8","source":"toiletmap-uk","name":"Monument Pavilion (Automatic)","fee":"yes","charge":"£0.50","access":null,"wheelchair":"yes","opening_hours":null,"operator":null,"description":"50p charge or RADAR key. Please note from time to time public conveniences may be closed for maintentance, repair or other reasons.","password":null}},{"type":"Feature","geometry":{"type":"Point","coordinates":[0.010538399,51.456007531]},"properties":{"id":"toiletmap/dcc6ce8e5c6f2bcb0e48405e","source":"toiletmap-uk","name":"Sainsburys","fee":"yes","charge":null,"access":null,"wheelchair":"yes","opening_hours":null,"operator":null,"description":"Sainsburys is part of the Lewisham Community Toilet Scheme","password":null}},{"type":"Feature","geometry":{"type":"Point","coordinates":[-0.338655586,51.511739107]},"properties":{"id":"toiletmap/dd0a188024e634879d46ba9e","source":"toiletmap-uk","name":"Hanwell Rail Station","fee":"no","charge":null,"access":null,"wheelchair":"yes","opening_hours":null,"operator":null,"description":"Inside the waiting room on Platform 3 (Elizabeth Line, towards Central London). Sometimes you need to ask the staff need to unlock it.","password":null}},{"type":"Feature","geometry":{"type":"Point","coordinates":[0.016790628,51.404943398]},"properties":{"id":"toiletmap/dd379cdc9238abb0829439af","source":"toiletmap-uk","name":"Intu Bromley","fee":"yes","charge":null,"access":null,"wheelchair":"yes","opening_hours":"Mo-Su 09:00-17:00","operator":null,"description":"There are several toilets in this large shopping precinct.","password":null}},{"type":"Feature","geometry":{"type":"Point","coordinates":[-0.144099418,51.563736]},"properties":{"id":"toiletmap/dd3df4c10ee14d15b4785d63","source":"toiletmap-uk","name":"Highgate Library","fee":"no","charge":null,"access":null,"wheelchair":"yes","opening_hours":"Tu-We 10:00-17:00; Th 10:00-19:00; Sa 10:00-16:00","operator":null,"description":null,"password":null}},{"type":"Feature","geometry":{"type":"Point","coordinates":[0.083540082,51.645232467]},"properties":{"id":"toiletmap/dd7093150d873abef244e562","source":"toiletmap-uk","name":"Debden Underground Station","fee":"no","charge":null,"access":null,"wheelchair":"no","opening_hours":null,"operator":null,"description":"Located inside the station, after passing through the barriers\nOn Platform 1","password":null}},{"type":"Feature","geometry":{"type":"Point","coordinates":[0.2147775,51.540889]},"properties":{"id":"toiletmap/dd729aa905c9736eba15f556","source":"toiletmap-uk","name":" Ingrebourne Valley Nature Discovery Centre","fee":"no","charge":null,"access":null,"wheelchair":"yes","opening_hours":null,"operator":null,"description":"Ingrebourne Valley Nature Discovery Centre is open 7 days a week.\nWinter opening hours:\n10am – 4pm, 1 November – 15 February.\nSummer opening hours:\n10am – 5pm, 15 February – 31 October.","password":null}},{"type":"Feature","geometry":{"type":"Point","coordinates":[-0.40871501,51.600280042]},"properties":{"id":"toiletmap/dd7ff9a3dec0dca47744e6fc","source":"toiletmap-uk","name":"Northwood Hills Tube Station","fee":"no","charge":null,"access":null,"wheelchair":"no","opening_hours":null,"operator":null,"description":"Toilets are inside ticket gateline! Ask TfL staff for access. ","password":null}},{"type":"Feature","geometry":{"type":"Point","coordinates":[0.0104177,51.568160808]},"properties":{"id":"toiletmap/ddc5291d0b3c0f80487f0a55","source":"toiletmap-uk","name":"Leytonstone Library","fee":"yes","charge":null,"access":null,"wheelchair":"yes","opening_hours":"Mo-Su 09:00-17:00","operator":null,"description":"Mon-Fri: 9am-7pm; Sat: 9am-6pm; Sun: 12noon-4pm. Part of Waltham Forest Community Toilet Scheme.","password":null}},{"type":"Feature","geometry":{"type":"Point","coordinates":[-0.001319647,51.60897939]},"properties":{"id":"toiletmap/ddcec33cd5cd281117fde224","source":"toiletmap-uk","name":"Shell Larkshall Road","fee":"no","charge":null,"access":null,"wheelchair":null,"opening_hours":null,"operator":null,"description":null,"password":null}},{"type":"Feature","geometry":{"type":"Point","coordinates":[-0.194422603,51.402234415]},"properties":{"id":"toiletmap/ddf9c80a9b2f5fc8027668fd","source":"toiletmap-uk","name":"Rosy Lea Cafe","fee":"no","charge":null,"access":null,"wheelchair":"no","opening_hours":null,"operator":null,"description":"Mon - Sat: 8.00 - 16.00, CLOSED SUNDAY.","password":null}},{"type":"Feature","geometry":{"type":"Point","coordinates":[0.0503164,51.5989892]},"properties":{"id":"toiletmap/ddfca08a4c926aa07d2bad20","source":"toiletmap-uk","name":null,"fee":"no","charge":null,"access":null,"wheelchair":"no","opening_hours":null,"operator":null,"description":null,"password":null}},{"type":"Feature","geometry":{"type":"Point","coordinates":[-0.141524076,51.496862952]},"properties":{"id":"toiletmap/de020649a74895cd55260abb","source":"toiletmap-uk","name":"Victoria Tube Station (Cardinal Place) ","fee":"no","charge":null,"access":null,"wheelchair":"yes","opening_hours":null,"operator":null,"description":"In the ticket hall, behind the gateline. Toilets are kept locked - ask at the gateline for access.  TfL policy is to grant non-passengers access to toilets.  ","password":null}},{"type":"Feature","geometry":{"type":"Point","coordinates":[-0.011989474,51.559330374]},"properties":{"id":"toiletmap/de0573ec3c12f47738777a5b","source":"toiletmap-uk","name":"Coronation Gardens Park","fee":"yes","charge":null,"access":null,"wheelchair":"yes","opening_hours":null,"operator":null,"description":"1pm-late/sunset (Oct-Apr); 2pm-late/sunset (May-Sept). From council website, though those opening times seem the wrong way round? Exact location unknown but guessed to be this building. Part of Waltham Forest Community Toilet Scheme.","password":null}},{"type":"Feature","geometry":{"type":"Point","coordinates":[-0.123778582,51.486203405]},"properties":{"id":"toiletmap/de0cc05222c08474e0d9e8b3","source":"toiletmap-uk","name":"Vauxhall bus station","fee":"no","charge":null,"access":null,"wheelchair":"no","opening_hours":"Mo-Su 09:00-17:00","operator":null,"description":"Toilets are open until 20:00 daily but the disabled toilet should be open 24/7 ask to use it if they double lock it.","password":null}},{"type":"Feature","geometry":{"type":"Point","coordinates":[-0.009039044,51.486924872]},"properties":{"id":"toiletmap/de36359f5ff908153739b2e8","source":"toiletmap-uk","name":"The Rotunda","fee":"no","charge":null,"access":null,"wheelchair":"yes","opening_hours":"Mo-Su 08:00-17:00","operator":null,"description":"A Tower Hamlets Community Toilet Scheme Venue. The toilets are located on the groundfloor.","password":null}},{"type":"Feature","geometry":{"type":"Point","coordinates":[-0.056768954,51.51119505]},"properties":{"id":"toiletmap/de3f4e32b9dcbe24a5309c92","source":"toiletmap-uk","name":"Querky Cafe","fee":"no","charge":null,"access":null,"wheelchair":"no","opening_hours":"Mo-Fr 08:00-19:00; Sa 10:00-19:00; Su 10:00-16:00","operator":null,"description":"A Tower Hamlets Community Toilet Scheme Venue. The toilet is located on the ground floor.","password":null}},{"type":"Feature","geometry":{"type":"Point","coordinates":[-0.275790095,51.655923236]},"properties":{"id":"toiletmap/de642abaab098aa321e4f737","source":"toiletmap-uk","name":"Caffé Nero","fee":null,"charge":null,"access":null,"wheelchair":"no","opening_hours":"Mo-Su 09:00-17:00","operator":null,"description":"Opening hours: \nMonday-Friday: 7am- 5:30pm\nSaturday: 8am-5:30pm\nSunday: 8:30am-5:30pm","password":null}},{"type":"Feature","geometry":{"type":"Point","coordinates":[0.103325844,51.671767884]},"properties":{"id":"toiletmap/de644f28475d1dad13f67baa","source":"toiletmap-uk","name":"Theydon Bois Station","fee":"no","charge":null,"access":null,"wheelchair":null,"opening_hours":null,"operator":null,"description":"Toilets are open whenever the station is staffed. \n\nLadies’ toilet is at the front of the station. \nMen’s toilet is accessed from the platform ","password":null}},{"type":"Feature","geometry":{"type":"Point","coordinates":[-0.309608136,51.487536345]},"properties":{"id":"toiletmap/de788ad627a57ecfd38051e1","source":"toiletmap-uk","name":"Brentford Station","fee":"no","charge":null,"access":null,"wheelchair":"yes","opening_hours":null,"operator":null,"description":"Info provided by Hounslow Borough Council. Toilets may be behind ticket barriers.","password":null}},{"type":"Feature","geometry":{"type":"Point","coordinates":[-0.087257624,51.503209751]},"properties":{"id":"toiletmap/de8e1011a97f56cc17d2d6c8","source":"toiletmap-uk","name":"Guys Hospital Main Entrance","fee":"no","charge":null,"access":null,"wheelchair":"no","opening_hours":null,"operator":null,"description":"Other toilets available around the hospital.  Checked September 2019","password":null}},{"type":"Feature","geometry":{"type":"Point","coordinates":[-0.339023173,51.43882288]},"properties":{"id":"toiletmap/dee6b1ea65fc0a71b8ec757a","source":"toiletmap-uk","name":"Strawberry Hill Cafe","fee":"no","charge":null,"access":null,"wheelchair":"no","opening_hours":"Mo-Fr 08:00-17:30; Sa 09:00-14:00","operator":null,"description":"Part of Richmond Council's Community Toilet Scheme.","password":null}},{"type":"Feature","geometry":{"type":"Point","coordinates":[0.081882477,51.586003186]},"properties":{"id":"toiletmap/def27da381fe7cc3eade00e8","source":"toiletmap-uk","name":"Tesco Ilford","fee":"yes","charge":null,"access":null,"wheelchair":"yes","opening_hours":"Mo-Su 09:00-17:00","operator":null,"description":"MON-FRI 0800-2200. SAT 0800-midnight. SUN 1000-1600.","password":null}},{"type":"Feature","geometry":{"type":"Point","coordinates":[-0.13563976,51.3152786]},"properties":{"id":"toiletmap/def4f9f10ea3661a435ca37f","source":"toiletmap-uk","name":null,"fee":"no","charge":null,"access":null,"wheelchair":"no","opening_hours":null,"operator":null,"description":null,"password":null}},{"type":"Feature","geometry":{"type":"Point","coordinates":[-0.26112913,51.652137425]},"properties":{"id":"toiletmap/defc1a12a8026d061ec6c37f","source":"toiletmap-uk","name":"Manor Café ","fee":"no","charge":null,"access":null,"wheelchair":null,"opening_hours":"Mo-Fr 07:00-16:00; Sa 07:30-16:00","operator":null,"description":"Participant of Hertsmere Borough Council's Community Toilet Scheme","password":null}},{"type":"Feature","geometry":{"type":"Point","coordinates":[-0.34830004,51.51218202]},"properties":{"id":"toiletmap/df0e6a3720b7d1608aff505d","source":"toiletmap-uk","name":null,"fee":"no","charge":null,"access":null,"wheelchair":"no","opening_hours":null,"operator":null,"description":null,"password":null}},{"type":"Feature","geometry":{"type":"Point","coordinates":[-0.350500345,51.435316846]},"properties":{"id":"toiletmap/df2f6d3d2a40be19bce1b101","source":"toiletmap-uk","name":"Lidl","fee":"no","charge":null,"access":null,"wheelchair":"yes","opening_hours":"Mo-Sa 07:00-22:00; Su 10:00-16:00","operator":null,"description":null,"password":null}},{"type":"Feature","geometry":{"type":"Point","coordinates":[-0.049714651,51.425791529]},"properties":{"id":"toiletmap/df3ef393c6ee794ff19ea283","source":"toiletmap-uk","name":"The gym group","fee":"yes","charge":"GYM","access":null,"wheelchair":null,"opening_hours":null,"operator":null,"description":null,"password":null}},{"type":"Feature","geometry":{"type":"Point","coordinates":[-0.057970545,51.514544872]},"properties":{"id":"toiletmap/df6873825ca7484eda0204d2","source":"toiletmap-uk","name":"The Hungerford Arms","fee":"no","charge":null,"access":null,"wheelchair":null,"opening_hours":"Mo 10:00-23:00; Tu 11:00-23:00; We-Sa 10:00-23:00; Su 11:00-23:00","operator":null,"description":"A Tower Hamlets Council Community Toilet venue. The toilets are located on the ground floor.","password":null}},{"type":"Feature","geometry":{"type":"Point","coordinates":[-0.423792891,51.465643844]},"properties":{"id":"toiletmap/df89e3600fd50a2b676efd6e","source":"toiletmap-uk","name":"BP Feltham","fee":"no","charge":null,"access":null,"wheelchair":"no","opening_hours":"Mo-Su 00:00-00:00","operator":null,"description":null,"password":null}},{"type":"Feature","geometry":{"type":"Point","coordinates":[-0.0957504,51.609744]},"properties":{"id":"toiletmap/df93df11ab13592cd8454eef","source":"toiletmap-uk","name":"Boundary Playing Fields, Tottenhall Rd","fee":"no","charge":null,"access":null,"wheelchair":"yes","opening_hours":null,"operator":null,"description":null,"password":null}},{"type":"Feature","geometry":{"type":"Point","coordinates":[0.027551651,51.462104119]},"properties":{"id":"toiletmap/df9496ab9a0cb4916d14c5da","source":"toiletmap-uk","name":"Kidbrooke Station","fee":"no","charge":null,"access":null,"wheelchair":"no","opening_hours":null,"operator":null,"description":null,"password":null}},{"type":"Feature","geometry":{"type":"Point","coordinates":[0.036773086,51.30906104]},"properties":{"id":"toiletmap/dfa45782528e5940abb5642f","source":"toiletmap-uk","name":"Waitrose - Biggin Hill","fee":"no","charge":null,"access":null,"wheelchair":"no","opening_hours":"Mo-Su 09:00-17:00","operator":null,"description":"Mon-Fri 8.30-21.00. Sat 8.30-20.00. Sun 10.00-16.00. Cafe closes at 6pm on a weekday.  Part of Bromley Council Community Toilet Scheme and Mayor of London Open London Scheme. Checked Jan 2017.   TN16 3BB","password":null}},{"type":"Feature","geometry":{"type":"Point","coordinates":[-0.120589435,51.523726086]},"properties":{"id":"toiletmap/dfedbe25a5267a0d83aa54a8","source":"toiletmap-uk","name":"Coram's Field (only allowed in with a child)","fee":"no","charge":null,"access":null,"wheelchair":null,"opening_hours":"Mo-Su 10:00-18:00","operator":null,"description":"The entrance to Coram's Fields is Guildford Street opposite Guildford Place. Coram's Fields is a children's play area. You are only supposed to go in if you have a child with you. But in a loo emergency I'm sure it is fine to go in - there is no-one checking and the front gate is open.","password":null}},{"type":"Feature","geometry":{"type":"Point","coordinates":[-0.11515419,51.506691407]},"properties":{"id":"toiletmap/e00140b8c37f1b4bee6eb494","source":"toiletmap-uk","name":"BFI Southbank","fee":"no","charge":null,"access":null,"wheelchair":null,"opening_hours":null,"operator":null,"description":null,"password":null}},{"type":"Feature","geometry":{"type":"Point","coordinates":[-0.06744951,51.507177263]},"properties":{"id":"toiletmap/e01ac23dd16c97bd7e3f934e","source":"toiletmap-uk","name":"Moretown Belle","fee":"no","charge":null,"access":null,"wheelchair":"no","opening_hours":"Mo-We 08:00-23:00; Th-Fr 08:00-00:00; Sa 08:00-23:00; Su 10:30-22:30","operator":null,"description":"A Tower Hamlets Community Toilet Scheme Venue. All of the toilets can be found on the ground floor.","password":null}},{"type":"Feature","geometry":{"type":"Point","coordinates":[-0.362996221,51.468738224]},"properties":{"id":"toiletmap/e01fbe91a2edd9f42368754a","source":"toiletmap-uk","name":"McDonald's","fee":"no","charge":null,"access":null,"wheelchair":"no","opening_hours":null,"operator":null,"description":"Part of Hounslow Community Toilet Scheme","password":null}},{"type":"Feature","geometry":{"type":"Point","coordinates":[-0.082547665,51.651241781]},"properties":{"id":"toiletmap/e02082c6b396ed1564faa4a0","source":"toiletmap-uk","name":"Marks and Spencer’s","fee":"no","charge":null,"access":null,"wheelchair":null,"opening_hours":null,"operator":null,"description":"First floor near the cafe","password":null}},{"type":"Feature","geometry":{"type":"Point","coordinates":[-0.071293461,51.417595453]},"properties":{"id":"toiletmap/e02728e1205d7377fbd06bdd","source":"toiletmap-uk","name":"Crystal Palace Station","fee":"no","charge":null,"access":null,"wheelchair":"no","opening_hours":null,"operator":null,"description":"Toilets on platform side of gateline. Ask staff for access if not travelling.\n\nUpdate July 2025 - toilets kept locked by station staff. Ask for access?","password":null}},{"type":"Feature","geometry":{"type":"Point","coordinates":[-0.075895786,51.546335048]},"properties":{"id":"toiletmap/e02cfd74ec7422cebf56661e","source":"toiletmap-uk","name":"Closed due to Coronavirus","fee":"yes","charge":"true","access":null,"wheelchair":"no","opening_hours":null,"operator":null,"description":null,"password":null}},{"type":"Feature","geometry":{"type":"Point","coordinates":[-0.405920688,51.516021057]},"properties":{"id":"toiletmap/e0334c0355d4681bd8993ed6","source":"toiletmap-uk","name":"Mothercare","fee":"no","charge":null,"access":null,"wheelchair":"no","opening_hours":"Mo-Su 09:00-17:00","operator":null,"description":"Breastfeeding room available also","password":null}},{"type":"Feature","geometry":{"type":"Point","coordinates":[0.109079892,51.356255503]},"properties":{"id":"toiletmap/e05857a7aa1b468f4ce43b37","source":"toiletmap-uk","name":"Chelsfield Station","fee":"no","charge":null,"access":null,"wheelchair":"no","opening_hours":null,"operator":null,"description":null,"password":null}},{"type":"Feature","geometry":{"type":"Point","coordinates":[-0.303827226,51.457302708]},"properties":{"id":"toiletmap/e073a36a7c690ae842e5048c","source":"toiletmap-uk","name":"The Victoria","fee":"no","charge":null,"access":null,"wheelchair":"no","opening_hours":"Mo-Th 12:00-23:30; Fr-Sa 12:00-00:00; Su 13:00-22:50","operator":null,"description":"Part of Richmond Council's Community Toilet Scheme","password":null}},{"type":"Feature","geometry":{"type":"Point","coordinates":[-0.130553842,51.510553715]},"properties":{"id":"toiletmap/e08c6f473a16c1b1f237c6c9","source":"toiletmap-uk","name":"Leicester Square","fee":"no","charge":null,"access":null,"wheelchair":"no","opening_hours":"Mo-Su 08:00-00:00","operator":null,"description":"located below ground - access by steps only.","password":null}},{"type":"Feature","geometry":{"type":"Point","coordinates":[-0.194985867,51.402585806]},"properties":{"id":"toiletmap/e12080999d5b5e2ba51bee0b","source":"toiletmap-uk","name":"Morden Tube Station","fee":"no","charge":null,"access":null,"wheelchair":"yes","opening_hours":null,"operator":null,"description":"One accessible toilet, one gender-neutral toilet. Both with baby-changing. ","password":null}},{"type":"Feature","geometry":{"type":"Point","coordinates":[0.014612675,51.40370689]},"properties":{"id":"toiletmap/e12e04152677ee88db47ab04","source":"toiletmap-uk","name":"Bromley Central Library","fee":"no","charge":null,"access":null,"wheelchair":"no","opening_hours":null,"operator":null,"description":"Mon, Weds, Fri: 9.30 - 18.00. Tues, Thurs: 9.30 - 20.00. Sat: 9.00 - 17.00. Part of Bromley Council Community Toilet Scheme.\n\n26/7/24 was told they don't have toilets. ","password":null}},{"type":"Feature","geometry":{"type":"Point","coordinates":[-0.101375992,51.512719121]},"properties":{"id":"toiletmap/e146b4f862130b521889fed7","source":"toiletmap-uk","name":"The Cockpit","fee":"no","charge":null,"access":null,"wheelchair":"no","opening_hours":null,"operator":null,"description":"7 St Andrews Hill, London, EC4V 5BY\r\n              020 7248 7315\r\n              Male & Female Toilets\r\n              MONDAY TO FRIDAY: 11.00 - 23.00\r\n              SATURDAY: Closed \r\n              SUNDAY: Closed","password":null}},{"type":"Feature","geometry":{"type":"Point","coordinates":[-0.312370062,51.451596689]},"properties":{"id":"toiletmap/e18253b542664d0770d35247","source":"toiletmap-uk","name":"Marble Hill Park","fee":"no","charge":null,"access":null,"wheelchair":"yes","opening_hours":null,"operator":null,"description":null,"password":null}},{"type":"Feature","geometry":{"type":"Point","coordinates":[-0.187006295,51.442235402]},"properties":{"id":"toiletmap/e207fbccfd5619e5bde1d6a9","source":"toiletmap-uk","name":"Earlsfield Library","fee":"no","charge":null,"access":null,"wheelchair":"no","opening_hours":null,"operator":null,"description":"Part of council Community Toilet Scheme","password":null}},{"type":"Feature","geometry":{"type":"Point","coordinates":[-0.190297365,51.456323213]},"properties":{"id":"toiletmap/e20f58a82c746d98909c6e99","source":"toiletmap-uk","name":"South Thames College","fee":"no","charge":null,"access":null,"wheelchair":"yes","opening_hours":"Mo-Fr 08:00-17:00","operator":null,"description":"Multiple Radar key operated toilets inside the college campus","password":null}},{"type":"Feature","geometry":{"type":"Point","coordinates":[-0.304698944,51.411306114]},"properties":{"id":"toiletmap/e28e8ec0003b1e92d23e896a","source":"toiletmap-uk","name":"Bentall Centre","fee":"no","charge":null,"access":null,"wheelchair":"yes","opening_hours":"Mo-We 09:30-18:00; Th 09:00-21:00; Fr 09:30-18:00; Sa 09:00-19:00; Su 11:00-18:00","operator":null,"description":"Located on 2nd floor.","password":null}},{"type":"Feature","geometry":{"type":"Point","coordinates":[-0.299785137,51.410369246]},"properties":{"id":"toiletmap/e2a3ddb5553579152fb43ebb","source":"toiletmap-uk","name":"Bus Station","fee":"no","charge":null,"access":null,"wheelchair":"no","opening_hours":null,"operator":null,"description":"Check signs for exact location","password":null}},{"type":"Feature","geometry":{"type":"Point","coordinates":[0.120549202,51.491021735]},"properties":{"id":"toiletmap/e2bf07589c4baf26d7f89bb2","source":"toiletmap-uk","name":"Abbey Wood Station (paid area)","fee":"no","charge":null,"access":null,"wheelchair":"yes","opening_hours":null,"operator":null,"description":"Inside ticket barriers. Men and Women toilets open daily until 8pm. ","password":null}},{"type":"Feature","geometry":{"type":"Point","coordinates":[-0.323592424,51.543506185]},"properties":{"id":"toiletmap/e2d3c76d46978b1d1d9e990f","source":"toiletmap-uk","name":"Horsenden Farm","fee":"no","charge":null,"access":null,"wheelchair":null,"opening_hours":null,"operator":null,"description":"Cafe open on Fridays 11-14, Saturday and Sunday 10-16","password":null}},{"type":"Feature","geometry":{"type":"Point","coordinates":[-0.307922959,51.391368429]},"properties":{"id":"toiletmap/e310c92476d974871e81cfa1","source":"toiletmap-uk","name":"Sainsbury's Superstore - Surbiton","fee":"yes","charge":null,"access":null,"wheelchair":"yes","opening_hours":"Mo-Su 09:00-17:00","operator":null,"description":"No Cafe. KT6 4NG","password":null}},{"type":"Feature","geometry":{"type":"Point","coordinates":[-0.095856786,51.372237487]},"properties":{"id":"toiletmap/e3317ae7e2f28d882a0ea061","source":"toiletmap-uk","name":"Fairfield Halls - Croydon","fee":"yes","charge":null,"access":null,"wheelchair":"yes","opening_hours":null,"operator":null,"description":".","password":null}},{"type":"Feature","geometry":{"type":"Point","coordinates":[-0.176644921,51.432177059]},"properties":{"id":"toiletmap/e37570c6c29462c8f63dc05a","source":"toiletmap-uk","name":"Streatham Cemetery","fee":"no","charge":null,"access":null,"wheelchair":null,"opening_hours":null,"operator":null,"description":"Mens womens and disabled toilets all closed. May be open randomly. ","password":null}},{"type":"Feature","geometry":{"type":"Point","coordinates":[-0.094617605,51.663232923]},"properties":{"id":"toiletmap/e379316a0af1e9844043b0e7","source":"toiletmap-uk","name":"Gordon Hill station","fee":"no","charge":null,"access":null,"wheelchair":"yes","opening_hours":"Mo-Su 06:00-18:00","operator":null,"description":"Inside ticket barriers and down stairs to platform. On platform 2. Two gender neutral cubicles ","password":null}},{"type":"Feature","geometry":{"type":"Point","coordinates":[-0.265495777,51.49126055]},"properties":{"id":"toiletmap/e37bed76f11baa481c1d2be4","source":"toiletmap-uk","name":"Chiswick Town Hall","fee":"no","charge":null,"access":null,"wheelchair":"no","opening_hours":null,"operator":null,"description":"Part of Hounslow Community Toilet Scheme","password":null}},{"type":"Feature","geometry":{"type":"Point","coordinates":[-0.1608241,51.4650291]},"properties":{"id":"toiletmap/e39c9a8ac2ab32926e033825","source":"toiletmap-uk","name":"Battersea Arts Centre","fee":"no","charge":null,"access":null,"wheelchair":"no","opening_hours":null,"operator":null,"description":"Beyond the reception and foyer areas in Battersea Arts Centre (through double doors next to the grand staircase)","password":null}},{"type":"Feature","geometry":{"type":"Point","coordinates":[-0.190420747,51.530843212]},"properties":{"id":"toiletmap/e3aff3a8da3236415b63e0e2","source":"toiletmap-uk","name":"Paddington Recreation Ground","fee":"no","charge":null,"access":null,"wheelchair":"yes","opening_hours":"Mo-Fr 07:00-20:50; Sa-Su 08:00-19:50","operator":null,"description":"The listed opening hours are approximate, as there are some seasonal variations.\n\nFully accessible- CHANGING PLACES TOILET\n020 7644 6880 \n\n \n\nContact name: Holly Iggleston, Cheyanne Green ","password":null}},{"type":"Feature","geometry":{"type":"Point","coordinates":[-0.00967741,51.543486295]},"properties":{"id":"toiletmap/e3c00de096dbaf0847901ea4","source":"toiletmap-uk","name":"John Lewis Stratford City","fee":"no","charge":null,"access":null,"wheelchair":"yes","opening_hours":"Mo-Sa 10:00-20:00; Su 12:00-18:00","operator":null,"description":"Toilets on different floors. Top floor toilets include baby changing, drinking water and infant feeding space. ","password":null}},{"type":"Feature","geometry":{"type":"Point","coordinates":[-0.12517333,51.52528315]},"properties":{"id":"toiletmap/e3c7e203a68054bd3601ac1c","source":"toiletmap-uk","name":"KCB Marchmont Community Centre","fee":"no","charge":null,"access":null,"wheelchair":"yes","opening_hours":"Mo-Fr 09:00-17:00","operator":null,"description":"Our facilities are particularly suitable for older members of the local community. We even have a luncheon club and activities tailored to meet the needs and preferences of older people.","password":null}},{"type":"Feature","geometry":{"type":"Point","coordinates":[-0.141132474,51.549319031]},"properties":{"id":"toiletmap/e3ccf059e2bcc0a29f36dde4","source":"toiletmap-uk","name":"Community Toilet Scheme McDonald's (Kentish Town)","fee":"yes","charge":null,"access":null,"wheelchair":"yes","opening_hours":null,"operator":null,"description":"Part of the Camden Community Toilet Scheme; Opening Hours Mon - Sun, 05:00 - 02:00","password":null}},{"type":"Feature","geometry":{"type":"Point","coordinates":[-0.229049921,51.529651828]},"properties":{"id":"toiletmap/e3cd4437fc2ce65751d6fba8","source":"toiletmap-uk","name":"Kendal Green cemetry","fee":"no","charge":null,"access":null,"wheelchair":"yes","opening_hours":"Mo-Su 09:00-17:00","operator":null,"description":"Very poor, but when needs must!","password":null}},{"type":"Feature","geometry":{"type":"Point","coordinates":[0.018356648,51.399942053]},"properties":{"id":"toiletmap/e4097a624eff012117d5fb1c","source":"toiletmap-uk","name":"Bromley South Station","fee":"no","charge":null,"access":null,"wheelchair":"no","opening_hours":null,"operator":null,"description":null,"password":null}},{"type":"Feature","geometry":{"type":"Point","coordinates":[-0.127962828,51.509682464]},"properties":{"id":"toiletmap/e416ca4453fd3789e427ec68","source":"toiletmap-uk","name":"Charing Cross Library- 6 Charing Cross Road","fee":"no","charge":null,"access":null,"wheelchair":"no","opening_hours":"Mo 09:30-20:00; Tu-Fr 09:30-19:00; Sa 10:30-14:00; Su 11:00-17:00","operator":null,"description":"Baby change facilities \n\nThe library has a public toilet on the ground floor, but no accessible toilet. \nThe library has 2-5 large steps at it’s entrance to enter the building. ","password":null}},{"type":"Feature","geometry":{"type":"Point","coordinates":[-0.19436175,51.596719663]},"properties":{"id":"toiletmap/e43f3eaef45db29b2a86b7d2","source":"toiletmap-uk","name":"Stephens House and Gardens","fee":"no","charge":null,"access":null,"wheelchair":"yes","opening_hours":"Mo-Fr 09:00-16:00; Sa-Su 10:00-16:00","operator":null,"description":"Toilet facilities are available in the Stables during the hours that the cafe is open. There is also a fully accesible Changing Places Toilet controlled by a RADAR key.  For those that do not hold a personal RADAR Key one is available on loan from the cafe counter.","password":null}},{"type":"Feature","geometry":{"type":"Point","coordinates":[0.070118308,51.521802614]},"properties":{"id":"toiletmap/e46c65b3ad6765e9643dbde7","source":"toiletmap-uk","name":"Dunelm, Beckton Triangle","fee":"no","charge":null,"access":null,"wheelchair":null,"opening_hours":null,"operator":null,"description":null,"password":null}},{"type":"Feature","geometry":{"type":"Point","coordinates":[0.007341206,51.632451493]},"properties":{"id":"toiletmap/e4ae7244e371cf4b36b7c74d","source":"toiletmap-uk","name":"Cafe Vivaldi","fee":"yes","charge":null,"access":null,"wheelchair":"no","opening_hours":null,"operator":null,"description":"Mon-Fri 7am-3.30pm; Sat: 7am-3pm. Part of Waltham Forest Community Toilet Scheme.","password":null}},{"type":"Feature","geometry":{"type":"Point","coordinates":[-0.230097771,51.41055216]},"properties":{"id":"toiletmap/e4c8438d9df8cf13827d5b98","source":"toiletmap-uk","name":"Costa","fee":"no","charge":null,"access":null,"wheelchair":"no","opening_hours":"Mo-Su 09:00-17:00","operator":null,"description":null,"password":null}},{"type":"Feature","geometry":{"type":"Point","coordinates":[-0.363989174,51.445622404]},"properties":{"id":"toiletmap/e4d9e4312d7bba95f8603ee2","source":"toiletmap-uk","name":"Twickenham Cemetery","fee":"no","charge":null,"access":null,"wheelchair":"yes","opening_hours":null,"operator":null,"description":"By Radar Key only. Part of Richmond Community Toilet Scheme. Exact location unclear.","password":null}},{"type":"Feature","geometry":{"type":"Point","coordinates":[-0.408768654,51.40585528]},"properties":{"id":"toiletmap/e50d131411c31115802fd4b5","source":"toiletmap-uk","name":"Sunbury Walled Garden","fee":"no","charge":null,"access":null,"wheelchair":null,"opening_hours":null,"operator":null,"description":"https://spelthorne.gov.uk/article/17457/Sunbury-Walled-Garden\n\nThe Walled Garden is open seven days a week from 7.30am-8.30pm until 30 September.\n\nFrom 1 October - 31 March it is open from 7.30am - 6.30pm.\n\nThe Sunbury Gallery and Café, home to the Sunbury Millennium Embroidery, is open Tuesday to Sunday from 10am to 4pm (last orders in the Café 3.45pm). Closed Mondays (including Bank Holidays)\n\nTW16 6AB","password":null}},{"type":"Feature","geometry":{"type":"Point","coordinates":[0.06943369,51.520929873]},"properties":{"id":"toiletmap/e5129b127a1f928f33976d06","source":"toiletmap-uk","name":"Lidl ","fee":"no","charge":null,"access":null,"wheelchair":"yes","opening_hours":"Mo-Sa 07:00-21:00; Su 11:00-17:00","operator":null,"description":"Free toilet","password":null}},{"type":"Feature","geometry":{"type":"Point","coordinates":[-0.018670389,51.528470558]},"properties":{"id":"toiletmap/e5371d64bed9465774c7d1a7","source":"toiletmap-uk","name":"Myra Grill","fee":"no","charge":null,"access":null,"wheelchair":"no","opening_hours":"Mo-Sa 11:00-21:00; Su 12:00-21:00","operator":null,"description":"This is a Tower Hamlets Council Community Toilet venue. The toilet is located on the ground floor.","password":null}},{"type":"Feature","geometry":{"type":"Point","coordinates":[-0.0613081,51.4411336]},"properties":{"id":"toiletmap/e5d9601e763f303ab05ec52b","source":"toiletmap-uk","name":"Horniman Museum Gardens","fee":"no","charge":null,"access":null,"wheelchair":"no","opening_hours":"Mo-Su 09:00-17:00","operator":null,"description":"Great facilities open for all.","password":null}},{"type":"Feature","geometry":{"type":"Point","coordinates":[-0.093096534,51.51775761]},"properties":{"id":"toiletmap/e6343166f49dc29fc0ed4716","source":"toiletmap-uk","name":"El Vino Alban Gate","fee":"no","charge":null,"access":null,"wheelchair":"yes","opening_hours":"Mo-Fr 09:00-17:00","operator":null,"description":"MONDAY 08.30 - 21.00, TUESDAY - FRIDAY 08.30 - 22.00\r\n           \r\n              BANK HOLIDAYS: Closed. Part of City of London Community Toilet Scheme.","password":null}},{"type":"Feature","geometry":{"type":"Point","coordinates":[0.2699779,51.6233601]},"properties":{"id":"toiletmap/e6514a066d5f738dbef2aae3","source":"toiletmap-uk","name":null,"fee":"no","charge":null,"access":null,"wheelchair":"no","opening_hours":null,"operator":null,"description":null,"password":null}},{"type":"Feature","geometry":{"type":"Point","coordinates":[-0.058995187,51.532442403]},"properties":{"id":"toiletmap/e655b538efe53548be7a27d1","source":"toiletmap-uk","name":"The Food Map","fee":"no","charge":null,"access":null,"wheelchair":"no","opening_hours":"Mo 07:30-15:00; Tu-Th 07:30-21:00; Fr 07:30-17:00","operator":null,"description":"A Tower Hamlets Community Toilet Scheme Venue. The venue is closed on Tuesdays and Wednesdays between the hours of 3:30pm - 6pm and Thursdays between the hours of 5:30pm - 6pm. The toilet is located on the ground floor.","password":null}},{"type":"Feature","geometry":{"type":"Point","coordinates":[-0.2803045,51.502968]},"properties":{"id":"toiletmap/e6a16375a3e6664b2843197c","source":"toiletmap-uk","name":"Acton Town station toilets","fee":"no","charge":null,"access":null,"wheelchair":"yes","opening_hours":"Mo-Su 07:00-21:00","operator":null,"description":"Toilets are locked between 21:00 and 07:00 (updated in 2026). \nToilets are on the unpaid side of the barriers. If you don't want to touch out at Acton Town, ask the gateline staff if they can let you through to the toilet, and they *may* be able to let you out.","password":null}},{"type":"Feature","geometry":{"type":"Point","coordinates":[-0.306190252,51.370631718]},"properties":{"id":"toiletmap/e6d224c6627d07d4b1d86eeb","source":"toiletmap-uk","name":"Jet Filling Station","fee":"yes","charge":null,"access":null,"wheelchair":"no","opening_hours":null,"operator":null,"description":".","password":null}},{"type":"Feature","geometry":{"type":"Point","coordinates":[-0.287371874,51.621627296]},"properties":{"id":"toiletmap/e6d8ce3279dc43b86f071655","source":"toiletmap-uk","name":"OneStonegrove Centre","fee":"no","charge":null,"access":null,"wheelchair":"yes","opening_hours":"Mo-Fr 09:00-19:00; Sa 12:00-19:00; Su 08:00-17:30","operator":null,"description":null,"password":null}},{"type":"Feature","geometry":{"type":"Point","coordinates":[-0.254617,51.4519834]},"properties":{"id":"toiletmap/e7182a1dc95f30dd21f28329","source":"toiletmap-uk","name":"Roehampton Gate","fee":"yes","charge":"No Charge","access":null,"wheelchair":"yes","opening_hours":"Mo-Su 09:00-18:00","operator":null,"description":"Open:\r\n07.00 - 19.00 January, February, March, October, November & December.\r\n07.00 - 21.00 April, May, June, July, August & September.","password":null}},{"type":"Feature","geometry":{"type":"Point","coordinates":[-0.1757157,51.5113361]},"properties":{"id":"toiletmap/e728eb3ae3f3a18c8e6464bc","source":"toiletmap-uk","name":"Marlborough Gate","fee":"yes","charge":"20p","access":null,"wheelchair":"no","opening_hours":null,"operator":null,"description":"Open:\r\nNovember, December & January from 07.00 to 16.00;\r\nFebruary & October from 07.00 to 17.00;\r\nMarch from 07.00 to 18.00;\r\nSeptember from 07.00 to 19.00;\r\nApril & August from 07.00 to 20.00;\r\nMay, June & July from 07.00 to 21.00","password":null}},{"type":"Feature","geometry":{"type":"Point","coordinates":[0.181265838,51.479298105]},"properties":{"id":"toiletmap/e749f15a24b6a6db435fdea2","source":"toiletmap-uk","name":"Erith Library","fee":"no","charge":null,"access":null,"wheelchair":"yes","opening_hours":"Tu 09:30-19:00; Th-Fr 09:30-17:30; Sa 09:30-17:00","operator":null,"description":"There is 1 unisex cubicle and 1 disabled toilet","password":null}},{"type":"Feature","geometry":{"type":"Point","coordinates":[-0.031167269,51.407170366]},"properties":{"id":"toiletmap/e788d6657287498e4d19ea03","source":"toiletmap-uk","name":"Odeon","fee":"no","charge":null,"access":null,"wheelchair":null,"opening_hours":null,"operator":null,"description":null,"password":null}},{"type":"Feature","geometry":{"type":"Point","coordinates":[-0.22000283,51.586239837]},"properties":{"id":"toiletmap/e7b1d42bdca025160b0da5b0","source":"toiletmap-uk","name":"Bell Lane","fee":"yes","charge":null,"access":null,"wheelchair":"no","opening_hours":"Mo-Su 00:00-00:00","operator":null,"description":null,"password":null}},{"type":"Feature","geometry":{"type":"Point","coordinates":[-0.153904728,51.37787262]},"properties":{"id":"toiletmap/e7ff97c54f24e47c88f6ca76","source":"toiletmap-uk","name":"Hackbridge Station","fee":"no","charge":null,"access":null,"wheelchair":"no","opening_hours":null,"operator":null,"description":null,"password":null}},{"type":"Feature","geometry":{"type":"Point","coordinates":[-0.18774122,51.508779185]},"properties":{"id":"toiletmap/e8193ee6bd9d1200e9cf2d79","source":"toiletmap-uk","name":"Diana Princess of Wales Memorial Playground","fee":"no","charge":null,"access":null,"wheelchair":"no","opening_hours":"Mo-Su 09:00-18:00","operator":null,"description":"10.00 - 16.00 - January, November & December\r\n10.00 - 17.00 - February & October\r\n10.00 - 18.00 - March & September\r\n10.00 - 19.00 - April & September\r\n10.00 - 20.00 - May, June, July & August\r\n\r\nBaby-changing in boys/girls/accessible toilets. Adults must be accompanied by a child to go to toilet (and child needs accompanying to enter playground)","password":null}},{"type":"Feature","geometry":{"type":"Point","coordinates":[-0.087836981,51.511267724]},"properties":{"id":"toiletmap/e835f07b67e29918558727b5","source":"toiletmap-uk","name":"Bank Station (London Underground) (Cannon Street entrance) (paid area)","fee":"no","charge":null,"access":null,"wheelchair":"yes","opening_hours":"Mo-Fr 06:00-00:00; Sa 00:00-00:00; Su 07:00-23:00","operator":null,"description":"Disabled toilet behind the gate line. TfL policy (2022) is to give access to non-passengers. Ask at the gate line.","password":null}},{"type":"Feature","geometry":{"type":"Point","coordinates":[0.100314617,51.377694002]},"properties":{"id":"toiletmap/e83d2f43d4bb6364fbb65016","source":"toiletmap-uk","name":"Costa Coffee","fee":"no","charge":null,"access":null,"wheelchair":"yes","opening_hours":"Mo-Su 09:00-17:00","operator":null,"description":"Mon-Fri 6.30 - 18.00. Sat 7.00 - 18.00. Sun 9.00 - 17.00. Part of Bromley Council Community Toilet Scheme.","password":null}},{"type":"Feature","geometry":{"type":"Point","coordinates":[-0.290193558,51.488889039]},"properties":{"id":"toiletmap/e85f11ddb41b62fb5044ecb7","source":"toiletmap-uk","name":"London Museum of Water and Steam","fee":"no","charge":null,"access":null,"wheelchair":"no","opening_hours":null,"operator":null,"description":"Available Weds-Sun 10-4.","password":null}},{"type":"Feature","geometry":{"type":"Point","coordinates":[-0.348885655,51.440105441]},"properties":{"id":"toiletmap/e8acd416e4a596c5710f26ae","source":"toiletmap-uk","name":"The Rifleman","fee":"no","charge":null,"access":null,"wheelchair":"no","opening_hours":"Mo-Th 16:00-23:00; Fr 15:00-23:00; Sa 12:00-23:00; Su 12:00-22:30","operator":null,"description":"Richmond Community Toilet Scheme\n","password":null}},{"type":"Feature","geometry":{"type":"Point","coordinates":[-0.093673971,51.34828313]},"properties":{"id":"toiletmap/e8af1b30caaba375f13aa4e3","source":"toiletmap-uk","name":"Sanderstead Station","fee":"no","charge":null,"access":null,"wheelchair":"no","opening_hours":null,"operator":null,"description":null,"password":null}},{"type":"Feature","geometry":{"type":"Point","coordinates":[-0.0592065,51.5412199]},"properties":{"id":"toiletmap/e8dd56125bccfed314da2cdf","source":"toiletmap-uk","name":null,"fee":"no","charge":null,"access":null,"wheelchair":"no","opening_hours":null,"operator":null,"description":null,"password":null}},{"type":"Feature","geometry":{"type":"Point","coordinates":[-0.140258074,51.513743689]},"properties":{"id":"toiletmap/e901d4aa583d023726efcd88","source":"toiletmap-uk","name":"Liberty’s","fee":"yes","charge":"Free","access":null,"wheelchair":"yes","opening_hours":"Mo-Su 09:00-17:00","operator":null,"description":"Mixed sex toilet facilities. Off a back staircase in the store.","password":null}},{"type":"Feature","geometry":{"type":"Point","coordinates":[-0.067272317,51.50686936]},"properties":{"id":"toiletmap/e9345aad5f18a54e15006d14","source":"toiletmap-uk","name":"Waitrose St Katherine's Dock","fee":"no","charge":null,"access":null,"wheelchair":"yes","opening_hours":"Mo-Fr 07:30-22:00; Sa 07:30-21:00; Su 11:00-17:00","operator":null,"description":"Toilet opening hours may differ from store opening hours (shown above)","password":null}},{"type":"Feature","geometry":{"type":"Point","coordinates":[-0.327651143,51.468674851]},"properties":{"id":"toiletmap/e9678e91c30b6d9797e53a00","source":"toiletmap-uk","name":"A.C. Curd Ltd","fee":"no","charge":null,"access":null,"wheelchair":"no","opening_hours":null,"operator":null,"description":"Part of Hounslow Community Toilet Scheme","password":null}},{"type":"Feature","geometry":{"type":"Point","coordinates":[-0.197678804,51.323079467]},"properties":{"id":"toiletmap/e96dac81b6a25748eca36df8","source":"toiletmap-uk","name":"Lady Neville Rec Ground","fee":"no","charge":null,"access":null,"wheelchair":"no","opening_hours":null,"operator":null,"description":"(open during café opening hours).  Updated from Reigate and Banstead District Council Website - Dec 2016.","password":null}},{"type":"Feature","geometry":{"type":"Point","coordinates":[-0.038350224,51.65583338]},"properties":{"id":"toiletmap/e977049e38b7f0a7fede4229","source":"toiletmap-uk","name":"Bread and Butter","fee":"no","charge":null,"access":null,"wheelchair":"no","opening_hours":null,"operator":null,"description":"Part of Enfield Community Toilet Scheme","password":null}},{"type":"Feature","geometry":{"type":"Point","coordinates":[-0.148221928,51.357891938]},"properties":{"id":"toiletmap/e987851ce1e54ac08b55f335","source":"toiletmap-uk","name":"Sainsbury's","fee":"no","charge":null,"access":null,"wheelchair":"no","opening_hours":"Mo-Su 09:00-17:00","operator":null,"description":"Step and ramp access from Stafford Road. Lift, travelator and step access from underground car park. Lift and escalator access from shopping precinct off Wallington high st.","password":null}},{"type":"Feature","geometry":{"type":"Point","coordinates":[-0.246784687,51.354547479]},"properties":{"id":"toiletmap/e9c23f65edc9cce8b3456dc5","source":"toiletmap-uk","name":"Filling Station - Ewell","fee":"yes","charge":null,"access":null,"wheelchair":"no","opening_hours":null,"operator":null,"description":null,"password":null}},{"type":"Feature","geometry":{"type":"Point","coordinates":[-0.101735673,51.37766994]},"properties":{"id":"toiletmap/e9ca7d8692f10f1a828f9326","source":"toiletmap-uk","name":"Marks and Spencer 1st floor","fee":"yes","charge":null,"access":null,"wheelchair":"no","opening_hours":"Mo-Su 09:00-17:00","operator":null,"description":"Back of home wares section","password":null}},{"type":"Feature","geometry":{"type":"Point","coordinates":[-0.1500747,51.5797266]},"properties":{"id":"toiletmap/e9d5d01ca96e1f435f978ebb","source":"toiletmap-uk","name":"East Heath Road Public Convenience","fee":"no","charge":null,"access":null,"wheelchair":"no","opening_hours":null,"operator":null,"description":"Daily 8am-3.30pm (winter), 8am-one hour before dusk (summer).","password":null}},{"type":"Feature","geometry":{"type":"Point","coordinates":[0.0668362,51.5727448]},"properties":{"id":"toiletmap/e9d620659436b28c51c9c001","source":"toiletmap-uk","name":null,"fee":"yes","charge":null,"access":null,"wheelchair":"no","opening_hours":null,"operator":null,"description":null,"password":null}},{"type":"Feature","geometry":{"type":"Point","coordinates":[-0.365285754,51.470360867]},"properties":{"id":"toiletmap/e9d9ad8cadd5e777eda630a4","source":"toiletmap-uk","name":"Montague Public Hall","fee":"no","charge":null,"access":null,"wheelchair":"no","opening_hours":null,"operator":null,"description":"Part of Hounslow Community Toilet Scheme","password":null}},{"type":"Feature","geometry":{"type":"Point","coordinates":[0.302199801,51.618857608]},"properties":{"id":"toiletmap/ea07128e48d7ad20e53fb2fe","source":"toiletmap-uk","name":"The Baytree Shopping Centre","fee":"no","charge":null,"access":null,"wheelchair":"yes","opening_hours":"Mo-Sa 08:30-17:30; Su 10:00-16:00","operator":null,"description":"Located on the right as you exit the mall, next to the multi-storey car park.\nBaby-changing facilities are located within the disabled toilet.","password":null}},{"type":"Feature","geometry":{"type":"Point","coordinates":[-0.395383835,51.656607203]},"properties":{"id":"toiletmap/ea12aa33efdeff53159ee194","source":"toiletmap-uk","name":"Atria top toilets","fee":"no","charge":null,"access":null,"wheelchair":"yes","opening_hours":null,"operator":null,"description":"Open while shopping centre is open. This is the larger of the two toilets run by the center. There are no devided between the urinals. ","password":null}},{"type":"Feature","geometry":{"type":"Point","coordinates":[-0.099293439,51.514347193]},"properties":{"id":"toiletmap/ea1cdb2b276d05b4f6587917","source":"toiletmap-uk","name":"Paternoster (Attended)","fee":"yes","charge":"£0.50","access":null,"wheelchair":"yes","opening_hours":null,"operator":null,"description":"MONDAY TO FRIDAY: 08.00 - 18.00;\r\nSATURDAY: 09.00 - 19.00;\r\nSUNDAY: 09.00 - 19.00;\r\nBANK HOLIDAYS: 09.00 - 19.00;\r\nPlease note from time to time public conveniences may be closed for maintentance, repair or other reasons.","password":null}},{"type":"Feature","geometry":{"type":"Point","coordinates":[-0.21714896,51.526000408]},"properties":{"id":"toiletmap/ea250699779cc6e6fc18100b","source":"toiletmap-uk","name":"Sainsbury's","fee":"no","charge":null,"access":null,"wheelchair":null,"opening_hours":null,"operator":null,"description":"Immediately turn right when entering","password":null}},{"type":"Feature","geometry":{"type":"Point","coordinates":[-0.436505377,51.389938923]},"properties":{"id":"toiletmap/ea33a6d00eedfd3f15664084","source":"toiletmap-uk","name":"Bishop Duppas Park ","fee":"no","charge":null,"access":null,"wheelchair":"yes","opening_hours":"Mo-Su 08:00-18:00","operator":null,"description":null,"password":null}},{"type":"Feature","geometry":{"type":"Point","coordinates":[0.038715005,51.367137008]},"properties":{"id":"toiletmap/ea5f896780034b00c9540270","source":"toiletmap-uk","name":"Filling Station - Keston","fee":"yes","charge":null,"access":null,"wheelchair":"no","opening_hours":null,"operator":null,"description":null,"password":null}},{"type":"Feature","geometry":{"type":"Point","coordinates":[-0.1259763,51.4796101]},"properties":{"id":"toiletmap/eace0ba08e923ca21d85ec52","source":"toiletmap-uk","name":"Nolan's","fee":"no","charge":null,"access":null,"wheelchair":"no","opening_hours":null,"operator":null,"description":"Mon - Thu: 11:00 - 01:00 Fri - Sat: 11:00 - 02:00 Sun: 12:00 - 00:00. Part of Community Toilet Scheme.","password":null}},{"type":"Feature","geometry":{"type":"Point","coordinates":[-0.183001757,51.4943283]},"properties":{"id":"toiletmap/ead779b01ff77ed15a1abc0c","source":"toiletmap-uk","name":"Gloucester Road Station","fee":"no","charge":"£0.20","access":null,"wheelchair":"no","opening_hours":"Mo-Su 00:00-00:00","operator":null,"description":null,"password":null}},{"type":"Feature","geometry":{"type":"Point","coordinates":[0.029005408,51.463683284]},"properties":{"id":"toiletmap/eaf23ecd4b223f107a5d5d6a","source":"toiletmap-uk","name":"Kidbrooke Aldi","fee":"no","charge":null,"access":null,"wheelchair":"yes","opening_hours":null,"operator":null,"description":null,"password":null}},{"type":"Feature","geometry":{"type":"Point","coordinates":[-0.041240417,51.692350767]},"properties":{"id":"toiletmap/eb4709a361dc34ebe161ff40","source":"toiletmap-uk","name":"Temporary Toilets","fee":"no","charge":null,"access":null,"wheelchair":"no","opening_hours":null,"operator":null,"description":null,"password":null}},{"type":"Feature","geometry":{"type":"Point","coordinates":[-0.166925853,51.427239178]},"properties":{"id":"toiletmap/eb6f3754b3bc875caad75eca","source":"toiletmap-uk","name":"Macdonalds","fee":"no","charge":null,"access":null,"wheelchair":"no","opening_hours":null,"operator":null,"description":null,"password":null}},{"type":"Feature","geometry":{"type":"Point","coordinates":[-0.022517156,51.527836346]},"properties":{"id":"toiletmap/eb87f915fb035597f713d1da","source":"toiletmap-uk","name":"Little Driver - Bow","fee":"no","charge":null,"access":null,"wheelchair":"no","opening_hours":"Mo-Sa 11:00-23:00; Su 11:00-22:00","operator":null,"description":"This is a Tower Hamlets Council Community Toilet Scheme venue. The toilets are on the ground floor.","password":null}},{"type":"Feature","geometry":{"type":"Point","coordinates":[-0.45249939,51.441215362]},"properties":{"id":"toiletmap/ebbebf97e15522db2c1a7815","source":"toiletmap-uk","name":"Bedfont Lakes Visitor Centre","fee":"no","charge":null,"access":null,"wheelchair":"no","opening_hours":null,"operator":null,"description":"Part of Hounslow Community Toilet Scheme","password":null}},{"type":"Feature","geometry":{"type":"Point","coordinates":[-0.458907187,51.38220863]},"properties":{"id":"toiletmap/ebe68aa8d9b8082d860f899b","source":"toiletmap-uk","name":"Shepperton Lock","fee":"no","charge":null,"access":null,"wheelchair":"yes","opening_hours":"Mo-Su 08:00-18:00","operator":null,"description":null,"password":null}},{"type":"Feature","geometry":{"type":"Point","coordinates":[-0.100342512,51.521384212]},"properties":{"id":"toiletmap/ebe69e873325b6e9b0a58f0c","source":"toiletmap-uk","name":"Charterhouse Museum","fee":"no","charge":null,"access":null,"wheelchair":"yes","opening_hours":"Tu-Sa 10:00-16:30","operator":null,"description":null,"password":null}},{"type":"Feature","geometry":{"type":"Point","coordinates":[-0.132149756,51.548244886]},"properties":{"id":"toiletmap/ebf83609dce0b7f138032333","source":"toiletmap-uk","name":"Kentish Town Community Centre","fee":"yes","charge":null,"access":null,"wheelchair":"yes","opening_hours":"Mo-Fr 09:00-17:00","operator":null,"description":null,"password":null}},{"type":"Feature","geometry":{"type":"Point","coordinates":[-0.04119873,51.579823155]},"properties":{"id":"toiletmap/ec3d0ab5e39b7fa223dc91c9","source":"toiletmap-uk","name":"The Coppermill Pub","fee":"no","charge":null,"access":null,"wheelchair":"no","opening_hours":"Mo-Su 09:00-17:00","operator":null,"description":"Mon-Sat: 10am-12.30am. Sun: 11am-11pm. Part of Community Toilet Scheme","password":null}},{"type":"Feature","geometry":{"type":"Point","coordinates":[-0.105898976,51.432615135]},"properties":{"id":"toiletmap/ec433e1f15c5b1bc902a474a","source":"toiletmap-uk","name":"Health and Leisure Centre","fee":"no","charge":null,"access":null,"wheelchair":"yes","opening_hours":null,"operator":null,"description":null,"password":null}},{"type":"Feature","geometry":{"type":"Point","coordinates":[0.044460297,51.558003726]},"properties":{"id":"toiletmap/ec472be8e5ad3dddf5db1734","source":"toiletmap-uk","name":"Cemetery cafe public  toilet","fee":"no","charge":null,"access":null,"wheelchair":"yes","opening_hours":null,"operator":null,"description":"Parking available, loo is round back of the building on right of the gates, go through gates, turn right.","password":null}},{"type":"Feature","geometry":{"type":"Point","coordinates":[-0.099155903,51.507770861]},"properties":{"id":"toiletmap/ec59339608e2981f4eb871f4","source":"toiletmap-uk","name":"Tate Modern","fee":"no","charge":null,"access":null,"wheelchair":"no","opening_hours":"Mo-Su 09:00-17:00","operator":null,"description":"Toilets on most levels. Baby-changing in male and female.\nChanging Places toilet available downstairs.","password":null}},{"type":"Feature","geometry":{"type":"Point","coordinates":[-0.004253983,51.587106202]},"properties":{"id":"toiletmap/ec6a4796c682b6f27fdc4bbf","source":"toiletmap-uk","name":"Wood Street Library","fee":"no","charge":null,"access":null,"wheelchair":"yes","opening_hours":"Mo-Fr 09:00-19:00; Sa 09:00-18:00; Su 12:00-16:00","operator":null,"description":"Part of Waltham Forest Community Toilet Scheme","password":null}},{"type":"Feature","geometry":{"type":"Point","coordinates":[-0.2752617,51.457276049]},"properties":{"id":"toiletmap/ecc18793d4ad5f8a4d1cf63d","source":"toiletmap-uk","name":"Sheen Park Pavillion","fee":"no","charge":null,"access":null,"wheelchair":"no","opening_hours":null,"operator":null,"description":null,"password":null}},{"type":"Feature","geometry":{"type":"Point","coordinates":[-0.366892934,51.470737761]},"properties":{"id":"toiletmap/ecd8037245bcdc1109a7f4cf","source":"toiletmap-uk","name":"Bullstrode","fee":"no","charge":null,"access":null,"wheelchair":"no","opening_hours":null,"operator":null,"description":"Part of Hounslow Community Toilet Scheme","password":null}},{"type":"Feature","geometry":{"type":"Point","coordinates":[-0.406322479,51.4447063]},"properties":{"id":"toiletmap/ece7ffbedfc1e7e353b5b966","source":"toiletmap-uk","name":"Gala Bingo","fee":"no","charge":null,"access":null,"wheelchair":"no","opening_hours":"Mo-Su 00:00-00:00","operator":null,"description":"Part of Hounslow Community Toilet Scheme","password":null}},{"type":"Feature","geometry":{"type":"Point","coordinates":[0.077161789,51.537286828]},"properties":{"id":"toiletmap/ed0abaf5dce109b221d4802a","source":"toiletmap-uk","name":"Asda","fee":"yes","charge":null,"access":null,"wheelchair":"yes","opening_hours":"Mo-Su 09:00-17:00","operator":null,"description":null,"password":null}},{"type":"Feature","geometry":{"type":"Point","coordinates":[-0.328474045,51.446904828]},"properties":{"id":"toiletmap/ed247c3d5204e38deaeb18a8","source":"toiletmap-uk","name":"The Rose and Lion","fee":"no","charge":null,"access":null,"wheelchair":"yes","opening_hours":"Mo-Tu 12:00-22:00; We-Sa 12:00-23:00; Su 12:00-21:00","operator":null,"description":"Part of Richmond Council's Community Toilet Scheme.","password":null}},{"type":"Feature","geometry":{"type":"Point","coordinates":[-0.156786918,51.522757647]},"properties":{"id":"toiletmap/ed4098652f65042072fbbc3c","source":"toiletmap-uk","name":"Baker Street Tube Station","fee":"no","charge":null,"access":null,"wheelchair":"no","opening_hours":null,"operator":null,"description":"Male toilets are inside ticket gateline near Circle Line Eastbound platform.\nFemale toilets and baby changing are outside ticket gateline!","password":null}},{"type":"Feature","geometry":{"type":"Point","coordinates":[-0.012209415,51.427129594]},"properties":{"id":"toiletmap/ed4e96b62cc541f4309a45ba","source":"toiletmap-uk","name":"Homebase Store","fee":"yes","charge":null,"access":null,"wheelchair":"no","opening_hours":null,"operator":null,"description":"Free Parking","password":null}},{"type":"Feature","geometry":{"type":"Point","coordinates":[-0.051439283,51.528543658]},"properties":{"id":"toiletmap/ed7907fdda2d5b30e98eae45","source":"toiletmap-uk","name":"The Florist Arms","fee":"no","charge":null,"access":null,"wheelchair":"no","opening_hours":"Mo 16:00-23:00; Tu-We 15:00-23:00; Th-Sa 12:00-23:00; Su 12:00-22:30","operator":null,"description":"A Tower Hamlets Community Toilet Scheme Venue. The toilets are located on the ground floor.","password":null}},{"type":"Feature","geometry":{"type":"Point","coordinates":[0.0140381,51.406686]},"properties":{"id":"toiletmap/ed7ddc3531634adc0ccaa535","source":"toiletmap-uk","name":"Sainsbury's","fee":"no","charge":null,"access":null,"wheelchair":"no","opening_hours":"Mo-Sa 07:00-22:00","operator":null,"description":"Part of Bromley Council Community Toilet Scheme and Mayor of London Open London Scheme","password":null}},{"type":"Feature","geometry":{"type":"Point","coordinates":[-0.362092853,51.471036149]},"properties":{"id":"toiletmap/ed9e1db2bea48eade98df7c5","source":"toiletmap-uk","name":"Blenheim Centre","fee":"no","charge":null,"access":null,"wheelchair":"no","opening_hours":null,"operator":null,"description":"Part of Hounslow Community Toilet Scheme\nToilets at Asda, Gym and Hounslow Shopmobility","password":null}},{"type":"Feature","geometry":{"type":"Point","coordinates":[-0.070324838,51.523557162]},"properties":{"id":"toiletmap/edd60d78c620ffaca869934c","source":"toiletmap-uk","name":"Vintage Cafe","fee":"no","charge":null,"access":null,"wheelchair":"no","opening_hours":"Mo-Su 08:00-18:00","operator":null,"description":"A Tower Hamlets Community Toilet Scheme Venue. This toilet is located on the ground floor.","password":null}},{"type":"Feature","geometry":{"type":"Point","coordinates":[-0.176215768,51.503366693]},"properties":{"id":"toiletmap/edfc27fa4e9c4db906ffab50","source":"toiletmap-uk","name":"Mount Gate Toilets","fee":"yes","charge":"20p","access":null,"wheelchair":"yes","opening_hours":null,"operator":null,"description":"Open:\r\n07.00 - 16.00 November, December & January.\r\n07.00 - 17.00 February & October.\r\n07.00 - 18.00 March.\r\n07.00 - 19.00 September.\r\n07.00 - 20.00 April & August.\r\n07.00 - 21.00 May, June & July.","password":null}},{"type":"Feature","geometry":{"type":"Point","coordinates":[-0.224554539,51.568367542]},"properties":{"id":"toiletmap/ee176bc470b00593a7424df1","source":"toiletmap-uk","name":"Brent Cross West Station","fee":"no","charge":null,"access":null,"wheelchair":"yes","opening_hours":"Mo 06:00-23:00","operator":null,"description":"On Platform 1/2 by the lifts","password":null}},{"type":"Feature","geometry":{"type":"Point","coordinates":[-0.014296174,51.574082373]},"properties":{"id":"toiletmap/ee5a65c07ef014cfabdac008","source":"toiletmap-uk","name":"KFC","fee":"yes","charge":null,"access":null,"wheelchair":"yes","opening_hours":null,"operator":null,"description":"Mon-Sun: 10.30am-11pm. Part of Waltham Forest Community Toilet Scheme.","password":null}},{"type":"Feature","geometry":{"type":"Point","coordinates":[-0.084651295,51.512741114]},"properties":{"id":"toiletmap/ee66e8cb6e4e7580a59726d8","source":"toiletmap-uk","name":"The Crosse Keys","fee":"no","charge":null,"access":null,"wheelchair":"yes","opening_hours":null,"operator":null,"description":"MONDAY TO FRIDAY: 09.00 - 23.00\r\n              SATURDAY: 09.00 - 23.00\r\n              SUNDAY: Closed. Part of City of London Community Toilet Scheme.","password":null}},{"type":"Feature","geometry":{"type":"Point","coordinates":[-0.305911119,51.406990303]},"properties":{"id":"toiletmap/ee7d0ab0ac5c8e0cd0887e3c","source":"toiletmap-uk","name":"The Bittoms Car Park","fee":"no","charge":null,"access":null,"wheelchair":"no","opening_hours":"Mo-Su 07:00-19:00","operator":null,"description":null,"password":null}},{"type":"Feature","geometry":{"type":"Point","coordinates":[-0.40926218,51.478790197]},"properties":{"id":"toiletmap/eea3bdf2ec3fe49e5383cf33","source":"toiletmap-uk","name":"Travelodge (Heathrow Central)","fee":"no","charge":null,"access":null,"wheelchair":"no","opening_hours":null,"operator":null,"description":"Part of Hounslow Community Toilet Scheme","password":null}},{"type":"Feature","geometry":{"type":"Point","coordinates":[-0.302445889,51.512728797]},"properties":{"id":"toiletmap/eebf3081aee5b4abeb684758","source":"toiletmap-uk","name":"Ealing Broadway Centre","fee":"no","charge":null,"access":null,"wheelchair":"yes","opening_hours":"Mo-Su 09:00-18:00","operator":null,"description":"Toilets are on first floor accessible by lift and stairs.","password":null}},{"type":"Feature","geometry":{"type":"Point","coordinates":[-0.000918992,51.452432209]},"properties":{"id":"toiletmap/eecdbdae6b53f1f5c6de0e33","source":"toiletmap-uk","name":"Hither Green","fee":"no","charge":null,"access":null,"wheelchair":"no","opening_hours":null,"operator":null,"description":null,"password":null}},{"type":"Feature","geometry":{"type":"Point","coordinates":[-0.165658593,51.553536972]},"properties":{"id":"toiletmap/ef09412fc151fe92f1f5c9ee","source":"toiletmap-uk","name":"Royal Free Hospital","fee":"no","charge":null,"access":null,"wheelchair":"no","opening_hours":null,"operator":null,"description":null,"password":null}},{"type":"Feature","geometry":{"type":"Point","coordinates":[-0.071727633,51.520543562]},"properties":{"id":"toiletmap/ef291d7cad389a829193b561","source":"toiletmap-uk","name":"Aladin","fee":"no","charge":null,"access":null,"wheelchair":"no","opening_hours":"Mo-Sa 12:00-00:00; Su 12:00-23:00","operator":null,"description":"A Tower Hamlets Community Toilet Scheme Venue. These toilets can be found downstairs.","password":null}},{"type":"Feature","geometry":{"type":"Point","coordinates":[-0.017219782,51.61653433]},"properties":{"id":"toiletmap/ef3403984ead67825bd726ed","source":"toiletmap-uk","name":"The King's Ford (Wetherspoons)","fee":"yes","charge":null,"access":null,"wheelchair":"yes","opening_hours":null,"operator":null,"description":"Mon-Thurs: 8am-12am. Fri-Sat: 8am-1am. Sun: 8am-11pm. Part of Waltham Forest Community Toilet Scheme.","password":null}},{"type":"Feature","geometry":{"type":"Point","coordinates":[0.045039654,51.512895722]},"properties":{"id":"toiletmap/ef36859cda5dae9b8c2870ba","source":"toiletmap-uk","name":"Beckton District Park Toilets (South Park)","fee":"no","charge":null,"access":null,"wheelchair":"no","opening_hours":null,"operator":null,"description":"Exact location unknown - look for local signs","password":null}},{"type":"Feature","geometry":{"type":"Point","coordinates":[-0.043982863,51.454180735]},"properties":{"id":"toiletmap/ef615fa2f9272b24c1a4f82d","source":"toiletmap-uk","name":"Honor Oak Crematorium","fee":"no","charge":null,"access":null,"wheelchair":"yes","opening_hours":null,"operator":null,"description":null,"password":null}},{"type":"Feature","geometry":{"type":"Point","coordinates":[0.075445175,51.517616093]},"properties":{"id":"toiletmap/ef705a9ab936bd472575083a","source":"toiletmap-uk","name":"Tesco Extra Gallions Reach","fee":"yes","charge":null,"access":null,"wheelchair":"yes","opening_hours":"Mo-Su 09:00-17:00","operator":null,"description":"Closes SAT 0000. SUN 1100-1700. Opens SUN 0600. Part of Mayor of London's 'Open London' Community Toilet Scheme","password":null}},{"type":"Feature","geometry":{"type":"Point","coordinates":[0.2171305,51.4391848]},"properties":{"id":"toiletmap/ef81c3e5486b25b1c95980b4","source":"toiletmap-uk","name":null,"fee":"yes","charge":null,"access":null,"wheelchair":"no","opening_hours":null,"operator":null,"description":null,"password":null}},{"type":"Feature","geometry":{"type":"Point","coordinates":[-0.281533224,51.414982166]},"properties":{"id":"toiletmap/efa08e4f9257479d8ab78268","source":"toiletmap-uk","name":"Kingston Hospital Main Entrance","fee":"no","charge":null,"access":null,"wheelchair":"yes","opening_hours":null,"operator":null,"description":"2 toilets in main entrance by reception and opposite Costa Coffee. open 24/7","password":null}},{"type":"Feature","geometry":{"type":"Point","coordinates":[-0.054277182,51.494029004]},"properties":{"id":"toiletmap/efa1aea31715af95b1d19f9f","source":"toiletmap-uk","name":"Southwark Park Toilet","fee":"no","charge":null,"access":null,"wheelchair":"yes","opening_hours":"Mo-Su 07:30-18:00","operator":null,"description":"Closes at DUSK. Located just next to cafe. 6 standard, 1 accessible, 2 baby-changing. Part of Southwark Council Toilet Network Managed by Parks Dept","password":null}},{"type":"Feature","geometry":{"type":"Point","coordinates":[0.199438334,51.548730256]},"properties":{"id":"toiletmap/f0235ff8dde93cbd4a040edc","source":"toiletmap-uk","name":"Station Parade, Elm Park","fee":"no","charge":null,"access":null,"wheelchair":"no","opening_hours":null,"operator":null,"description":null,"password":null}},{"type":"Feature","geometry":{"type":"Point","coordinates":[-0.175169706,51.504495322]},"properties":{"id":"toiletmap/f0281eb922ac6c249f71a71b","source":"toiletmap-uk","name":"Serpentine Gallery","fee":"yes","charge":null,"access":null,"wheelchair":"yes","opening_hours":null,"operator":null,"description":"In Gallery (free entry)","password":null}},{"type":"Feature","geometry":{"type":"Point","coordinates":[0.109672844,51.462605447]},"properties":{"id":"toiletmap/f02cd99fdd1fdfd54d55ff68","source":"toiletmap-uk","name":"Morrisons Toilet","fee":"yes","charge":null,"access":null,"wheelchair":"no","opening_hours":null,"operator":null,"description":null,"password":null}},{"type":"Feature","geometry":{"type":"Point","coordinates":[-0.018579662,51.502901157]},"properties":{"id":"toiletmap/f03396e06b319d8f02573869","source":"toiletmap-uk","name":"Jubilee Place - Mall, Level -1 (by Wagamama & Nandos)","fee":"no","charge":null,"access":null,"wheelchair":"yes","opening_hours":"Mo-Fr 10:00-20:00; Sa 10:00-19:00; Su 12:00-18:00","operator":null,"description":"A Tower Hamlets Community Toilet Scheme Venue. These toilets can be located on Level -1 and are situated in a stairwell through doors near the entrance to Wagamama and Nandos. The disabled toilet is a unisex toilet.","password":null}},{"type":"Feature","geometry":{"type":"Point","coordinates":[-0.3382115,51.4154727]},"properties":{"id":"toiletmap/f046ad0a34df33eba86be7c4","source":"toiletmap-uk","name":"Welcome Centre Cafe","fee":"no","charge":null,"access":null,"wheelchair":"no","opening_hours":null,"operator":null,"description":null,"password":null}},{"type":"Feature","geometry":{"type":"Point","coordinates":[-0.087665319,51.514191035]},"properties":{"id":"toiletmap/f078b2f1eaf035e999da2879","source":"toiletmap-uk","name":"The Bank of England Museum","fee":"no","charge":null,"access":null,"wheelchair":"yes","opening_hours":"Mo-Fr 10:00-17:00","operator":null,"description":"Bank of England Museum. Airline stule security (xray for people and bags). Free entry. Toilets at the very end of museum galleries.\nClosed weekends and Bank Holidays!","password":null}},{"type":"Feature","geometry":{"type":"Point","coordinates":[-0.131817162,51.508421901]},"properties":{"id":"toiletmap/f0892205750991ab3fabd545","source":"toiletmap-uk","name":"Haymarket Temporary Toilets","fee":"no","charge":null,"access":null,"wheelchair":"no","opening_hours":null,"operator":null,"description":"1* 4 bay urinal, 1* Chemical Toilet. Temporary Toilets Open Thursday 8pm-Monday 6am ","password":null}},{"type":"Feature","geometry":{"type":"Point","coordinates":[-0.096986304,51.5217065]},"properties":{"id":"toiletmap/f0c7f1a59499b49667bdcd7f","source":"toiletmap-uk","name":"The Shakespeare","fee":"no","charge":null,"access":null,"wheelchair":"no","opening_hours":null,"operator":null,"description":"MONDAY TO FRIDAY: 10.00 - 23.00; SATURDAY: 17.00 - 23.00; SUNDAY: 12.00 - 22.30/ Part of City of London Community Toilet Scheme.","password":null}},{"type":"Feature","geometry":{"type":"Point","coordinates":[-0.060939789,51.675199853]},"properties":{"id":"toiletmap/f0df713bfb75d9677d48ed0f","source":"toiletmap-uk","name":"Myddelton House Gardens","fee":"yes","charge":null,"access":null,"wheelchair":"no","opening_hours":null,"operator":null,"description":"Open 10am until 5pm or dusk","password":null}},{"type":"Feature","geometry":{"type":"Point","coordinates":[-0.153889,51.5256686]},"properties":{"id":"toiletmap/f0e685c8664e6620c1db6237","source":"toiletmap-uk","name":null,"fee":"yes","charge":".20","access":null,"wheelchair":"no","opening_hours":null,"operator":null,"description":null,"password":null}},{"type":"Feature","geometry":{"type":"Point","coordinates":[-0.055781901,51.528462876]},"properties":{"id":"toiletmap/f0ed68b2968e8e407b59e337","source":"toiletmap-uk","name":"Bethnal Green Mission Church","fee":"no","charge":null,"access":null,"wheelchair":"no","opening_hours":"Mo-Fr 08:00-17:30; Sa 09:30-17:30; Su 10:45-13:30","operator":null,"description":"A Tower Hamlets Community Toilet Scheme Venue. The toilet is located on the ground floor.","password":null}},{"type":"Feature","geometry":{"type":"Point","coordinates":[-0.227660537,51.518875056]},"properties":{"id":"toiletmap/f0f3b4f70f1adb326ea3779e","source":"toiletmap-uk","name":"The Pavillion","fee":"no","charge":null,"access":null,"wheelchair":null,"opening_hours":"Mo-Sa 12:00-23:00; Su 12:00-22:00","operator":null,"description":"These toilets are primarily for the use of pub customers; however, they are accessible to the wider public. Please consider supporting the pub by making a purchase as a token of gratitude for this service.","password":null}},{"type":"Feature","geometry":{"type":"Point","coordinates":[-0.1511396,51.5093539]},"properties":{"id":"toiletmap/f0f4b839449d3f093fcd40cb","source":"toiletmap-uk","name":"Mayfair Library ","fee":"no","charge":null,"access":null,"wheelchair":"no","opening_hours":"Mo-Fr 11:00-19:00; Sa 10:30-14:00","operator":null,"description":"The toilet is on the first floor, with access only via a 22-step staircase with handrails. There's also steps to enter the building. ","password":null}},{"type":"Feature","geometry":{"type":"Point","coordinates":[0.01331985,51.570124746]},"properties":{"id":"toiletmap/f1279f3bffe8d8ced90a8963","source":"toiletmap-uk","name":"McDonald's Leytonstone","fee":"yes","charge":null,"access":null,"wheelchair":"yes","opening_hours":"Mo-Su 00:00-00:00","operator":null,"description":"24hrs! Part of Waltham Forest Community Toilet Scheme.","password":null}},{"type":"Feature","geometry":{"type":"Point","coordinates":[-0.115231428,51.506462771]},"properties":{"id":"toiletmap/f12b6af401b488b174b98b3b","source":"toiletmap-uk","name":"bristol","fee":"no","charge":null,"access":null,"wheelchair":null,"opening_hours":null,"operator":null,"description":null,"password":null}},{"type":"Feature","geometry":{"type":"Point","coordinates":[-0.118497312,51.505304955]},"properties":{"id":"toiletmap/f1643f473b771adef48cdb89","source":"toiletmap-uk","name":"The Jubiloo","fee":"yes","charge":"1.00","access":null,"wheelchair":"yes","opening_hours":"Mo-Su 09:00-17:00","operator":null,"description":"Open Daily.","password":null}},{"type":"Feature","geometry":{"type":"Point","coordinates":[0.033801198,51.31466926]},"properties":{"id":"toiletmap/f16ab36119ac93642936a42b","source":"toiletmap-uk","name":"Service Station","fee":"yes","charge":null,"access":null,"wheelchair":"no","opening_hours":null,"operator":null,"description":"Currently Closed. Sept 2016","password":null}},{"type":"Feature","geometry":{"type":"Point","coordinates":[-0.138109624,51.462480879]},"properties":{"id":"toiletmap/f1812d35ed7244e2cb88234c","source":"toiletmap-uk","name":"Picture House","fee":"no","charge":null,"access":null,"wheelchair":"yes","opening_hours":null,"operator":null,"description":null,"password":null}},{"type":"Feature","geometry":{"type":"Point","coordinates":[0.116536617,51.45790946]},"properties":{"id":"toiletmap/f18a69feb0fb32b93485091c","source":"toiletmap-uk","name":"Danson Park Children's Playground","fee":"no","charge":null,"access":null,"wheelchair":"yes","opening_hours":"Mo-Fr 10:00-14:30; Sa-Su 10:00-15:30","operator":null,"description":"The times given are for Winter months.\nThe times for Summer months are Monday to Friday 10am - 6pm. Saturday & Sunday 10am - 3.30pm.\nThe toilets are closed on Christmas Day and Boxing Day.\nThe Disabled toilet is also a unisex/gender neutral toilet.","password":null}},{"type":"Feature","geometry":{"type":"Point","coordinates":[-0.0623808,51.440465]},"properties":{"id":"toiletmap/f199e8512654947d6aeb91c5","source":"toiletmap-uk","name":"Horniman Triangle Park Toilet","fee":"no","charge":null,"access":null,"wheelchair":"yes","opening_hours":"Mo-Su 09:00-18:00","operator":null,"description":"7 days, summer only 8am-4pm","password":null}},{"type":"Feature","geometry":{"type":"Point","coordinates":[-0.137981772,51.524365477]},"properties":{"id":"toiletmap/f1a67dad85b86fa310385195","source":"toiletmap-uk","name":"McDonald's","fee":"yes","charge":null,"access":null,"wheelchair":"yes","opening_hours":"Mo-Su 09:00-17:00","operator":null,"description":"Disabled toilet hidden opposite counter!","password":null}},{"type":"Feature","geometry":{"type":"Point","coordinates":[-0.306214392,51.455665709]},"properties":{"id":"toiletmap/f1adcb5c670d6cc7576b115e","source":"toiletmap-uk","name":"Cambridge Gardens - Cafe ","fee":"no","charge":null,"access":null,"wheelchair":"yes","opening_hours":null,"operator":null,"description":null,"password":null}},{"type":"Feature","geometry":{"type":"Point","coordinates":[-0.411086082,51.480197562]},"properties":{"id":"toiletmap/f1c4b4af23f4883b9b6df9ee","source":"toiletmap-uk","name":"Double Tree by Hilton London Heathrow","fee":"no","charge":null,"access":null,"wheelchair":"no","opening_hours":null,"operator":null,"description":"Part of Hounslow Community Toilet Scheme","password":null}},{"type":"Feature","geometry":{"type":"Point","coordinates":[-0.355797172,51.479671602]},"properties":{"id":"toiletmap/f2b58fb4eaace2526de08b48","source":"toiletmap-uk","name":"Hounslow Conservative Club","fee":"no","charge":null,"access":null,"wheelchair":"no","opening_hours":null,"operator":null,"description":"Part of Hounslow Community Toilet Scheme","password":null}},{"type":"Feature","geometry":{"type":"Point","coordinates":[-0.110791326,51.645699048]},"properties":{"id":"toiletmap/f3045f53a3336236fe5c2fae","source":"toiletmap-uk","name":"Sainsbury's Enfield Highlands","fee":"yes","charge":"No payment required","access":null,"wheelchair":"yes","opening_hours":"Mo-Sa 07:00-21:00; Su 11:00-17:00","operator":null,"description":"In a separate block immediately opposite the store entrance","password":null}},{"type":"Feature","geometry":{"type":"Point","coordinates":[-0.1884687,51.402414]},"properties":{"id":"toiletmap/f32a548487b24e2883b37bc6","source":"toiletmap-uk","name":null,"fee":"no","charge":null,"access":null,"wheelchair":"no","opening_hours":null,"operator":null,"description":null,"password":null}},{"type":"Feature","geometry":{"type":"Point","coordinates":[-0.4023811,51.6595035]},"properties":{"id":"toiletmap/f330c8228674efaf3931f195","source":"toiletmap-uk","name":null,"fee":"no","charge":null,"access":null,"wheelchair":"no","opening_hours":null,"operator":null,"description":null,"password":null}},{"type":"Feature","geometry":{"type":"Point","coordinates":[-0.151987374,51.44549201]},"properties":{"id":"toiletmap/f35cb0db4caf4df96f0aa310","source":"toiletmap-uk","name":"Balham Library","fee":"no","charge":null,"access":null,"wheelchair":"no","opening_hours":null,"operator":null,"description":"Part of council Community Toilet Scheme","password":null}},{"type":"Feature","geometry":{"type":"Point","coordinates":[0.069844212,51.559072143]},"properties":{"id":"toiletmap/f39788e509c499c8bea0a20d","source":"toiletmap-uk","name":"Ilford Station","fee":"no","charge":null,"access":null,"wheelchair":"yes","opening_hours":"Mo-Su 09:00-17:00","operator":null,"description":"Only available inside the station. Men and women's toilets located on Plat 3. Accessible toilet located on Plat 4.\n\nEDIT: Due to station works, the accessible toilet is out of order. Upon staff request, access is granted to an accessible portaloo on Plat 1. Otherwise, there are accessible toilets and a Changing places in the Exchange mall across the street.","password":null}},{"type":"Feature","geometry":{"type":"Point","coordinates":[-0.224656463,51.371748562]},"properties":{"id":"toiletmap/f39d7880c50340e40a3ccc07","source":"toiletmap-uk","name":"Sainsbury's Superstore - North Cheam","fee":"no","charge":null,"access":null,"wheelchair":"yes","opening_hours":"Mo-Sa 07:00-23:00; Su 10:00-16:00","operator":null,"description":null,"password":null}},{"type":"Feature","geometry":{"type":"Point","coordinates":[-0.28323859,51.494885608]},"properties":{"id":"toiletmap/f3bb107ccbf871fe8a67f580","source":"toiletmap-uk","name":"Gunnersbury Cemetery","fee":"no","charge":null,"access":null,"wheelchair":"yes","opening_hours":"Mo 09:00-16:30; Tu-Su 09:30-16:30","operator":null,"description":"The hours shown are for November, December and January and the closing time gets later in spring and summer.","password":null}},{"type":"Feature","geometry":{"type":"Point","coordinates":[-0.327956378,51.427291709]},"properties":{"id":"toiletmap/f3bfaa8e1730897df966ef2c","source":"toiletmap-uk","name":"The Fallow Deer","fee":"no","charge":null,"access":null,"wheelchair":"no","opening_hours":"Mo-Sa 08:00-16:30; Su 09:00-16:30","operator":null,"description":"Part of Richmond Council's Community Toilet Scheme.","password":null}},{"type":"Feature","geometry":{"type":"Point","coordinates":[-0.128858685,51.432893934]},"properties":{"id":"toiletmap/f3e990b264a4d831f8349506","source":"toiletmap-uk","name":"Wimpy","fee":"no","charge":null,"access":null,"wheelchair":"no","opening_hours":null,"operator":null,"description":"Mon - Sun: 09:00 - 23:00. Part of Lambeth Community Toilet Scheme.","password":null}},{"type":"Feature","geometry":{"type":"Point","coordinates":[0.175995827,51.552979939]},"properties":{"id":"toiletmap/f3fe83ff0bed741e3ba37e94","source":"toiletmap-uk","name":"Eastbrookend Country Park, Inside Millennium Centre","fee":"yes","charge":"No Charge","access":null,"wheelchair":"yes","opening_hours":null,"operator":null,"description":"Summer (April - September) 09.00 - 17.00 / Winter (October - March) 09.00 - 16.00","password":null}},{"type":"Feature","geometry":{"type":"Point","coordinates":[-0.122104883,51.486310299]},"properties":{"id":"toiletmap/f411745a6aa82919f5c5d0b7","source":"toiletmap-uk","name":"Pop Up Urilift","fee":"no","charge":null,"access":null,"wheelchair":"no","opening_hours":"Mo-Su 17:00-00:00","operator":null,"description":null,"password":null}},{"type":"Feature","geometry":{"type":"Point","coordinates":[-0.083053166,51.447158283]},"properties":{"id":"toiletmap/f42644adf8b9058ef973fe36","source":"toiletmap-uk","name":"Dulwich Park Francis Peek Centre Community Centre/Rangers Office Toilet","fee":"no","charge":null,"access":null,"wheelchair":"yes","opening_hours":"Mo-Su 07:30-18:00","operator":null,"description":"Closes at DUSK. Part of Southwark Council Toilet Network. Managed by Parks Dept. 9 standard toilets, 1 accessible toilet, 2 baby-changing.","password":null}},{"type":"Feature","geometry":{"type":"Point","coordinates":[0.017541647,51.378805652]},"properties":{"id":"toiletmap/f42b28fdb01af0d065eeeaf4","source":"toiletmap-uk","name":"Village Cafe","fee":"no","charge":null,"access":null,"wheelchair":"yes","opening_hours":"Mo-Su 09:00-17:00","operator":null,"description":"Mon-Sun 6.30-15.30. Part of Bromley Council Community Toilet Scheme.","password":null}},{"type":"Feature","geometry":{"type":"Point","coordinates":[-0.19529908,51.362002171]},"properties":{"id":"toiletmap/f49cdb683f67aa8ea00a0979","source":"toiletmap-uk","name":"Sutton Library","fee":"no","charge":null,"access":null,"wheelchair":"yes","opening_hours":"Mo-Su 09:00-17:00","operator":null,"description":"Toilets on Top Floor and Ground Floor, Community Toilet Scheme toilet","password":null}},{"type":"Feature","geometry":{"type":"Point","coordinates":[-0.314826965,51.38888293]},"properties":{"id":"toiletmap/f4c7aaffda8b1b8046fa08ab","source":"toiletmap-uk","name":"Victoria Recreation Ground","fee":"no","charge":null,"access":null,"wheelchair":"no","opening_hours":"Fr-Su 09:00-15:00","operator":null,"description":"Off Highway","password":null}},{"type":"Feature","geometry":{"type":"Point","coordinates":[-0.063742697,51.503574079]},"properties":{"id":"toiletmap/f4f0fefbb280e78e392615b4","source":"toiletmap-uk","name":"Royal Dry Cleaners","fee":"no","charge":null,"access":null,"wheelchair":"no","opening_hours":"Mo-Fr 07:30-19:00; Sa 08:30-18:00","operator":null,"description":"A Tower Hamlets Community Toilet Scheme Venue. This toilet can be found on the ground floor.","password":null}},{"type":"Feature","geometry":{"type":"Point","coordinates":[-0.352680981,51.441743881]},"properties":{"id":"toiletmap/f50aa8e92059774fd0deb94c","source":"toiletmap-uk","name":"The Bloomsbury Pub & Restaurant","fee":"no","charge":null,"access":null,"wheelchair":"yes","opening_hours":"Tu-Fr 16:00-23:00; Sa 12:00-00:00; Su 12:00-22:00","operator":null,"description":"Part of Richmond Community Toilet Scheme","password":null}},{"type":"Feature","geometry":{"type":"Point","coordinates":[-0.251226425,51.387310716]},"properties":{"id":"toiletmap/f511e64265bdea16cb261f1e","source":"toiletmap-uk","name":"Manor Park Recreation Ground","fee":"no","charge":null,"access":null,"wheelchair":"yes","opening_hours":"Mo-Su 07:00-17:00","operator":null,"description":null,"password":null}},{"type":"Feature","geometry":{"type":"Point","coordinates":[-0.1099907,51.4524003]},"properties":{"id":"toiletmap/f56f4758e97811d82c03fd96","source":"toiletmap-uk","name":"Brockwell Park Toilets","fee":"yes","charge":"No charge","access":null,"wheelchair":"yes","opening_hours":"Mo-Su 09:00-18:00","operator":null,"description":null,"password":null}},{"type":"Feature","geometry":{"type":"Point","coordinates":[-0.326853991,51.282626954]},"properties":{"id":"toiletmap/f58326b5ea96f406ccf3fe44","source":"toiletmap-uk","name":"Texaco Filling Station - Leatherhead","fee":"no","charge":null,"access":null,"wheelchair":"yes","opening_hours":null,"operator":null,"description":"Some free parking. Loo in shop (Co-op).  Canopy: 3.7m.  KT22 8LY.  Checked October 2016","password":null}},{"type":"Feature","geometry":{"type":"Point","coordinates":[-0.503156805,51.43245842]},"properties":{"id":"toiletmap/f596ad1931f06e0466fc09dd","source":"toiletmap-uk","name":"Staines Railway Station","fee":"no","charge":null,"access":null,"wheelchair":"no","opening_hours":null,"operator":null,"description":null,"password":null}},{"type":"Feature","geometry":{"type":"Point","coordinates":[-0.0901785,51.5804992]},"properties":{"id":"toiletmap/f5c14bc30b6c750a55976a3d","source":"toiletmap-uk","name":null,"fee":"no","charge":null,"access":null,"wheelchair":"no","opening_hours":null,"operator":null,"description":null,"password":null}},{"type":"Feature","geometry":{"type":"Point","coordinates":[-0.302724838,51.444828451]},"properties":{"id":"toiletmap/f5d65718c2c8b5bfe14c0088","source":"toiletmap-uk","name":"The Fox and Duck","fee":"no","charge":null,"access":null,"wheelchair":"no","opening_hours":"Mo-We 12:00-22:30; Th-Sa 12:00-23:00; Su 12:00-09:00","operator":null,"description":"Part of Richmond Council's Community Toilet Scheme.","password":null}},{"type":"Feature","geometry":{"type":"Point","coordinates":[-0.1602824,51.3661622]},"properties":{"id":"toiletmap/f5f5a9577b9d7f321927a74f","source":"toiletmap-uk","name":null,"fee":"no","charge":null,"access":null,"wheelchair":"yes","opening_hours":null,"operator":null,"description":"Associated with adjacent cafe.","password":null}},{"type":"Feature","geometry":{"type":"Point","coordinates":[-0.484690722,51.364146937]},"properties":{"id":"toiletmap/f64fba475ac16fc140cb2ad4","source":"toiletmap-uk","name":"Wyevale Garden Centre - Weybridge","fee":"yes","charge":null,"access":null,"wheelchair":"yes","opening_hours":"Mo-Su 09:00-17:00","operator":null,"description":"Open: Mon-Sat 9am-6pm; Sun: 10.30-4.30.  Restaurant; Aquatics; Pets Corner; Cotton Traders.  KT15 2BU","password":null}},{"type":"Feature","geometry":{"type":"Point","coordinates":[0.020387427,51.413396696]},"properties":{"id":"toiletmap/f66582355595cc7a1031ed72","source":"toiletmap-uk","name":"Sundridge Park rail station","fee":"no","charge":null,"access":null,"wheelchair":"no","opening_hours":null,"operator":null,"description":"Toilet closed","password":null}},{"type":"Feature","geometry":{"type":"Point","coordinates":[-0.067527294,51.420835984]},"properties":{"id":"toiletmap/f6924b7ac522868b5e8d1204","source":"toiletmap-uk","name":"Crystal Palace Sports Centre and Pools","fee":"yes","charge":null,"access":null,"wheelchair":"no","opening_hours":null,"operator":null,"description":"Public Access to building","password":null}},{"type":"Feature","geometry":{"type":"Point","coordinates":[-0.28409246,51.41249564]},"properties":{"id":"toiletmap/f6a3afb3217472a6672e3b4a","source":"toiletmap-uk","name":"Norbiton Station","fee":"no","charge":null,"access":null,"wheelchair":"no","opening_hours":"Mo-Fr 06:40-20:25; Sa 07:10-20:25; Su 09:10-16:40","operator":null,"description":"Collect the key at the ticket office to use this toilet.\n\nLocated on the station platform.","password":null}},{"type":"Feature","geometry":{"type":"Point","coordinates":[-0.079495311,51.514665084]},"properties":{"id":"toiletmap/f6d6fffb38de157da251ac68","source":"toiletmap-uk","name":"Slug & Lettuce","fee":"no","charge":null,"access":null,"wheelchair":"yes","opening_hours":"Mo-Fr 09:00-17:00","operator":null,"description":null,"password":null}},{"type":"Feature","geometry":{"type":"Point","coordinates":[-0.339149237,51.374363914]},"properties":{"id":"toiletmap/f6e6b96246d5d5672d001259","source":"toiletmap-uk","name":"Community Toilet: Costa Coffee, Hinchley Wood","fee":"no","charge":null,"access":null,"wheelchair":"yes","opening_hours":"Mo-Su 09:00-17:00","operator":null,"description":"https://www.elmbridge.gov.uk/your-streets/cts/\n\nOpening: https://www.costa.co.uk/locations/store-locator\n\nKT10 0SR","password":null}},{"type":"Feature","geometry":{"type":"Point","coordinates":[-0.374291539,51.415957525]},"properties":{"id":"toiletmap/f6f07c4a635f30f7f906db01","source":"toiletmap-uk","name":"Linden Hall Community Centre","fee":"no","charge":null,"access":null,"wheelchair":"yes","opening_hours":"Mo-Fr 08:00-15:00","operator":null,"description":"Part of Richmond Council's Community Toilet Scheme ","password":null}},{"type":"Feature","geometry":{"type":"Point","coordinates":[-0.236565471,51.51652774]},"properties":{"id":"toiletmap/f701ad6e0d650d718d98f194","source":"toiletmap-uk","name":"Hammersmith Hospital","fee":"no","charge":null,"access":null,"wheelchair":null,"opening_hours":null,"operator":null,"description":"Simply enter the hospital via the main reception, and you should find the toilets in close proximity. If needed, feel free to ask someone for assistance.","password":null}},{"type":"Feature","geometry":{"type":"Point","coordinates":[0.101846038,51.464843484]},"properties":{"id":"toiletmap/f705144043f94bf391b4e8f9","source":"toiletmap-uk","name":"Welling Station","fee":"no","charge":null,"access":null,"wheelchair":"no","opening_hours":null,"operator":null,"description":null,"password":null}},{"type":"Feature","geometry":{"type":"Point","coordinates":[-0.205516219,51.374224946]},"properties":{"id":"toiletmap/f70683e667d017e4a0bae9d2","source":"toiletmap-uk","name":"McDonalds","fee":"no","charge":null,"access":null,"wheelchair":"no","opening_hours":null,"operator":null,"description":null,"password":null}},{"type":"Feature","geometry":{"type":"Point","coordinates":[-0.199685097,51.543933041]},"properties":{"id":"toiletmap/f711fd09c8953f64b50cd6bd","source":"toiletmap-uk","name":"Kilburn Grange Park Changing Rooms","fee":"no","charge":null,"access":null,"wheelchair":"no","opening_hours":"Sa-Su 13:00-17:00","operator":null,"description":"This toilet is available from 1 to 5pm Saturday and Sunday until September 7th 2025. There are two cubicles in the bank with an attendant in support. There is also discretionary access at certain times to the toilets at the Play Hut in the park which has a disabled loo. This service is a community initiative by Kilburn Older Voices Exchange supported by One Kilburn and with funding from the Community Investment Levy.. See www.kove.org.uk for details of the campaign to persuade Camden Council to reopen properly supported toilet facilities.","password":null}},{"type":"Feature","geometry":{"type":"Point","coordinates":[-0.302714109,51.619120687]},"properties":{"id":"toiletmap/f715bc77852608cc1639dc28","source":"toiletmap-uk","name":"Stanmore Tube Station","fee":"no","charge":null,"access":null,"wheelchair":"yes","opening_hours":"Mo-Su 00:00-00:00","operator":null,"description":"Toilets are inside ticket gateline!","password":null}},{"type":"Feature","geometry":{"type":"Point","coordinates":[-0.393619657,51.653842926]},"properties":{"id":"toiletmap/f71d963a38d897c6fa722710","source":"toiletmap-uk","name":"Nandos","fee":"no","charge":null,"access":null,"wheelchair":null,"opening_hours":null,"operator":null,"description":"at the back I think","password":null}},{"type":"Feature","geometry":{"type":"Point","coordinates":[0.0464498,51.6252192]},"properties":{"id":"toiletmap/f7331d2a5257af01b4a0f2b8","source":"toiletmap-uk","name":"Queens Road","fee":"yes","charge":"20p or RADAR Key","access":null,"wheelchair":"yes","opening_hours":null,"operator":null,"description":null,"password":null}},{"type":"Feature","geometry":{"type":"Point","coordinates":[0.02682972,51.454583371]},"properties":{"id":"toiletmap/f737451a4eca50685f020f88","source":"toiletmap-uk","name":"Sutcliffe Park Sports Centre cafe","fee":"no","charge":null,"access":null,"wheelchair":"yes","opening_hours":null,"operator":null,"description":"Toilet is in cafe","password":null}},{"type":"Feature","geometry":{"type":"Point","coordinates":[-0.119049847,51.502039349]},"properties":{"id":"toiletmap/f746debd670088f7aba3b2c2","source":"toiletmap-uk","name":"County Hall","fee":"no","charge":null,"access":null,"wheelchair":"no","opening_hours":null,"operator":null,"description":"Pretty sure there are toilets within the public area of County Hall..","password":null}},{"type":"Feature","geometry":{"type":"Point","coordinates":[-0.318249464,51.378253179]},"properties":{"id":"toiletmap/f79aca2f076446212cfe9624","source":"toiletmap-uk","name":"Squires Garden Centre","fee":"yes","charge":null,"access":null,"wheelchair":"yes","opening_hours":"Mo-Su 09:00-17:00","operator":null,"description":"Monday – Saturday 9am – 6pm;\r\nSunday 10.30am – 4.30pm; Open Thursdays until 7pm, in April, May & June.   Cafe. KT6 5HN","password":null}},{"type":"Feature","geometry":{"type":"Point","coordinates":[0.025998477,51.509795122]},"properties":{"id":"toiletmap/f7d9505cc906966c877502bf","source":"toiletmap-uk","name":"Custom House Elizabeth line, past barrier gates","fee":"no","charge":null,"access":null,"wheelchair":"yes","opening_hours":"Mo-Sa 06:30-22:30","operator":null,"description":"Within the Elizabeth line station, past ticket barriers. Only a single toilet which is accessible. Open when station is open and currently 630-2200 except Sundays when closed.","password":null}},{"type":"Feature","geometry":{"type":"Point","coordinates":[-0.362789154,51.585065561]},"properties":{"id":"toiletmap/f7e3646e88beacd5008dcc22","source":"toiletmap-uk","name":"North Harrow Tube Station","fee":"no","charge":null,"access":null,"wheelchair":"no","opening_hours":null,"operator":null,"description":"Male toilets are inside ticket gateline! Ask TfL staff for access. \nFemale toilets are outside ticket gateline","password":null}},{"type":"Feature","geometry":{"type":"Point","coordinates":[-0.3695658,51.4031467]},"properties":{"id":"toiletmap/f8079366e499d6db2ad4f5d8","source":"toiletmap-uk","name":"Public Toilet - West Molesey Recreation Ground","fee":"no","charge":null,"access":null,"wheelchair":"no","opening_hours":null,"operator":null,"description":"Updated from Elmbridge Borough Council Website Map - Dec 2016","password":null}},{"type":"Feature","geometry":{"type":"Point","coordinates":[-0.136457384,51.519839239]},"properties":{"id":"toiletmap/f80a1e97021e0c16e8f69908","source":"toiletmap-uk","name":null,"fee":"no","charge":null,"access":null,"wheelchair":"no","opening_hours":null,"operator":null,"description":null,"password":null}},{"type":"Feature","geometry":{"type":"Point","coordinates":[-0.088962557,51.489861814]},"properties":{"id":"toiletmap/f831975838f5e1dc5e0540f9","source":"toiletmap-uk","name":"Dawes Street","fee":"yes","charge":null,"access":null,"wheelchair":"no","opening_hours":null,"operator":null,"description":"Tu-Fr 07:30-17:30","password":null}},{"type":"Feature","geometry":{"type":"Point","coordinates":[-0.304146409,51.513468268]},"properties":{"id":"toiletmap/f8482e7a371b850785c9a89a","source":"toiletmap-uk","name":"McDonalds","fee":"no","charge":null,"access":null,"wheelchair":"yes","opening_hours":"Mo-Su 09:00-17:00","operator":null,"description":"Ealing Community Toilet Scheme\nMon to Thurs 6am - 10pm \nFri 6am - 12pm \nSat 12pm - 1am, 6am - 10pm \nSun 12pm - 1am, 6am - 10pm","password":null}},{"type":"Feature","geometry":{"type":"Point","coordinates":[0.021489,51.431664]},"properties":{"id":"toiletmap/f8bde088013d6ceb50215a7a","source":"toiletmap-uk","name":"Grove Park","fee":"no","charge":null,"access":null,"wheelchair":"no","opening_hours":"Mo-Su 00:00-00:00","operator":null,"description":"Toilet is permanently closed awaiting removal","password":null}},{"type":"Feature","geometry":{"type":"Point","coordinates":[-0.126200616,51.535286145]},"properties":{"id":"toiletmap/f8df55c0cfb22a6cfd29b84b","source":"toiletmap-uk","name":"Coal Drops Yard (lower level)","fee":"no","charge":null,"access":null,"wheelchair":"yes","opening_hours":null,"operator":null,"description":"Nice well maintained accessbile toilets - mixed gender.","password":null}},{"type":"Feature","geometry":{"type":"Point","coordinates":[-0.500392914,51.657515652]},"properties":{"id":"toiletmap/f8f8336a40ecd38bb3347b25","source":"toiletmap-uk","name":"Shell Filling Station - Chorleywood","fee":"yes","charge":null,"access":null,"wheelchair":"no","opening_hours":"Mo-Su 00:00-00:00","operator":null,"description":"Shop, Cafe, ATM, WD3 5SE","password":null}},{"type":"Feature","geometry":{"type":"Point","coordinates":[-0.140215158,51.512889782]},"properties":{"id":"toiletmap/f912c8c7f88c8f47c88aaf00","source":"toiletmap-uk","name":"Hamleys toy store ","fee":"no","charge":null,"access":null,"wheelchair":"yes","opening_hours":null,"operator":null,"description":"On level 5 on the right as you come up the stairs ","password":null}},{"type":"Feature","geometry":{"type":"Point","coordinates":[-0.024165123,51.40850149]},"properties":{"id":"toiletmap/f943c30167e4ae69068153b7","source":"toiletmap-uk","name":"Beckenham Civic Halls","fee":"no","charge":null,"access":null,"wheelchair":"yes","opening_hours":null,"operator":null,"description":"https://www.bromley.gov.uk/directory/36/community_and_public_toilets/category/527\n\nOpen: Monday to Sunday, 9am – 5pm\n\nBR3 5JE","password":null}},{"type":"Feature","geometry":{"type":"Point","coordinates":[-0.260732174,51.399265896]},"properties":{"id":"toiletmap/f9546b6256b13379f1b7fa4e","source":"toiletmap-uk","name":"New Malden Library","fee":"no","charge":null,"access":null,"wheelchair":null,"opening_hours":"Mo-Tu 10:00-18:00; Th-Fr 10:00-18:00; Sa 10:00-17:00","operator":null,"description":null,"password":null}},{"type":"Feature","geometry":{"type":"Point","coordinates":[-0.001700521,51.606650524]},"properties":{"id":"toiletmap/f954d200bff2acb65333f124","source":"toiletmap-uk","name":"Maurgies Cafe","fee":"yes","charge":null,"access":null,"wheelchair":"no","opening_hours":null,"operator":null,"description":"Mon-Sat: 8am-3pm. Part of Waltham Forest Community Toilet Scheme.","password":null}},{"type":"Feature","geometry":{"type":"Point","coordinates":[0.195409656,51.285948613]},"properties":{"id":"toiletmap/f9884915e7028905826fda19","source":"toiletmap-uk","name":"BP Filling Station - Sevenoaks","fee":"yes","charge":null,"access":null,"wheelchair":"yes","opening_hours":"Mo-Su 09:00-17:00","operator":null,"description":"Open - Mon-Sat 7am-11pm; Sun 7am-10pm.  Shop.  TN13 3NY","password":null}},{"type":"Feature","geometry":{"type":"Point","coordinates":[-0.077947217,51.30851045]},"properties":{"id":"toiletmap/f98bb73e6da83bf3eb2d4147","source":"toiletmap-uk","name":"Upper Warlingham Station","fee":"no","charge":null,"access":null,"wheelchair":"no","opening_hours":null,"operator":null,"description":null,"password":null}},{"type":"Feature","geometry":{"type":"Point","coordinates":[-0.2935226,51.4427015]},"properties":{"id":"toiletmap/f9f252e3dd1f616fbacdcc7d","source":"toiletmap-uk","name":null,"fee":"no","charge":null,"access":null,"wheelchair":"yes","opening_hours":null,"operator":null,"description":null,"password":null}},{"type":"Feature","geometry":{"type":"Point","coordinates":[0.069774985,51.49000724]},"properties":{"id":"toiletmap/fa0a5da3d55477ca2478421f","source":"toiletmap-uk","name":"Woolwich Arsenal","fee":"no","charge":null,"access":null,"wheelchair":"yes","opening_hours":null,"operator":null,"description":"Located in the Mainline station.\nDisabled access via a footbridge and lift from the DLR Station (Woolwich New Rd Entrance)","password":null}},{"type":"Feature","geometry":{"type":"Point","coordinates":[0.012230873,51.450898002]},"properties":{"id":"toiletmap/fa19f7dec0e7894a2a0b0027","source":"toiletmap-uk","name":"Lord Northbrook Pub","fee":"yes","charge":null,"access":null,"wheelchair":"yes","opening_hours":"Mo-Su 09:00-17:00","operator":null,"description":null,"password":null}},{"type":"Feature","geometry":{"type":"Point","coordinates":[-0.020488,51.5877839]},"properties":{"id":"toiletmap/fa33bb8828f9fa95cc466dda","source":"toiletmap-uk","name":"Ye Olde Rose & Crown Theatre Pub","fee":"no","charge":null,"access":null,"wheelchair":"no","opening_hours":null,"operator":null,"description":"Part of Community Toilet Scheme.\r\nOpen during pub trading hours.","password":null}},{"type":"Feature","geometry":{"type":"Point","coordinates":[-0.3158704,51.4473227]},"properties":{"id":"toiletmap/fa42ef6d4e52db8e47238470","source":"toiletmap-uk","name":"Orleans Gardens","fee":"no","charge":null,"access":null,"wheelchair":"no","opening_hours":null,"operator":null,"description":null,"password":null}},{"type":"Feature","geometry":{"type":"Point","coordinates":[-0.298068523,51.392772634]},"properties":{"id":"toiletmap/fa4aa279ead62bc79d2e920e","source":"toiletmap-uk","name":"Surbiton Library","fee":"no","charge":null,"access":null,"wheelchair":null,"opening_hours":"Mo-Tu 10:00-18:00; Th 10:00-18:00; Fr 10:00-20:00; Sa 10:00-17:00","operator":null,"description":null,"password":null}},{"type":"Feature","geometry":{"type":"Point","coordinates":[-0.116096735,51.506515414]},"properties":{"id":"toiletmap/fa5782d44dc9075180e41873","source":"toiletmap-uk","name":"Queen Elizabeth Hall","fee":"no","charge":null,"access":null,"wheelchair":"yes","opening_hours":null,"operator":null,"description":null,"password":null}},{"type":"Feature","geometry":{"type":"Point","coordinates":[-0.10093689,51.290427439]},"properties":{"id":"toiletmap/fa6a2250b796b49736999312","source":"toiletmap-uk","name":"Tesco Superstore - Caterham","fee":"yes","charge":null,"access":null,"wheelchair":"yes","opening_hours":"Mo-Su 09:00-17:00","operator":null,"description":"CR3 5QX","password":null}},{"type":"Feature","geometry":{"type":"Point","coordinates":[-0.057391226,51.47314528]},"properties":{"id":"toiletmap/fa76251bbf133893347e536b","source":"toiletmap-uk","name":"Southwark Council Public Toilets (Queens Rd)","fee":"no","charge":null,"access":null,"wheelchair":"yes","opening_hours":null,"operator":null,"description":null,"password":null}},{"type":"Feature","geometry":{"type":"Point","coordinates":[-0.048279762,51.610001998]},"properties":{"id":"toiletmap/fa7a8202784c0e2e84b31583","source":"toiletmap-uk","name":"Tesco Extra Lea Valley","fee":"yes","charge":null,"access":null,"wheelchair":"yes","opening_hours":"Mo-Su 00:00-00:00","operator":null,"description":"Closes SAT midnight, SUN 1100-1700, Opens MON 0600. Part of Mayor of London's 'Open London' Community Toilet Scheme","password":null}},{"type":"Feature","geometry":{"type":"Point","coordinates":[0.103898048,51.535264746]},"properties":{"id":"toiletmap/fac981e47f5003daf5c35bff","source":"toiletmap-uk","name":"Rippleside Cemetery","fee":"yes","charge":"No charge","access":null,"wheelchair":"yes","opening_hours":"Mo-Su 09:00-17:00","operator":null,"description":"Summer (April - September): 08.00 - 18.30 / Winter (October - March): 08.00 - 16.00","password":null}},{"type":"Feature","geometry":{"type":"Point","coordinates":[-0.276900643,51.613102262]},"properties":{"id":"toiletmap/fae4c9c0861ac36e442261c8","source":"toiletmap-uk","name":"Caffè Nero","fee":"no","charge":null,"access":null,"wheelchair":"yes","opening_hours":null,"operator":null,"description":"Disabled toilet inside Caffè Nero","password":null}},{"type":"Feature","geometry":{"type":"Point","coordinates":[0.2154418,51.4455574]},"properties":{"id":"toiletmap/fb1c07e15a0c75644ed3c136","source":"toiletmap-uk","name":null,"fee":"no","charge":null,"access":null,"wheelchair":"no","opening_hours":null,"operator":null,"description":null,"password":null}},{"type":"Feature","geometry":{"type":"Point","coordinates":[0.017099082,51.634384352]},"properties":{"id":"toiletmap/fb3bd40546ef274581f470c7","source":"toiletmap-uk","name":"Epping Forest Visitor Centre (Chingford)","fee":null,"charge":null,"access":null,"wheelchair":"yes","opening_hours":"Tu-Su 10:00-17:00","operator":null,"description":"Open on Bank Holidays, but not Christmas Day.\nhttps://www.cityoflondon.gov.uk/things-to-do/green-spaces/epping-forest/where-to-go-in-epping-forest/chingford-visitor-centre","password":null}},{"type":"Feature","geometry":{"type":"Point","coordinates":[0.0697808,51.4666859]},"properties":{"id":"toiletmap/fb41d7f88f5dbdde533ca581","source":"toiletmap-uk","name":"Oxleas Wood Cafe Toilets","fee":"no","charge":null,"access":null,"wheelchair":"no","opening_hours":null,"operator":null,"description":null,"password":null}},{"type":"Feature","geometry":{"type":"Point","coordinates":[-0.051704943,51.527910156]},"properties":{"id":"toiletmap/fb5713064434038f17637f89","source":"toiletmap-uk","name":"Quarantacinque","fee":"no","charge":null,"access":null,"wheelchair":"no","opening_hours":"Mo-Fr 07:30-17:00; Sa-Su 08:30-17:00","operator":null,"description":"A Tower Hamlets Community Toilet Scheme Venue. The toilet is located on the ground floor, however there is not much space to access the toilet.","password":null}},{"type":"Feature","geometry":{"type":"Point","coordinates":[0.2722656,51.4397083]},"properties":{"id":"toiletmap/fb59fcafd824d3524eb4f6d5","source":"toiletmap-uk","name":null,"fee":"no","charge":null,"access":null,"wheelchair":"no","opening_hours":null,"operator":null,"description":null,"password":null}},{"type":"Feature","geometry":{"type":"Point","coordinates":[-0.366569996,51.468482544]},"properties":{"id":"toiletmap/fb75438bdbfa9a7f8bd08f3b","source":"toiletmap-uk","name":"Yates's","fee":"no","charge":null,"access":null,"wheelchair":"no","opening_hours":null,"operator":null,"description":"Part of Hounslow Community Toilet Scheme","password":null}},{"type":"Feature","geometry":{"type":"Point","coordinates":[0.264980793,51.608943281]},"properties":{"id":"toiletmap/fba05a51020d93dde626cc1d","source":"toiletmap-uk","name":"Petrol station","fee":"no","charge":null,"access":null,"wheelchair":"yes","opening_hours":null,"operator":null,"description":null,"password":null}},{"type":"Feature","geometry":{"type":"Point","coordinates":[-0.092944014,51.375597136]},"properties":{"id":"toiletmap/fbaeb14db9eb9aac85c6f287","source":"toiletmap-uk","name":"East Croydon Station Platforms 1 and 2","fee":"no","charge":null,"access":null,"wheelchair":"yes","opening_hours":"Mo-Su 05:00-00:30","operator":null,"description":"Open on request 0030 to 0500","password":null}},{"type":"Feature","geometry":{"type":"Point","coordinates":[-0.07265836,51.524321312]},"properties":{"id":"toiletmap/fbdfdf7af1a5c0b4702a2a7a","source":"toiletmap-uk","name":"Costa Coffee","fee":"no","charge":null,"access":null,"wheelchair":"yes","opening_hours":"Mo-Fr 06:30-19:00; Sa 06:30-19:30; Su 07:30-18:30","operator":null,"description":"A Tower Hamlets Community Toilet Scheme Venue. The toilets are located on the ground floor.","password":null}},{"type":"Feature","geometry":{"type":"Point","coordinates":[-0.201938152,51.517065297]},"properties":{"id":"toiletmap/fbfb36c51879167a94110616","source":"toiletmap-uk","name":"Tabernacle","fee":"no","charge":null,"access":null,"wheelchair":"no","opening_hours":"Mo-Su 09:00-17:00","operator":null,"description":"Left of bar, through first door.","password":null}},{"type":"Feature","geometry":{"type":"Point","coordinates":[-0.154227018,51.514117591]},"properties":{"id":"toiletmap/fc15b2ff14194e66e4dede0d","source":"toiletmap-uk","name":"MARKS & SPENCERS, MARBLE ARCH","fee":"no","charge":null,"access":null,"wheelchair":"yes","opening_hours":"Mo-Sa 09:00-21:00; Su 12:00-18:00","operator":null,"description":"Toilets in basement in foodhall and on 3rd floor by café","password":null}},{"type":"Feature","geometry":{"type":"Point","coordinates":[-0.360692776,51.644002226]},"properties":{"id":"toiletmap/fc1cf7d0e3edb420148aad20","source":"toiletmap-uk","name":"Bushey Rose Garden ","fee":null,"charge":null,"access":null,"wheelchair":null,"opening_hours":null,"operator":null,"description":"Hertsmere Borough Council Park public toilet ","password":null}},{"type":"Feature","geometry":{"type":"Point","coordinates":[-0.185096562,51.480744668]},"properties":{"id":"toiletmap/fc259353553ba289ee8fc4c5","source":"toiletmap-uk","name":"Worlds end health center ","fee":"no","charge":null,"access":null,"wheelchair":"yes","opening_hours":null,"operator":null,"description":"Inside health center - they always happy to use ","password":null}},{"type":"Feature","geometry":{"type":"Point","coordinates":[-0.1215545,51.578297387]},"properties":{"id":"toiletmap/fc5794c259f10351f0899cab","source":"toiletmap-uk","name":"Hornsey library","fee":"no","charge":null,"access":null,"wheelchair":"yes","opening_hours":"Mo-Fr 09:00-17:00","operator":null,"description":"The toilets are upstairs in the library but there is a lift.","password":null}},{"type":"Feature","geometry":{"type":"Point","coordinates":[-0.036628246,51.557996323]},"properties":{"id":"toiletmap/fcad6b4def1b4c1777e08ab7","source":"toiletmap-uk","name":"Hackney Marshes Pavilion","fee":"no","charge":null,"access":null,"wheelchair":"yes","opening_hours":null,"operator":null,"description":"https://hackney.gov.uk/hackney-marshes","password":null}},{"type":"Feature","geometry":{"type":"Point","coordinates":[-0.197517872,51.364174584]},"properties":{"id":"toiletmap/fcbe158c0977eea828f39f91","source":"toiletmap-uk","name":"Sutton Centre for Independent Living and Learning (SCILL)","fee":"no","charge":null,"access":null,"wheelchair":"yes","opening_hours":"Mo-Su 00:00-00:00","operator":null,"description":"Changing Places facility offers 24 hr access for people with physical disabilities. It includes a hoist and changing bench and is accessible using a radar key. (A radar key is available from the premises between 10am and 4pm).","password":null}},{"type":"Feature","geometry":{"type":"Point","coordinates":[-0.075705387,51.515823452]},"properties":{"id":"toiletmap/fcbe7ad26d036545571c0496","source":"toiletmap-uk","name":"The Bell - Middlesex Street","fee":"no","charge":null,"access":null,"wheelchair":"no","opening_hours":"Mo 12:00-21:00; Tu-We 12:00-23:00; Th 12:00-00:00; Fr 12:00-23:00; Sa 17:00-23:00","operator":null,"description":"A Tower Hamlets Council Community Toilet Scheme venue. The toilets are located on the ground floor and are step free.","password":null}},{"type":"Feature","geometry":{"type":"Point","coordinates":[-0.102149248,51.493422724]},"properties":{"id":"toiletmap/fcc2d18378307376cc0e0561","source":"toiletmap-uk","name":"The Castle Leisure Centre","fee":"yes","charge":"You need to have a subscription to enter the toilets","access":null,"wheelchair":"yes","opening_hours":"Mo-Fr 06:30-22:00; Sa 07:00-18:00; Su 07:00-22:00","operator":null,"description":"Bank Holidays same opening hours as Saturdays.  ","password":null}},{"type":"Feature","geometry":{"type":"Point","coordinates":[-0.285105407,51.477066388]},"properties":{"id":"toiletmap/fcdead974ad8232ee146ad3d","source":"toiletmap-uk","name":"Kew Gardens","fee":"no","charge":null,"access":null,"wheelchair":"no","opening_hours":null,"operator":null,"description":"Only accessible from the Eastbound station platform.","password":null}},{"type":"Feature","geometry":{"type":"Point","coordinates":[-0.117008686,51.337275408]},"properties":{"id":"toiletmap/fcdf9a267c57b205bc7316fb","source":"toiletmap-uk","name":"Tesco Extra, Purley","fee":"no","charge":null,"access":null,"wheelchair":"yes","opening_hours":null,"operator":null,"description":null,"password":null}},{"type":"Feature","geometry":{"type":"Point","coordinates":[-0.333401263,51.389911139]},"properties":{"id":"toiletmap/fcf50cbda520c41d9c5b6c46","source":"toiletmap-uk","name":"Community Toilet:Costa Coffee, Thames Ditton","fee":"no","charge":null,"access":null,"wheelchair":"yes","opening_hours":null,"operator":null,"description":"https://www.elmbridge.gov.uk/your-streets/cts/\n\nOpening:https://www.costa.co.uk/\n\nKT7 0RY","password":null}},{"type":"Feature","geometry":{"type":"Point","coordinates":[-0.465277433,51.354237595]},"properties":{"id":"toiletmap/fd10347c5c38ae9fd728755b","source":"toiletmap-uk","name":"Brooklands Museum","fee":"yes","charge":null,"access":null,"wheelchair":"yes","opening_hours":null,"operator":null,"description":"KT13 0QN. Free Parking. Cafe doing main meals. Requires Ticket. Checked October 2016.","password":null}},{"type":"Feature","geometry":{"type":"Point","coordinates":[-0.2111187,51.53421238]},"properties":{"id":"toiletmap/fd1ce3182898398eefb2febf","source":"toiletmap-uk","name":"Queens Park Lodge","fee":"no","charge":null,"access":null,"wheelchair":"yes","opening_hours":null,"operator":null,"description":null,"password":null}},{"type":"Feature","geometry":{"type":"Point","coordinates":[-0.1650324,51.5543139]},"properties":{"id":"toiletmap/fd3608ed5c5e3908a786a49f","source":"toiletmap-uk","name":"South End Green Public toilets ","fee":"no","charge":null,"access":null,"wheelchair":"no","opening_hours":null,"operator":null,"description":"Below ground, access via stairs with separate entrances for men and women. \nWill close at regular intervals during the day to be cleaned, and close for end of the day cleaning.\nSummer/Autumn opening hours (1 June to 31 October): 9am to 7.45pm \nWinter/Spring opening hours (1 November to 31 May): 9am to 5.45pm\n\n","password":null}},{"type":"Feature","geometry":{"type":"Point","coordinates":[-0.296730101,51.461711409]},"properties":{"id":"toiletmap/fd3c845b14dd764c8d520eba","source":"toiletmap-uk","name":"The Red Cow","fee":"no","charge":null,"access":null,"wheelchair":"no","opening_hours":"Mo-Th 12:00-23:00; Fr-Sa 12:00-00:00; Su 12:00-23:00","operator":null,"description":"Part of Richmond Community Toilet Scheme","password":null}},{"type":"Feature","geometry":{"type":"Point","coordinates":[-0.2958266,51.5521114]},"properties":{"id":"toiletmap/fd5384f327cb1cae0109bfbe","source":"toiletmap-uk","name":"Wembley Central Station","fee":"no","charge":null,"access":null,"wheelchair":null,"opening_hours":null,"operator":null,"description":"Inside ticket gates","password":null}},{"type":"Feature","geometry":{"type":"Point","coordinates":[-0.102331638,51.590322168]},"properties":{"id":"toiletmap/fd83a87fa4acc5f1915ecad9","source":"toiletmap-uk","name":"Turnpike Lane Bus Station","fee":null,"charge":null,"access":null,"wheelchair":"no","opening_hours":null,"operator":null,"description":"These toilets have been closed for over six years. The gents have a code lock on them \n\n\n","password":null}},{"type":"Feature","geometry":{"type":"Point","coordinates":[-0.17614603,51.516896719]},"properties":{"id":"toiletmap/fdd7b6fc584b6c22e7029ff3","source":"toiletmap-uk","name":"Paddington Station — Platform 12","fee":"no","charge":null,"access":null,"wheelchair":"yes","opening_hours":"Mo-Su 00:00-00:00","operator":null,"description":"Showers are also available at these toilets for £5\n\nSource: https://www.networkrail.co.uk/communities/passengers/our-stations/london-paddington/","password":null}},{"type":"Feature","geometry":{"type":"Point","coordinates":[-0.475676358,51.426883914]},"properties":{"id":"toiletmap/fde712bd71487cf1b371b0f8","source":"toiletmap-uk","name":"fordbridge park ","fee":"no","charge":null,"access":null,"wheelchair":"yes","opening_hours":"Mo-Su 08:00-18:00","operator":null,"description":null,"password":null}},{"type":"Feature","geometry":{"type":"Point","coordinates":[-0.2940831,51.4839062]},"properties":{"id":"toiletmap/fdfca818df923af979e4026b","source":"toiletmap-uk","name":"Kew Gardens","fee":"no","charge":null,"access":null,"wheelchair":"no","opening_hours":null,"operator":null,"description":null,"password":null}},{"type":"Feature","geometry":{"type":"Point","coordinates":[-0.1572349,51.5659718]},"properties":{"id":"toiletmap/fe05f4cc7f5b55b6c71a888a","source":"toiletmap-uk","name":"Millfield Lane Public Conveniences","fee":"no","charge":null,"access":null,"wheelchair":"no","opening_hours":null,"operator":null,"description":"Mon-Sun 7.30am-8.30pm.","password":null}},{"type":"Feature","geometry":{"type":"Point","coordinates":[-0.369053721,51.484203093]},"properties":{"id":"toiletmap/fe10c0cfd631371dd56138f2","source":"toiletmap-uk","name":"Heston Community Sports Hall","fee":"no","charge":null,"access":null,"wheelchair":"no","opening_hours":null,"operator":null,"description":"Part of Hounslow Community Toilet Scheme","password":null}},{"type":"Feature","geometry":{"type":"Point","coordinates":[-0.379039049,51.316010437]},"properties":{"id":"toiletmap/fe1a5ae37a6051a3e0aeba76","source":"toiletmap-uk","name":"Squires Garden Centre & Cafe - Cobham","fee":"no","charge":null,"access":null,"wheelchair":"yes","opening_hours":null,"operator":null,"description":"Mon– Sat 8.30am – 6pm\r\nSunday 10.30am – 4.30pm.  All day cafe opening.  Buy One Get One Free on hot drinks Mon - Sat until 10am.  Large free car park.  KT11 3PU. Checked October 2016","password":null}},{"type":"Feature","geometry":{"type":"Point","coordinates":[-0.133992434,51.525937311]},"properties":{"id":"toiletmap/fe2c6c53b3c52caffa41643a","source":"toiletmap-uk","name":"WELLCOME COLLECTION","fee":"no","charge":null,"access":null,"wheelchair":"yes","opening_hours":"Mo-We 10:00-18:00; Th 10:00-20:00; Fr-Su 10:00-18:00","operator":null,"description":"Excellent and clean. Wellcome Collection encourage use by wider public, not just museum visitors. As well as the toilet facilities listed, Wellcome Collection also has a Changing Places toilet.","password":null}},{"type":"Feature","geometry":{"type":"Point","coordinates":[-0.1259481,51.5089214]},"properties":{"id":"toiletmap/fe73e9adbd14c618b3ae6cf5","source":"toiletmap-uk","name":"Adelaide Street Urinal","fee":"no","charge":null,"access":null,"wheelchair":"no","opening_hours":"Mo-Su 00:00-00:00","operator":null,"description":"Urinal only.","password":null}},{"type":"Feature","geometry":{"type":"Point","coordinates":[-0.428861616,51.459126782]},"properties":{"id":"toiletmap/feaac88f590bb7315cd0a935","source":"toiletmap-uk","name":"Hatton Road Allotments","fee":"no","charge":null,"access":null,"wheelchair":"no","opening_hours":null,"operator":null,"description":"Part of Hounslow Community Toilet Scheme","password":null}},{"type":"Feature","geometry":{"type":"Point","coordinates":[-0.1313392,51.510664662]},"properties":{"id":"toiletmap/fef032bb5244033d82e9459b","source":"toiletmap-uk","name":"M&M World Toilets (G Level)","fee":"no","charge":null,"access":null,"wheelchair":"yes","opening_hours":null,"operator":null,"description":"By entrance and is, like any other London public toilet, absolutely disgusting.","password":null}},{"type":"Feature","geometry":{"type":"Point","coordinates":[-0.2905818,51.4785757]},"properties":{"id":"toiletmap/fef18ac4f608b0302c8d149c","source":"toiletmap-uk","name":"Kew Gardens","fee":"no","charge":null,"access":null,"wheelchair":"no","opening_hours":null,"operator":null,"description":null,"password":null}},{"type":"Feature","geometry":{"type":"Point","coordinates":[-0.354716778,51.577339572]},"properties":{"id":"toiletmap/ff0ea22235ed4c191bddd78a","source":"toiletmap-uk","name":"Parkview Cafe","fee":"yes","charge":null,"access":null,"wheelchair":"yes","opening_hours":"Mo-Su 09:00-18:00","operator":null,"description":null,"password":null}},{"type":"Feature","geometry":{"type":"Point","coordinates":[0.091956854,51.417585982]},"properties":{"id":"toiletmap/ff21e10ab350461ce6ccb7db","source":"toiletmap-uk","name":"BP Connect Filling Station - Chislehurst","fee":"yes","charge":null,"access":null,"wheelchair":"yes","opening_hours":"Mo-Su 00:00-00:00","operator":null,"description":"M&S Shop; ATM; Wild Bean Cafe ( Hot & Cold Snacks); Truck Friendly; BR7 6HB","password":null}},{"type":"Feature","geometry":{"type":"Point","coordinates":[0.122790556,51.412618142]},"properties":{"id":"toiletmap/ff308e494db1ba3f59b12e95","source":"toiletmap-uk","name":"Tesco Superstore - Sidcup","fee":"no","charge":null,"access":null,"wheelchair":"no","opening_hours":"Mo-Su 09:00-17:00","operator":null,"description":"Open: 24hour - Closes SAT Midnight. SUN 1000-1600. Opens MON 0600. Pharmacy, ATM, Filling Station, Costa Coffee.\r\nPart of Mayor of London's 'Open London' Community Toilet Scheme.  DA14 5BN","password":null}},{"type":"Feature","geometry":{"type":"Point","coordinates":[-0.1067566,51.4488678]},"properties":{"id":"toiletmap/ff63ee1bc35be09f6f47d8a9","source":"toiletmap-uk","name":"Brockwell Hall Toilets Male","fee":"yes","charge":"No charge","access":null,"wheelchair":"no","opening_hours":null,"operator":null,"description":null,"password":null}},{"type":"Feature","geometry":{"type":"Point","coordinates":[-0.110439654,51.513776923]},"properties":{"id":"toiletmap/ffab6d376d1de41f964200d4","source":"toiletmap-uk","name":"Ye Olde Cock Tavern","fee":"no","charge":null,"access":null,"wheelchair":"yes","opening_hours":null,"operator":null,"description":"MONDAY TO FRIDAY: 07.00 - 23.00; SATURDAY: 12.00 - 18.00; SUNDAY: Closed. Part of City of London Community Toilet Scheme.","password":null}},{"type":"Feature","geometry":{"type":"Point","coordinates":[-0.134357214,51.322129058]},"properties":{"id":"toiletmap/ffb55e129e8aaaf97d70cb46","source":"toiletmap-uk","name":"Coulsdon Town - Railway Station","fee":"yes","charge":"o","access":null,"wheelchair":"no","opening_hours":null,"operator":null,"description":".","password":null}},{"type":"Feature","geometry":{"type":"Point","coordinates":[-0.27570641,51.495687691]},"properties":{"id":"toiletmap/ffdd15e0b32cc551e9cbed2b","source":"toiletmap-uk","name":"Source Chiswick","fee":"no","charge":null,"access":null,"wheelchair":"no","opening_hours":null,"operator":null,"description":"Part of Hounslow Community Toilet Scheme","password":null}},{"type":"Feature","geometry":{"type":"Point","coordinates":[-0.145761967,51.431390626]},"properties":{"id":"toiletmap/fff52d698c59d7ff5b35d40a","source":"toiletmap-uk","name":"Tooting Bec Common Tennis Courts/Swing Park","fee":"no","charge":null,"access":null,"wheelchair":null,"opening_hours":null,"operator":null,"description":null,"password":null}},{"type":"Feature","geometry":{"type":"Point","coordinates":[-0.161141753,51.508035123]},"properties":{"id":"toiletmap/fff5c79e1cf035db0e14554c","source":"toiletmap-uk","name":"The Reservoir Toilets ","fee":"yes","charge":"20p","access":null,"wheelchair":"yes","opening_hours":"Mo-Su 07:30-18:00","operator":null,"description":"Baby Change facilities in separate room.\nSeasonal closing times. \nJan - 4pm, Feb - 5pm, March - 6pm, April - 8pm \nMay to August - 9pm\nSept - 7pm, Oct - 6pm, Nov and Dec - 4pm. \n","password":null}},{"type":"Feature","geometry":{"type":"Point","coordinates":[-0.133107,51.510391]},"properties":{"id":"xhs/five-guys-w1d-7dh-1f","source":"xhs","name":"Five Guys (W1D 7DH, 1F)","fee":"yes","charge":null,"access":null,"wheelchair":null,"opening_hours":null,"operator":null,"description":"小红书评价：很干净，有温水、洗手液、烘手器；二楼密码 4625","password":"9491","code_confirmed_at":null,"cleanliness":"clean","city":"uk/london"}},{"type":"Feature","geometry":{"type":"Point","coordinates":[-0.1336,51.5246]},"properties":{"id":"xhs/ucl-main-library-ground-floor","source":"xhs","name":"UCL Main Library (Ground Floor)","fee":"no","charge":null,"access":null,"wheelchair":null,"opening_hours":null,"operator":null,"description":"","password":"7351","code_confirmed_at":null,"cleanliness":null,"city":"uk/london"}},{"type":"Feature","geometry":{"type":"Point","coordinates":[-0.122557,51.511752]},"properties":{"id":"xhs/shake-shack-covent-garden-1f","source":"xhs","name":"Shake Shack (Covent Garden, -1F)","fee":"no","charge":null,"access":null,"wheelchair":null,"opening_hours":null,"operator":null,"description":"无需密码，位置隐蔽，比较干净","password":null,"code_confirmed_at":null,"cleanliness":"clean","city":"uk/london"}},{"type":"Feature","geometry":{"type":"Point","coordinates":[-0.154627,51.514583]},"properties":{"id":"xhs/m-s-oxford-street","source":"xhs","name":"M&S (Oxford Street)","fee":"no","charge":null,"access":null,"wheelchair":null,"opening_hours":null,"operator":null,"description":"免费使用，无密码","password":null,"code_confirmed_at":null,"cleanliness":null,"city":"uk/london"}},{"type":"Feature","geometry":{"type":"Point","coordinates":[-0.152818,51.514602]},"properties":{"id":"xhs/selfridges-basement","source":"xhs","name":"Selfridges (Basement)","fee":"no","charge":null,"access":null,"wheelchair":null,"opening_hours":null,"operator":null,"description":"负一层免费厕所","password":null,"code_confirmed_at":null,"cleanliness":null,"city":"uk/london"}},{"type":"Feature","geometry":{"type":"Point","coordinates":[-0.140158,51.513835]},"properties":{"id":"xhs/liberty-basement","source":"xhs","name":"Liberty (Basement)","fee":"no","charge":null,"access":null,"wheelchair":null,"opening_hours":null,"operator":null,"description":"负一层厕所对外开放","password":null,"code_confirmed_at":null,"cleanliness":null,"city":"uk/london"}},{"type":"Feature","geometry":{"type":"Point","coordinates":[-0.145584,51.494467]},"properties":{"id":"xhs/burger-king-victoria-station","source":"xhs","name":"Burger King (Victoria Station)","fee":"yes","charge":null,"access":null,"wheelchair":null,"opening_hours":null,"operator":null,"description":"维多利亚火车站旁，交通枢纽","password":null,"code_confirmed_at":null,"cleanliness":null,"city":"uk/london"}},{"type":"Feature","geometry":{"type":"Point","coordinates":[-0.1575,51.5138]},"properties":{"id":"xhs/kfc-542-oxford-street","source":"xhs","name":"KFC (542 Oxford Street)","fee":"yes","charge":null,"access":null,"wheelchair":null,"opening_hours":null,"operator":null,"description":"","password":null,"code_confirmed_at":null,"cleanliness":null,"city":"uk/london"}},{"type":"Feature","geometry":{"type":"Point","coordinates":[-0.136768,51.516144]},"properties":{"id":"xhs/kfc-the-plaza-120-oxford-street","source":"xhs","name":"KFC (The Plaza, 120 Oxford Street)","fee":"yes","charge":null,"access":null,"wheelchair":null,"opening_hours":null,"operator":null,"description":"","password":null,"code_confirmed_at":null,"cleanliness":null,"city":"uk/london"}},{"type":"Feature","geometry":{"type":"Point","coordinates":[-0.130176,51.517303]},"properties":{"id":"xhs/vq-caf-great-russell-st","source":"xhs","name":"VQ café (Great Russell St)","fee":"yes","charge":null,"access":null,"wheelchair":null,"opening_hours":null,"operator":null,"description":"大英博物馆附近，环境安静","password":"8182","code_confirmed_at":null,"cleanliness":null,"city":"uk/london"}},{"type":"Feature","geometry":{"type":"Point","coordinates":[-0.128366,51.525414]},"properties":{"id":"xhs/pret-manger-wc1h-9lt","source":"xhs","name":"Pret à Manger (WC1H 9LT)","fee":"yes","charge":null,"access":null,"wheelchair":null,"opening_hours":null,"operator":null,"description":"UCL 旁","password":"2580","code_confirmed_at":null,"cleanliness":null,"city":"uk/london"}},{"type":"Feature","geometry":{"type":"Point","coordinates":[-0.112752,51.518152]},"properties":{"id":"xhs/pret-manger-holborn-station","source":"xhs","name":"Pret à Manger (Holborn Station)","fee":"yes","charge":null,"access":null,"wheelchair":null,"opening_hours":null,"operator":null,"description":"","password":"1234","code_confirmed_at":null,"cleanliness":null,"city":"uk/london"}},{"type":"Feature","geometry":{"type":"Point","coordinates":[-0.135385,51.497304]},"properties":{"id":"xhs/pret-manger-victoria-street","source":"xhs","name":"Pret à Manger (Victoria Street)","fee":"yes","charge":null,"access":null,"wheelchair":null,"opening_hours":null,"operator":null,"description":"白金汉宫附近，一楼靠后","password":"1212","code_confirmed_at":null,"cleanliness":null,"city":"uk/london"}},{"type":"Feature","geometry":{"type":"Point","coordinates":[-0.125217,51.501153]},"properties":{"id":"xhs/pret-manger-bridge-street","source":"xhs","name":"Pret à Manger (Bridge Street)","fee":"yes","charge":null,"access":null,"wheelchair":null,"opening_hours":null,"operator":null,"description":"大本钟附近，紧挨 Westminster 地铁站","password":"4321","code_confirmed_at":null,"cleanliness":null,"city":"uk/london"}},{"type":"Feature","geometry":{"type":"Point","coordinates":[-0.1167,51.5057]},"properties":{"id":"xhs/giraffe-southbank-centre","source":"xhs","name":"Giraffe (Southbank Centre)","fee":"yes","charge":null,"access":null,"wheelchair":null,"opening_hours":null,"operator":null,"description":"伦敦眼附近","password":"2001","code_confirmed_at":null,"cleanliness":null,"city":"uk/london"}},{"type":"Feature","geometry":{"type":"Point","coordinates":[-0.131138,51.517808]},"properties":{"id":"xhs/pret-manger-tottenham-court-rd","source":"xhs","name":"Pret à Manger (Tottenham Court Rd)","fee":"yes","charge":null,"access":null,"wheelchair":null,"opening_hours":null,"operator":null,"description":"走路到大英博物馆约 5 分钟","password":"2580","code_confirmed_at":null,"cleanliness":null,"city":"uk/london"}},{"type":"Feature","geometry":{"type":"Point","coordinates":[-0.133657,51.512786]},"properties":{"id":"xhs/pret-manger-wardour-st-soho","source":"xhs","name":"Pret à Manger (Wardour St, Soho)","fee":"yes","charge":null,"access":null,"wheelchair":null,"opening_hours":null,"operator":null,"description":"厕所在楼下，店员基本不管","password":"1212","code_confirmed_at":"2025-05","cleanliness":null,"city":"uk/london"}},{"type":"Feature","geometry":{"type":"Point","coordinates":[-0.137915,51.512847]},"properties":{"id":"xhs/joe-the-juice-broadwick-st-soho","source":"xhs","name":"Joe & The Juice (Broadwick St, Soho)","fee":"yes","charge":null,"access":null,"wheelchair":null,"opening_hours":null,"operator":null,"description":"靠近 Liberty 和 Carnaby Street","password":"2468","code_confirmed_at":null,"cleanliness":null,"city":"uk/london"}},{"type":"Feature","geometry":{"type":"Point","coordinates":[-0.1273,51.5175]},"properties":{"id":"xhs/pret-manger-british-museum","source":"xhs","name":"Pret à Manger (British Museum)","fee":"yes","charge":null,"access":null,"wheelchair":null,"opening_hours":null,"operator":null,"description":"评论提供：531 或 135，试一下就行","password":"531 / 135","code_confirmed_at":null,"cleanliness":null,"city":"uk/london"}},{"type":"Feature","geometry":{"type":"Point","coordinates":[-0.133165,51.50313]},"properties":{"id":"xhs/st-james-s-park-toilets","source":"xhs","name":"St James's Park toilets","fee":"no","charge":null,"access":null,"wheelchair":null,"opening_hours":"Mo-Su 08:00-18:00","operator":null,"description":"临近地铁站，免费开放","password":null,"code_confirmed_at":null,"cleanliness":null,"city":"uk/london"}},{"type":"Feature","geometry":{"type":"Point","coordinates":[-0.132346,51.523307]},"properties":{"id":"xhs/ucl-malet-place-eng-bldg-b1","source":"xhs","name":"UCL Malet Place Eng Bldg (B1)","fee":"no","charge":null,"access":null,"wheelchair":null,"opening_hours":null,"operator":null,"description":"全天开放不上锁","password":null,"code_confirmed_at":null,"cleanliness":null,"city":"uk/london"}}]}