{"type":"FeatureCollection","attribution":"© OpenStreetMap contributors (ODbL)","generated_at":"2026-08-21T08:43:14.962Z","features":[{"type":"Feature","geometry":{"type":"Point","coordinates":[13.3354981,52.5250027]},"properties":{"id":"node/29040668","source":"osm","name":null,"fee":"yes","charge":null,"access":null,"wheelchair":"yes","opening_hours":"24/7","operator":"Wall","description":"Berliner Toilette","password":null}},{"type":"Feature","geometry":{"type":"Point","coordinates":[13.4063232,52.5185392]},"properties":{"id":"node/60240150","source":"osm","name":"City WC","fee":"yes","charge":"0.50 EUR","access":"yes","wheelchair":"yes","opening_hours":null,"operator":null,"description":null,"password":null}},{"type":"Feature","geometry":{"type":"Point","coordinates":[13.2725671,52.5096874]},"properties":{"id":"node/81362621","source":"osm","name":"Berliner Toilette","fee":"yes","charge":"0,50 Eur","access":"yes","wheelchair":"no","opening_hours":"Mo-Su 08:00-20:00","operator":"Wall GmbH","description":"gemauert","password":null}},{"type":"Feature","geometry":{"type":"Point","coordinates":[13.2288157,52.4477899]},"properties":{"id":"node/88456311","source":"osm","name":null,"fee":"no","charge":null,"access":null,"wheelchair":"no","opening_hours":null,"operator":null,"description":null,"password":null}},{"type":"Feature","geometry":{"type":"Point","coordinates":[13.1772821,52.4395401]},"properties":{"id":"node/253775733","source":"osm","name":null,"fee":null,"charge":null,"access":"customers","wheelchair":null,"opening_hours":null,"operator":null,"description":null,"password":null}},{"type":"Feature","geometry":{"type":"Point","coordinates":[13.1773459,52.4373163]},"properties":{"id":"node/253775734","source":"osm","name":null,"fee":null,"charge":null,"access":"customers","wheelchair":"no","opening_hours":null,"operator":null,"description":null,"password":null}},{"type":"Feature","geometry":{"type":"Point","coordinates":[13.1773664,52.4405511]},"properties":{"id":"node/253775735","source":"osm","name":null,"fee":null,"charge":null,"access":"customers","wheelchair":null,"opening_hours":null,"operator":null,"description":null,"password":null}},{"type":"Feature","geometry":{"type":"Point","coordinates":[13.4642879,52.4874875]},"properties":{"id":"node/257372882","source":"osm","name":"Berliner Toilette","fee":"yes","charge":null,"access":"yes","wheelchair":"yes","opening_hours":"24/7","operator":"Wall","description":"Berliner Toilette","password":null}},{"type":"Feature","geometry":{"type":"Point","coordinates":[13.3633629,52.4811845]},"properties":{"id":"node/258604531","source":"osm","name":"Historische Toilette (Café Achteck)","fee":"no","charge":null,"access":"yes","wheelchair":"no","opening_hours":"24/7","operator":null,"description":null,"password":null}},{"type":"Feature","geometry":{"type":"Point","coordinates":[13.1214072,52.4303983]},"properties":{"id":"node/271938947","source":"osm","name":null,"fee":"no","charge":null,"access":null,"wheelchair":"yes","opening_hours":null,"operator":null,"description":null,"password":null}},{"type":"Feature","geometry":{"type":"Point","coordinates":[13.2050138,52.5368873]},"properties":{"id":"node/278139236","source":"osm","name":"Öffentliche Toilette","fee":"yes","charge":null,"access":null,"wheelchair":"yes","opening_hours":"Mo-Sa 07:00-22:00; Su,PH 10:00-18:00","operator":"Wall","description":null,"password":null}},{"type":"Feature","geometry":{"type":"Point","coordinates":[13.2163673,52.4238362]},"properties":{"id":"node/286472700","source":"osm","name":null,"fee":null,"charge":null,"access":"yes","wheelchair":"no","opening_hours":null,"operator":null,"description":null,"password":null}},{"type":"Feature","geometry":{"type":"Point","coordinates":[13.5138306,52.5172132]},"properties":{"id":"node/286976952","source":"osm","name":null,"fee":"no","charge":null,"access":"yes","wheelchair":"yes","opening_hours":null,"operator":null,"description":null,"password":null}},{"type":"Feature","geometry":{"type":"Point","coordinates":[13.2855929,52.4982552]},"properties":{"id":"node/287525643","source":"osm","name":null,"fee":"no","charge":null,"access":"yes","wheelchair":"yes","opening_hours":null,"operator":"sonstiger Betreiber","description":"gemauerte Toilette","password":null}},{"type":"Feature","geometry":{"type":"Point","coordinates":[13.294005,52.5361522]},"properties":{"id":"node/287809080","source":"osm","name":"Berliner Toilette","fee":"yes","charge":null,"access":"yes","wheelchair":"yes","opening_hours":"24/7","operator":"Wall","description":"Berliner Toilette mit 1 Platz","password":null}},{"type":"Feature","geometry":{"type":"Point","coordinates":[13.3536181,52.4948726]},"properties":{"id":"node/294583209","source":"osm","name":null,"fee":"yes","charge":"0.5 EUR","access":"yes","wheelchair":"yes","opening_hours":"24/7","operator":"Wall","description":null,"password":null}},{"type":"Feature","geometry":{"type":"Point","coordinates":[13.2276499,52.5064309]},"properties":{"id":"node/308003239","source":"osm","name":null,"fee":"no","charge":null,"access":"yes","wheelchair":"no","opening_hours":null,"operator":"sonstiger Betreiber","description":"Sanitärcontainer","password":null}},{"type":"Feature","geometry":{"type":"Point","coordinates":[13.325066,52.494001]},"properties":{"id":"node/309363218","source":"osm","name":"Berliner Toilette","fee":"yes","charge":null,"access":"yes","wheelchair":"yes","opening_hours":"24/7","operator":"Wall","description":"Berliner Toilette mit 1 Platz","password":null}},{"type":"Feature","geometry":{"type":"Point","coordinates":[13.3174167,52.5015328]},"properties":{"id":"node/309371016","source":"osm","name":"Berliner Toilette","fee":"yes","charge":null,"access":"yes","wheelchair":"yes","opening_hours":"24/7","operator":"Wall","description":"Berliner Toilette mit 1 Platz","password":null}},{"type":"Feature","geometry":{"type":"Point","coordinates":[13.3586017,52.5469956]},"properties":{"id":"node/317179422","source":"osm","name":"Berliner Toilette","fee":"no","charge":null,"access":"yes","wheelchair":"yes","opening_hours":"08:00-18:00","operator":"Wall","description":null,"password":null}},{"type":"Feature","geometry":{"type":"Point","coordinates":[13.4136041,52.5598709]},"properties":{"id":"node/333944057","source":"osm","name":"Berliner Toilette","fee":"yes","charge":"0.50 EUR","access":"yes","wheelchair":"yes","opening_hours":"24/7","operator":null,"description":"Berliner Toilette mit 1.Platz","password":null}},{"type":"Feature","geometry":{"type":"Point","coordinates":[13.3120206,52.442552]},"properties":{"id":"node/347422928","source":"osm","name":null,"fee":null,"charge":null,"access":null,"wheelchair":null,"opening_hours":null,"operator":null,"description":null,"password":null}},{"type":"Feature","geometry":{"type":"Point","coordinates":[13.3909712,52.488515]},"properties":{"id":"node/353202022","source":"osm","name":"Historische Toilette (Café Achteck)","fee":"no","charge":"0","access":"yes","wheelchair":"no","opening_hours":"24/7","operator":null,"description":null,"password":null}},{"type":"Feature","geometry":{"type":"Point","coordinates":[13.3984484,52.386553]},"properties":{"id":"node/364123000","source":"osm","name":"City Toilette","fee":"yes","charge":null,"access":null,"wheelchair":"limited","opening_hours":"24/7","operator":"Wall","description":"hat 2 frei zugängliche Pissoirs","password":null}},{"type":"Feature","geometry":{"type":"Point","coordinates":[13.3305814,52.5273789]},"properties":{"id":"node/365605621","source":"osm","name":null,"fee":"yes","charge":null,"access":null,"wheelchair":"yes","opening_hours":"24/7","operator":"Wall","description":"Berliner Toilette","password":null}},{"type":"Feature","geometry":{"type":"Point","coordinates":[13.3631454,52.413518]},"properties":{"id":"node/371097628","source":"osm","name":null,"fee":"yes","charge":null,"access":null,"wheelchair":"yes","opening_hours":null,"operator":"Wall","description":"Berliner Toilette","password":null}},{"type":"Feature","geometry":{"type":"Point","coordinates":[13.3567345,52.5163479]},"properties":{"id":"node/377120370","source":"osm","name":null,"fee":"no","charge":null,"access":"yes","wheelchair":"no","opening_hours":"24/7","operator":null,"description":null,"password":null}},{"type":"Feature","geometry":{"type":"Point","coordinates":[13.5801517,52.4588404]},"properties":{"id":"node/388125800","source":"osm","name":null,"fee":"yes","charge":null,"access":"yes","wheelchair":"yes","opening_hours":"24/7","operator":null,"description":"Berliner Toilette","password":null}},{"type":"Feature","geometry":{"type":"Point","coordinates":[13.4086361,52.4326]},"properties":{"id":"node/390428248","source":"osm","name":null,"fee":null,"charge":null,"access":"customers","wheelchair":"yes","opening_hours":null,"operator":null,"description":null,"password":null}},{"type":"Feature","geometry":{"type":"Point","coordinates":[13.306683,52.5078805]},"properties":{"id":"node/401552930","source":"osm","name":"Berliner Toilette","fee":"yes","charge":"0.5 EUR","access":"yes","wheelchair":"yes","opening_hours":"24/7","operator":"Wall","description":"Berliner Toilette mit 1.Platz","password":null}},{"type":"Feature","geometry":{"type":"Point","coordinates":[13.3527277,52.5444528]},"properties":{"id":"node/408469307","source":"osm","name":null,"fee":null,"charge":null,"access":"customers","wheelchair":"limited","opening_hours":null,"operator":null,"description":null,"password":null}},{"type":"Feature","geometry":{"type":"Point","coordinates":[13.3527791,52.5444267]},"properties":{"id":"node/408469602","source":"osm","name":"Herren WC","fee":null,"charge":null,"access":null,"wheelchair":"yes","opening_hours":null,"operator":null,"description":null,"password":null}},{"type":"Feature","geometry":{"type":"Point","coordinates":[13.3389963,52.5096006]},"properties":{"id":"node/413653260","source":"osm","name":null,"fee":"yes","charge":null,"access":"yes","wheelchair":"yes","opening_hours":null,"operator":null,"description":null,"password":null}},{"type":"Feature","geometry":{"type":"Point","coordinates":[13.3379653,52.5069243]},"properties":{"id":"node/413653263","source":"osm","name":"Öffentliche Toilette","fee":"no","charge":null,"access":"customers","wheelchair":"no","opening_hours":null,"operator":null,"description":null,"password":null}},{"type":"Feature","geometry":{"type":"Point","coordinates":[13.3421874,52.5069794]},"properties":{"id":"node/413653264","source":"osm","name":null,"fee":"no","charge":null,"access":"yes","wheelchair":"yes","opening_hours":null,"operator":null,"description":null,"password":null}},{"type":"Feature","geometry":{"type":"Point","coordinates":[13.3366833,52.5126724]},"properties":{"id":"node/419275395","source":"osm","name":null,"fee":"no","charge":null,"access":null,"wheelchair":"no","opening_hours":null,"operator":null,"description":"Toilettencontainer","password":null}},{"type":"Feature","geometry":{"type":"Point","coordinates":[13.3427061,52.5024723]},"properties":{"id":"node/426687394","source":"osm","name":"City Toilette","fee":"yes","charge":null,"access":null,"wheelchair":"yes","opening_hours":"24/7","operator":"Wall","description":null,"password":null}},{"type":"Feature","geometry":{"type":"Point","coordinates":[13.4839872,52.5030205]},"properties":{"id":"node/429461039","source":"osm","name":"Berliner Toilette","fee":"0.5 Euro","charge":null,"access":"yes","wheelchair":"yes","opening_hours":"24/7","operator":"Wall GmbH","description":"Berliner Toilette mit 1 Platz","password":null}},{"type":"Feature","geometry":{"type":"Point","coordinates":[13.4129793,52.5214681]},"properties":{"id":"node/437290305","source":"osm","name":null,"fee":"yes","charge":"0.5 EUR","access":null,"wheelchair":"yes","opening_hours":"Mo-Sa 07:00-22:00; Su,PH 10:00-22:00","operator":"Wall","description":null,"password":null}},{"type":"Feature","geometry":{"type":"Point","coordinates":[13.6243922,52.4506304]},"properties":{"id":"node/439239170","source":"osm","name":null,"fee":"no","charge":null,"access":"yes","wheelchair":"yes","opening_hours":"Apr-Sep: 07:00-22:00; Oct-Mar: 07:00-20:00","operator":"Wall","description":null,"password":null}},{"type":"Feature","geometry":{"type":"Point","coordinates":[13.5444405,52.4623565]},"properties":{"id":"node/441257129","source":"osm","name":null,"fee":null,"charge":null,"access":"customers","wheelchair":"no","opening_hours":null,"operator":"Kindl-Bühne Wuhlheide","description":null,"password":null}},{"type":"Feature","geometry":{"type":"Point","coordinates":[13.5464636,52.4622142]},"properties":{"id":"node/441257192","source":"osm","name":null,"fee":"no","charge":null,"access":"customers","wheelchair":"no","opening_hours":null,"operator":"Kindl-Bühne Wuhlheide","description":null,"password":null}},{"type":"Feature","geometry":{"type":"Point","coordinates":[13.5464644,52.4626505]},"properties":{"id":"node/441257332","source":"osm","name":null,"fee":null,"charge":null,"access":"customers","wheelchair":"no","opening_hours":null,"operator":"Kindl-Bühne Wuhlheide","description":null,"password":null}},{"type":"Feature","geometry":{"type":"Point","coordinates":[13.2661804,52.4717284]},"properties":{"id":"node/449372452","source":"osm","name":null,"fee":"no","charge":null,"access":"yes","wheelchair":"no","opening_hours":"24/7","operator":"weiterer Betreiber","description":"Sanitärcontainer","password":null}},{"type":"Feature","geometry":{"type":"Point","coordinates":[13.237256,52.5617805]},"properties":{"id":"node/450573181","source":"osm","name":null,"fee":null,"charge":null,"access":null,"wheelchair":null,"opening_hours":null,"operator":null,"description":null,"password":null}},{"type":"Feature","geometry":{"type":"Point","coordinates":[13.240167,52.442337]},"properties":{"id":"node/451759262","source":"osm","name":null,"fee":"yes","charge":null,"access":null,"wheelchair":"yes","opening_hours":"24/7","operator":"Wall","description":null,"password":null}},{"type":"Feature","geometry":{"type":"Point","coordinates":[13.419243,52.4333412]},"properties":{"id":"node/469165335","source":"osm","name":null,"fee":"no","charge":null,"access":null,"wheelchair":"yes","opening_hours":null,"operator":null,"description":null,"password":null}},{"type":"Feature","geometry":{"type":"Point","coordinates":[13.1814906,52.469885]},"properties":{"id":"node/477427675","source":"osm","name":null,"fee":"no","charge":null,"access":null,"wheelchair":"no","opening_hours":null,"operator":null,"description":null,"password":null}},{"type":"Feature","geometry":{"type":"Point","coordinates":[13.4303336,52.5000023]},"properties":{"id":"node/477532020","source":"osm","name":"Berliner Toilette","fee":"yes","charge":"0,50 Eur","access":"yes","wheelchair":"yes","opening_hours":"24/7","operator":"Wall GmbH","description":"Berliner Toilette mit 1. Platz","password":null}},{"type":"Feature","geometry":{"type":"Point","coordinates":[13.5272215,52.49898]},"properties":{"id":"node/480350451","source":"osm","name":null,"fee":"no","charge":null,"access":null,"wheelchair":"yes","opening_hours":null,"operator":null,"description":null,"password":null}},{"type":"Feature","geometry":{"type":"Point","coordinates":[13.5293754,52.5047637]},"properties":{"id":"node/480350458","source":"osm","name":null,"fee":"no","charge":null,"access":null,"wheelchair":"no","opening_hours":null,"operator":null,"description":null,"password":null}},{"type":"Feature","geometry":{"type":"Point","coordinates":[13.5321081,52.5077371]},"properties":{"id":"node/480350479","source":"osm","name":null,"fee":"no","charge":null,"access":"customers","wheelchair":"yes","opening_hours":null,"operator":null,"description":null,"password":null}},{"type":"Feature","geometry":{"type":"Point","coordinates":[13.3031103,52.4526043]},"properties":{"id":"node/503360880","source":"osm","name":null,"fee":"no","charge":null,"access":null,"wheelchair":"no","opening_hours":null,"operator":null,"description":null,"password":null}},{"type":"Feature","geometry":{"type":"Point","coordinates":[13.1295214,52.4294068]},"properties":{"id":"node/506836884","source":"osm","name":null,"fee":"no","charge":null,"access":null,"wheelchair":"no","opening_hours":null,"operator":null,"description":null,"password":null}},{"type":"Feature","geometry":{"type":"Point","coordinates":[13.1431416,52.432479]},"properties":{"id":"node/506836885","source":"osm","name":null,"fee":"no","charge":null,"access":null,"wheelchair":"no","opening_hours":null,"operator":null,"description":null,"password":null}},{"type":"Feature","geometry":{"type":"Point","coordinates":[13.4572669,52.490337]},"properties":{"id":"node/515660597","source":"osm","name":null,"fee":"no","charge":null,"access":null,"wheelchair":"yes","opening_hours":null,"operator":null,"description":null,"password":null}},{"type":"Feature","geometry":{"type":"Point","coordinates":[13.5264868,52.4688798]},"properties":{"id":"node/539477774","source":"osm","name":null,"fee":"yes","charge":null,"access":"yes","wheelchair":"yes","opening_hours":null,"operator":"EcoToiletten GmbH","description":null,"password":null}},{"type":"Feature","geometry":{"type":"Point","coordinates":[13.3366834,52.5331964]},"properties":{"id":"node/558361430","source":"osm","name":null,"fee":"no","charge":null,"access":"yes","wheelchair":"no","opening_hours":null,"operator":null,"description":null,"password":null}},{"type":"Feature","geometry":{"type":"Point","coordinates":[13.2536585,52.5122982]},"properties":{"id":"node/559576305","source":"osm","name":null,"fee":"no","charge":null,"access":"yes","wheelchair":"no","opening_hours":null,"operator":"sonstiger Betreiber","description":"gemauerte Toilette","password":null}},{"type":"Feature","geometry":{"type":"Point","coordinates":[13.3710387,52.4224713]},"properties":{"id":"node/603054378","source":"osm","name":null,"fee":"yes","charge":null,"access":null,"wheelchair":"yes","opening_hours":"24/7","operator":"Wall","description":null,"password":null}},{"type":"Feature","geometry":{"type":"Point","coordinates":[13.3275441,52.4864199]},"properties":{"id":"node/606334104","source":"osm","name":"Berliner Toilette","fee":"yes","charge":"0.50 Euro","access":"yes","wheelchair":"yes","opening_hours":"24/7","operator":"Wall","description":"Berliner Toilette mit 1 Platz","password":null}},{"type":"Feature","geometry":{"type":"Point","coordinates":[13.2903586,52.5188014]},"properties":{"id":"node/606347840","source":"osm","name":"Berliner Toilette","fee":"no","charge":null,"access":"yes","wheelchair":"yes","opening_hours":"24/7","operator":"Wall","description":null,"password":null}},{"type":"Feature","geometry":{"type":"Point","coordinates":[13.4955184,52.6342587]},"properties":{"id":"node/618048318","source":"osm","name":null,"fee":"no","charge":null,"access":null,"wheelchair":"yes","opening_hours":null,"operator":null,"description":null,"password":null}},{"type":"Feature","geometry":{"type":"Point","coordinates":[13.3593853,52.5489567]},"properties":{"id":"node/648910282","source":"osm","name":null,"fee":"no","charge":null,"access":null,"wheelchair":"no","opening_hours":"Mo-Fr 09:00-17:00","operator":null,"description":null,"password":null}},{"type":"Feature","geometry":{"type":"Point","coordinates":[13.3766123,52.4676855]},"properties":{"id":"node/650378255","source":"osm","name":null,"fee":null,"charge":null,"access":"customers","wheelchair":"yes","opening_hours":null,"operator":"Kaufland","description":null,"password":null}},{"type":"Feature","geometry":{"type":"Point","coordinates":[13.1957661,52.5337539]},"properties":{"id":"node/674124305","source":"osm","name":null,"fee":"no","charge":null,"access":"yes","wheelchair":"yes","opening_hours":null,"operator":null,"description":null,"password":null}},{"type":"Feature","geometry":{"type":"Point","coordinates":[13.1978942,52.5337721]},"properties":{"id":"node/674124307","source":"osm","name":null,"fee":"no","charge":null,"access":"yes","wheelchair":"no","opening_hours":null,"operator":null,"description":null,"password":null}},{"type":"Feature","geometry":{"type":"Point","coordinates":[13.3348708,52.507782]},"properties":{"id":"node/690485727","source":"osm","name":"Toilette im Elefantenhaus","fee":"yes","charge":null,"access":"customers","wheelchair":"yes","opening_hours":null,"operator":null,"description":null,"password":null}},{"type":"Feature","geometry":{"type":"Point","coordinates":[13.2368708,52.51063]},"properties":{"id":"node/718143708","source":"osm","name":"Berliner Toilette","fee":"yes","charge":"0.50 EUR","access":"yes","wheelchair":"no","opening_hours":null,"operator":"Wall GmbH","description":"Pissoir","password":null}},{"type":"Feature","geometry":{"type":"Point","coordinates":[13.2798062,52.5070807]},"properties":{"id":"node/718143802","source":"osm","name":null,"fee":"yes","charge":"2,00€","access":"yes","wheelchair":"yes","opening_hours":"24/7","operator":null,"description":null,"password":null}},{"type":"Feature","geometry":{"type":"Point","coordinates":[13.3147401,52.4733785]},"properties":{"id":"node/726126780","source":"osm","name":null,"fee":"yes","charge":"0,50 Eur","access":"yes","wheelchair":"no","opening_hours":"24/7","operator":null,"description":null,"password":null}},{"type":"Feature","geometry":{"type":"Point","coordinates":[13.4002477,52.5806679]},"properties":{"id":"node/747395207","source":"osm","name":"Berliner Toilette","fee":"yes","charge":null,"access":"yes","wheelchair":"yes","opening_hours":"24/7","operator":"Wall","description":"Berliner Toilette, kostenpflichtig","password":null}},{"type":"Feature","geometry":{"type":"Point","coordinates":[13.4435508,52.529256]},"properties":{"id":"node/783433120","source":"osm","name":"Berliner Toilette","fee":"yes","charge":"0.50 EUR","access":"yes","wheelchair":"no","opening_hours":"24/7","operator":"Wall","description":"gemauerte Toilette","password":null}},{"type":"Feature","geometry":{"type":"Point","coordinates":[13.303623,52.4820017]},"properties":{"id":"node/821587328","source":"osm","name":null,"fee":"no","charge":null,"access":"customers","wheelchair":null,"opening_hours":null,"operator":null,"description":null,"password":null}},{"type":"Feature","geometry":{"type":"Point","coordinates":[13.3033906,52.4822756]},"properties":{"id":"node/821587335","source":"osm","name":null,"fee":"no","charge":null,"access":"customers","wheelchair":null,"opening_hours":null,"operator":null,"description":null,"password":null}},{"type":"Feature","geometry":{"type":"Point","coordinates":[13.3015349,52.4815187]},"properties":{"id":"node/821588546","source":"osm","name":null,"fee":null,"charge":null,"access":null,"wheelchair":null,"opening_hours":null,"operator":null,"description":null,"password":null}},{"type":"Feature","geometry":{"type":"Point","coordinates":[13.4085276,52.4928344]},"properties":{"id":"node/840325608","source":"osm","name":"Berliner Toilette","fee":"yes","charge":"0.50 EUR","access":"yes","wheelchair":"yes","opening_hours":"24/7","operator":"Wall GmbH","description":"Berliner Toilette mit 1 Platz","password":null}},{"type":"Feature","geometry":{"type":"Point","coordinates":[13.4143571,52.4344222]},"properties":{"id":"node/851492389","source":"osm","name":null,"fee":"no","charge":null,"access":"customers","wheelchair":"limited","opening_hours":null,"operator":null,"description":null,"password":null}},{"type":"Feature","geometry":{"type":"Point","coordinates":[13.375985,52.4559388]},"properties":{"id":"node/853887530","source":"osm","name":null,"fee":"yes","charge":"0.5 EUR","access":null,"wheelchair":"yes","opening_hours":"24/7","operator":"Wall","description":null,"password":null}},{"type":"Feature","geometry":{"type":"Point","coordinates":[13.5275176,52.4109899]},"properties":{"id":"node/855355995","source":"osm","name":"Berliner Toilette","fee":"yes","charge":"0.50 EUR","access":"yes","wheelchair":"yes","opening_hours":null,"operator":"Wall","description":null,"password":null}},{"type":"Feature","geometry":{"type":"Point","coordinates":[13.586615,52.522858]},"properties":{"id":"node/897675464","source":"osm","name":"SpreeCenter","fee":"no","charge":null,"access":null,"wheelchair":"yes","opening_hours":null,"operator":null,"description":null,"password":null}},{"type":"Feature","geometry":{"type":"Point","coordinates":[13.1899014,52.4545389]},"properties":{"id":"node/932522039","source":"osm","name":null,"fee":"no","charge":null,"access":null,"wheelchair":"no","opening_hours":null,"operator":null,"description":null,"password":null}},{"type":"Feature","geometry":{"type":"Point","coordinates":[13.4977615,52.4157484]},"properties":{"id":"node/948654855","source":"osm","name":null,"fee":"no","charge":null,"access":null,"wheelchair":"yes","opening_hours":"24/7","operator":"Wall","description":null,"password":null}},{"type":"Feature","geometry":{"type":"Point","coordinates":[13.3197571,52.528251]},"properties":{"id":"node/960164646","source":"osm","name":null,"fee":"no","charge":null,"access":"no","wheelchair":"no","opening_hours":null,"operator":null,"description":null,"password":null}},{"type":"Feature","geometry":{"type":"Point","coordinates":[13.369056,52.5250818]},"properties":{"id":"node/976553355","source":"osm","name":"WC Center Berlin-Hauptbahnhof","fee":"yes","charge":null,"access":"yes","wheelchair":"yes","opening_hours":"24/7","operator":"Hering","description":null,"password":null}},{"type":"Feature","geometry":{"type":"Point","coordinates":[13.3868943,52.4387075]},"properties":{"id":"node/1030895309","source":"osm","name":"Historische Toilette (Café Achteck)","fee":"no","charge":null,"access":"yes","wheelchair":"no","opening_hours":null,"operator":null,"description":null,"password":null}},{"type":"Feature","geometry":{"type":"Point","coordinates":[13.2783634,52.5049204]},"properties":{"id":"node/1070919487","source":"osm","name":null,"fee":"no","charge":null,"access":null,"wheelchair":"no","opening_hours":null,"operator":null,"description":null,"password":null}},{"type":"Feature","geometry":{"type":"Point","coordinates":[13.2004467,52.53547]},"properties":{"id":"node/1096930211","source":"osm","name":"City Toilette","fee":"yes","charge":null,"access":null,"wheelchair":"yes","opening_hours":"24/7","operator":"Wall","description":null,"password":null}},{"type":"Feature","geometry":{"type":"Point","coordinates":[13.4031859,52.4977579]},"properties":{"id":"node/1205048326","source":"osm","name":null,"fee":null,"charge":null,"access":"customers","wheelchair":null,"opening_hours":null,"operator":null,"description":null,"password":null}},{"type":"Feature","geometry":{"type":"Point","coordinates":[13.4056681,52.4977557]},"properties":{"id":"node/1205705420","source":"osm","name":null,"fee":"no","charge":null,"access":"customers","wheelchair":"yes","opening_hours":null,"operator":null,"description":null,"password":null}},{"type":"Feature","geometry":{"type":"Point","coordinates":[13.3510031,52.4559444]},"properties":{"id":"node/1206287825","source":"osm","name":null,"fee":null,"charge":null,"access":"customers","wheelchair":null,"opening_hours":null,"operator":null,"description":null,"password":null}},{"type":"Feature","geometry":{"type":"Point","coordinates":[13.3067134,52.5102053]},"properties":{"id":"node/1229446777","source":"osm","name":null,"fee":"no","charge":null,"access":"yes","wheelchair":"no","opening_hours":null,"operator":null,"description":"Sanitärcontainer","password":null}},{"type":"Feature","geometry":{"type":"Point","coordinates":[13.4098056,52.5222412]},"properties":{"id":"node/1249802242","source":"osm","name":null,"fee":"yes","charge":"1 EUR","access":"yes","wheelchair":"yes","opening_hours":null,"operator":"SANIFAIR GmbH","description":null,"password":null}},{"type":"Feature","geometry":{"type":"Point","coordinates":[13.4018038,52.6005368]},"properties":{"id":"node/1302233643","source":"osm","name":null,"fee":null,"charge":null,"access":"customers","wheelchair":"limited","opening_hours":null,"operator":null,"description":"Disabled=yes","password":null}},{"type":"Feature","geometry":{"type":"Point","coordinates":[13.3361659,52.4510263]},"properties":{"id":"node/1314648134","source":"osm","name":null,"fee":"yes","charge":null,"access":null,"wheelchair":"yes","opening_hours":"24/7","operator":"Wall","description":"Berliner Toilette","password":null}},{"type":"Feature","geometry":{"type":"Point","coordinates":[13.5773492,52.539592]},"properties":{"id":"node/1323444917","source":"osm","name":null,"fee":"no","charge":null,"access":null,"wheelchair":"no","opening_hours":null,"operator":null,"description":null,"password":null}},{"type":"Feature","geometry":{"type":"Point","coordinates":[13.5797503,52.5386946]},"properties":{"id":"node/1323444930","source":"osm","name":null,"fee":"no","charge":null,"access":null,"wheelchair":"yes","opening_hours":null,"operator":null,"description":null,"password":null}},{"type":"Feature","geometry":{"type":"Point","coordinates":[13.3068276,52.456435]},"properties":{"id":"node/1348055726","source":"osm","name":null,"fee":"no","charge":null,"access":null,"wheelchair":"yes","opening_hours":null,"operator":null,"description":null,"password":null}},{"type":"Feature","geometry":{"type":"Point","coordinates":[13.5905933,52.4074596]},"properties":{"id":"node/1358366757","source":"osm","name":null,"fee":"no","charge":null,"access":null,"wheelchair":"yes","opening_hours":null,"operator":null,"description":null,"password":null}},{"type":"Feature","geometry":{"type":"Point","coordinates":[13.3708178,52.5225436]},"properties":{"id":"node/1453886966","source":"osm","name":null,"fee":"yes","charge":null,"access":null,"wheelchair":"no","opening_hours":null,"operator":null,"description":null,"password":null}},{"type":"Feature","geometry":{"type":"Point","coordinates":[13.5238162,52.5046955]},"properties":{"id":"node/1469076897","source":"osm","name":null,"fee":null,"charge":null,"access":null,"wheelchair":"no","opening_hours":null,"operator":null,"description":null,"password":null}},{"type":"Feature","geometry":{"type":"Point","coordinates":[13.5751048,52.5385816]},"properties":{"id":"node/1482482347","source":"osm","name":null,"fee":"no","charge":null,"access":"yes","wheelchair":"yes","opening_hours":null,"operator":null,"description":null,"password":null}},{"type":"Feature","geometry":{"type":"Point","coordinates":[13.5047152,52.5480093]},"properties":{"id":"node/1535094001","source":"osm","name":null,"fee":"no","charge":null,"access":null,"wheelchair":"yes","opening_hours":null,"operator":"Kaufland","description":null,"password":null}},{"type":"Feature","geometry":{"type":"Point","coordinates":[13.4072188,52.522335]},"properties":{"id":"node/1653339120","source":"osm","name":null,"fee":"no","charge":null,"access":null,"wheelchair":"yes","opening_hours":"Mo-Sa 07:00-22:00; Su,PH off","operator":null,"description":null,"password":null}},{"type":"Feature","geometry":{"type":"Point","coordinates":[13.2100092,52.5852757]},"properties":{"id":"node/1694286748","source":"osm","name":null,"fee":"no","charge":null,"access":"yes","wheelchair":"no","opening_hours":null,"operator":null,"description":null,"password":null}},{"type":"Feature","geometry":{"type":"Point","coordinates":[13.214237,52.5407706]},"properties":{"id":"node/1772989815","source":"osm","name":null,"fee":"no","charge":null,"access":null,"wheelchair":"no","opening_hours":null,"operator":null,"description":null,"password":null}},{"type":"Feature","geometry":{"type":"Point","coordinates":[13.2637019,52.4875157]},"properties":{"id":"node/1783747284","source":"osm","name":"Berliner Toilette","fee":"yes","charge":null,"access":"yes","wheelchair":"yes","opening_hours":"24/7","operator":"Wall GmbH","description":"Berliner Toilette mit 1-Platz","password":null}},{"type":"Feature","geometry":{"type":"Point","coordinates":[13.3200917,52.5127988]},"properties":{"id":"node/1809995809","source":"osm","name":null,"fee":"no","charge":null,"access":"customers","wheelchair":"yes","opening_hours":null,"operator":null,"description":null,"password":null}},{"type":"Feature","geometry":{"type":"Point","coordinates":[13.2142552,52.5407294]},"properties":{"id":"node/1835625932","source":"osm","name":null,"fee":"no","charge":null,"access":null,"wheelchair":"yes","opening_hours":null,"operator":null,"description":"mit Euro-Schlüssel","password":null}},{"type":"Feature","geometry":{"type":"Point","coordinates":[13.4658533,52.5540885]},"properties":{"id":"node/1860568005","source":"osm","name":null,"fee":"no","charge":null,"access":"customers","wheelchair":"no","opening_hours":null,"operator":null,"description":null,"password":null}},{"type":"Feature","geometry":{"type":"Point","coordinates":[13.2748522,52.5061113]},"properties":{"id":"node/1899025641","source":"osm","name":null,"fee":null,"charge":null,"access":null,"wheelchair":null,"opening_hours":null,"operator":null,"description":null,"password":null}},{"type":"Feature","geometry":{"type":"Point","coordinates":[13.2731732,52.5066304]},"properties":{"id":"node/1899025644","source":"osm","name":null,"fee":"no","charge":null,"access":null,"wheelchair":null,"opening_hours":null,"operator":null,"description":null,"password":null}},{"type":"Feature","geometry":{"type":"Point","coordinates":[13.4386447,52.4918964]},"properties":{"id":"node/1913867221","source":"osm","name":null,"fee":"yes","charge":null,"access":null,"wheelchair":"limited","opening_hours":null,"operator":"Jockel","description":null,"password":null}},{"type":"Feature","geometry":{"type":"Point","coordinates":[13.1651334,52.5489481]},"properties":{"id":"node/1914161737","source":"osm","name":null,"fee":"no","charge":null,"access":null,"wheelchair":"no","opening_hours":null,"operator":null,"description":"Toiletten-Container","password":null}},{"type":"Feature","geometry":{"type":"Point","coordinates":[13.2704595,52.5049372]},"properties":{"id":"node/1917330916","source":"osm","name":null,"fee":null,"charge":null,"access":null,"wheelchair":null,"opening_hours":null,"operator":null,"description":null,"password":null}},{"type":"Feature","geometry":{"type":"Point","coordinates":[13.5460292,52.4409499]},"properties":{"id":"node/1978519821","source":"osm","name":null,"fee":"no","charge":null,"access":"yes","wheelchair":"yes","opening_hours":"Apr-Sep 07:30-20:00; Oct-Mar 07:30-18:00","operator":null,"description":null,"password":null}},{"type":"Feature","geometry":{"type":"Point","coordinates":[13.2400893,52.5331943]},"properties":{"id":"node/2132541603","source":"osm","name":null,"fee":null,"charge":null,"access":null,"wheelchair":null,"opening_hours":null,"operator":null,"description":null,"password":null}},{"type":"Feature","geometry":{"type":"Point","coordinates":[13.4243168,52.5040691]},"properties":{"id":"node/2143522429","source":"osm","name":null,"fee":"no","charge":null,"access":null,"wheelchair":"yes","opening_hours":null,"operator":null,"description":null,"password":null}},{"type":"Feature","geometry":{"type":"Point","coordinates":[13.3100691,52.4872037]},"properties":{"id":"node/2273522804","source":"osm","name":null,"fee":"no","charge":null,"access":"yes","wheelchair":"yes","opening_hours":"Mo-Fr 08:00-18:00; PH off","operator":"Sonstiger Betreiber","description":"gemauerte Toilette","password":null}},{"type":"Feature","geometry":{"type":"Point","coordinates":[13.3019869,52.4737381]},"properties":{"id":"node/2273522806","source":"osm","name":null,"fee":"no","charge":null,"access":null,"wheelchair":"yes","opening_hours":null,"operator":null,"description":null,"password":null}},{"type":"Feature","geometry":{"type":"Point","coordinates":[13.1984037,52.4692996]},"properties":{"id":"node/2295133206","source":"osm","name":null,"fee":"no","charge":null,"access":"yes","wheelchair":"no","opening_hours":"24/7","operator":"sonstiger Betreiber","description":"Sanitärcontainer","password":null}},{"type":"Feature","geometry":{"type":"Point","coordinates":[13.3792609,52.4943924]},"properties":{"id":"node/2328392984","source":"osm","name":null,"fee":"no","charge":null,"access":null,"wheelchair":"yes","opening_hours":"Mo-Th 09:30-19:00; Fr-Su 09:30-21:00","operator":null,"description":null,"password":null}},{"type":"Feature","geometry":{"type":"Point","coordinates":[13.4318918,52.462776]},"properties":{"id":"node/2332761255","source":"osm","name":null,"fee":null,"charge":null,"access":"no","wheelchair":null,"opening_hours":null,"operator":null,"description":null,"password":null}},{"type":"Feature","geometry":{"type":"Point","coordinates":[13.397393,52.6039187]},"properties":{"id":"node/2338749608","source":"osm","name":null,"fee":"no","charge":null,"access":null,"wheelchair":"yes","opening_hours":null,"operator":null,"description":null,"password":null}},{"type":"Feature","geometry":{"type":"Point","coordinates":[13.4459258,52.5544016]},"properties":{"id":"node/2349795034","source":"osm","name":null,"fee":"yes","charge":"0.50 EUR","access":null,"wheelchair":"yes","opening_hours":"Jan,Dec: 08:00-16:00; Feb,Nov: 08:00-17:00; Mar,Oct: 08:00-18:00; Apr,Sep: 08:00-19:00; May-Aug: 08:00-20:00","operator":null,"description":null,"password":null}},{"type":"Feature","geometry":{"type":"Point","coordinates":[13.3812307,52.5165789]},"properties":{"id":"node/2351691628","source":"osm","name":null,"fee":"yes","charge":"0.50 EUR","access":"yes","wheelchair":"yes","opening_hours":"24/7","operator":"Wall","description":"Berliner Toilette","password":null}},{"type":"Feature","geometry":{"type":"Point","coordinates":[13.4810464,52.6473175]},"properties":{"id":"node/2356047927","source":"osm","name":null,"fee":null,"charge":null,"access":null,"wheelchair":null,"opening_hours":null,"operator":null,"description":null,"password":null}},{"type":"Feature","geometry":{"type":"Point","coordinates":[13.3707318,52.4985527]},"properties":{"id":"node/2373093362","source":"osm","name":null,"fee":"no","charge":null,"access":"yes","wheelchair":"yes","opening_hours":"Mo-Su 09:30-19:00","operator":null,"description":"Desolate condition due to vandalism; stall doors broken, not suitable for anything but pissoir use.","password":null}},{"type":"Feature","geometry":{"type":"Point","coordinates":[13.3819484,52.410075]},"properties":{"id":"node/2387056584","source":"osm","name":null,"fee":"no","charge":null,"access":"permissive","wheelchair":"yes","opening_hours":"Mo-Sa 07:00-22:00","operator":null,"description":null,"password":null}},{"type":"Feature","geometry":{"type":"Point","coordinates":[13.3263083,52.5096974]},"properties":{"id":"node/2420832350","source":"osm","name":null,"fee":"no","charge":null,"access":"customers","wheelchair":"no","opening_hours":null,"operator":null,"description":null,"password":null}},{"type":"Feature","geometry":{"type":"Point","coordinates":[13.2191164,52.5753534]},"properties":{"id":"node/2421748309","source":"osm","name":null,"fee":"no","charge":null,"access":"yes","wheelchair":"limited","opening_hours":"24/7","operator":"BSR","description":null,"password":null}},{"type":"Feature","geometry":{"type":"Point","coordinates":[13.4160289,52.4825994]},"properties":{"id":"node/2425536936","source":"osm","name":null,"fee":"no","charge":null,"access":null,"wheelchair":"no","opening_hours":"Mo-Su 10:00-23:00","operator":null,"description":null,"password":null}},{"type":"Feature","geometry":{"type":"Point","coordinates":[13.1761347,52.4199095]},"properties":{"id":"node/2459611822","source":"osm","name":null,"fee":"yes","charge":null,"access":null,"wheelchair":null,"opening_hours":null,"operator":null,"description":null,"password":null}},{"type":"Feature","geometry":{"type":"Point","coordinates":[13.6033621,52.5319723]},"properties":{"id":"node/2654762858","source":"osm","name":"Berliner Toilette","fee":"yes","charge":"0.50 EUR","access":"yes","wheelchair":"yes","opening_hours":"24/7","operator":"Wall GmbH","description":"Berliner Toilette mit 1 Platz","password":null}},{"type":"Feature","geometry":{"type":"Point","coordinates":[13.451135,52.489063]},"properties":{"id":"node/2696505685","source":"osm","name":"Berliner Toilette","fee":"yes","charge":"0.50 EUR","access":"yes","wheelchair":"yes","opening_hours":"24/7","operator":null,"description":"Berliner Toilette","password":null}},{"type":"Feature","geometry":{"type":"Point","coordinates":[13.3530335,52.5445729]},"properties":{"id":"node/2736062782","source":"osm","name":null,"fee":null,"charge":null,"access":"customers","wheelchair":"yes","opening_hours":null,"operator":null,"description":null,"password":null}},{"type":"Feature","geometry":{"type":"Point","coordinates":[13.1777997,52.4362324]},"properties":{"id":"node/2750387890","source":"osm","name":null,"fee":null,"charge":null,"access":"customers","wheelchair":null,"opening_hours":null,"operator":null,"description":null,"password":null}},{"type":"Feature","geometry":{"type":"Point","coordinates":[13.3362793,52.5102553]},"properties":{"id":"node/2755751089","source":"osm","name":null,"fee":null,"charge":null,"access":"customers","wheelchair":"no","opening_hours":null,"operator":null,"description":null,"password":null}},{"type":"Feature","geometry":{"type":"Point","coordinates":[13.37208,52.4965642]},"properties":{"id":"node/2780540653","source":"osm","name":null,"fee":"no","charge":null,"access":null,"wheelchair":null,"opening_hours":null,"operator":null,"description":null,"password":null}},{"type":"Feature","geometry":{"type":"Point","coordinates":[13.3850929,52.4659369]},"properties":{"id":"node/2782101092","source":"osm","name":null,"fee":"no","charge":null,"access":"yes","wheelchair":null,"opening_hours":null,"operator":null,"description":null,"password":null}},{"type":"Feature","geometry":{"type":"Point","coordinates":[13.1681855,52.54584]},"properties":{"id":"node/2802040174","source":"osm","name":null,"fee":"no","charge":null,"access":"yes","wheelchair":"yes","opening_hours":null,"operator":null,"description":null,"password":null}},{"type":"Feature","geometry":{"type":"Point","coordinates":[13.2616439,52.4675063]},"properties":{"id":"node/2823976726","source":"osm","name":null,"fee":null,"charge":null,"access":"yes","wheelchair":null,"opening_hours":"Nov-Mar Sa,Su,PH 10:00-16:00; Apr-Oct Tu-Su 10:00-18:00","operator":null,"description":null,"password":null}},{"type":"Feature","geometry":{"type":"Point","coordinates":[13.4573559,52.4296013]},"properties":{"id":"node/2866359085","source":"osm","name":null,"fee":null,"charge":null,"access":"customers","wheelchair":"yes","opening_hours":null,"operator":null,"description":null,"password":null}},{"type":"Feature","geometry":{"type":"Point","coordinates":[13.3449741,52.5155971]},"properties":{"id":"node/2877285649","source":"osm","name":null,"fee":"no","charge":null,"access":null,"wheelchair":"no","opening_hours":null,"operator":null,"description":null,"password":null}},{"type":"Feature","geometry":{"type":"Point","coordinates":[13.1969125,52.5252096]},"properties":{"id":"node/2906318701","source":"osm","name":"City Toilette","fee":"yes","charge":null,"access":null,"wheelchair":"yes","opening_hours":"24/7","operator":null,"description":null,"password":null}},{"type":"Feature","geometry":{"type":"Point","coordinates":[13.676914,52.4428708]},"properties":{"id":"node/3011404374","source":"osm","name":null,"fee":"no","charge":null,"access":null,"wheelchair":"no","opening_hours":null,"operator":null,"description":null,"password":null}},{"type":"Feature","geometry":{"type":"Point","coordinates":[13.4115082,52.5029268]},"properties":{"id":"node/3090410739","source":"osm","name":null,"fee":"no","charge":null,"access":null,"wheelchair":"yes","opening_hours":null,"operator":null,"description":null,"password":null}},{"type":"Feature","geometry":{"type":"Point","coordinates":[13.4338697,52.5281763]},"properties":{"id":"node/3201464861","source":"osm","name":null,"fee":"yes","charge":null,"access":"customers","wheelchair":"yes","opening_hours":"\"wie Restaurant\"","operator":null,"description":null,"password":null}},{"type":"Feature","geometry":{"type":"Point","coordinates":[13.3522975,52.5441039]},"properties":{"id":"node/3211345892","source":"osm","name":null,"fee":"no","charge":null,"access":"customers","wheelchair":"limited","opening_hours":null,"operator":null,"description":null,"password":null}},{"type":"Feature","geometry":{"type":"Point","coordinates":[13.4582056,52.5454229]},"properties":{"id":"node/3269400307","source":"osm","name":null,"fee":"no","charge":null,"access":null,"wheelchair":"yes","opening_hours":null,"operator":null,"description":null,"password":null}},{"type":"Feature","geometry":{"type":"Point","coordinates":[13.4610379,52.5544677]},"properties":{"id":"node/3300507073","source":"osm","name":null,"fee":null,"charge":null,"access":"customers","wheelchair":"yes","opening_hours":null,"operator":null,"description":null,"password":null}},{"type":"Feature","geometry":{"type":"Point","coordinates":[13.3826846,52.5107113]},"properties":{"id":"node/3338458355","source":"osm","name":null,"fee":"no","charge":null,"access":"customers","wheelchair":"yes","opening_hours":null,"operator":null,"description":null,"password":null}},{"type":"Feature","geometry":{"type":"Point","coordinates":[13.3890855,52.5183901]},"properties":{"id":"node/3338459657","source":"osm","name":null,"fee":"no","charge":null,"access":"customers","wheelchair":"yes","opening_hours":null,"operator":null,"description":null,"password":null}},{"type":"Feature","geometry":{"type":"Point","coordinates":[13.4125455,52.438375]},"properties":{"id":"node/3343053921","source":"osm","name":null,"fee":null,"charge":null,"access":"customers","wheelchair":"limited","opening_hours":null,"operator":null,"description":null,"password":null}},{"type":"Feature","geometry":{"type":"Point","coordinates":[13.4117384,52.5225796]},"properties":{"id":"node/3397870263","source":"osm","name":null,"fee":"yes","charge":null,"access":"customers","wheelchair":"yes","opening_hours":null,"operator":null,"description":null,"password":null}},{"type":"Feature","geometry":{"type":"Point","coordinates":[13.2431641,52.5759527]},"properties":{"id":"node/3441428131","source":"osm","name":"Toilette (Sanitärcontainer)","fee":"no","charge":null,"access":"yes","wheelchair":"no","opening_hours":"Apr-Oct","operator":"Wall","description":null,"password":null}},{"type":"Feature","geometry":{"type":"Point","coordinates":[13.4391066,52.5246033]},"properties":{"id":"node/3454241060","source":"osm","name":null,"fee":"no","charge":null,"access":null,"wheelchair":"limited","opening_hours":null,"operator":null,"description":null,"password":null}},{"type":"Feature","geometry":{"type":"Point","coordinates":[13.4391436,52.524822]},"properties":{"id":"node/3454241061","source":"osm","name":null,"fee":"no","charge":null,"access":null,"wheelchair":"limited","opening_hours":null,"operator":null,"description":null,"password":null}},{"type":"Feature","geometry":{"type":"Point","coordinates":[13.4289223,52.5416699]},"properties":{"id":"node/3457159699","source":"osm","name":null,"fee":"no","charge":null,"access":"yes","wheelchair":"yes","opening_hours":null,"operator":"Bürgeramt Prenzlauer Berg","description":null,"password":null}},{"type":"Feature","geometry":{"type":"Point","coordinates":[13.4609937,52.5291629]},"properties":{"id":"node/3490706053","source":"osm","name":"Kundentoilette Sachsen Küchen","fee":"no","charge":null,"access":"customers","wheelchair":null,"opening_hours":null,"operator":null,"description":null,"password":null}},{"type":"Feature","geometry":{"type":"Point","coordinates":[13.3097799,52.451759]},"properties":{"id":"node/3683994495","source":"osm","name":null,"fee":"yes","charge":"1 EUR","access":null,"wheelchair":"yes","opening_hours":null,"operator":null,"description":null,"password":null}},{"type":"Feature","geometry":{"type":"Point","coordinates":[13.336666,52.618132]},"properties":{"id":"node/3688060528","source":"osm","name":null,"fee":null,"charge":null,"access":null,"wheelchair":null,"opening_hours":null,"operator":null,"description":null,"password":null}},{"type":"Feature","geometry":{"type":"Point","coordinates":[13.4128017,52.576168]},"properties":{"id":"node/3715382340","source":"osm","name":null,"fee":null,"charge":null,"access":"customers","wheelchair":null,"opening_hours":null,"operator":null,"description":null,"password":null}},{"type":"Feature","geometry":{"type":"Point","coordinates":[13.4125464,52.5765094]},"properties":{"id":"node/3717577635","source":"osm","name":null,"fee":null,"charge":null,"access":"customers","wheelchair":null,"opening_hours":null,"operator":null,"description":null,"password":null}},{"type":"Feature","geometry":{"type":"Point","coordinates":[13.2402322,52.45368]},"properties":{"id":"node/3740428919","source":"osm","name":null,"fee":"no","charge":null,"access":"yes","wheelchair":"no","opening_hours":"May-Sep","operator":null,"description":null,"password":null}},{"type":"Feature","geometry":{"type":"Point","coordinates":[13.6255275,52.4170873]},"properties":{"id":"node/3825536180","source":"osm","name":null,"fee":"yes","charge":null,"access":null,"wheelchair":null,"opening_hours":null,"operator":null,"description":null,"password":null}},{"type":"Feature","geometry":{"type":"Point","coordinates":[13.3293855,52.4294522]},"properties":{"id":"node/3953458282","source":"osm","name":null,"fee":null,"charge":null,"access":"permissive","wheelchair":"yes","opening_hours":"Mo-Fr 08:00-20:00; Sa 08:00-18:00; Su off","operator":null,"description":"Im Untergeschoss","password":null}},{"type":"Feature","geometry":{"type":"Point","coordinates":[13.2860887,52.4588617]},"properties":{"id":"node/3974152809","source":"osm","name":null,"fee":null,"charge":null,"access":null,"wheelchair":null,"opening_hours":null,"operator":null,"description":null,"password":null}},{"type":"Feature","geometry":{"type":"Point","coordinates":[13.2580463,52.4331023]},"properties":{"id":"node/3980482214","source":"osm","name":null,"fee":null,"charge":null,"access":null,"wheelchair":null,"opening_hours":null,"operator":null,"description":"Im Rathaus Zehlendorf","password":null}},{"type":"Feature","geometry":{"type":"Point","coordinates":[13.387688,52.5203163]},"properties":{"id":"node/4003667897","source":"osm","name":null,"fee":"yes","charge":null,"access":"yes","wheelchair":"yes","opening_hours":"24/7","operator":"SANIFAIR GmbH","description":null,"password":null}},{"type":"Feature","geometry":{"type":"Point","coordinates":[13.304319,52.525402]},"properties":{"id":"node/4051269792","source":"osm","name":"Berliner Toilette","fee":"yes","charge":"0,50 Eur","access":"yes","wheelchair":"yes","opening_hours":"24/7","operator":"Wall","description":"gemauerte Toilette","password":null}},{"type":"Feature","geometry":{"type":"Point","coordinates":[13.3071746,52.5061992]},"properties":{"id":"node/4061391767","source":"osm","name":null,"fee":"yes","charge":null,"access":"customers","wheelchair":"yes","opening_hours":null,"operator":null,"description":null,"password":null}},{"type":"Feature","geometry":{"type":"Point","coordinates":[13.4614338,52.5240619]},"properties":{"id":"node/4077933793","source":"osm","name":null,"fee":"no","charge":null,"access":"customers","wheelchair":"yes","opening_hours":null,"operator":"Kaufland","description":null,"password":null}},{"type":"Feature","geometry":{"type":"Point","coordinates":[13.1925318,52.5677071]},"properties":{"id":"node/4100233311","source":"osm","name":null,"fee":null,"charge":null,"access":null,"wheelchair":"yes","opening_hours":null,"operator":null,"description":null,"password":null}},{"type":"Feature","geometry":{"type":"Point","coordinates":[13.1971549,52.5710801]},"properties":{"id":"node/4127536103","source":"osm","name":null,"fee":null,"charge":null,"access":null,"wheelchair":null,"opening_hours":null,"operator":null,"description":null,"password":null}},{"type":"Feature","geometry":{"type":"Point","coordinates":[13.2216519,52.5942503]},"properties":{"id":"node/4129127606","source":"osm","name":"Toilette (Sanitärcontainer)","fee":"no","charge":null,"access":null,"wheelchair":"no","opening_hours":"Apr-Oct","operator":"Wall","description":"Toiletten-Container","password":null}},{"type":"Feature","geometry":{"type":"Point","coordinates":[13.524203,52.475576]},"properties":{"id":"node/4172772889","source":"osm","name":null,"fee":null,"charge":null,"access":null,"wheelchair":null,"opening_hours":null,"operator":null,"description":null,"password":null}},{"type":"Feature","geometry":{"type":"Point","coordinates":[13.2305092,52.5133798]},"properties":{"id":"node/4218712245","source":"osm","name":"Berliner Toilette","fee":"yes","charge":"0.50 EUR","access":"yes","wheelchair":"no","opening_hours":"24/7","operator":"Wall","description":"Pissoir","password":null}},{"type":"Feature","geometry":{"type":"Point","coordinates":[13.291179,52.543114]},"properties":{"id":"node/4225421094","source":"osm","name":null,"fee":"yes","charge":null,"access":"customers","wheelchair":"yes","opening_hours":null,"operator":"Waldhochseilgarten-Jungfernheide","description":null,"password":null}},{"type":"Feature","geometry":{"type":"Point","coordinates":[13.4817053,52.5791432]},"properties":{"id":"node/4239735855","source":"osm","name":null,"fee":null,"charge":null,"access":"customers","wheelchair":null,"opening_hours":null,"operator":null,"description":null,"password":null}},{"type":"Feature","geometry":{"type":"Point","coordinates":[13.3843208,52.5338737]},"properties":{"id":"node/4267091448","source":"osm","name":null,"fee":"no","charge":null,"access":null,"wheelchair":null,"opening_hours":null,"operator":null,"description":null,"password":null}},{"type":"Feature","geometry":{"type":"Point","coordinates":[13.3843725,52.5338236]},"properties":{"id":"node/4267091449","source":"osm","name":null,"fee":"no","charge":null,"access":"customers","wheelchair":null,"opening_hours":null,"operator":null,"description":null,"password":null}},{"type":"Feature","geometry":{"type":"Point","coordinates":[13.3843933,52.5336351]},"properties":{"id":"node/4267091856","source":"osm","name":null,"fee":null,"charge":null,"access":"private","wheelchair":null,"opening_hours":null,"operator":null,"description":null,"password":null}},{"type":"Feature","geometry":{"type":"Point","coordinates":[13.3928357,52.5128207]},"properties":{"id":"node/4286130005","source":"osm","name":null,"fee":"no","charge":null,"access":"yes","wheelchair":"no","opening_hours":"May-Sep: 10:00-19:00; Oct-Apr 10:00-18:00","operator":null,"description":null,"password":null}},{"type":"Feature","geometry":{"type":"Point","coordinates":[13.4171149,52.479954]},"properties":{"id":"node/4290134620","source":"osm","name":null,"fee":"no","charge":null,"access":"customers","wheelchair":null,"opening_hours":null,"operator":null,"description":null,"password":null}},{"type":"Feature","geometry":{"type":"Point","coordinates":[13.3626489,52.5566796]},"properties":{"id":"node/4294674699","source":"osm","name":null,"fee":null,"charge":null,"access":"customers","wheelchair":"yes","opening_hours":null,"operator":null,"description":null,"password":null}},{"type":"Feature","geometry":{"type":"Point","coordinates":[13.3888535,52.549541]},"properties":{"id":"node/4317555799","source":"osm","name":null,"fee":"yes","charge":null,"access":"yes","wheelchair":"yes","opening_hours":null,"operator":"SANIFAIR GmbH","description":null,"password":null}},{"type":"Feature","geometry":{"type":"Point","coordinates":[13.3889238,52.5495428]},"properties":{"id":"node/4317555800","source":"osm","name":null,"fee":null,"charge":null,"access":"private","wheelchair":null,"opening_hours":null,"operator":null,"description":null,"password":null}},{"type":"Feature","geometry":{"type":"Point","coordinates":[13.3026807,52.6108952]},"properties":{"id":"node/4351255327","source":"osm","name":null,"fee":"no","charge":null,"access":"customers","wheelchair":"yes","opening_hours":null,"operator":null,"description":null,"password":null}},{"type":"Feature","geometry":{"type":"Point","coordinates":[13.2937983,52.5199076]},"properties":{"id":"node/4359607233","source":"osm","name":null,"fee":null,"charge":null,"access":"yes","wheelchair":"no","opening_hours":null,"operator":null,"description":null,"password":null}},{"type":"Feature","geometry":{"type":"Point","coordinates":[13.2934296,52.5199521]},"properties":{"id":"node/4359607234","source":"osm","name":null,"fee":"yes","charge":null,"access":null,"wheelchair":"no","opening_hours":null,"operator":null,"description":null,"password":null}},{"type":"Feature","geometry":{"type":"Point","coordinates":[13.5235963,52.4984962]},"properties":{"id":"node/4381117581","source":"osm","name":null,"fee":"no","charge":null,"access":null,"wheelchair":"yes","opening_hours":null,"operator":null,"description":null,"password":null}},{"type":"Feature","geometry":{"type":"Point","coordinates":[13.3681344,52.5244986]},"properties":{"id":"node/4389473677","source":"osm","name":null,"fee":"yes","charge":null,"access":"customers","wheelchair":"no","opening_hours":null,"operator":null,"description":null,"password":null}},{"type":"Feature","geometry":{"type":"Point","coordinates":[13.5007473,52.5422056]},"properties":{"id":"node/4396258268","source":"osm","name":null,"fee":"no","charge":null,"access":"customers","wheelchair":"yes","opening_hours":null,"operator":null,"description":null,"password":null}},{"type":"Feature","geometry":{"type":"Point","coordinates":[13.3895979,52.5353146]},"properties":{"id":"node/4439021889","source":"osm","name":null,"fee":"no","charge":null,"access":"permissive","wheelchair":"yes","opening_hours":"Tu-Su 10:00-18:00","operator":"Gedenkstätte Berliner Mauer","description":null,"password":null}},{"type":"Feature","geometry":{"type":"Point","coordinates":[13.3837553,52.5065796]},"properties":{"id":"node/4440688190","source":"osm","name":null,"fee":"no","charge":null,"access":null,"wheelchair":"yes","opening_hours":null,"operator":null,"description":null,"password":null}},{"type":"Feature","geometry":{"type":"Point","coordinates":[13.3352905,52.5080613]},"properties":{"id":"node/4569218978","source":"osm","name":null,"fee":"no","charge":null,"access":"customers","wheelchair":"yes","opening_hours":null,"operator":null,"description":null,"password":null}},{"type":"Feature","geometry":{"type":"Point","coordinates":[13.5040252,52.4621098]},"properties":{"id":"node/4686690326","source":"osm","name":null,"fee":"no","charge":null,"access":"yes","wheelchair":"yes","opening_hours":"Mo-Fr 07:00-20:00; Sa 08:00-20:00","operator":"Bauhaus","description":null,"password":null}},{"type":"Feature","geometry":{"type":"Point","coordinates":[13.3246429,52.5119671]},"properties":{"id":"node/4751634622","source":"osm","name":null,"fee":"no","charge":null,"access":"customers","wheelchair":"no","opening_hours":null,"operator":null,"description":null,"password":null}},{"type":"Feature","geometry":{"type":"Point","coordinates":[13.4223052,52.5032102]},"properties":{"id":"node/4756851873","source":"osm","name":null,"fee":"no","charge":null,"access":null,"wheelchair":null,"opening_hours":null,"operator":null,"description":null,"password":null}},{"type":"Feature","geometry":{"type":"Point","coordinates":[13.3427221,52.5257159]},"properties":{"id":"node/4761858226","source":"osm","name":null,"fee":"no","charge":null,"access":null,"wheelchair":"no","opening_hours":null,"operator":null,"description":null,"password":null}},{"type":"Feature","geometry":{"type":"Point","coordinates":[13.348361,52.5140625]},"properties":{"id":"node/4776824885","source":"osm","name":null,"fee":"no","charge":null,"access":null,"wheelchair":"no","opening_hours":null,"operator":null,"description":null,"password":null}},{"type":"Feature","geometry":{"type":"Point","coordinates":[13.3484613,52.5140718]},"properties":{"id":"node/4776824886","source":"osm","name":null,"fee":"no","charge":null,"access":null,"wheelchair":"no","opening_hours":null,"operator":null,"description":null,"password":null}},{"type":"Feature","geometry":{"type":"Point","coordinates":[13.2860595,52.5840591]},"properties":{"id":"node/4789979548","source":"osm","name":null,"fee":"yes","charge":null,"access":"customers","wheelchair":"yes","opening_hours":null,"operator":null,"description":null,"password":null}},{"type":"Feature","geometry":{"type":"Point","coordinates":[13.4126228,52.5385085]},"properties":{"id":"node/4903790021","source":"osm","name":null,"fee":"no","charge":null,"access":"customers","wheelchair":"no","opening_hours":null,"operator":null,"description":null,"password":null}},{"type":"Feature","geometry":{"type":"Point","coordinates":[13.3100622,52.5079985]},"properties":{"id":"node/4938849683","source":"osm","name":null,"fee":"no","charge":null,"access":"private","wheelchair":"no","opening_hours":"Sa 06:00-14:00","operator":null,"description":"für Marktstandpersonal","password":null}},{"type":"Feature","geometry":{"type":"Point","coordinates":[13.3645964,52.5191114]},"properties":{"id":"node/5022093422","source":"osm","name":null,"fee":"no","charge":null,"access":"permissive","wheelchair":"yes","opening_hours":null,"operator":null,"description":null,"password":null}},{"type":"Feature","geometry":{"type":"Point","coordinates":[13.3905213,52.5447049]},"properties":{"id":"node/5047304280","source":"osm","name":null,"fee":"yes","charge":"0.50 €","access":"yes","wheelchair":"yes","opening_hours":"24/7","operator":"Wall","description":"Berliner Toilette","password":null}},{"type":"Feature","geometry":{"type":"Point","coordinates":[13.3768415,52.5003924]},"properties":{"id":"node/5060729822","source":"osm","name":null,"fee":"yes","charge":"0.50 EUR/use","access":null,"wheelchair":null,"opening_hours":"24/7","operator":null,"description":null,"password":null}},{"type":"Feature","geometry":{"type":"Point","coordinates":[13.3886299,52.5443811]},"properties":{"id":"node/5095774443","source":"osm","name":null,"fee":"no","charge":null,"access":"customers","wheelchair":"yes","opening_hours":null,"operator":null,"description":null,"password":null}},{"type":"Feature","geometry":{"type":"Point","coordinates":[13.5307386,52.4836249]},"properties":{"id":"node/5119478076","source":"osm","name":"EcoToilette","fee":"no","charge":null,"access":null,"wheelchair":"yes","opening_hours":null,"operator":null,"description":null,"password":null}},{"type":"Feature","geometry":{"type":"Point","coordinates":[13.3436725,52.5426908]},"properties":{"id":"node/5165009582","source":"osm","name":null,"fee":"no","charge":null,"access":null,"wheelchair":"no","opening_hours":null,"operator":null,"description":null,"password":null}},{"type":"Feature","geometry":{"type":"Point","coordinates":[13.3392298,52.5443178]},"properties":{"id":"node/5165014334","source":"osm","name":null,"fee":"no","charge":null,"access":"customers","wheelchair":"no","opening_hours":null,"operator":null,"description":"Toilette auf dem Friedhofsgelände. Nur während Bestattungen geöffnet.","password":null}},{"type":"Feature","geometry":{"type":"Point","coordinates":[13.5768267,52.5396699]},"properties":{"id":"node/5250276421","source":"osm","name":null,"fee":"no","charge":null,"access":null,"wheelchair":"no","opening_hours":null,"operator":null,"description":null,"password":null}},{"type":"Feature","geometry":{"type":"Point","coordinates":[13.5703854,52.538014]},"properties":{"id":"node/5250276422","source":"osm","name":null,"fee":"no","charge":null,"access":null,"wheelchair":"yes","opening_hours":null,"operator":null,"description":null,"password":null}},{"type":"Feature","geometry":{"type":"Point","coordinates":[13.5748317,52.5397556]},"properties":{"id":"node/5250276621","source":"osm","name":null,"fee":"no","charge":null,"access":null,"wheelchair":"yes","opening_hours":null,"operator":null,"description":null,"password":null}},{"type":"Feature","geometry":{"type":"Point","coordinates":[13.3322034,52.4524606]},"properties":{"id":"node/5268574029","source":"osm","name":null,"fee":"no","charge":null,"access":null,"wheelchair":"limited","opening_hours":null,"operator":"LPG","description":null,"password":null}},{"type":"Feature","geometry":{"type":"Point","coordinates":[13.2893236,52.4592648]},"properties":{"id":"node/5272502230","source":"osm","name":null,"fee":"no","charge":null,"access":"yes","wheelchair":"yes","opening_hours":null,"operator":null,"description":null,"password":null}},{"type":"Feature","geometry":{"type":"Point","coordinates":[13.443285,52.4813036]},"properties":{"id":"node/5339378086","source":"osm","name":null,"fee":null,"charge":null,"access":"customers","wheelchair":"yes","opening_hours":null,"operator":null,"description":null,"password":null}},{"type":"Feature","geometry":{"type":"Point","coordinates":[13.4707811,52.528764]},"properties":{"id":"node/5368605803","source":"osm","name":null,"fee":"no","charge":null,"access":null,"wheelchair":"yes","opening_hours":null,"operator":"Rewe","description":null,"password":null}},{"type":"Feature","geometry":{"type":"Point","coordinates":[13.5109255,52.6313318]},"properties":{"id":"node/5567268023","source":"osm","name":null,"fee":"no","charge":null,"access":null,"wheelchair":"yes","opening_hours":null,"operator":"Helios Klinikum","description":null,"password":null}},{"type":"Feature","geometry":{"type":"Point","coordinates":[13.5098302,52.4576972]},"properties":{"id":"node/5615530357","source":"osm","name":null,"fee":"no","charge":null,"access":null,"wheelchair":"yes","opening_hours":null,"operator":"EDEKA Center Schöneweide","description":null,"password":null}},{"type":"Feature","geometry":{"type":"Point","coordinates":[13.5419617,52.541743]},"properties":{"id":"node/5615795932","source":"osm","name":null,"fee":null,"charge":null,"access":"unknown","wheelchair":null,"opening_hours":null,"operator":"Le Prom","description":null,"password":null}},{"type":"Feature","geometry":{"type":"Point","coordinates":[13.5438896,52.5436289]},"properties":{"id":"node/5618185661","source":"osm","name":null,"fee":"yes","charge":null,"access":"yes","wheelchair":"yes","opening_hours":null,"operator":"SANIFAIR GmbH","description":null,"password":null}},{"type":"Feature","geometry":{"type":"Point","coordinates":[13.5243135,52.4980131]},"properties":{"id":"node/5634632567","source":"osm","name":null,"fee":"no","charge":null,"access":"yes","wheelchair":"no","opening_hours":"Mo-Su,PH 09:00-18:30","operator":null,"description":null,"password":null}},{"type":"Feature","geometry":{"type":"Point","coordinates":[13.2581794,52.5486791]},"properties":{"id":"node/5659211474","source":"osm","name":null,"fee":"no","charge":null,"access":null,"wheelchair":"no","opening_hours":null,"operator":null,"description":null,"password":null}},{"type":"Feature","geometry":{"type":"Point","coordinates":[13.5747007,52.4440832]},"properties":{"id":"node/5660607347","source":"osm","name":null,"fee":"yes","charge":"0.50 EUR oder Euro-WC-Schlüssel","access":"yes","wheelchair":"yes","opening_hours":null,"operator":null,"description":null,"password":null}},{"type":"Feature","geometry":{"type":"Point","coordinates":[13.3929616,52.4967964]},"properties":{"id":"node/5732104364","source":"osm","name":null,"fee":"no","charge":null,"access":"yes","wheelchair":"yes","opening_hours":null,"operator":null,"description":"nur zugänglich, wenn die AGB geöffnet","password":null}},{"type":"Feature","geometry":{"type":"Point","coordinates":[13.4235221,52.5044433]},"properties":{"id":"node/5774438887","source":"osm","name":null,"fee":null,"charge":null,"access":"customers","wheelchair":"no","opening_hours":null,"operator":"Freiluftkino Kreuzberg","description":null,"password":null}},{"type":"Feature","geometry":{"type":"Point","coordinates":[13.4110329,52.519226]},"properties":{"id":"node/5792474339","source":"osm","name":null,"fee":"yes","charge":"0.50 EUR","access":"yes","wheelchair":"yes","opening_hours":null,"operator":null,"description":null,"password":null}},{"type":"Feature","geometry":{"type":"Point","coordinates":[13.5377218,52.3898856]},"properties":{"id":"node/5813246244","source":"osm","name":null,"fee":null,"charge":null,"access":null,"wheelchair":null,"opening_hours":null,"operator":"McParking","description":null,"password":null}},{"type":"Feature","geometry":{"type":"Point","coordinates":[13.3357616,52.4438631]},"properties":{"id":"node/5825165340","source":"osm","name":null,"fee":"no","charge":null,"access":"yes","wheelchair":"yes","opening_hours":null,"operator":"Edeka","description":null,"password":null}},{"type":"Feature","geometry":{"type":"Point","coordinates":[13.1449893,52.4730539]},"properties":{"id":"node/5841873608","source":"osm","name":null,"fee":null,"charge":null,"access":"customers","wheelchair":"yes","opening_hours":null,"operator":null,"description":null,"password":null}},{"type":"Feature","geometry":{"type":"Point","coordinates":[13.1439153,52.4728191]},"properties":{"id":"node/5841873609","source":"osm","name":null,"fee":null,"charge":null,"access":"customers","wheelchair":"no","opening_hours":null,"operator":null,"description":null,"password":null}},{"type":"Feature","geometry":{"type":"Point","coordinates":[13.1417036,52.4726467]},"properties":{"id":"node/5841873611","source":"osm","name":null,"fee":null,"charge":null,"access":"customers","wheelchair":"yes","opening_hours":null,"operator":null,"description":null,"password":null}},{"type":"Feature","geometry":{"type":"Point","coordinates":[13.1393429,52.4682614]},"properties":{"id":"node/5841873613","source":"osm","name":null,"fee":null,"charge":null,"access":null,"wheelchair":"yes","opening_hours":null,"operator":null,"description":null,"password":null}},{"type":"Feature","geometry":{"type":"Point","coordinates":[13.2744053,52.5441639]},"properties":{"id":"node/5843925611","source":"osm","name":null,"fee":null,"charge":null,"access":null,"wheelchair":null,"opening_hours":null,"operator":null,"description":null,"password":null}},{"type":"Feature","geometry":{"type":"Point","coordinates":[13.2744066,52.5435637]},"properties":{"id":"node/5843925612","source":"osm","name":null,"fee":null,"charge":null,"access":null,"wheelchair":null,"opening_hours":null,"operator":null,"description":null,"password":null}},{"type":"Feature","geometry":{"type":"Point","coordinates":[13.5352259,52.433153]},"properties":{"id":"node/5866195018","source":"osm","name":null,"fee":"no","charge":null,"access":null,"wheelchair":"yes","opening_hours":null,"operator":"Kaufland Adlershofer Tor","description":null,"password":null}},{"type":"Feature","geometry":{"type":"Point","coordinates":[13.1911571,52.434045]},"properties":{"id":"node/5894774951","source":"osm","name":null,"fee":"yes","charge":null,"access":"yes","wheelchair":"no","opening_hours":null,"operator":"SANIFAIR GmbH","description":null,"password":null}},{"type":"Feature","geometry":{"type":"Point","coordinates":[13.3940478,52.5324453]},"properties":{"id":"node/5922346301","source":"osm","name":null,"fee":"no","charge":null,"access":null,"wheelchair":"yes","opening_hours":"Mo-Th 08:00-15:00; Fr 08:00-13:00","operator":null,"description":null,"password":null}},{"type":"Feature","geometry":{"type":"Point","coordinates":[13.3047676,52.4583974]},"properties":{"id":"node/5951752239","source":"osm","name":null,"fee":"no","charge":null,"access":"customers","wheelchair":null,"opening_hours":null,"operator":null,"description":null,"password":null}},{"type":"Feature","geometry":{"type":"Point","coordinates":[13.2837148,52.5914342]},"properties":{"id":"node/5983138546","source":"osm","name":null,"fee":"no","charge":null,"access":null,"wheelchair":null,"opening_hours":null,"operator":"FAZIT Ärztehaus","description":null,"password":null}},{"type":"Feature","geometry":{"type":"Point","coordinates":[13.572196,52.4124736]},"properties":{"id":"node/6000728721","source":"osm","name":null,"fee":null,"charge":null,"access":null,"wheelchair":"yes","opening_hours":null,"operator":"Bruno-Taut-Passage","description":null,"password":null}},{"type":"Feature","geometry":{"type":"Point","coordinates":[13.3217745,52.5893343]},"properties":{"id":"node/6025258898","source":"osm","name":null,"fee":"no","charge":null,"access":null,"wheelchair":null,"opening_hours":null,"operator":"Städtischer Friedhof Wittenau","description":null,"password":null}},{"type":"Feature","geometry":{"type":"Point","coordinates":[13.5343339,52.4930248]},"properties":{"id":"node/6126917706","source":"osm","name":null,"fee":"no","charge":null,"access":"customers","wheelchair":"no","opening_hours":null,"operator":null,"description":null,"password":null}},{"type":"Feature","geometry":{"type":"Point","coordinates":[13.265805,52.4559089]},"properties":{"id":"node/6142003831","source":"osm","name":null,"fee":null,"charge":null,"access":null,"wheelchair":null,"opening_hours":null,"operator":null,"description":null,"password":null}},{"type":"Feature","geometry":{"type":"Point","coordinates":[13.3029142,52.6356486]},"properties":{"id":"node/6180878377","source":"osm","name":null,"fee":null,"charge":null,"access":"customers","wheelchair":"no","opening_hours":null,"operator":null,"description":null,"password":null}},{"type":"Feature","geometry":{"type":"Point","coordinates":[13.3841346,52.5286524]},"properties":{"id":"node/6181021246","source":"osm","name":null,"fee":"no","charge":null,"access":"customers","wheelchair":"yes","opening_hours":null,"operator":null,"description":null,"password":null}},{"type":"Feature","geometry":{"type":"Point","coordinates":[13.4973374,52.4995847]},"properties":{"id":"node/6203262068","source":"osm","name":null,"fee":"no","charge":null,"access":"permissive","wheelchair":"yes","opening_hours":"Mo-Fr 07:00-24:00; Sa 07:00-23:30","operator":"Kaufland","description":null,"password":null}},{"type":"Feature","geometry":{"type":"Point","coordinates":[13.2116255,52.5402838]},"properties":{"id":"node/6224644704","source":"osm","name":null,"fee":null,"charge":null,"access":null,"wheelchair":null,"opening_hours":null,"operator":null,"description":null,"password":null}},{"type":"Feature","geometry":{"type":"Point","coordinates":[13.1961625,52.4781536]},"properties":{"id":"node/6284480285","source":"osm","name":null,"fee":"yes","charge":null,"access":null,"wheelchair":"limited","opening_hours":null,"operator":null,"description":null,"password":null}},{"type":"Feature","geometry":{"type":"Point","coordinates":[13.1790454,52.4212874]},"properties":{"id":"node/6286715850","source":"osm","name":null,"fee":"yes","charge":null,"access":"yes","wheelchair":"yes","opening_hours":"24/7","operator":"Hering","description":null,"password":null}},{"type":"Feature","geometry":{"type":"Point","coordinates":[13.5145569,52.531287]},"properties":{"id":"node/6323984650","source":"osm","name":null,"fee":"no","charge":null,"access":"customers","wheelchair":null,"opening_hours":null,"operator":null,"description":null,"password":null}},{"type":"Feature","geometry":{"type":"Point","coordinates":[13.3285889,52.5627503]},"properties":{"id":"node/6331693120","source":"osm","name":null,"fee":"yes","charge":null,"access":null,"wheelchair":"yes","opening_hours":null,"operator":"Einkaufszentrum Clou","description":null,"password":null}},{"type":"Feature","geometry":{"type":"Point","coordinates":[13.3663499,52.5462805]},"properties":{"id":"node/6369903405","source":"osm","name":null,"fee":"no","charge":null,"access":null,"wheelchair":"no","opening_hours":null,"operator":null,"description":null,"password":null}},{"type":"Feature","geometry":{"type":"Point","coordinates":[13.5658297,52.5347186]},"properties":{"id":"node/6419242905","source":"osm","name":null,"fee":null,"charge":null,"access":"customers","wheelchair":"yes","opening_hours":null,"operator":null,"description":null,"password":null}},{"type":"Feature","geometry":{"type":"Point","coordinates":[13.3675839,52.4910195]},"properties":{"id":"node/6432842006","source":"osm","name":null,"fee":"no","charge":null,"access":"permissive","wheelchair":"yes","opening_hours":null,"operator":null,"description":null,"password":null}},{"type":"Feature","geometry":{"type":"Point","coordinates":[13.3663279,52.4595793]},"properties":{"id":"node/6457283156","source":"osm","name":null,"fee":"yes","charge":null,"access":null,"wheelchair":"yes","opening_hours":"24/7","operator":"Wall","description":"Berliner Toilette","password":null}},{"type":"Feature","geometry":{"type":"Point","coordinates":[13.427438,52.5272114]},"properties":{"id":"node/6459171117","source":"osm","name":"Berliner Toilette","fee":"yes","charge":"0.5 EUR","access":"yes","wheelchair":"yes","opening_hours":"24/7","operator":"Wall","description":"Berliner Toilette mit 1 Platz","password":null}},{"type":"Feature","geometry":{"type":"Point","coordinates":[13.3251901,52.462209]},"properties":{"id":"node/6467060813","source":"osm","name":null,"fee":"yes","charge":null,"access":null,"wheelchair":null,"opening_hours":"Mo-Sa 10:00-20:00","operator":null,"description":null,"password":null}},{"type":"Feature","geometry":{"type":"Point","coordinates":[13.2466491,52.5616311]},"properties":{"id":"node/6481717701","source":"osm","name":"Toilette (Sanitärcontainer)","fee":"no","charge":null,"access":"yes","wheelchair":"no","opening_hours":null,"operator":"Wall","description":"Sanitärcontainer","password":null}},{"type":"Feature","geometry":{"type":"Point","coordinates":[13.3880719,52.4636777]},"properties":{"id":"node/6534003185","source":"osm","name":null,"fee":"no","charge":null,"access":null,"wheelchair":null,"opening_hours":null,"operator":"Bezirkszentralbibliothek","description":null,"password":null}},{"type":"Feature","geometry":{"type":"Point","coordinates":[13.3237907,52.5028557]},"properties":{"id":"node/6534417733","source":"osm","name":null,"fee":"no","charge":null,"access":null,"wheelchair":null,"opening_hours":null,"operator":null,"description":null,"password":null}},{"type":"Feature","geometry":{"type":"Point","coordinates":[13.3864326,52.5077451]},"properties":{"id":"node/6535073190","source":"osm","name":null,"fee":null,"charge":null,"access":"customers","wheelchair":"no","opening_hours":null,"operator":null,"description":null,"password":null}},{"type":"Feature","geometry":{"type":"Point","coordinates":[13.1300737,52.4451076]},"properties":{"id":"node/6565458385","source":"osm","name":null,"fee":"no","charge":null,"access":"permissive","wheelchair":"yes","opening_hours":"Apr Fr[1] - Oct Fr[-1] Mo-Th 07:30-14:00; Apr Fr[1] - Oct Fr[-1] PH,Fr-Su 10:00-18:00","operator":null,"description":null,"password":null}},{"type":"Feature","geometry":{"type":"Point","coordinates":[13.3879119,52.4401659]},"properties":{"id":"node/6586058192","source":"osm","name":null,"fee":"yes","charge":null,"access":null,"wheelchair":"yes","opening_hours":"24/7","operator":"Wall","description":"Berliner Toilette","password":null}},{"type":"Feature","geometry":{"type":"Point","coordinates":[13.1439184,52.4537513]},"properties":{"id":"node/6586058193","source":"osm","name":null,"fee":"yes","charge":null,"access":null,"wheelchair":"yes","opening_hours":"24/7","operator":"Wall","description":"Berliner Toilette","password":null}},{"type":"Feature","geometry":{"type":"Point","coordinates":[13.4313662,52.4789669]},"properties":{"id":"node/6595152133","source":"osm","name":null,"fee":null,"charge":null,"access":"customers","wheelchair":null,"opening_hours":null,"operator":null,"description":null,"password":null}},{"type":"Feature","geometry":{"type":"Point","coordinates":[13.1304565,52.4446533]},"properties":{"id":"node/6622008723","source":"osm","name":null,"fee":"no","charge":null,"access":"permissive","wheelchair":"yes","opening_hours":null,"operator":null,"description":null,"password":null}},{"type":"Feature","geometry":{"type":"Point","coordinates":[13.2656477,52.6386691]},"properties":{"id":"node/6647315621","source":"osm","name":null,"fee":"no","charge":null,"access":null,"wheelchair":null,"opening_hours":null,"operator":null,"description":null,"password":null}},{"type":"Feature","geometry":{"type":"Point","coordinates":[13.3780298,52.5172589]},"properties":{"id":"node/6690131845","source":"osm","name":null,"fee":"yes","charge":null,"access":"permissive","wheelchair":"no","opening_hours":null,"operator":null,"description":null,"password":null}},{"type":"Feature","geometry":{"type":"Point","coordinates":[13.3325743,52.5056921]},"properties":{"id":"node/6814022387","source":"osm","name":null,"fee":null,"charge":null,"access":null,"wheelchair":null,"opening_hours":"24/7","operator":null,"description":null,"password":null}},{"type":"Feature","geometry":{"type":"Point","coordinates":[13.2158314,52.4406573]},"properties":{"id":"node/6853055616","source":"osm","name":null,"fee":"no","charge":null,"access":"yes","wheelchair":"no","opening_hours":null,"operator":null,"description":null,"password":null}},{"type":"Feature","geometry":{"type":"Point","coordinates":[13.2408742,52.5254933]},"properties":{"id":"node/6859379262","source":"osm","name":"Berliner Toilette","fee":"no","charge":null,"access":"yes","wheelchair":"yes","opening_hours":"24/7","operator":"Wall GmbH","description":"Berliner Toilette mit 1.Platz","password":null}},{"type":"Feature","geometry":{"type":"Point","coordinates":[13.4455693,52.5062812]},"properties":{"id":"node/6928778696","source":"osm","name":null,"fee":null,"charge":null,"access":null,"wheelchair":"yes","opening_hours":null,"operator":null,"description":null,"password":null}},{"type":"Feature","geometry":{"type":"Point","coordinates":[13.4130927,52.538293]},"properties":{"id":"node/6938936201","source":"osm","name":null,"fee":"yes","charge":null,"access":null,"wheelchair":"no","opening_hours":null,"operator":null,"description":null,"password":null}},{"type":"Feature","geometry":{"type":"Point","coordinates":[13.4381913,52.4955463]},"properties":{"id":"node/7042598240","source":"osm","name":null,"fee":"no","charge":null,"access":null,"wheelchair":"no","opening_hours":null,"operator":null,"description":null,"password":null}},{"type":"Feature","geometry":{"type":"Point","coordinates":[13.3734636,52.5101966]},"properties":{"id":"node/7083941411","source":"osm","name":null,"fee":"yes","charge":"1.00EUR","access":"customers","wheelchair":null,"opening_hours":null,"operator":null,"description":null,"password":null}},{"type":"Feature","geometry":{"type":"Point","coordinates":[13.3030718,52.4526279]},"properties":{"id":"node/7093950006","source":"osm","name":null,"fee":"no","charge":null,"access":null,"wheelchair":"no","opening_hours":null,"operator":null,"description":null,"password":null}},{"type":"Feature","geometry":{"type":"Point","coordinates":[13.4566214,52.5334173]},"properties":{"id":"node/7096084791","source":"osm","name":null,"fee":null,"charge":null,"access":null,"wheelchair":null,"opening_hours":null,"operator":null,"description":null,"password":null}},{"type":"Feature","geometry":{"type":"Point","coordinates":[13.207764,52.5373511]},"properties":{"id":"node/7133014683","source":"osm","name":null,"fee":"yes","charge":null,"access":"yes","wheelchair":"yes","opening_hours":null,"operator":"Wall","description":null,"password":null}},{"type":"Feature","geometry":{"type":"Point","coordinates":[13.6492886,52.3757825]},"properties":{"id":"node/7133149036","source":"osm","name":"Berliner Toilette","fee":"yes","charge":null,"access":"yes","wheelchair":"yes","opening_hours":"24/7","operator":"Wall","description":null,"password":null}},{"type":"Feature","geometry":{"type":"Point","coordinates":[13.4039286,52.5699588]},"properties":{"id":"node/7176856819","source":"osm","name":null,"fee":"yes","charge":null,"access":null,"wheelchair":"yes","opening_hours":null,"operator":null,"description":null,"password":null}},{"type":"Feature","geometry":{"type":"Point","coordinates":[13.3891946,52.4902553]},"properties":{"id":"node/7250781585","source":"osm","name":null,"fee":"no","charge":null,"access":null,"wheelchair":"limited","opening_hours":null,"operator":null,"description":null,"password":null}},{"type":"Feature","geometry":{"type":"Point","coordinates":[13.491681,52.4595927]},"properties":{"id":"node/7391744622","source":"osm","name":null,"fee":"no","charge":null,"access":"yes","wheelchair":"yes","opening_hours":"nur bei Öffnung des Gartens","operator":null,"description":null,"password":null}},{"type":"Feature","geometry":{"type":"Point","coordinates":[13.4914507,52.459831]},"properties":{"id":"node/7391744623","source":"osm","name":null,"fee":"no","charge":null,"access":"yes","wheelchair":"no","opening_hours":"nur bei Öffnung des Gartens","operator":null,"description":null,"password":null}},{"type":"Feature","geometry":{"type":"Point","coordinates":[13.6752802,52.4068886]},"properties":{"id":"node/7399445229","source":"osm","name":null,"fee":"no","charge":null,"access":null,"wheelchair":"no","opening_hours":null,"operator":null,"description":null,"password":null}},{"type":"Feature","geometry":{"type":"Point","coordinates":[13.3228349,52.4758134]},"properties":{"id":"node/7403285554","source":"osm","name":null,"fee":"no","charge":null,"access":null,"wheelchair":"no","opening_hours":null,"operator":null,"description":null,"password":null}},{"type":"Feature","geometry":{"type":"Point","coordinates":[13.3609698,52.4544317]},"properties":{"id":"node/7417974709","source":"osm","name":null,"fee":null,"charge":null,"access":null,"wheelchair":null,"opening_hours":null,"operator":null,"description":null,"password":null}},{"type":"Feature","geometry":{"type":"Point","coordinates":[13.3101564,52.4440301]},"properties":{"id":"node/7427621843","source":"osm","name":null,"fee":null,"charge":null,"access":null,"wheelchair":null,"opening_hours":null,"operator":null,"description":null,"password":null}},{"type":"Feature","geometry":{"type":"Point","coordinates":[13.2964077,52.4234445]},"properties":{"id":"node/7445263877","source":"osm","name":null,"fee":null,"charge":null,"access":null,"wheelchair":"yes","opening_hours":null,"operator":null,"description":null,"password":null}},{"type":"Feature","geometry":{"type":"Point","coordinates":[13.2087472,52.4253838]},"properties":{"id":"node/7473671653","source":"osm","name":null,"fee":null,"charge":null,"access":"yes","wheelchair":"yes","opening_hours":null,"operator":null,"description":null,"password":null}},{"type":"Feature","geometry":{"type":"Point","coordinates":[13.2548467,52.439162]},"properties":{"id":"node/7476117343","source":"osm","name":null,"fee":null,"charge":null,"access":null,"wheelchair":"no","opening_hours":null,"operator":null,"description":null,"password":null}},{"type":"Feature","geometry":{"type":"Point","coordinates":[13.2548936,52.4390956]},"properties":{"id":"node/7476117351","source":"osm","name":null,"fee":null,"charge":null,"access":null,"wheelchair":"no","opening_hours":null,"operator":null,"description":null,"password":null}},{"type":"Feature","geometry":{"type":"Point","coordinates":[13.3460832,52.5534258]},"properties":{"id":"node/7609092409","source":"osm","name":null,"fee":null,"charge":null,"access":"customers","wheelchair":"yes","opening_hours":null,"operator":null,"description":null,"password":null}},{"type":"Feature","geometry":{"type":"Point","coordinates":[13.3536993,52.5486078]},"properties":{"id":"node/7616345671","source":"osm","name":null,"fee":"yes","charge":null,"access":"yes","wheelchair":"yes","opening_hours":null,"operator":null,"description":null,"password":null}},{"type":"Feature","geometry":{"type":"Point","coordinates":[13.3297813,52.5467843]},"properties":{"id":"node/7617579472","source":"osm","name":null,"fee":"no","charge":null,"access":"yes","wheelchair":"no","opening_hours":null,"operator":null,"description":null,"password":null}},{"type":"Feature","geometry":{"type":"Point","coordinates":[13.425003,52.4684362]},"properties":{"id":"node/7762393292","source":"osm","name":null,"fee":"no","charge":null,"access":"customers","wheelchair":null,"opening_hours":null,"operator":"PrinzessinnenGartenBau UG","description":"Nur während der Gartenzeiten für die Beteiligten geöffnet","password":null}},{"type":"Feature","geometry":{"type":"Point","coordinates":[13.2953028,52.6164294]},"properties":{"id":"node/7784567593","source":"osm","name":null,"fee":null,"charge":null,"access":"yes","wheelchair":null,"opening_hours":null,"operator":null,"description":null,"password":null}},{"type":"Feature","geometry":{"type":"Point","coordinates":[13.2950656,52.6165397]},"properties":{"id":"node/7784567594","source":"osm","name":null,"fee":null,"charge":null,"access":"yes","wheelchair":null,"opening_hours":null,"operator":null,"description":null,"password":null}},{"type":"Feature","geometry":{"type":"Point","coordinates":[13.3666041,52.5454455]},"properties":{"id":"node/7829764992","source":"osm","name":null,"fee":null,"charge":null,"access":"customers","wheelchair":"no","opening_hours":null,"operator":null,"description":null,"password":null}},{"type":"Feature","geometry":{"type":"Point","coordinates":[13.3054123,52.508525]},"properties":{"id":"node/7834927219","source":"osm","name":null,"fee":null,"charge":null,"access":null,"wheelchair":null,"opening_hours":null,"operator":null,"description":null,"password":null}},{"type":"Feature","geometry":{"type":"Point","coordinates":[13.4958566,52.534712]},"properties":{"id":"node/7896808785","source":"osm","name":null,"fee":null,"charge":null,"access":null,"wheelchair":null,"opening_hours":"Mo-Sa 09:30-20:00","operator":"Allee-Center","description":null,"password":null}},{"type":"Feature","geometry":{"type":"Point","coordinates":[13.1418683,52.5250851]},"properties":{"id":"node/7929121743","source":"osm","name":null,"fee":null,"charge":null,"access":null,"wheelchair":null,"opening_hours":null,"operator":"Rewe","description":null,"password":null}},{"type":"Feature","geometry":{"type":"Point","coordinates":[13.3021163,52.4562066]},"properties":{"id":"node/7948796377","source":"osm","name":null,"fee":"no","charge":null,"access":null,"wheelchair":null,"opening_hours":null,"operator":null,"description":null,"password":null}},{"type":"Feature","geometry":{"type":"Point","coordinates":[13.3021998,52.4561815]},"properties":{"id":"node/7948796378","source":"osm","name":null,"fee":"no","charge":null,"access":null,"wheelchair":"no","opening_hours":null,"operator":null,"description":null,"password":null}},{"type":"Feature","geometry":{"type":"Point","coordinates":[13.3082017,52.4538722]},"properties":{"id":"node/7970041350","source":"osm","name":null,"fee":"no","charge":null,"access":null,"wheelchair":"yes","opening_hours":null,"operator":null,"description":null,"password":null}},{"type":"Feature","geometry":{"type":"Point","coordinates":[13.6684722,52.4471848]},"properties":{"id":"node/8016198975","source":"osm","name":null,"fee":"no","charge":null,"access":"yes","wheelchair":null,"opening_hours":null,"operator":null,"description":null,"password":null}},{"type":"Feature","geometry":{"type":"Point","coordinates":[13.3893294,52.5161093]},"properties":{"id":"node/8198930762","source":"osm","name":null,"fee":"no","charge":null,"access":"customers","wheelchair":null,"opening_hours":null,"operator":null,"description":null,"password":null}},{"type":"Feature","geometry":{"type":"Point","coordinates":[13.1781258,52.585676]},"properties":{"id":"node/8356957464","source":"osm","name":null,"fee":null,"charge":null,"access":"yes","wheelchair":null,"opening_hours":null,"operator":null,"description":null,"password":null}},{"type":"Feature","geometry":{"type":"Point","coordinates":[13.3929017,52.4377883]},"properties":{"id":"node/8497939256","source":"osm","name":null,"fee":null,"charge":null,"access":null,"wheelchair":"yes","opening_hours":null,"operator":null,"description":null,"password":null}},{"type":"Feature","geometry":{"type":"Point","coordinates":[13.4349914,52.5628788]},"properties":{"id":"node/8544087682","source":"osm","name":null,"fee":"no","charge":null,"access":"no","wheelchair":"no","opening_hours":null,"operator":null,"description":null,"password":null}},{"type":"Feature","geometry":{"type":"Point","coordinates":[13.4005668,52.5810813]},"properties":{"id":"node/8546162516","source":"osm","name":null,"fee":null,"charge":null,"access":"customers","wheelchair":"yes","opening_hours":null,"operator":null,"description":null,"password":null}},{"type":"Feature","geometry":{"type":"Point","coordinates":[13.4679421,52.5039252]},"properties":{"id":"node/8637533717","source":"osm","name":null,"fee":"yes","charge":"1 EUR","access":"yes","wheelchair":"yes","opening_hours":"Mo-Su 05:00-23:00; PH off","operator":"SANIFAIR GmbH","description":null,"password":null}},{"type":"Feature","geometry":{"type":"Point","coordinates":[13.1153923,52.4612335]},"properties":{"id":"node/8640353418","source":"osm","name":null,"fee":"no","charge":null,"access":null,"wheelchair":"no","opening_hours":"24/7","operator":null,"description":null,"password":null}},{"type":"Feature","geometry":{"type":"Point","coordinates":[13.3261173,52.4657605]},"properties":{"id":"node/8735827417","source":"osm","name":null,"fee":"yes","charge":"0.50 EUR","access":null,"wheelchair":"yes","opening_hours":null,"operator":null,"description":null,"password":null}},{"type":"Feature","geometry":{"type":"Point","coordinates":[13.4538112,52.4792598]},"properties":{"id":"node/8753919421","source":"osm","name":null,"fee":null,"charge":null,"access":"private","wheelchair":null,"opening_hours":null,"operator":null,"description":null,"password":null}},{"type":"Feature","geometry":{"type":"Point","coordinates":[13.453793,52.4792461]},"properties":{"id":"node/8753919422","source":"osm","name":null,"fee":null,"charge":null,"access":"private","wheelchair":null,"opening_hours":null,"operator":null,"description":null,"password":null}},{"type":"Feature","geometry":{"type":"Point","coordinates":[13.4099628,52.4791975]},"properties":{"id":"node/8849993881","source":"osm","name":null,"fee":"no","charge":null,"access":"yes","wheelchair":"yes","opening_hours":null,"operator":null,"description":null,"password":null}},{"type":"Feature","geometry":{"type":"Point","coordinates":[13.4100013,52.4791758]},"properties":{"id":"node/8849993882","source":"osm","name":null,"fee":"no","charge":null,"access":"yes","wheelchair":"no","opening_hours":null,"operator":null,"description":null,"password":null}},{"type":"Feature","geometry":{"type":"Point","coordinates":[13.4099244,52.4792191]},"properties":{"id":"node/8849993883","source":"osm","name":null,"fee":"no","charge":null,"access":"yes","wheelchair":"no","opening_hours":null,"operator":null,"description":null,"password":null}},{"type":"Feature","geometry":{"type":"Point","coordinates":[13.4005773,52.543873]},"properties":{"id":"node/8851293917","source":"osm","name":null,"fee":"no","charge":null,"access":"yes","wheelchair":"yes","opening_hours":"24/7","operator":"Sonstige Betreiber","description":"Sonstiger Typ","password":null}},{"type":"Feature","geometry":{"type":"Point","coordinates":[13.3060442,52.6016962]},"properties":{"id":"node/8914081493","source":"osm","name":"Berliner Toilette","fee":"yes","charge":"0.5 EUR","access":"yes","wheelchair":"yes","opening_hours":null,"operator":"Wall","description":null,"password":null}},{"type":"Feature","geometry":{"type":"Point","coordinates":[13.4179581,52.4770307]},"properties":{"id":"node/8929873683","source":"osm","name":null,"fee":"no","charge":null,"access":"yes","wheelchair":"yes","opening_hours":null,"operator":null,"description":null,"password":null}},{"type":"Feature","geometry":{"type":"Point","coordinates":[13.4179504,52.4770623]},"properties":{"id":"node/8929873685","source":"osm","name":null,"fee":"no","charge":null,"access":null,"wheelchair":"yes","opening_hours":null,"operator":null,"description":null,"password":null}},{"type":"Feature","geometry":{"type":"Point","coordinates":[13.4179426,52.4770939]},"properties":{"id":"node/8929873686","source":"osm","name":null,"fee":"no","charge":null,"access":"yes","wheelchair":"yes","opening_hours":null,"operator":null,"description":null,"password":null}},{"type":"Feature","geometry":{"type":"Point","coordinates":[13.3808788,52.5109162]},"properties":{"id":"node/8936337209","source":"osm","name":null,"fee":"yes","charge":"1.00 EUR","access":"customers","wheelchair":"limited","opening_hours":null,"operator":"Mall Of Berlin","description":null,"password":null}},{"type":"Feature","geometry":{"type":"Point","coordinates":[13.4245413,52.5030481]},"properties":{"id":"node/8936484720","source":"osm","name":null,"fee":"yes","charge":"0.50 EUR","access":"yes","wheelchair":"yes","opening_hours":"24/7","operator":"Wall","description":"Berliner Toilette","password":null}},{"type":"Feature","geometry":{"type":"Point","coordinates":[13.3220141,52.5004838]},"properties":{"id":"node/8938024390","source":"osm","name":null,"fee":null,"charge":null,"access":"customers","wheelchair":null,"opening_hours":null,"operator":null,"description":null,"password":null}},{"type":"Feature","geometry":{"type":"Point","coordinates":[13.4913018,52.4847646]},"properties":{"id":"node/8946616092","source":"osm","name":null,"fee":null,"charge":null,"access":"customers","wheelchair":"yes","opening_hours":null,"operator":null,"description":null,"password":null}},{"type":"Feature","geometry":{"type":"Point","coordinates":[13.3946726,52.5697373]},"properties":{"id":"node/8946818918","source":"osm","name":null,"fee":"yes","charge":"0.50 EUR","access":"yes","wheelchair":"yes","opening_hours":null,"operator":"Sonstiger Betreiber","description":null,"password":null}},{"type":"Feature","geometry":{"type":"Point","coordinates":[13.4425507,52.5434797]},"properties":{"id":"node/8992722510","source":"osm","name":null,"fee":"yes","charge":"0.50 EUR","access":"customers","wheelchair":null,"opening_hours":null,"operator":null,"description":null,"password":null}},{"type":"Feature","geometry":{"type":"Point","coordinates":[13.4972965,52.5092527]},"properties":{"id":"node/9038400922","source":"osm","name":"WC Center","fee":"yes","charge":null,"access":"yes","wheelchair":"yes","opening_hours":null,"operator":null,"description":null,"password":null}},{"type":"Feature","geometry":{"type":"Point","coordinates":[13.5272257,52.5570071]},"properties":{"id":"node/9038402162","source":"osm","name":null,"fee":"no","charge":null,"access":null,"wheelchair":"yes","opening_hours":null,"operator":"sun Tankstelle","description":null,"password":null}},{"type":"Feature","geometry":{"type":"Point","coordinates":[13.1412551,52.4010924]},"properties":{"id":"node/9042598360","source":"osm","name":"Söhnel Biergarten","fee":"no","charge":null,"access":"customers","wheelchair":null,"opening_hours":null,"operator":"Alexander Porrmann","description":null,"password":null}},{"type":"Feature","geometry":{"type":"Point","coordinates":[13.3943492,52.4893266]},"properties":{"id":"node/9088035617","source":"osm","name":null,"fee":"yes","charge":"0.5 EUR","access":null,"wheelchair":null,"opening_hours":null,"operator":null,"description":null,"password":null}},{"type":"Feature","geometry":{"type":"Point","coordinates":[13.4316057,52.5023441]},"properties":{"id":"node/9094740329","source":"osm","name":null,"fee":"no","charge":null,"access":"yes","wheelchair":"yes","opening_hours":null,"operator":null,"description":null,"password":null}},{"type":"Feature","geometry":{"type":"Point","coordinates":[13.3086448,52.5702628]},"properties":{"id":"node/9120564810","source":"osm","name":"City-Toilette","fee":"yes","charge":null,"access":"yes","wheelchair":"yes","opening_hours":null,"operator":"Wall","description":null,"password":null}},{"type":"Feature","geometry":{"type":"Point","coordinates":[13.2517667,52.4489515]},"properties":{"id":"node/9124651758","source":"osm","name":null,"fee":"yes","charge":null,"access":null,"wheelchair":"yes","opening_hours":"24/7","operator":"Wall","description":null,"password":null}},{"type":"Feature","geometry":{"type":"Point","coordinates":[13.3194023,52.4569701]},"properties":{"id":"node/9136526081","source":"osm","name":null,"fee":null,"charge":null,"access":null,"wheelchair":null,"opening_hours":null,"operator":null,"description":null,"password":null}},{"type":"Feature","geometry":{"type":"Point","coordinates":[13.3450333,52.4969022]},"properties":{"id":"node/9155083209","source":"osm","name":null,"fee":"no","charge":null,"access":"yes","wheelchair":"yes","opening_hours":"24/7","operator":"Wall","description":"Berliner Toilette","password":null}},{"type":"Feature","geometry":{"type":"Point","coordinates":[13.1990642,52.436595]},"properties":{"id":"node/9176577027","source":"osm","name":null,"fee":"no","charge":null,"access":null,"wheelchair":"no","opening_hours":"24/7; Oct-Apr off","operator":null,"description":null,"password":null}},{"type":"Feature","geometry":{"type":"Point","coordinates":[13.3922267,52.4395316]},"properties":{"id":"node/9202876985","source":"osm","name":null,"fee":null,"charge":null,"access":null,"wheelchair":null,"opening_hours":null,"operator":null,"description":null,"password":null}},{"type":"Feature","geometry":{"type":"Point","coordinates":[13.4481365,52.4367379]},"properties":{"id":"node/9214602724","source":"osm","name":null,"fee":"no","charge":null,"access":null,"wheelchair":"yes","opening_hours":null,"operator":"Kaufland","description":null,"password":null}},{"type":"Feature","geometry":{"type":"Point","coordinates":[13.3478636,52.4321219]},"properties":{"id":"node/9315783302","source":"osm","name":null,"fee":"yes","charge":"0.00","access":"yes","wheelchair":"yes","opening_hours":"24/7","operator":"Wall","description":"Berliner Toilette","password":null}},{"type":"Feature","geometry":{"type":"Point","coordinates":[13.4396066,52.5098894]},"properties":{"id":"node/9370772973","source":"osm","name":null,"fee":"no","charge":null,"access":null,"wheelchair":"no","opening_hours":null,"operator":"Hellweg","description":null,"password":null}},{"type":"Feature","geometry":{"type":"Point","coordinates":[13.4501934,52.4688898]},"properties":{"id":"node/9383986836","source":"osm","name":null,"fee":null,"charge":null,"access":"customers","wheelchair":null,"opening_hours":null,"operator":"wheego","description":null,"password":null}},{"type":"Feature","geometry":{"type":"Point","coordinates":[13.427183,52.4788371]},"properties":{"id":"node/9417624675","source":"osm","name":null,"fee":"yes","charge":"0.50 EUR","access":"yes","wheelchair":"yes","opening_hours":null,"operator":null,"description":null,"password":null}},{"type":"Feature","geometry":{"type":"Point","coordinates":[13.4271995,52.4787828]},"properties":{"id":"node/9417624676","source":"osm","name":null,"fee":"yes","charge":"0.50 EUR","access":"yes","wheelchair":"yes","opening_hours":null,"operator":null,"description":null,"password":null}},{"type":"Feature","geometry":{"type":"Point","coordinates":[13.3836475,52.5592613]},"properties":{"id":"node/9423083037","source":"osm","name":null,"fee":"no","charge":null,"access":"yes","wheelchair":"yes","opening_hours":"24/7","operator":"Wall","description":"Berliner Toilette","password":null}},{"type":"Feature","geometry":{"type":"Point","coordinates":[13.480885,52.4900375]},"properties":{"id":"node/9533515878","source":"osm","name":null,"fee":"yes","charge":"0.50 EUR","access":"yes","wheelchair":"yes","opening_hours":"24/7","operator":"Wall","description":"Berliner Toilette","password":null}},{"type":"Feature","geometry":{"type":"Point","coordinates":[13.5738645,52.4453028]},"properties":{"id":"node/9534892731","source":"osm","name":"Berliner Toilette","fee":"no","charge":null,"access":"yes","wheelchair":"yes","opening_hours":"24/7","operator":null,"description":"Berliner Toilette","password":null}},{"type":"Feature","geometry":{"type":"Point","coordinates":[13.4010819,52.5329693]},"properties":{"id":"node/9544648492","source":"osm","name":null,"fee":"yes","charge":"0.50 EUR","access":"yes","wheelchair":"yes","opening_hours":"24/7","operator":"Wall","description":"Berliner Toilette","password":null}},{"type":"Feature","geometry":{"type":"Point","coordinates":[13.3523192,52.5462402]},"properties":{"id":"node/9587246062","source":"osm","name":"Berliner Toilette","fee":"no","charge":null,"access":"yes","wheelchair":"yes","opening_hours":"24/7","operator":"Wall","description":null,"password":null}},{"type":"Feature","geometry":{"type":"Point","coordinates":[13.3989401,52.5414389]},"properties":{"id":"node/9596738295","source":"osm","name":null,"fee":"yes","charge":"0.50 EUR","access":"yes","wheelchair":"yes","opening_hours":"24/7","operator":"Wall","description":null,"password":null}},{"type":"Feature","geometry":{"type":"Point","coordinates":[13.4486522,52.4778344]},"properties":{"id":"node/9706878628","source":"osm","name":null,"fee":"no","charge":null,"access":null,"wheelchair":"no","opening_hours":null,"operator":null,"description":null,"password":null}},{"type":"Feature","geometry":{"type":"Point","coordinates":[13.5194657,52.4699177]},"properties":{"id":"node/9727017306","source":"osm","name":null,"fee":null,"charge":null,"access":"customers","wheelchair":"limited","opening_hours":null,"operator":null,"description":null,"password":null}},{"type":"Feature","geometry":{"type":"Point","coordinates":[13.3242845,52.4621745]},"properties":{"id":"node/9794653125","source":"osm","name":null,"fee":null,"charge":null,"access":null,"wheelchair":null,"opening_hours":null,"operator":null,"description":null,"password":null}},{"type":"Feature","geometry":{"type":"Point","coordinates":[13.4293571,52.4696846]},"properties":{"id":"node/9799066871","source":"osm","name":null,"fee":"no","charge":null,"access":"yes","wheelchair":"yes","opening_hours":null,"operator":null,"description":null,"password":null}},{"type":"Feature","geometry":{"type":"Point","coordinates":[13.2536037,52.4420716]},"properties":{"id":"node/9821065145","source":"osm","name":null,"fee":null,"charge":null,"access":null,"wheelchair":"no","opening_hours":null,"operator":null,"description":null,"password":null}},{"type":"Feature","geometry":{"type":"Point","coordinates":[13.2517295,52.4433973]},"properties":{"id":"node/9821065172","source":"osm","name":null,"fee":null,"charge":null,"access":null,"wheelchair":"no","opening_hours":null,"operator":null,"description":null,"password":null}},{"type":"Feature","geometry":{"type":"Point","coordinates":[13.4158351,52.4802313]},"properties":{"id":"node/9834428946","source":"osm","name":null,"fee":"no","charge":null,"access":null,"wheelchair":null,"opening_hours":null,"operator":null,"description":null,"password":null}},{"type":"Feature","geometry":{"type":"Point","coordinates":[13.4162122,52.4799545]},"properties":{"id":"node/9834428948","source":"osm","name":null,"fee":"no","charge":null,"access":null,"wheelchair":null,"opening_hours":null,"operator":null,"description":null,"password":null}},{"type":"Feature","geometry":{"type":"Point","coordinates":[13.4025464,52.5066071]},"properties":{"id":"node/9837783198","source":"osm","name":null,"fee":"yes","charge":"0.50 EUR","access":"yes","wheelchair":"yes","opening_hours":"24/7","operator":"Wall","description":"Berliner Toilette","password":null}},{"type":"Feature","geometry":{"type":"Point","coordinates":[13.350824,52.4559603]},"properties":{"id":"node/9864554564","source":"osm","name":null,"fee":null,"charge":null,"access":"customers","wheelchair":null,"opening_hours":null,"operator":null,"description":null,"password":null}},{"type":"Feature","geometry":{"type":"Point","coordinates":[13.3380384,52.4884712]},"properties":{"id":"node/9868435544","source":"osm","name":"Berliner Toilette","fee":"yes","charge":null,"access":"yes","wheelchair":"yes","opening_hours":"24/7","operator":"Wall","description":"Berliner Toilette, kostenpflichtig","password":null}},{"type":"Feature","geometry":{"type":"Point","coordinates":[13.5192969,52.4698603]},"properties":{"id":"node/9888361699","source":"osm","name":null,"fee":null,"charge":null,"access":"customers","wheelchair":"limited","opening_hours":null,"operator":null,"description":null,"password":null}},{"type":"Feature","geometry":{"type":"Point","coordinates":[13.6253224,52.4514223]},"properties":{"id":"node/9893197374","source":"osm","name":null,"fee":"yes","charge":"1 EUR","access":"customers","wheelchair":"yes","opening_hours":"Mo-Fr 07:00-23:59; Sa 07:00-23:00","operator":"Edeka Bölschestraße","description":null,"password":null}},{"type":"Feature","geometry":{"type":"Point","coordinates":[13.3586453,52.6209714]},"properties":{"id":"node/9893230349","source":"osm","name":"Berliner Toilette","fee":"yes","charge":"0.50 EUR","access":"yes","wheelchair":"yes","opening_hours":null,"operator":"Wall","description":null,"password":null}},{"type":"Feature","geometry":{"type":"Point","coordinates":[13.3122757,52.6061816]},"properties":{"id":"node/9908132119","source":"osm","name":"Berliner Toilette","fee":"yes","charge":"0.50 EUR","access":"yes","wheelchair":"yes","opening_hours":"Mo-Su,PH 00:00-00:00","operator":"Wall","description":null,"password":null}},{"type":"Feature","geometry":{"type":"Point","coordinates":[13.4740275,52.5140942]},"properties":{"id":"node/9959872047","source":"osm","name":null,"fee":"yes","charge":"0.70 EUR","access":"yes","wheelchair":"yes","opening_hours":"Mo-Sa 08:00 - 20:00","operator":null,"description":null,"password":null}},{"type":"Feature","geometry":{"type":"Point","coordinates":[13.52013,52.4339905]},"properties":{"id":"node/9974784649","source":"osm","name":"Berliner Toilette","fee":"yes","charge":"0.5 EUR","access":null,"wheelchair":"yes","opening_hours":"24/7","operator":null,"description":"Berliner Toilette","password":null}},{"type":"Feature","geometry":{"type":"Point","coordinates":[13.1547196,52.4970849]},"properties":{"id":"node/9983317590","source":"osm","name":null,"fee":null,"charge":null,"access":null,"wheelchair":"no","opening_hours":null,"operator":null,"description":null,"password":null}},{"type":"Feature","geometry":{"type":"Point","coordinates":[13.3011335,52.5301429]},"properties":{"id":"node/9994491216","source":"osm","name":"Berliner Toilette","fee":"no","charge":null,"access":"yes","wheelchair":"yes","opening_hours":"24/7","operator":"Wall GmbH","description":"Berliner Toilette 1 Platz mit 2 Pissoirs","password":null}},{"type":"Feature","geometry":{"type":"Point","coordinates":[13.3893805,52.4829619]},"properties":{"id":"node/10004960721","source":"osm","name":null,"fee":"no","charge":null,"access":"yes","wheelchair":"no","opening_hours":"We-Mo 10:00-17:00","operator":null,"description":null,"password":null}},{"type":"Feature","geometry":{"type":"Point","coordinates":[13.3690473,52.5235099]},"properties":{"id":"node/10008684366","source":"osm","name":null,"fee":"no","charge":null,"access":"customers","wheelchair":"yes","opening_hours":null,"operator":null,"description":null,"password":null}},{"type":"Feature","geometry":{"type":"Point","coordinates":[13.3766428,52.5526993]},"properties":{"id":"node/10013676834","source":"osm","name":null,"fee":null,"charge":null,"access":"yes","wheelchair":"yes","opening_hours":null,"operator":null,"description":null,"password":null}},{"type":"Feature","geometry":{"type":"Point","coordinates":[13.3144077,52.4805418]},"properties":{"id":"node/10013748104","source":"osm","name":null,"fee":null,"charge":null,"access":"customers","wheelchair":null,"opening_hours":null,"operator":null,"description":null,"password":null}},{"type":"Feature","geometry":{"type":"Point","coordinates":[13.5180898,52.4600201]},"properties":{"id":"node/10081351002","source":"osm","name":null,"fee":"no","charge":null,"access":null,"wheelchair":"yes","opening_hours":null,"operator":null,"description":null,"password":null}},{"type":"Feature","geometry":{"type":"Point","coordinates":[13.2729833,52.5215152]},"properties":{"id":"node/10121295617","source":"osm","name":null,"fee":null,"charge":null,"access":null,"wheelchair":null,"opening_hours":null,"operator":null,"description":null,"password":null}},{"type":"Feature","geometry":{"type":"Point","coordinates":[13.5328789,52.5006327]},"properties":{"id":"node/10139514444","source":"osm","name":null,"fee":"no","charge":null,"access":null,"wheelchair":"no","opening_hours":null,"operator":null,"description":null,"password":null}},{"type":"Feature","geometry":{"type":"Point","coordinates":[13.4315451,52.467854]},"properties":{"id":"node/10224906140","source":"osm","name":"City Toilette","fee":"yes","charge":"0.50 EUR","access":"yes","wheelchair":"yes","opening_hours":"24/7","operator":"Wall","description":"Berliner Toilette","password":null}},{"type":"Feature","geometry":{"type":"Point","coordinates":[13.4316077,52.4678636]},"properties":{"id":"node/10224906141","source":"osm","name":null,"fee":"no","charge":null,"access":"yes","wheelchair":"no","opening_hours":"24/7","operator":"Wall","description":"2 frei zugängliche Urinale","password":null}},{"type":"Feature","geometry":{"type":"Point","coordinates":[13.4542276,52.5069602]},"properties":{"id":"node/10273755909","source":"osm","name":null,"fee":null,"charge":null,"access":null,"wheelchair":"designated","opening_hours":null,"operator":null,"description":null,"password":null}},{"type":"Feature","geometry":{"type":"Point","coordinates":[13.3650646,52.4273886]},"properties":{"id":"node/10274092967","source":"osm","name":null,"fee":"no","charge":null,"access":"customers","wheelchair":"limited","opening_hours":null,"operator":null,"description":"Sehr sauber. Für Kunden keine Gebühr. Sonst 0,50 €.","password":null}},{"type":"Feature","geometry":{"type":"Point","coordinates":[13.4735577,52.5037628]},"properties":{"id":"node/10276097614","source":"osm","name":null,"fee":"no","charge":null,"access":null,"wheelchair":"yes","opening_hours":null,"operator":null,"description":null,"password":null}},{"type":"Feature","geometry":{"type":"Point","coordinates":[13.2855837,52.5706869]},"properties":{"id":"node/10279858910","source":"osm","name":"Toilette (Sanitärcontainer)","fee":"no","charge":null,"access":"yes","wheelchair":"no","opening_hours":"Apr-Oct","operator":"Wall","description":"Toilettencontainer","password":null}},{"type":"Feature","geometry":{"type":"Point","coordinates":[13.3390156,52.5281464]},"properties":{"id":"node/10554624379","source":"osm","name":null,"fee":"no","charge":null,"access":null,"wheelchair":"no","opening_hours":null,"operator":null,"description":null,"password":null}},{"type":"Feature","geometry":{"type":"Point","coordinates":[13.3511946,52.5624402]},"properties":{"id":"node/10556867566","source":"osm","name":null,"fee":"no","charge":null,"access":"yes","wheelchair":null,"opening_hours":"Mo-Th 07:00-14:30; Fr 07:00-13:30","operator":null,"description":null,"password":null}},{"type":"Feature","geometry":{"type":"Point","coordinates":[13.1851419,52.5015941]},"properties":{"id":"node/10682917568","source":"osm","name":null,"fee":"no","charge":null,"access":"yes","wheelchair":"no","opening_hours":null,"operator":null,"description":null,"password":null}},{"type":"Feature","geometry":{"type":"Point","coordinates":[13.2860639,52.5845775]},"properties":{"id":"node/10710019774","source":"osm","name":null,"fee":"yes","charge":null,"access":null,"wheelchair":"yes","opening_hours":null,"operator":null,"description":null,"password":null}},{"type":"Feature","geometry":{"type":"Point","coordinates":[13.3305205,52.5104504]},"properties":{"id":"node/10742890808","source":"osm","name":null,"fee":"no","charge":null,"access":"customers","wheelchair":"yes","opening_hours":null,"operator":null,"description":null,"password":null}},{"type":"Feature","geometry":{"type":"Point","coordinates":[13.327067,52.5094959]},"properties":{"id":"node/10742893991","source":"osm","name":null,"fee":"no","charge":null,"access":"customers","wheelchair":"yes","opening_hours":null,"operator":null,"description":null,"password":null}},{"type":"Feature","geometry":{"type":"Point","coordinates":[13.3240253,52.5122975]},"properties":{"id":"node/10742912486","source":"osm","name":null,"fee":"no","charge":null,"access":"customers","wheelchair":"yes","opening_hours":null,"operator":null,"description":null,"password":null}},{"type":"Feature","geometry":{"type":"Point","coordinates":[13.3273442,52.509411]},"properties":{"id":"node/10742913510","source":"osm","name":null,"fee":"no","charge":null,"access":"customers","wheelchair":"yes","opening_hours":null,"operator":null,"description":null,"password":null}},{"type":"Feature","geometry":{"type":"Point","coordinates":[13.4367334,52.4756905]},"properties":{"id":"node/10751683089","source":"osm","name":"EcoToilette Lessinghöhe, Neukölln","fee":"no","charge":null,"access":"yes","wheelchair":"yes","opening_hours":"24/7","operator":"EcoToiletten GmbH","description":"Es handelt sich um eine autarke Trockentoilette mit 3 Kabinen. Es gibt eine barrierefreie Kabine mit Sitztoilette, Wasch- (kein Trinkwasser) und Wickeltisch, ein Hock-Urinal und ein Steh-Urinal. Die Toilette ist kostenfrei und ganztägig geöffnet.","password":null}},{"type":"Feature","geometry":{"type":"Point","coordinates":[13.4175456,52.473992]},"properties":{"id":"node/10751713765","source":"osm","name":null,"fee":"no","charge":null,"access":"yes","wheelchair":"yes","opening_hours":null,"operator":null,"description":null,"password":null}},{"type":"Feature","geometry":{"type":"Point","coordinates":[13.3895068,52.4904917]},"properties":{"id":"node/10761412549","source":"osm","name":null,"fee":null,"charge":null,"access":"customers","wheelchair":null,"opening_hours":null,"operator":"El Chilenito","description":null,"password":null}},{"type":"Feature","geometry":{"type":"Point","coordinates":[13.3882907,52.5689772]},"properties":{"id":"node/10763203465","source":"osm","name":null,"fee":"no","charge":null,"access":null,"wheelchair":"limited","opening_hours":null,"operator":null,"description":null,"password":null}},{"type":"Feature","geometry":{"type":"Point","coordinates":[13.5603996,52.5069508]},"properties":{"id":"node/10769864428","source":"osm","name":null,"fee":"no","charge":null,"access":null,"wheelchair":"yes","opening_hours":null,"operator":null,"description":null,"password":null}},{"type":"Feature","geometry":{"type":"Point","coordinates":[13.331525,52.4486922]},"properties":{"id":"node/10799216805","source":"osm","name":"Toilette","fee":"no","charge":null,"access":null,"wheelchair":"yes","opening_hours":"24/7","operator":null,"description":null,"password":null}},{"type":"Feature","geometry":{"type":"Point","coordinates":[13.3582803,52.4803731]},"properties":{"id":"node/10804848056","source":"osm","name":null,"fee":"no","charge":null,"access":"yes","wheelchair":"yes","opening_hours":"24/7","operator":null,"description":null,"password":null}},{"type":"Feature","geometry":{"type":"Point","coordinates":[13.5741514,52.5343949]},"properties":{"id":"node/10831883062","source":"osm","name":null,"fee":"no","charge":null,"access":null,"wheelchair":"yes","opening_hours":null,"operator":null,"description":null,"password":null}},{"type":"Feature","geometry":{"type":"Point","coordinates":[13.4302644,52.5859852]},"properties":{"id":"node/10877827298","source":"osm","name":null,"fee":"yes","charge":"0.50 EUR","access":null,"wheelchair":null,"opening_hours":null,"operator":null,"description":null,"password":null}},{"type":"Feature","geometry":{"type":"Point","coordinates":[13.4460519,52.4836952]},"properties":{"id":"node/10895311936","source":"osm","name":null,"fee":"no","charge":null,"access":"yes","wheelchair":"yes","opening_hours":null,"operator":null,"description":"Mehr Infos unter https://www.tagesspiegel.de/berlin/ein-plumpsklo-aber-ein-vornehmes-jeder-berliner-bezirk-erhalt-zwei-autarke-parktoiletten-9587156.html und https://finizio.de/","password":null}},{"type":"Feature","geometry":{"type":"Point","coordinates":[13.3547335,52.5970566]},"properties":{"id":"node/10968019868","source":"osm","name":null,"fee":"yes","charge":"0.70 EUR","access":"yes","wheelchair":"yes","opening_hours":null,"operator":null,"description":null,"password":null}},{"type":"Feature","geometry":{"type":"Point","coordinates":[13.5876213,52.4418322]},"properties":{"id":"node/10969467526","source":"osm","name":"Toilette","fee":"no","charge":null,"access":null,"wheelchair":null,"opening_hours":null,"operator":null,"description":null,"password":null}},{"type":"Feature","geometry":{"type":"Point","coordinates":[13.5737082,52.4446054]},"properties":{"id":"node/10983864571","source":"osm","name":null,"fee":"yes","charge":null,"access":"yes","wheelchair":null,"opening_hours":null,"operator":null,"description":null,"password":null}},{"type":"Feature","geometry":{"type":"Point","coordinates":[13.3875924,52.4753922]},"properties":{"id":"node/10984190677","source":"osm","name":null,"fee":"no","charge":null,"access":"yes","wheelchair":"yes","opening_hours":null,"operator":null,"description":null,"password":null}},{"type":"Feature","geometry":{"type":"Point","coordinates":[13.4378573,52.445704]},"properties":{"id":"node/10991343336","source":"osm","name":null,"fee":null,"charge":null,"access":null,"wheelchair":"no","opening_hours":null,"operator":null,"description":null,"password":null}},{"type":"Feature","geometry":{"type":"Point","coordinates":[13.4379648,52.4469669]},"properties":{"id":"node/10991343337","source":"osm","name":null,"fee":null,"charge":null,"access":null,"wheelchair":null,"opening_hours":null,"operator":null,"description":null,"password":null}},{"type":"Feature","geometry":{"type":"Point","coordinates":[13.4378617,52.4468735]},"properties":{"id":"node/10991343338","source":"osm","name":null,"fee":null,"charge":null,"access":null,"wheelchair":null,"opening_hours":null,"operator":null,"description":null,"password":null}},{"type":"Feature","geometry":{"type":"Point","coordinates":[13.4134958,52.478849]},"properties":{"id":"node/11005679464","source":"osm","name":null,"fee":"no","charge":null,"access":"yes","wheelchair":"yes","opening_hours":null,"operator":null,"description":null,"password":null}},{"type":"Feature","geometry":{"type":"Point","coordinates":[13.5491845,52.5503159]},"properties":{"id":"node/11013667689","source":"osm","name":"Parktoilette","fee":"no","charge":null,"access":"yes","wheelchair":"yes","opening_hours":"24/7","operator":"EcoToiletten GmbH","description":"Es handelt sich um eine autarke Trockentoilette mit 3 Kabinen. Es gibt eine barrierefreie Kabine mit Sitztoilette, Wasch- (kein Trinkwasser) und Wickeltisch, ein Hock-Urinal und ein Steh-Urinal. Die Toilette ist kostenfrei und ganztägig geöffnet.","password":null}},{"type":"Feature","geometry":{"type":"Point","coordinates":[13.3384659,52.4605055]},"properties":{"id":"node/11013697337","source":"osm","name":"EcoToilette Lauenburger Platz, Steglitz-Zehlendorf","fee":"no","charge":null,"access":"yes","wheelchair":"yes","opening_hours":"24/7","operator":"EcoToiletten GmbH","description":"Es handelt sich um eine autarke Trockentoilette mit 3 Kabinen. Es gibt eine barrierefreie Kabine mit Sitztoilette, Wasch- (kein Trinkwasser) und Wickeltisch, ein Hock-Urinal und ein Steh-Urinal. Die Toilette ist kostenfrei und ganztägig geöffnet.","password":null}},{"type":"Feature","geometry":{"type":"Point","coordinates":[13.5262802,52.4697515]},"properties":{"id":"node/11013730332","source":"osm","name":"EcoToilette Volkspark Wuhlheide, Treptow-Köpenick","fee":"no","charge":null,"access":"yes","wheelchair":"yes","opening_hours":"24/7","operator":"EcoToiletten GmbH","description":"Es handelt sich um eine autarke Trockentoilette mit 3 Kabinen. Es gibt eine barrierefreie Kabine mit Sitztoilette, Wasch- (kein Trinkwasser) und Wickeltisch, ein Hock-Urinal und ein Steh-Urinal. Die Toilette ist kostenfrei und ganztägig geöffnet.","password":null}},{"type":"Feature","geometry":{"type":"Point","coordinates":[13.34806,52.6011236]},"properties":{"id":"node/11013737900","source":"osm","name":"EcoToilette Seggeluchbecken, Reinickendorf","fee":null,"charge":null,"access":"yes","wheelchair":"yes","opening_hours":"24/7","operator":"EcoToiletten GmbH","description":"Es handelt sich um eine autarke Trockentoilette mit 3 Kabinen. Es gibt eine barrierefreie Kabine mit Sitztoilette, Desinfektionsmittel und Wickeltisch, ein Hock-Urinal und ein Steh-Urinal. Die Toilette ist kostenfrei und ganztägig geöffnet.","password":null}},{"type":"Feature","geometry":{"type":"Point","coordinates":[13.4715577,52.427325]},"properties":{"id":"node/11020839100","source":"osm","name":null,"fee":null,"charge":null,"access":"private","wheelchair":null,"opening_hours":null,"operator":null,"description":"Personaltoilette","password":null}},{"type":"Feature","geometry":{"type":"Point","coordinates":[13.4710151,52.4269255]},"properties":{"id":"node/11020839101","source":"osm","name":null,"fee":null,"charge":null,"access":"customers","wheelchair":"yes","opening_hours":null,"operator":null,"description":"Behindertentoilette","password":null}},{"type":"Feature","geometry":{"type":"Point","coordinates":[13.4710926,52.4268914]},"properties":{"id":"node/11020871708","source":"osm","name":null,"fee":null,"charge":null,"access":"customers","wheelchair":null,"opening_hours":null,"operator":null,"description":null,"password":null}},{"type":"Feature","geometry":{"type":"Point","coordinates":[13.4714924,52.4272516]},"properties":{"id":"node/11020871710","source":"osm","name":null,"fee":null,"charge":null,"access":"customers","wheelchair":null,"opening_hours":null,"operator":null,"description":null,"password":null}},{"type":"Feature","geometry":{"type":"Point","coordinates":[13.4988585,52.5101791]},"properties":{"id":"node/11031792212","source":"osm","name":null,"fee":null,"charge":null,"access":"customers","wheelchair":"yes","opening_hours":null,"operator":null,"description":null,"password":null}},{"type":"Feature","geometry":{"type":"Point","coordinates":[13.330748,52.4829643]},"properties":{"id":"node/11034759030","source":"osm","name":"Parktoilette","fee":"no","charge":null,"access":"yes","wheelchair":"yes","opening_hours":null,"operator":"Eco Toiletten","description":"Trockentoilette; unterm Volksparksteg","password":null}},{"type":"Feature","geometry":{"type":"Point","coordinates":[13.3132023,52.6169479]},"properties":{"id":"node/11049005405","source":"osm","name":"Berliner Toilette","fee":"yes","charge":"0.50 EUR","access":"yes","wheelchair":"yes","opening_hours":null,"operator":"Wall","description":"Klo \nWC","password":null}},{"type":"Feature","geometry":{"type":"Point","coordinates":[13.395542,52.6053144]},"properties":{"id":"node/11056478546","source":"osm","name":null,"fee":"no","charge":null,"access":"yes","wheelchair":"no","opening_hours":"24/7","operator":"sonstiger Betreiber","description":null,"password":null}},{"type":"Feature","geometry":{"type":"Point","coordinates":[13.3550868,52.4960932]},"properties":{"id":"node/11057374605","source":"osm","name":null,"fee":"no","charge":null,"access":"yes","wheelchair":"yes","opening_hours":"24/7","operator":null,"description":null,"password":null}},{"type":"Feature","geometry":{"type":"Point","coordinates":[13.4022855,52.5689802]},"properties":{"id":"node/11059014777","source":"osm","name":null,"fee":"no","charge":null,"access":"yes","wheelchair":"no","opening_hours":null,"operator":"sonstiger Betreiber","description":null,"password":null}},{"type":"Feature","geometry":{"type":"Point","coordinates":[13.4667527,52.5595371]},"properties":{"id":"node/11059022750","source":"osm","name":null,"fee":"no","charge":null,"access":"yes","wheelchair":"no","opening_hours":null,"operator":"Sontiger Betreiber","description":null,"password":null}},{"type":"Feature","geometry":{"type":"Point","coordinates":[13.4619518,52.533689]},"properties":{"id":"node/11059038031","source":"osm","name":"Parktoilette","fee":"no","charge":null,"access":"yes","wheelchair":"yes","opening_hours":"24/7","operator":"Eco Toiletten","description":"Trockentoilette mit zusätzlichem Pissoir","password":null}},{"type":"Feature","geometry":{"type":"Point","coordinates":[13.3367599,52.5048748]},"properties":{"id":"node/11059472544","source":"osm","name":"Berliner Toilette","fee":"yes","charge":null,"access":"yes","wheelchair":"yes","opening_hours":null,"operator":"Wall","description":"WC Center","password":null}},{"type":"Feature","geometry":{"type":"Point","coordinates":[13.330889,52.5033576]},"properties":{"id":"node/11059480506","source":"osm","name":"Berliner Toilette","fee":"yes","charge":"0.50 Eur","access":"yes","wheelchair":"no","opening_hours":null,"operator":"Wall GmbH","description":"WC Center","password":null}},{"type":"Feature","geometry":{"type":"Point","coordinates":[13.2443937,52.5156576]},"properties":{"id":"node/11066995526","source":"osm","name":"Berliner Toilette","fee":"yes","charge":"0,50 Eur","access":"yes","wheelchair":"yes","opening_hours":"24/7","operator":"Wall","description":"Berliner Toilette mit 2 Plätzen","password":null}},{"type":"Feature","geometry":{"type":"Point","coordinates":[13.2446869,52.5155959]},"properties":{"id":"node/11067057098","source":"osm","name":"Berliner Toilette","fee":"yes","charge":"0,50 Eur","access":"yes","wheelchair":"no","opening_hours":"24/7","operator":"Wall","description":"Pissoir","password":null}},{"type":"Feature","geometry":{"type":"Point","coordinates":[13.2367153,52.5106076]},"properties":{"id":"node/11070903185","source":"osm","name":"Berliner Toilette","fee":"yes","charge":"0.50 EUR","access":"yes","wheelchair":"yes","opening_hours":"24/7","operator":"Wall GmbH","description":"Berliner Toilette mit 2. Plätzen","password":null}},{"type":"Feature","geometry":{"type":"Point","coordinates":[13.2494645,52.5174183]},"properties":{"id":"node/11070926441","source":"osm","name":"Berliner Toilette","fee":"yes","charge":"0,50 Eur","access":"yes","wheelchair":"no","opening_hours":"24/7","operator":"Wall","description":"Pissoir","password":null}},{"type":"Feature","geometry":{"type":"Point","coordinates":[13.3015596,52.5051447]},"properties":{"id":"node/11070926582","source":"osm","name":"Berliner Toilette","fee":"yes","charge":"0,50 Eur","access":"yes","wheelchair":"yes","opening_hours":"24/7","operator":"Wall","description":"Berliner Toilette 1. Platz mit 2. Pissoirs","password":null}},{"type":"Feature","geometry":{"type":"Point","coordinates":[13.2908927,52.5102522]},"properties":{"id":"node/11070952590","source":"osm","name":"Berliner Toilette","fee":"yes","charge":"0,50 Eur","access":"yes","wheelchair":"yes","opening_hours":"24/7","operator":"Wall","description":"Berliner Toilette mit 1. Platz","password":null}},{"type":"Feature","geometry":{"type":"Point","coordinates":[13.2921137,52.4733907]},"properties":{"id":"node/11071107897","source":"osm","name":null,"fee":"no","charge":null,"access":"yes","wheelchair":"no","opening_hours":null,"operator":"sonstiger Betreiber","description":"gemauerte Toilette","password":null}},{"type":"Feature","geometry":{"type":"Point","coordinates":[13.4197509,52.4958545]},"properties":{"id":"node/11071351165","source":"osm","name":"Berliner Toilette","fee":"yes","charge":"0,50 Eur","access":"yes","wheelchair":"yes","opening_hours":"24/7","operator":"Wall GmbH","description":"Berliner Toilette mit 1. Platz","password":null}},{"type":"Feature","geometry":{"type":"Point","coordinates":[13.5432792,52.5424726]},"properties":{"id":"node/11099496891","source":"osm","name":"Parktoilette","fee":"no","charge":null,"access":"yes","wheelchair":"yes","opening_hours":"24/7","operator":"EcoToiletten","description":"Trockentoilette Eastgate","password":null}},{"type":"Feature","geometry":{"type":"Point","coordinates":[13.3871182,52.5100064]},"properties":{"id":"node/11100119897","source":"osm","name":null,"fee":"no","charge":null,"access":"permissive","wheelchair":"yes","opening_hours":null,"operator":null,"description":null,"password":null}},{"type":"Feature","geometry":{"type":"Point","coordinates":[13.4010617,52.5211299]},"properties":{"id":"node/11105619821","source":"osm","name":null,"fee":null,"charge":null,"access":null,"wheelchair":"yes","opening_hours":null,"operator":null,"description":null,"password":null}},{"type":"Feature","geometry":{"type":"Point","coordinates":[13.4054259,52.4979441]},"properties":{"id":"node/11135975983","source":"osm","name":null,"fee":"no","charge":null,"access":"customers","wheelchair":"yes","opening_hours":null,"operator":null,"description":null,"password":null}},{"type":"Feature","geometry":{"type":"Point","coordinates":[13.403309,52.4977597]},"properties":{"id":"node/11135975984","source":"osm","name":null,"fee":null,"charge":null,"access":"customers","wheelchair":"yes","opening_hours":null,"operator":null,"description":null,"password":null}},{"type":"Feature","geometry":{"type":"Point","coordinates":[13.4160954,52.482538]},"properties":{"id":"node/11139836180","source":"osm","name":null,"fee":"no","charge":null,"access":null,"wheelchair":"no","opening_hours":"Mo-Su 10:00-23:00","operator":null,"description":null,"password":null}},{"type":"Feature","geometry":{"type":"Point","coordinates":[13.2566015,52.568092]},"properties":{"id":"node/11177385272","source":"osm","name":"Toilette (Sanitärcontainer)","fee":"no","charge":null,"access":"yes","wheelchair":"no","opening_hours":null,"operator":"Wall","description":"Sanitärcontainer","password":null}},{"type":"Feature","geometry":{"type":"Point","coordinates":[13.6307613,52.4462753]},"properties":{"id":"node/11198267738","source":"osm","name":null,"fee":null,"charge":null,"access":null,"wheelchair":null,"opening_hours":null,"operator":null,"description":null,"password":null}},{"type":"Feature","geometry":{"type":"Point","coordinates":[13.5077122,52.521511]},"properties":{"id":"node/11223334721","source":"osm","name":null,"fee":"no","charge":null,"access":"yes","wheelchair":"yes","opening_hours":"24/7","operator":null,"description":null,"password":null}},{"type":"Feature","geometry":{"type":"Point","coordinates":[13.2107904,52.567356]},"properties":{"id":"node/11231119263","source":"osm","name":"Berliner Toilette","fee":"no","charge":null,"access":"yes","wheelchair":"yes","opening_hours":"24/7","operator":null,"description":null,"password":null}},{"type":"Feature","geometry":{"type":"Point","coordinates":[13.4633334,52.4933753]},"properties":{"id":"node/11249093505","source":"osm","name":"öffentliche Toilette","fee":"no","charge":null,"access":"yes","wheelchair":"yes","opening_hours":"24/7","operator":"Wall","description":null,"password":null}},{"type":"Feature","geometry":{"type":"Point","coordinates":[13.4930342,52.4930413]},"properties":{"id":"node/11333713105","source":"osm","name":null,"fee":null,"charge":null,"access":"customers","wheelchair":"no","opening_hours":null,"operator":"Dark Matter","description":null,"password":null}},{"type":"Feature","geometry":{"type":"Point","coordinates":[13.4737075,52.4539626]},"properties":{"id":"node/11336531584","source":"osm","name":null,"fee":null,"charge":null,"access":"customers","wheelchair":null,"opening_hours":null,"operator":null,"description":null,"password":null}},{"type":"Feature","geometry":{"type":"Point","coordinates":[13.3474089,52.4838162]},"properties":{"id":"node/11341391406","source":"osm","name":null,"fee":null,"charge":null,"access":null,"wheelchair":"no","opening_hours":null,"operator":null,"description":null,"password":null}},{"type":"Feature","geometry":{"type":"Point","coordinates":[13.4940144,52.4609882]},"properties":{"id":"node/11377590489","source":"osm","name":null,"fee":"no","charge":null,"access":"yes","wheelchair":null,"opening_hours":"Mo-Fr 08:00-15:00","operator":null,"description":null,"password":null}},{"type":"Feature","geometry":{"type":"Point","coordinates":[13.5083844,52.457152]},"properties":{"id":"node/11385534638","source":"osm","name":null,"fee":"yes","charge":null,"access":null,"wheelchair":"yes","opening_hours":null,"operator":null,"description":null,"password":null}},{"type":"Feature","geometry":{"type":"Point","coordinates":[13.1841845,52.4841757]},"properties":{"id":"node/11386885018","source":"osm","name":"Wall-Toilette","fee":"yes","charge":null,"access":"yes","wheelchair":"yes","opening_hours":null,"operator":"Wall","description":null,"password":null}},{"type":"Feature","geometry":{"type":"Point","coordinates":[13.4655205,52.5045453]},"properties":{"id":"node/11535176804","source":"osm","name":null,"fee":"yes","charge":"0","access":"yes","wheelchair":"no","opening_hours":"24/7","operator":null,"description":null,"password":null}},{"type":"Feature","geometry":{"type":"Point","coordinates":[13.4655645,52.5045375]},"properties":{"id":"node/11535176805","source":"osm","name":null,"fee":"yes","charge":null,"access":null,"wheelchair":"yes","opening_hours":"24/7","operator":null,"description":null,"password":null}},{"type":"Feature","geometry":{"type":"Point","coordinates":[13.4091315,52.5151828]},"properties":{"id":"node/11639056701","source":"osm","name":null,"fee":null,"charge":null,"access":null,"wheelchair":"designated","opening_hours":null,"operator":null,"description":null,"password":null}},{"type":"Feature","geometry":{"type":"Point","coordinates":[13.406631,52.5244172]},"properties":{"id":"node/11645047363","source":"osm","name":null,"fee":"no","charge":null,"access":"permissive","wheelchair":"limited","opening_hours":null,"operator":null,"description":null,"password":null}},{"type":"Feature","geometry":{"type":"Point","coordinates":[13.3971009,52.4895823]},"properties":{"id":"node/11648825122","source":"osm","name":null,"fee":"no","charge":null,"access":null,"wheelchair":"yes","opening_hours":null,"operator":null,"description":null,"password":null}},{"type":"Feature","geometry":{"type":"Point","coordinates":[13.4204774,52.5041949]},"properties":{"id":"node/11648825125","source":"osm","name":null,"fee":"no","charge":null,"access":null,"wheelchair":"no","opening_hours":null,"operator":null,"description":null,"password":null}},{"type":"Feature","geometry":{"type":"Point","coordinates":[13.3707834,52.4935592]},"properties":{"id":"node/11695219852","source":"osm","name":null,"fee":null,"charge":null,"access":"permissive","wheelchair":"yes","opening_hours":null,"operator":null,"description":null,"password":null}},{"type":"Feature","geometry":{"type":"Point","coordinates":[13.3214147,52.4572414]},"properties":{"id":"node/11763843305","source":"osm","name":null,"fee":"no","charge":null,"access":null,"wheelchair":"yes","opening_hours":null,"operator":null,"description":null,"password":null}},{"type":"Feature","geometry":{"type":"Point","coordinates":[13.3651201,52.5733189]},"properties":{"id":"node/11850350224","source":"osm","name":"Parktoilette","fee":"no","charge":null,"access":"yes","wheelchair":"yes","opening_hours":null,"operator":"EcoToiletten","description":"Finizio Trockentoilette","password":null}},{"type":"Feature","geometry":{"type":"Point","coordinates":[13.4587755,52.5296885]},"properties":{"id":"node/11863077459","source":"osm","name":null,"fee":"no","charge":null,"access":null,"wheelchair":"yes","opening_hours":null,"operator":"Finizio GmbH","description":"Trockentoilette mit Rampe","password":null}},{"type":"Feature","geometry":{"type":"Point","coordinates":[13.3653416,52.5244777]},"properties":{"id":"node/11901491062","source":"osm","name":null,"fee":null,"charge":null,"access":"private","wheelchair":null,"opening_hours":null,"operator":null,"description":null,"password":null}},{"type":"Feature","geometry":{"type":"Point","coordinates":[13.3262541,52.509719]},"properties":{"id":"node/11942563544","source":"osm","name":null,"fee":"no","charge":null,"access":"customers","wheelchair":"yes","opening_hours":null,"operator":null,"description":null,"password":null}},{"type":"Feature","geometry":{"type":"Point","coordinates":[13.3898763,52.4638034]},"properties":{"id":"node/12037842419","source":"osm","name":null,"fee":null,"charge":null,"access":"customers","wheelchair":null,"opening_hours":null,"operator":null,"description":null,"password":null}},{"type":"Feature","geometry":{"type":"Point","coordinates":[13.3892874,52.463836]},"properties":{"id":"node/12037842424","source":"osm","name":null,"fee":null,"charge":null,"access":"customers","wheelchair":null,"opening_hours":null,"operator":null,"description":null,"password":null}},{"type":"Feature","geometry":{"type":"Point","coordinates":[13.4937589,52.4817466]},"properties":{"id":"node/12043916470","source":"osm","name":null,"fee":"no","charge":null,"access":"yes","wheelchair":"limited","opening_hours":null,"operator":null,"description":null,"password":null}},{"type":"Feature","geometry":{"type":"Point","coordinates":[13.4936957,52.4818528]},"properties":{"id":"node/12043916569","source":"osm","name":null,"fee":"no","charge":null,"access":"yes","wheelchair":"limited","opening_hours":null,"operator":null,"description":null,"password":null}},{"type":"Feature","geometry":{"type":"Point","coordinates":[13.2284487,52.5417775]},"properties":{"id":"node/12049050482","source":"osm","name":null,"fee":null,"charge":null,"access":"customers","wheelchair":"limited","opening_hours":null,"operator":null,"description":null,"password":null}},{"type":"Feature","geometry":{"type":"Point","coordinates":[13.4809093,52.486737]},"properties":{"id":"node/12051494199","source":"osm","name":null,"fee":"no","charge":null,"access":null,"wheelchair":"no","opening_hours":null,"operator":null,"description":null,"password":null}},{"type":"Feature","geometry":{"type":"Point","coordinates":[13.244299,52.576932]},"properties":{"id":"node/12052861669","source":"osm","name":null,"fee":"no","charge":null,"access":null,"wheelchair":"yes","opening_hours":null,"operator":null,"description":null,"password":null}},{"type":"Feature","geometry":{"type":"Point","coordinates":[13.452246,52.4977322]},"properties":{"id":"node/12108587709","source":"osm","name":null,"fee":null,"charge":null,"access":null,"wheelchair":null,"opening_hours":null,"operator":null,"description":null,"password":null}},{"type":"Feature","geometry":{"type":"Point","coordinates":[13.4052637,52.497942]},"properties":{"id":"node/12112039679","source":"osm","name":null,"fee":null,"charge":null,"access":"customers","wheelchair":null,"opening_hours":null,"operator":null,"description":null,"password":null}},{"type":"Feature","geometry":{"type":"Point","coordinates":[13.4175396,52.4740266]},"properties":{"id":"node/12122281767","source":"osm","name":null,"fee":"no","charge":null,"access":"yes","wheelchair":"yes","opening_hours":null,"operator":null,"description":null,"password":null}},{"type":"Feature","geometry":{"type":"Point","coordinates":[13.4175596,52.473955]},"properties":{"id":"node/12122281768","source":"osm","name":null,"fee":"no","charge":null,"access":"yes","wheelchair":"yes","opening_hours":null,"operator":null,"description":null,"password":null}},{"type":"Feature","geometry":{"type":"Point","coordinates":[13.3793162,52.5534754]},"properties":{"id":"node/12160178213","source":"osm","name":null,"fee":"no","charge":null,"access":null,"wheelchair":"yes","opening_hours":null,"operator":null,"description":null,"password":null}},{"type":"Feature","geometry":{"type":"Point","coordinates":[13.2290815,52.5268731]},"properties":{"id":"node/12178205991","source":"osm","name":null,"fee":"no","charge":null,"access":null,"wheelchair":null,"opening_hours":null,"operator":null,"description":null,"password":null}},{"type":"Feature","geometry":{"type":"Point","coordinates":[13.524126,52.4917203]},"properties":{"id":"node/12188244053","source":"osm","name":null,"fee":null,"charge":null,"access":null,"wheelchair":null,"opening_hours":null,"operator":null,"description":null,"password":null}},{"type":"Feature","geometry":{"type":"Point","coordinates":[13.3741668,52.5079766]},"properties":{"id":"node/12198637101","source":"osm","name":null,"fee":"yes","charge":null,"access":null,"wheelchair":"yes","opening_hours":null,"operator":null,"description":null,"password":null}},{"type":"Feature","geometry":{"type":"Point","coordinates":[13.4517297,52.4588525]},"properties":{"id":"node/12199974553","source":"osm","name":null,"fee":null,"charge":null,"access":null,"wheelchair":null,"opening_hours":null,"operator":null,"description":null,"password":null}},{"type":"Feature","geometry":{"type":"Point","coordinates":[13.4521545,52.458527]},"properties":{"id":"node/12199974555","source":"osm","name":null,"fee":null,"charge":null,"access":null,"wheelchair":null,"opening_hours":null,"operator":null,"description":null,"password":null}},{"type":"Feature","geometry":{"type":"Point","coordinates":[13.4524685,52.4581136]},"properties":{"id":"node/12199974556","source":"osm","name":null,"fee":null,"charge":null,"access":null,"wheelchair":null,"opening_hours":null,"operator":null,"description":null,"password":null}},{"type":"Feature","geometry":{"type":"Point","coordinates":[13.4525288,52.4580287]},"properties":{"id":"node/12199974557","source":"osm","name":null,"fee":null,"charge":null,"access":null,"wheelchair":null,"opening_hours":null,"operator":null,"description":null,"password":null}},{"type":"Feature","geometry":{"type":"Point","coordinates":[13.4527958,52.4576373]},"properties":{"id":"node/12199974560","source":"osm","name":null,"fee":null,"charge":null,"access":null,"wheelchair":null,"opening_hours":null,"operator":null,"description":null,"password":null}},{"type":"Feature","geometry":{"type":"Point","coordinates":[13.3611345,52.5298691]},"properties":{"id":"node/12211327459","source":"osm","name":null,"fee":"no","charge":null,"access":null,"wheelchair":null,"opening_hours":null,"operator":null,"description":null,"password":null}},{"type":"Feature","geometry":{"type":"Point","coordinates":[13.4008534,52.5233741]},"properties":{"id":"node/12241180326","source":"osm","name":null,"fee":null,"charge":null,"access":"private","wheelchair":null,"opening_hours":"24/7","operator":"BVG","description":null,"password":null}},{"type":"Feature","geometry":{"type":"Point","coordinates":[13.4105793,52.5402067]},"properties":{"id":"node/12245024782","source":"osm","name":null,"fee":null,"charge":null,"access":"customers","wheelchair":"yes","opening_hours":null,"operator":"Prater Biergarten","description":null,"password":null}},{"type":"Feature","geometry":{"type":"Point","coordinates":[13.41055,52.5402158]},"properties":{"id":"node/12245024783","source":"osm","name":null,"fee":null,"charge":null,"access":"customers","wheelchair":"no","opening_hours":null,"operator":"Prater Biergarten","description":null,"password":null}},{"type":"Feature","geometry":{"type":"Point","coordinates":[13.3646561,52.5191112]},"properties":{"id":"node/12300371285","source":"osm","name":null,"fee":"no","charge":null,"access":"permissive","wheelchair":"yes","opening_hours":null,"operator":null,"description":null,"password":null}},{"type":"Feature","geometry":{"type":"Point","coordinates":[13.381194,52.5265048]},"properties":{"id":"node/12307074279","source":"osm","name":null,"fee":"no","charge":null,"access":"yes","wheelchair":"yes","opening_hours":"24/7","operator":null,"description":null,"password":null}},{"type":"Feature","geometry":{"type":"Point","coordinates":[13.3811578,52.5265018]},"properties":{"id":"node/12307074281","source":"osm","name":null,"fee":"no","charge":null,"access":"yes","wheelchair":"yes","opening_hours":"24/7","operator":null,"description":null,"password":null}},{"type":"Feature","geometry":{"type":"Point","coordinates":[13.3810371,52.5264548]},"properties":{"id":"node/12307074282","source":"osm","name":null,"fee":"no","charge":null,"access":"yes","wheelchair":"yes","opening_hours":"24/7","operator":null,"description":null,"password":null}},{"type":"Feature","geometry":{"type":"Point","coordinates":[13.3045627,52.45817]},"properties":{"id":"node/12314254588","source":"osm","name":null,"fee":"no","charge":null,"access":null,"wheelchair":"yes","opening_hours":null,"operator":null,"description":null,"password":null}},{"type":"Feature","geometry":{"type":"Point","coordinates":[13.3856272,52.5021765]},"properties":{"id":"node/12315921263","source":"osm","name":null,"fee":null,"charge":null,"access":"customers","wheelchair":null,"opening_hours":null,"operator":null,"description":null,"password":null}},{"type":"Feature","geometry":{"type":"Point","coordinates":[13.3759458,52.5190476]},"properties":{"id":"node/12365213768","source":"osm","name":null,"fee":"no","charge":null,"access":"permit","wheelchair":"yes","opening_hours":null,"operator":null,"description":null,"password":null}},{"type":"Feature","geometry":{"type":"Point","coordinates":[13.146443,52.5237339]},"properties":{"id":"node/12388796801","source":"osm","name":null,"fee":null,"charge":null,"access":null,"wheelchair":"yes","opening_hours":"24/7","operator":null,"description":null,"password":null}},{"type":"Feature","geometry":{"type":"Point","coordinates":[13.3918167,52.5399439]},"properties":{"id":"node/12407413175","source":"osm","name":null,"fee":null,"charge":null,"access":null,"wheelchair":null,"opening_hours":null,"operator":null,"description":null,"password":null}},{"type":"Feature","geometry":{"type":"Point","coordinates":[13.391853,52.5399539]},"properties":{"id":"node/12407413176","source":"osm","name":null,"fee":null,"charge":null,"access":null,"wheelchair":null,"opening_hours":null,"operator":null,"description":null,"password":null}},{"type":"Feature","geometry":{"type":"Point","coordinates":[13.4187618,52.5428551]},"properties":{"id":"node/12413753792","source":"osm","name":null,"fee":"no","charge":null,"access":"yes","wheelchair":"yes","opening_hours":"24/7","operator":null,"description":null,"password":null}},{"type":"Feature","geometry":{"type":"Point","coordinates":[13.4161925,52.5295329]},"properties":{"id":"node/12443868382","source":"osm","name":null,"fee":null,"charge":null,"access":"customers","wheelchair":null,"opening_hours":null,"operator":null,"description":null,"password":null}},{"type":"Feature","geometry":{"type":"Point","coordinates":[13.344352,52.5261195]},"properties":{"id":"node/12487183769","source":"osm","name":null,"fee":null,"charge":null,"access":"private","wheelchair":"no","opening_hours":null,"operator":"BVG","description":null,"password":null}},{"type":"Feature","geometry":{"type":"Point","coordinates":[13.4117446,52.519582]},"properties":{"id":"node/12568335109","source":"osm","name":null,"fee":"yes","charge":null,"access":null,"wheelchair":"yes","opening_hours":null,"operator":null,"description":null,"password":null}},{"type":"Feature","geometry":{"type":"Point","coordinates":[13.2545516,52.4870474]},"properties":{"id":"node/12620186234","source":"osm","name":null,"fee":null,"charge":null,"access":"private","wheelchair":"no","opening_hours":null,"operator":null,"description":null,"password":null}},{"type":"Feature","geometry":{"type":"Point","coordinates":[13.5559295,52.54736]},"properties":{"id":"node/12670968334","source":"osm","name":null,"fee":"no","charge":null,"access":"yes","wheelchair":"no","opening_hours":null,"operator":null,"description":"Während Öffnungszeiten vom Freizeitforum geöffnet","password":null}},{"type":"Feature","geometry":{"type":"Point","coordinates":[13.5563959,52.5472584]},"properties":{"id":"node/12670973242","source":"osm","name":null,"fee":"no","charge":null,"access":"customers","wheelchair":"no","opening_hours":null,"operator":null,"description":"Das Klo ist in der Bibliothek. Ein anderes Klo ist im Freizeitforum im Erdgeschoss","password":null}},{"type":"Feature","geometry":{"type":"Point","coordinates":[13.5448109,52.5426579]},"properties":{"id":"node/12670988821","source":"osm","name":null,"fee":"no","charge":null,"access":"yes","wheelchair":"yes","opening_hours":null,"operator":null,"description":"Gehört zum Bürgeramt","password":null}},{"type":"Feature","geometry":{"type":"Point","coordinates":[13.5406915,52.544889]},"properties":{"id":"node/12670992227","source":"osm","name":null,"fee":"no","charge":null,"access":"yes","wheelchair":"yes","opening_hours":null,"operator":null,"description":"Während Öffnungszeiten vom Friedhofspark zugänglich (offen unterschiedlich nach Jahreszeit)","password":null}},{"type":"Feature","geometry":{"type":"Point","coordinates":[13.4040411,52.5157767]},"properties":{"id":"node/12671030186","source":"osm","name":null,"fee":"no","charge":null,"access":"yes","wheelchair":"yes","opening_hours":null,"operator":null,"description":"Gehört zur Bibliothek","password":null}},{"type":"Feature","geometry":{"type":"Point","coordinates":[13.4506743,52.4888062]},"properties":{"id":"node/12671038512","source":"osm","name":null,"fee":"no","charge":null,"access":"yes","wheelchair":null,"opening_hours":null,"operator":null,"description":"Gehört zur Bibliothek","password":null}},{"type":"Feature","geometry":{"type":"Point","coordinates":[13.3910102,52.5205606]},"properties":{"id":"node/12671051933","source":"osm","name":null,"fee":"no","charge":null,"access":"yes","wheelchair":"limited","opening_hours":null,"operator":null,"description":"Gehört zu HU Bibliothek","password":null}},{"type":"Feature","geometry":{"type":"Point","coordinates":[13.5093625,52.5335735]},"properties":{"id":"node/12673089897","source":"osm","name":null,"fee":"yes","charge":"1 EUR","access":"customers","wheelchair":null,"opening_hours":null,"operator":null,"description":"Globus Markt, Eingang nur mit einem Beleg! Sonst 1 Euro","password":null}},{"type":"Feature","geometry":{"type":"Point","coordinates":[13.513514,52.5340725]},"properties":{"id":"node/12673091664","source":"osm","name":null,"fee":"no","charge":null,"access":null,"wheelchair":"yes","opening_hours":null,"operator":null,"description":"In IKEA","password":null}},{"type":"Feature","geometry":{"type":"Point","coordinates":[13.4708162,52.5307422]},"properties":{"id":"node/12673161224","source":"osm","name":null,"fee":"no","charge":null,"access":"yes","wheelchair":null,"opening_hours":null,"operator":null,"description":"In der Bibliothek","password":null}},{"type":"Feature","geometry":{"type":"Point","coordinates":[13.4694937,52.5038656]},"properties":{"id":"node/12682448048","source":"osm","name":null,"fee":"no","charge":null,"access":"customers","wheelchair":"yes","opening_hours":null,"operator":null,"description":"McDonald's, Code 0815","password":null}},{"type":"Feature","geometry":{"type":"Point","coordinates":[13.4765802,52.4226632]},"properties":{"id":"node/12695036952","source":"osm","name":null,"fee":"yes","charge":null,"access":null,"wheelchair":"yes","opening_hours":null,"operator":null,"description":null,"password":null}},{"type":"Feature","geometry":{"type":"Point","coordinates":[13.4205786,52.4917099]},"properties":{"id":"node/12723170733","source":"osm","name":null,"fee":"no","charge":null,"access":"yes","wheelchair":"no","opening_hours":"24/7","operator":null,"description":null,"password":null}},{"type":"Feature","geometry":{"type":"Point","coordinates":[13.4206344,52.4916944]},"properties":{"id":"node/12723170734","source":"osm","name":null,"fee":"yes","charge":null,"access":null,"wheelchair":"yes","opening_hours":"24/7","operator":null,"description":null,"password":null}},{"type":"Feature","geometry":{"type":"Point","coordinates":[13.2492485,52.5388073]},"properties":{"id":"node/12737292167","source":"osm","name":null,"fee":"no","charge":null,"access":null,"wheelchair":"yes","opening_hours":null,"operator":"Obi Markt","description":null,"password":null}},{"type":"Feature","geometry":{"type":"Point","coordinates":[13.2769112,52.5016644]},"properties":{"id":"node/12785271650","source":"osm","name":null,"fee":null,"charge":null,"access":null,"wheelchair":null,"opening_hours":null,"operator":null,"description":null,"password":null}},{"type":"Feature","geometry":{"type":"Point","coordinates":[13.5000698,52.541423]},"properties":{"id":"node/12800236283","source":"osm","name":null,"fee":"no","charge":null,"access":null,"wheelchair":"yes","opening_hours":null,"operator":null,"description":null,"password":null}},{"type":"Feature","geometry":{"type":"Point","coordinates":[13.3003087,52.4563491]},"properties":{"id":"node/12816928546","source":"osm","name":null,"fee":"no","charge":null,"access":null,"wheelchair":"yes","opening_hours":null,"operator":null,"description":null,"password":null}},{"type":"Feature","geometry":{"type":"Point","coordinates":[13.1469972,52.4518339]},"properties":{"id":"node/12819214373","source":"osm","name":null,"fee":"yes","charge":null,"access":null,"wheelchair":null,"opening_hours":null,"operator":null,"description":null,"password":null}},{"type":"Feature","geometry":{"type":"Point","coordinates":[13.4378027,52.4795562]},"properties":{"id":"node/12856958935","source":"osm","name":null,"fee":null,"charge":null,"access":null,"wheelchair":null,"opening_hours":null,"operator":null,"description":null,"password":null}},{"type":"Feature","geometry":{"type":"Point","coordinates":[13.4377479,52.4797153]},"properties":{"id":"node/12856968701","source":"osm","name":null,"fee":null,"charge":null,"access":null,"wheelchair":null,"opening_hours":null,"operator":null,"description":null,"password":null}},{"type":"Feature","geometry":{"type":"Point","coordinates":[13.4355294,52.4729508]},"properties":{"id":"node/12859635355","source":"osm","name":null,"fee":"no","charge":null,"access":null,"wheelchair":"yes","opening_hours":null,"operator":null,"description":null,"password":null}},{"type":"Feature","geometry":{"type":"Point","coordinates":[13.4773565,52.4879412]},"properties":{"id":"node/12864802919","source":"osm","name":null,"fee":"no","charge":null,"access":"customers","wheelchair":"no","opening_hours":null,"operator":null,"description":null,"password":null}},{"type":"Feature","geometry":{"type":"Point","coordinates":[13.477192,52.4878588]},"properties":{"id":"node/12864803296","source":"osm","name":null,"fee":"no","charge":null,"access":"customers","wheelchair":"no","opening_hours":null,"operator":null,"description":null,"password":null}},{"type":"Feature","geometry":{"type":"Point","coordinates":[13.477253,52.4878853]},"properties":{"id":"node/12865991016","source":"osm","name":null,"fee":"no","charge":null,"access":"customers","wheelchair":"yes","opening_hours":null,"operator":null,"description":null,"password":null}},{"type":"Feature","geometry":{"type":"Point","coordinates":[13.413773,52.5311695]},"properties":{"id":"node/12912868918","source":"osm","name":null,"fee":"no","charge":null,"access":"permit","wheelchair":"limited","opening_hours":"Mo-Fr 13:00-18:00","operator":null,"description":null,"password":null}},{"type":"Feature","geometry":{"type":"Point","coordinates":[13.3622178,52.5564882]},"properties":{"id":"node/12980412317","source":"osm","name":null,"fee":null,"charge":null,"access":"customers","wheelchair":null,"opening_hours":null,"operator":null,"description":null,"password":null}},{"type":"Feature","geometry":{"type":"Point","coordinates":[13.3462526,52.523754]},"properties":{"id":"node/12993912622","source":"osm","name":null,"fee":"no","charge":null,"access":"customers","wheelchair":"yes","opening_hours":null,"operator":"LPG","description":null,"password":null}},{"type":"Feature","geometry":{"type":"Point","coordinates":[13.4156446,52.5438043]},"properties":{"id":"node/13012119510","source":"osm","name":null,"fee":null,"charge":null,"access":"customers","wheelchair":"no","opening_hours":null,"operator":null,"description":null,"password":null}},{"type":"Feature","geometry":{"type":"Point","coordinates":[13.4995033,52.4799827]},"properties":{"id":"node/13014166189","source":"osm","name":null,"fee":null,"charge":null,"access":null,"wheelchair":null,"opening_hours":null,"operator":null,"description":null,"password":null}},{"type":"Feature","geometry":{"type":"Point","coordinates":[13.4489414,52.4664229]},"properties":{"id":"node/13023358701","source":"osm","name":null,"fee":null,"charge":null,"access":null,"wheelchair":null,"opening_hours":null,"operator":null,"description":null,"password":null}},{"type":"Feature","geometry":{"type":"Point","coordinates":[13.1650546,52.43483]},"properties":{"id":"node/13031037038","source":"osm","name":null,"fee":null,"charge":null,"access":"yes","wheelchair":"no","opening_hours":null,"operator":null,"description":"Toilettencontainer","password":null}},{"type":"Feature","geometry":{"type":"Point","coordinates":[13.2413542,52.5180865]},"properties":{"id":"node/13033337511","source":"osm","name":null,"fee":"no","charge":null,"access":null,"wheelchair":"yes","opening_hours":null,"operator":null,"description":null,"password":null}},{"type":"Feature","geometry":{"type":"Point","coordinates":[13.2434335,52.5129866]},"properties":{"id":"node/13034684774","source":"osm","name":null,"fee":"yes","charge":null,"access":"yes","wheelchair":"yes","opening_hours":null,"operator":null,"description":null,"password":null}},{"type":"Feature","geometry":{"type":"Point","coordinates":[13.3331954,52.570043]},"properties":{"id":"node/13041212430","source":"osm","name":null,"fee":"no","charge":null,"access":null,"wheelchair":"yes","opening_hours":null,"operator":null,"description":null,"password":null}},{"type":"Feature","geometry":{"type":"Point","coordinates":[13.4639281,52.5079036]},"properties":{"id":"node/13051642559","source":"osm","name":null,"fee":"yes","charge":null,"access":"yes","wheelchair":"yes","opening_hours":"24/7","operator":null,"description":null,"password":null}},{"type":"Feature","geometry":{"type":"Point","coordinates":[13.4430019,52.4989875]},"properties":{"id":"node/13051651800","source":"osm","name":"Berliner Toilette","fee":"no","charge":null,"access":"yes","wheelchair":"yes","opening_hours":null,"operator":null,"description":null,"password":null}},{"type":"Feature","geometry":{"type":"Point","coordinates":[13.269728,52.5378385]},"properties":{"id":"node/13051662623","source":"osm","name":null,"fee":"no","charge":null,"access":"yes","wheelchair":"no","opening_hours":null,"operator":null,"description":null,"password":null}},{"type":"Feature","geometry":{"type":"Point","coordinates":[13.2101997,52.4767335]},"properties":{"id":"node/13068112941","source":"osm","name":null,"fee":null,"charge":null,"access":"yes","wheelchair":"no","opening_hours":null,"operator":null,"description":"Eco-Toilette","password":null}},{"type":"Feature","geometry":{"type":"Point","coordinates":[13.3687789,52.4381926]},"properties":{"id":"node/13098953746","source":"osm","name":null,"fee":"no","charge":null,"access":"customers","wheelchair":null,"opening_hours":null,"operator":null,"description":null,"password":null}},{"type":"Feature","geometry":{"type":"Point","coordinates":[13.3733472,52.4996693]},"properties":{"id":"node/13110212801","source":"osm","name":null,"fee":"no","charge":null,"access":"customers","wheelchair":null,"opening_hours":null,"operator":null,"description":null,"password":null}},{"type":"Feature","geometry":{"type":"Point","coordinates":[13.404289,52.5947796]},"properties":{"id":"node/13116385023","source":"osm","name":null,"fee":null,"charge":null,"access":null,"wheelchair":null,"opening_hours":null,"operator":null,"description":null,"password":null}},{"type":"Feature","geometry":{"type":"Point","coordinates":[13.4288367,52.4271096]},"properties":{"id":"node/13124630582","source":"osm","name":null,"fee":null,"charge":null,"access":"customers","wheelchair":"yes","opening_hours":null,"operator":null,"description":null,"password":null}},{"type":"Feature","geometry":{"type":"Point","coordinates":[13.4287514,52.4270898]},"properties":{"id":"node/13124630583","source":"osm","name":null,"fee":null,"charge":null,"access":"customers","wheelchair":"no","opening_hours":null,"operator":null,"description":null,"password":null}},{"type":"Feature","geometry":{"type":"Point","coordinates":[13.4287562,52.427122]},"properties":{"id":"node/13124630584","source":"osm","name":null,"fee":null,"charge":null,"access":"customers","wheelchair":"no","opening_hours":null,"operator":null,"description":null,"password":null}},{"type":"Feature","geometry":{"type":"Point","coordinates":[13.4055942,52.4886153]},"properties":{"id":"node/13138198005","source":"osm","name":null,"fee":null,"charge":null,"access":"yes","wheelchair":null,"opening_hours":null,"operator":null,"description":null,"password":null}},{"type":"Feature","geometry":{"type":"Point","coordinates":[13.095553,52.4140409]},"properties":{"id":"node/13144314686","source":"osm","name":null,"fee":"no","charge":null,"access":"permissive","wheelchair":"no","opening_hours":null,"operator":null,"description":null,"password":null}},{"type":"Feature","geometry":{"type":"Point","coordinates":[13.1650804,52.4323134]},"properties":{"id":"node/13158852637","source":"osm","name":null,"fee":"no","charge":null,"access":null,"wheelchair":null,"opening_hours":"Mo-Fr 09:30-18:00","operator":null,"description":null,"password":null}},{"type":"Feature","geometry":{"type":"Point","coordinates":[13.3288536,52.5430853]},"properties":{"id":"node/13159375318","source":"osm","name":"WC Herren","fee":null,"charge":null,"access":"customers","wheelchair":"no","opening_hours":null,"operator":null,"description":null,"password":null}},{"type":"Feature","geometry":{"type":"Point","coordinates":[13.3290737,52.5429031]},"properties":{"id":"node/13159375319","source":"osm","name":"WC Damen","fee":null,"charge":null,"access":"customers","wheelchair":"no","opening_hours":null,"operator":null,"description":null,"password":null}},{"type":"Feature","geometry":{"type":"Point","coordinates":[13.3292529,52.5432892]},"properties":{"id":"node/13159375325","source":"osm","name":null,"fee":null,"charge":null,"access":"customers","wheelchair":"yes","opening_hours":null,"operator":null,"description":null,"password":null}},{"type":"Feature","geometry":{"type":"Point","coordinates":[13.2891436,52.4637215]},"properties":{"id":"node/13176788601","source":"osm","name":null,"fee":"no","charge":null,"access":null,"wheelchair":"no","opening_hours":null,"operator":null,"description":null,"password":null}},{"type":"Feature","geometry":{"type":"Point","coordinates":[13.3929151,52.5164902]},"properties":{"id":"node/13205274706","source":"osm","name":null,"fee":"no","charge":null,"access":null,"wheelchair":"yes","opening_hours":null,"operator":null,"description":null,"password":null}},{"type":"Feature","geometry":{"type":"Point","coordinates":[13.3922873,52.4962701]},"properties":{"id":"node/13272503900","source":"osm","name":null,"fee":"no","charge":null,"access":null,"wheelchair":null,"opening_hours":null,"operator":null,"description":null,"password":null}},{"type":"Feature","geometry":{"type":"Point","coordinates":[13.4326683,52.4818471]},"properties":{"id":"node/13279167561","source":"osm","name":null,"fee":null,"charge":null,"access":"customers","wheelchair":"yes","opening_hours":null,"operator":null,"description":null,"password":null}},{"type":"Feature","geometry":{"type":"Point","coordinates":[13.4312757,52.4820608]},"properties":{"id":"node/13282942471","source":"osm","name":null,"fee":null,"charge":null,"access":"customers","wheelchair":null,"opening_hours":null,"operator":null,"description":null,"password":null}},{"type":"Feature","geometry":{"type":"Point","coordinates":[13.3678924,52.6082885]},"properties":{"id":"node/13290419957","source":"osm","name":null,"fee":null,"charge":null,"access":"customers","wheelchair":null,"opening_hours":null,"operator":null,"description":null,"password":null}},{"type":"Feature","geometry":{"type":"Point","coordinates":[13.4181111,52.499093]},"properties":{"id":"node/13309701485","source":"osm","name":null,"fee":"no","charge":null,"access":"yes","wheelchair":"no","opening_hours":null,"operator":null,"description":null,"password":null}},{"type":"Feature","geometry":{"type":"Point","coordinates":[13.4062731,52.4064073]},"properties":{"id":"node/13328166578","source":"osm","name":"Kundentoilette","fee":"no","charge":null,"access":null,"wheelchair":"yes","opening_hours":"Mo-Sa 07:30-20:00","operator":null,"description":"Kundentoilette im Supermarkt","password":null}},{"type":"Feature","geometry":{"type":"Point","coordinates":[13.4465921,52.4526007]},"properties":{"id":"node/13344275643","source":"osm","name":null,"fee":"no","charge":null,"access":null,"wheelchair":"yes","opening_hours":null,"operator":null,"description":null,"password":null}},{"type":"Feature","geometry":{"type":"Point","coordinates":[13.1981691,52.4786396]},"properties":{"id":"node/13347649921","source":"osm","name":null,"fee":null,"charge":null,"access":"yes","wheelchair":"yes","opening_hours":null,"operator":null,"description":"Zwei Öko-Toiletten , die eine breit und rollstuhltauglich, die andere als normale Einzelkabine.","password":null}},{"type":"Feature","geometry":{"type":"Point","coordinates":[13.410492,52.522029]},"properties":{"id":"node/13348171565","source":"osm","name":"Sanifair","fee":"yes","charge":null,"access":"yes","wheelchair":"yes","opening_hours":null,"operator":"SANIFAIR GmbH","description":null,"password":null}},{"type":"Feature","geometry":{"type":"Point","coordinates":[13.5812229,52.5307452]},"properties":{"id":"node/13357611653","source":"osm","name":null,"fee":"no","charge":null,"access":"yes","wheelchair":"designated","opening_hours":null,"operator":null,"description":null,"password":null}},{"type":"Feature","geometry":{"type":"Point","coordinates":[13.3371253,52.5056644]},"properties":{"id":"node/13381341059","source":"osm","name":null,"fee":"yes","charge":"0.70 EUR","access":"yes","wheelchair":null,"opening_hours":null,"operator":null,"description":null,"password":null}},{"type":"Feature","geometry":{"type":"Point","coordinates":[13.1786571,52.5555712]},"properties":{"id":"node/13401082067","source":"osm","name":null,"fee":"no","charge":null,"access":"yes","wheelchair":"no","opening_hours":null,"operator":null,"description":null,"password":null}},{"type":"Feature","geometry":{"type":"Point","coordinates":[13.4158106,52.5190897]},"properties":{"id":"node/13481555234","source":"osm","name":null,"fee":null,"charge":null,"access":null,"wheelchair":"designated","opening_hours":null,"operator":null,"description":null,"password":null}},{"type":"Feature","geometry":{"type":"Point","coordinates":[13.4537127,52.529532]},"properties":{"id":"node/13529806540","source":"osm","name":null,"fee":"no","charge":null,"access":"permissive","wheelchair":"yes","opening_hours":null,"operator":"Berliner Bäderbetriebe","description":null,"password":null}},{"type":"Feature","geometry":{"type":"Point","coordinates":[13.3539927,52.5375983]},"properties":{"id":"node/13584995438","source":"osm","name":null,"fee":"no","charge":null,"access":"yes","wheelchair":"yes","opening_hours":null,"operator":null,"description":null,"password":null}},{"type":"Feature","geometry":{"type":"Point","coordinates":[13.2490648,52.5147136]},"properties":{"id":"node/13596606318","source":"osm","name":null,"fee":null,"charge":null,"access":"yes","wheelchair":"yes","opening_hours":null,"operator":null,"description":null,"password":null}},{"type":"Feature","geometry":{"type":"Point","coordinates":[13.2487979,52.514668]},"properties":{"id":"node/13596606319","source":"osm","name":null,"fee":null,"charge":null,"access":"yes","wheelchair":"limited","opening_hours":null,"operator":null,"description":null,"password":null}},{"type":"Feature","geometry":{"type":"Point","coordinates":[13.56389,52.4554655]},"properties":{"id":"node/13611725394","source":"osm","name":null,"fee":null,"charge":null,"access":"customers","wheelchair":null,"opening_hours":null,"operator":null,"description":null,"password":null}},{"type":"Feature","geometry":{"type":"Point","coordinates":[13.5623505,52.4561146]},"properties":{"id":"node/13611725395","source":"osm","name":null,"fee":null,"charge":null,"access":"customers","wheelchair":null,"opening_hours":null,"operator":null,"description":null,"password":null}},{"type":"Feature","geometry":{"type":"Point","coordinates":[13.2139533,52.5287395]},"properties":{"id":"node/13644110473","source":"osm","name":null,"fee":"no","charge":null,"access":null,"wheelchair":"yes","opening_hours":null,"operator":null,"description":null,"password":null}},{"type":"Feature","geometry":{"type":"Point","coordinates":[13.4418429,52.5211597]},"properties":{"id":"node/13645161767","source":"osm","name":"Toiletten","fee":null,"charge":null,"access":null,"wheelchair":null,"opening_hours":null,"operator":null,"description":null,"password":null}},{"type":"Feature","geometry":{"type":"Point","coordinates":[13.5471731,52.4623399]},"properties":{"id":"node/13688199722","source":"osm","name":null,"fee":null,"charge":null,"access":null,"wheelchair":null,"opening_hours":null,"operator":null,"description":null,"password":null}},{"type":"Feature","geometry":{"type":"Point","coordinates":[13.4010896,52.5329488]},"properties":{"id":"node/13703513278","source":"osm","name":"Urinal","fee":"no","charge":null,"access":null,"wheelchair":"no","opening_hours":null,"operator":null,"description":null,"password":null}},{"type":"Feature","geometry":{"type":"Point","coordinates":[13.2042048,52.4262604]},"properties":{"id":"node/13711966815","source":"osm","name":null,"fee":null,"charge":null,"access":"yes","wheelchair":"no","opening_hours":null,"operator":null,"description":null,"password":null}},{"type":"Feature","geometry":{"type":"Point","coordinates":[13.5695877,52.5379074]},"properties":{"id":"node/13728509066","source":"osm","name":null,"fee":"no","charge":null,"access":null,"wheelchair":"yes","opening_hours":null,"operator":null,"description":null,"password":null}},{"type":"Feature","geometry":{"type":"Point","coordinates":[13.2788027,52.5253294]},"properties":{"id":"node/13784540856","source":"osm","name":null,"fee":null,"charge":null,"access":"yes","wheelchair":"no","opening_hours":null,"operator":null,"description":null,"password":null}},{"type":"Feature","geometry":{"type":"Point","coordinates":[13.3738056,52.4957184]},"properties":{"id":"node/13784894701","source":"osm","name":null,"fee":null,"charge":null,"access":null,"wheelchair":null,"opening_hours":"Mo-Th 09:30-19:00; Fr-Su 09:30-21:00","operator":null,"description":null,"password":null}},{"type":"Feature","geometry":{"type":"Point","coordinates":[13.5759273,52.4479668]},"properties":{"id":"node/13789957696","source":"osm","name":null,"fee":"yes","charge":null,"access":null,"wheelchair":"no","opening_hours":null,"operator":null,"description":null,"password":null}},{"type":"Feature","geometry":{"type":"Point","coordinates":[13.1322517,52.5259679]},"properties":{"id":"node/13793775331","source":"osm","name":null,"fee":null,"charge":null,"access":"customers","wheelchair":null,"opening_hours":null,"operator":null,"description":null,"password":null}},{"type":"Feature","geometry":{"type":"Point","coordinates":[13.3364866,52.5337367]},"properties":{"id":"node/13812773546","source":"osm","name":null,"fee":null,"charge":null,"access":null,"wheelchair":null,"opening_hours":null,"operator":null,"description":null,"password":null}},{"type":"Feature","geometry":{"type":"Point","coordinates":[13.2050968,52.5485443]},"properties":{"id":"node/13813362501","source":"osm","name":null,"fee":null,"charge":null,"access":null,"wheelchair":null,"opening_hours":null,"operator":null,"description":null,"password":null}},{"type":"Feature","geometry":{"type":"Point","coordinates":[13.403883,52.5779251]},"properties":{"id":"node/13817201247","source":"osm","name":null,"fee":null,"charge":null,"access":"yes","wheelchair":"no","opening_hours":null,"operator":null,"description":"Eco Toilette, scheint hier nur im Sommerhalbjahr zu stehen. Gebühr 0,50 € (Vertrauenskasse)","password":null}},{"type":"Feature","geometry":{"type":"Point","coordinates":[13.3434958,52.5414937]},"properties":{"id":"node/13882023513","source":"osm","name":null,"fee":"no","charge":null,"access":null,"wheelchair":"yes","opening_hours":null,"operator":null,"description":null,"password":null}},{"type":"Feature","geometry":{"type":"Point","coordinates":[13.3440157,52.542723]},"properties":{"id":"node/13882023514","source":"osm","name":null,"fee":"no","charge":null,"access":null,"wheelchair":"limited","opening_hours":null,"operator":null,"description":null,"password":null}},{"type":"Feature","geometry":{"type":"Point","coordinates":[13.3442851,52.5416281]},"properties":{"id":"node/13882023515","source":"osm","name":null,"fee":"no","charge":null,"access":null,"wheelchair":"limited","opening_hours":null,"operator":null,"description":null,"password":null}},{"type":"Feature","geometry":{"type":"Point","coordinates":[13.3449827,52.5426084]},"properties":{"id":"node/13882575776","source":"osm","name":null,"fee":"no","charge":null,"access":null,"wheelchair":"yes","opening_hours":null,"operator":null,"description":null,"password":null}},{"type":"Feature","geometry":{"type":"Point","coordinates":[13.2861902,52.588878]},"properties":{"id":"node/13916999322","source":"osm","name":null,"fee":null,"charge":null,"access":null,"wheelchair":null,"opening_hours":null,"operator":null,"description":null,"password":null}},{"type":"Feature","geometry":{"type":"Point","coordinates":[13.2861202,52.5843099]},"properties":{"id":"node/13922827320","source":"osm","name":null,"fee":null,"charge":null,"access":"permissive","wheelchair":"no","opening_hours":null,"operator":null,"description":null,"password":null}},{"type":"Feature","geometry":{"type":"Point","coordinates":[13.2861952,52.5842834]},"properties":{"id":"node/13922827321","source":"osm","name":null,"fee":null,"charge":null,"access":"permissive","wheelchair":"no","opening_hours":null,"operator":null,"description":null,"password":null}},{"type":"Feature","geometry":{"type":"Point","coordinates":[13.2861985,52.5842486]},"properties":{"id":"node/13922827322","source":"osm","name":null,"fee":null,"charge":null,"access":"permissive","wheelchair":"yes","opening_hours":null,"operator":null,"description":null,"password":null}},{"type":"Feature","geometry":{"type":"Point","coordinates":[13.2862006,52.5842298]},"properties":{"id":"node/13922827323","source":"osm","name":null,"fee":null,"charge":null,"access":"permissive","wheelchair":"no","opening_hours":null,"operator":null,"description":null,"password":null}},{"type":"Feature","geometry":{"type":"Point","coordinates":[13.215964,52.4394809]},"properties":{"id":"node/13923554401","source":"osm","name":null,"fee":null,"charge":null,"access":null,"wheelchair":null,"opening_hours":null,"operator":null,"description":null,"password":null}},{"type":"Feature","geometry":{"type":"Point","coordinates":[13.5269071,52.4987518]},"properties":{"id":"node/13956052047","source":"osm","name":null,"fee":"no","charge":null,"access":null,"wheelchair":"yes","opening_hours":null,"operator":null,"description":null,"password":null}},{"type":"Feature","geometry":{"type":"Point","coordinates":[13.3680173,52.5096498]},"properties":{"id":"node/14028979333","source":"osm","name":null,"fee":"no","charge":null,"access":"yes","wheelchair":null,"opening_hours":null,"operator":null,"description":null,"password":null}},{"type":"Feature","geometry":{"type":"Point","coordinates":[13.623511,52.4594542]},"properties":{"id":"node/14030275656","source":"osm","name":null,"fee":null,"charge":null,"access":null,"wheelchair":null,"opening_hours":null,"operator":null,"description":null,"password":null}},{"type":"Feature","geometry":{"type":"Point","coordinates":[13.3791151,52.5412383]},"properties":{"id":"node/14053548717","source":"osm","name":null,"fee":"no","charge":null,"access":null,"wheelchair":"no","opening_hours":null,"operator":null,"description":null,"password":null}},{"type":"Feature","geometry":{"type":"Point","coordinates":[13.2396513,52.4968246]},"properties":{"id":"node/14053961101","source":"osm","name":null,"fee":null,"charge":null,"access":"customers","wheelchair":null,"opening_hours":null,"operator":null,"description":null,"password":null}},{"type":"Feature","geometry":{"type":"Point","coordinates":[13.2141179,52.5290617]},"properties":{"id":"node/14078594382","source":"osm","name":null,"fee":"no","charge":null,"access":null,"wheelchair":"yes","opening_hours":null,"operator":null,"description":null,"password":null}},{"type":"Feature","geometry":{"type":"Point","coordinates":[13.4147724,52.5499439]},"properties":{"id":"node/14096783228","source":"osm","name":null,"fee":"yes","charge":"0,70 EUR","access":"yes","wheelchair":null,"opening_hours":null,"operator":"Schönhauser Allee Arcaden","description":null,"password":null}},{"type":"Feature","geometry":{"type":"Point","coordinates":[13.4937949,52.4817557]},"properties":{"id":"node/14098857405","source":"osm","name":null,"fee":"no","charge":null,"access":null,"wheelchair":"yes","opening_hours":null,"operator":null,"description":null,"password":null}},{"type":"Feature","geometry":{"type":"Point","coordinates":[13.3369193,52.5706899]},"properties":{"id":"node/14102536707","source":"osm","name":null,"fee":null,"charge":null,"access":null,"wheelchair":null,"opening_hours":null,"operator":null,"description":null,"password":null}},{"type":"Feature","geometry":{"type":"Point","coordinates":[13.4169093,52.5020733]},"properties":{"id":"node/14106100314","source":"osm","name":null,"fee":null,"charge":null,"access":"permissive","wheelchair":null,"opening_hours":null,"operator":null,"description":null,"password":null}},{"type":"Feature","geometry":{"type":"Point","coordinates":[13.176324,52.4213948]},"properties":{"id":"way/26836563","source":"osm","name":null,"fee":"yes","charge":null,"access":null,"wheelchair":"yes","opening_hours":"Apr-Oct","operator":null,"description":null,"password":null}},{"type":"Feature","geometry":{"type":"Point","coordinates":[13.4421535,52.5241541]},"properties":{"id":"way/29009516","source":"osm","name":null,"fee":"no","charge":null,"access":"unknown","wheelchair":"yes","opening_hours":null,"operator":null,"description":null,"password":null}},{"type":"Feature","geometry":{"type":"Point","coordinates":[13.3768031,52.4964794]},"properties":{"id":"way/40985980","source":"osm","name":null,"fee":"no","charge":null,"access":"customers","wheelchair":"no","opening_hours":"Mo-Fr 09:00-17:30; Sa-Su 10:00-18:00","operator":"DTMB","description":null,"password":null}},{"type":"Feature","geometry":{"type":"Point","coordinates":[13.4472858,52.4372486]},"properties":{"id":"way/48957840","source":"osm","name":null,"fee":"no","charge":null,"access":null,"wheelchair":"no","opening_hours":null,"operator":"öffentlich","description":null,"password":null}},{"type":"Feature","geometry":{"type":"Point","coordinates":[13.4025252,52.5375617]},"properties":{"id":"way/49210809","source":"osm","name":null,"fee":"yes","charge":null,"access":"permissive","wheelchair":"yes","opening_hours":"Su 09:00-17:00","operator":"Pächter, nur Sonntags geöffnet","description":null,"password":null}},{"type":"Feature","geometry":{"type":"Point","coordinates":[13.326728,52.5441873]},"properties":{"id":"way/49527655","source":"osm","name":null,"fee":null,"charge":null,"access":"customers","wheelchair":null,"opening_hours":null,"operator":null,"description":"auf dem Gelände des Freibads. kein kostenloser Zugang, Freibad geschlossen=Toilette nicht erreichbar","password":null}},{"type":"Feature","geometry":{"type":"Point","coordinates":[13.36996,52.5415577]},"properties":{"id":"way/53570080","source":"osm","name":"Berliner Toilette","fee":"yes","charge":"0.5 EUR","access":"yes","wheelchair":"yes","opening_hours":"24/7","operator":"Wall","description":null,"password":null}},{"type":"Feature","geometry":{"type":"Point","coordinates":[13.4172221,52.5151028]},"properties":{"id":"way/53609878","source":"osm","name":null,"fee":"no","charge":null,"access":null,"wheelchair":"no","opening_hours":null,"operator":null,"description":null,"password":null}},{"type":"Feature","geometry":{"type":"Point","coordinates":[13.3579272,52.4597545]},"properties":{"id":"way/69724975","source":"osm","name":null,"fee":"no","charge":null,"access":null,"wheelchair":"yes","opening_hours":null,"operator":null,"description":null,"password":null}},{"type":"Feature","geometry":{"type":"Point","coordinates":[13.4046539,52.4202854]},"properties":{"id":"way/71588356","source":"osm","name":null,"fee":"no","charge":null,"access":null,"wheelchair":null,"opening_hours":null,"operator":null,"description":null,"password":null}},{"type":"Feature","geometry":{"type":"Point","coordinates":[13.4060253,52.4810382]},"properties":{"id":"way/80962277","source":"osm","name":null,"fee":"no","charge":null,"access":"yes","wheelchair":"no","opening_hours":null,"operator":null,"description":null,"password":null}},{"type":"Feature","geometry":{"type":"Point","coordinates":[13.126643,52.4148292]},"properties":{"id":"way/92333245","source":"osm","name":null,"fee":"no","charge":null,"access":"customers","wheelchair":null,"opening_hours":null,"operator":"Golf- und Landclub Wannsee e.V.","description":null,"password":null}},{"type":"Feature","geometry":{"type":"Point","coordinates":[13.1161344,52.4241225]},"properties":{"id":"way/94398224","source":"osm","name":null,"fee":null,"charge":null,"access":"customers","wheelchair":"yes","opening_hours":null,"operator":null,"description":null,"password":null}},{"type":"Feature","geometry":{"type":"Point","coordinates":[13.1297708,52.4353228]},"properties":{"id":"way/100594158","source":"osm","name":null,"fee":"no","charge":null,"access":"yes","wheelchair":"designated","opening_hours":null,"operator":null,"description":null,"password":null}},{"type":"Feature","geometry":{"type":"Point","coordinates":[13.3528374,52.4557672]},"properties":{"id":"way/104542771","source":"osm","name":null,"fee":null,"charge":null,"access":"customers","wheelchair":"limited","opening_hours":null,"operator":null,"description":null,"password":null}},{"type":"Feature","geometry":{"type":"Point","coordinates":[13.3534612,52.539934]},"properties":{"id":"way/109131834","source":"osm","name":null,"fee":"yes","charge":null,"access":"yes","wheelchair":"no","opening_hours":"24/7","operator":null,"description":null,"password":null}},{"type":"Feature","geometry":{"type":"Point","coordinates":[13.3441588,52.5110227]},"properties":{"id":"way/118603618","source":"osm","name":null,"fee":"no","charge":null,"access":"customers","wheelchair":"limited","opening_hours":null,"operator":"Café am Neuen See","description":null,"password":null}},{"type":"Feature","geometry":{"type":"Point","coordinates":[13.5232573,52.5033632]},"properties":{"id":"way/121769079","source":"osm","name":null,"fee":"no","charge":null,"access":null,"wheelchair":"yes","opening_hours":null,"operator":null,"description":null,"password":null}},{"type":"Feature","geometry":{"type":"Point","coordinates":[13.5283691,52.5050822]},"properties":{"id":"way/123130036","source":"osm","name":null,"fee":"no","charge":null,"access":"customers","wheelchair":"yes","opening_hours":null,"operator":null,"description":null,"password":null}},{"type":"Feature","geometry":{"type":"Point","coordinates":[13.3109412,52.4931346]},"properties":{"id":"way/153159607","source":"osm","name":null,"fee":"yes","charge":"0.50 Eur","access":"yes","wheelchair":"yes","opening_hours":null,"operator":null,"description":"gemauerte Toilette","password":null}},{"type":"Feature","geometry":{"type":"Point","coordinates":[13.2286159,52.5204665]},"properties":{"id":"way/157793835","source":"osm","name":null,"fee":null,"charge":null,"access":"private","wheelchair":null,"opening_hours":null,"operator":null,"description":null,"password":null}},{"type":"Feature","geometry":{"type":"Point","coordinates":[13.5748835,52.5129006]},"properties":{"id":"way/161451997","source":"osm","name":"Berliner Toilette","fee":"yes","charge":null,"access":"yes","wheelchair":"yes","opening_hours":"24/7","operator":"Wall","description":"Berliner Toilette mit 1 Platz","password":null}},{"type":"Feature","geometry":{"type":"Point","coordinates":[13.5599449,52.511847]},"properties":{"id":"way/165021429","source":"osm","name":null,"fee":"yes","charge":null,"access":null,"wheelchair":"yes","opening_hours":"unknown","operator":null,"description":"Restrooms are part of the open-air stage and are only open during events","password":null}},{"type":"Feature","geometry":{"type":"Point","coordinates":[13.395275,52.539835]},"properties":{"id":"way/180541166","source":"osm","name":"Berliner Toilette","fee":"no","charge":null,"access":null,"wheelchair":"yes","opening_hours":"24/7","operator":null,"description":null,"password":null}},{"type":"Feature","geometry":{"type":"Point","coordinates":[13.2872002,52.5947292]},"properties":{"id":"way/181767240","source":"osm","name":null,"fee":"yes","charge":null,"access":null,"wheelchair":null,"opening_hours":null,"operator":null,"description":null,"password":null}},{"type":"Feature","geometry":{"type":"Point","coordinates":[13.1229499,52.4107609]},"properties":{"id":"way/182673696","source":"osm","name":null,"fee":"no","charge":null,"access":"customers","wheelchair":null,"opening_hours":null,"operator":"Golf- und Landclub Wannsee e.V.","description":null,"password":null}},{"type":"Feature","geometry":{"type":"Point","coordinates":[13.1369479,52.406911]},"properties":{"id":"way/182703568","source":"osm","name":null,"fee":"no","charge":null,"access":"customers","wheelchair":null,"opening_hours":null,"operator":"Golf- und Landclub Wannsee e.V.","description":null,"password":null}},{"type":"Feature","geometry":{"type":"Point","coordinates":[13.3855147,52.4845703]},"properties":{"id":"way/184484792","source":"osm","name":"Berliner  Toilette","fee":"yes","charge":null,"access":null,"wheelchair":"yes","opening_hours":"24/7","operator":"Wall","description":"Berliner Toilette","password":null}},{"type":"Feature","geometry":{"type":"Point","coordinates":[13.5047029,52.5733118]},"properties":{"id":"way/185766613","source":"osm","name":null,"fee":"yes","charge":null,"access":"yes","wheelchair":"yes","opening_hours":"24/7","operator":"Wall","description":"Berliner Toilette mit 1. Platz","password":null}},{"type":"Feature","geometry":{"type":"Point","coordinates":[13.3780588,52.4873931]},"properties":{"id":"way/187007436","source":"osm","name":"Berliner Toilette","fee":"no","charge":null,"access":"yes","wheelchair":"no","opening_hours":null,"operator":null,"description":null,"password":null}},{"type":"Feature","geometry":{"type":"Point","coordinates":[13.4382185,52.482877]},"properties":{"id":"way/235838694","source":"osm","name":"Bedürfnisanstalt Elbestraße & Sonnenallee","fee":"no","charge":null,"access":null,"wheelchair":"no","opening_hours":"Apr-Sep 07:00-22:00; Oct-Mar 07:00-20:00","operator":null,"description":null,"password":null}},{"type":"Feature","geometry":{"type":"Point","coordinates":[13.1200674,52.4455984]},"properties":{"id":"way/236548669","source":"osm","name":null,"fee":null,"charge":null,"access":null,"wheelchair":null,"opening_hours":null,"operator":null,"description":null,"password":null}},{"type":"Feature","geometry":{"type":"Point","coordinates":[13.4604614,52.5106933]},"properties":{"id":"way/242940697","source":"osm","name":null,"fee":"no","charge":null,"access":"yes","wheelchair":"yes","opening_hours":"24/7","operator":"Wall","description":"gemauerte Toilette","password":null}},{"type":"Feature","geometry":{"type":"Point","coordinates":[13.5767315,52.5361713]},"properties":{"id":"way/243695783","source":"osm","name":null,"fee":"no","charge":null,"access":null,"wheelchair":"yes","opening_hours":null,"operator":null,"description":null,"password":null}},{"type":"Feature","geometry":{"type":"Point","coordinates":[13.4782423,52.4920054]},"properties":{"id":"way/246426298","source":"osm","name":null,"fee":"no","charge":null,"access":"yes","wheelchair":"yes","opening_hours":"Apr-Oct: PH,Mo-Su 00:00-24:00","operator":"BA Friedrichshain","description":null,"password":null}},{"type":"Feature","geometry":{"type":"Point","coordinates":[13.4357576,52.5248174]},"properties":{"id":"way/269571573","source":"osm","name":null,"fee":null,"charge":null,"access":"customers","wheelchair":"yes","opening_hours":null,"operator":null,"description":null,"password":null}},{"type":"Feature","geometry":{"type":"Point","coordinates":[13.4335607,52.4279806]},"properties":{"id":"way/270587233","source":"osm","name":null,"fee":"no","charge":null,"access":"customers","wheelchair":"yes","opening_hours":null,"operator":null,"description":null,"password":null}},{"type":"Feature","geometry":{"type":"Point","coordinates":[13.4851759,52.5496795]},"properties":{"id":"way/277464946","source":"osm","name":null,"fee":"no","charge":null,"access":null,"wheelchair":"no","opening_hours":null,"operator":"Strandbad Orankesee","description":null,"password":null}},{"type":"Feature","geometry":{"type":"Point","coordinates":[13.2361135,52.42451]},"properties":{"id":"way/283862566","source":"osm","name":null,"fee":"no","charge":null,"access":null,"wheelchair":null,"opening_hours":null,"operator":null,"description":null,"password":null}},{"type":"Feature","geometry":{"type":"Point","coordinates":[13.4082022,52.4819819]},"properties":{"id":"way/283882039","source":"osm","name":null,"fee":"no","charge":null,"access":"customers","wheelchair":"limited","opening_hours":null,"operator":null,"description":null,"password":null}},{"type":"Feature","geometry":{"type":"Point","coordinates":[13.404342,52.4200288]},"properties":{"id":"way/286247979","source":"osm","name":null,"fee":"no","charge":null,"access":null,"wheelchair":null,"opening_hours":null,"operator":null,"description":null,"password":null}},{"type":"Feature","geometry":{"type":"Point","coordinates":[13.3636757,52.5641509]},"properties":{"id":"way/291702598","source":"osm","name":"öffentliche Toilette","fee":"no","charge":null,"access":"yes","wheelchair":"limited","opening_hours":"Apr-Sep: 24/7","operator":"Wall","description":null,"password":null}},{"type":"Feature","geometry":{"type":"Point","coordinates":[13.450639,52.5076033]},"properties":{"id":"way/293392088","source":"osm","name":null,"fee":"no","charge":null,"access":"yes","wheelchair":"yes","opening_hours":"24/7","operator":"Wall","description":"Berliner Toilette 1 Platz mit 2 Pissoirs","password":null}},{"type":"Feature","geometry":{"type":"Point","coordinates":[13.4273273,52.5458639]},"properties":{"id":"way/293432733","source":"osm","name":"Berliner Toilette","fee":"yes","charge":"0.50 EUR","access":"yes","wheelchair":"yes","opening_hours":"24/7","operator":null,"description":"Berliner Toilette 1 Platz mit 2 Pissoirs","password":null}},{"type":"Feature","geometry":{"type":"Point","coordinates":[13.386839,52.471215]},"properties":{"id":"way/294175992","source":"osm","name":null,"fee":"no","charge":null,"access":"yes","wheelchair":"yes","opening_hours":null,"operator":null,"description":null,"password":null}},{"type":"Feature","geometry":{"type":"Point","coordinates":[13.3169929,52.517629]},"properties":{"id":"way/305264866","source":"osm","name":null,"fee":"no","charge":null,"access":"yes","wheelchair":"yes","opening_hours":"Dec-Jan: 08:00-16:00; Feb,Nov: 08:00-17:00; Mar,Oct: 08:00-18:00; Apr,Sep: 08:00-19:00; May-Aug: 08:00-20:00","operator":"Luisenfriedhof I","description":null,"password":null}},{"type":"Feature","geometry":{"type":"Point","coordinates":[13.3199513,52.5130105]},"properties":{"id":"way/310926198","source":"osm","name":null,"fee":null,"charge":null,"access":"customers","wheelchair":null,"opening_hours":null,"operator":null,"description":null,"password":null}},{"type":"Feature","geometry":{"type":"Point","coordinates":[13.3199506,52.5130181]},"properties":{"id":"way/311098730","source":"osm","name":null,"fee":null,"charge":null,"access":"customers","wheelchair":"yes","opening_hours":null,"operator":null,"description":null,"password":null}},{"type":"Feature","geometry":{"type":"Point","coordinates":[13.3199513,52.5130105]},"properties":{"id":"way/311138294","source":"osm","name":null,"fee":"no","charge":null,"access":"customers","wheelchair":null,"opening_hours":null,"operator":null,"description":null,"password":null}},{"type":"Feature","geometry":{"type":"Point","coordinates":[13.3199499,52.5130121]},"properties":{"id":"way/311145477","source":"osm","name":null,"fee":"no","charge":null,"access":"customers","wheelchair":null,"opening_hours":null,"operator":null,"description":null,"password":null}},{"type":"Feature","geometry":{"type":"Point","coordinates":[13.2353867,52.4919227]},"properties":{"id":"way/322301570","source":"osm","name":null,"fee":"no","charge":null,"access":null,"wheelchair":null,"opening_hours":null,"operator":null,"description":null,"password":null}},{"type":"Feature","geometry":{"type":"Point","coordinates":[13.6300434,52.4265772]},"properties":{"id":"way/326228589","source":"osm","name":null,"fee":"yes","charge":null,"access":"yes","wheelchair":"yes","opening_hours":null,"operator":null,"description":null,"password":null}},{"type":"Feature","geometry":{"type":"Point","coordinates":[13.3867126,52.5711078]},"properties":{"id":"way/326471599","source":"osm","name":null,"fee":"no","charge":null,"access":"yes","wheelchair":"no","opening_hours":"Sa,Su off","operator":null,"description":null,"password":null}},{"type":"Feature","geometry":{"type":"Point","coordinates":[13.5306202,52.4997031]},"properties":{"id":"way/327432967","source":"osm","name":null,"fee":"no","charge":null,"access":"yes","wheelchair":"yes","opening_hours":null,"operator":null,"description":null,"password":null}},{"type":"Feature","geometry":{"type":"Point","coordinates":[13.3803254,52.5248856]},"properties":{"id":"way/327481169","source":"osm","name":null,"fee":"no","charge":null,"access":null,"wheelchair":"yes","opening_hours":null,"operator":null,"description":null,"password":null}},{"type":"Feature","geometry":{"type":"Point","coordinates":[13.4087828,52.5198494]},"properties":{"id":"way/332637422","source":"osm","name":null,"fee":"yes","charge":null,"access":"yes","wheelchair":"yes","opening_hours":null,"operator":null,"description":null,"password":null}},{"type":"Feature","geometry":{"type":"Point","coordinates":[13.5598146,52.5118748]},"properties":{"id":"way/334889129","source":"osm","name":null,"fee":"yes","charge":null,"access":null,"wheelchair":"yes","opening_hours":"unknown","operator":null,"description":"Restrooms are part of the open-air stage and are only open during events","password":null}},{"type":"Feature","geometry":{"type":"Point","coordinates":[13.4167987,52.4702271]},"properties":{"id":"way/337969465","source":"osm","name":null,"fee":"no","charge":null,"access":null,"wheelchair":"yes","opening_hours":null,"operator":null,"description":null,"password":null}},{"type":"Feature","geometry":{"type":"Point","coordinates":[13.253786,52.5853754]},"properties":{"id":"way/345127931","source":"osm","name":"Toilette (Sanitärcontainer)","fee":"no","charge":null,"access":"yes","wheelchair":"no","opening_hours":"24/7","operator":"Wall","description":"Sanitärcontainer","password":null}},{"type":"Feature","geometry":{"type":"Point","coordinates":[13.4229265,52.4341369]},"properties":{"id":"way/348929821","source":"osm","name":null,"fee":"no","charge":null,"access":"customers","wheelchair":"yes","opening_hours":null,"operator":"Grün Berlin Park und Garten GmbH","description":null,"password":null}},{"type":"Feature","geometry":{"type":"Point","coordinates":[13.4220437,52.4372465]},"properties":{"id":"way/348929822","source":"osm","name":null,"fee":"no","charge":null,"access":"yes","wheelchair":"yes","opening_hours":null,"operator":"Grün Berlin Park und Garten GmbH","description":null,"password":null}},{"type":"Feature","geometry":{"type":"Point","coordinates":[13.2439288,52.5142737]},"properties":{"id":"way/349524687","source":"osm","name":"Berliner Toilette","fee":"no","charge":null,"access":"yes","wheelchair":"no","opening_hours":null,"operator":"Wall","description":"Pissoir","password":null}},{"type":"Feature","geometry":{"type":"Point","coordinates":[13.4073431,52.5702884]},"properties":{"id":"way/353507348","source":"osm","name":"Berliner Toilette","fee":"no","charge":"0.50 EUR","access":"yes","wheelchair":"yes","opening_hours":"24/7","operator":null,"description":"Berliner Toilette 2 Plätze mit 2 Pissoirs","password":null}},{"type":"Feature","geometry":{"type":"Point","coordinates":[13.2164561,52.5395848]},"properties":{"id":"way/359874504","source":"osm","name":null,"fee":null,"charge":null,"access":null,"wheelchair":"yes","opening_hours":null,"operator":null,"description":null,"password":null}},{"type":"Feature","geometry":{"type":"Point","coordinates":[13.3857613,52.4444075]},"properties":{"id":"way/361154104","source":"osm","name":null,"fee":"yes","charge":null,"access":null,"wheelchair":"yes","opening_hours":"24/7","operator":null,"description":null,"password":null}},{"type":"Feature","geometry":{"type":"Point","coordinates":[13.4887105,52.4808766]},"properties":{"id":"way/364130415","source":"osm","name":null,"fee":"no","charge":null,"access":"yes","wheelchair":null,"opening_hours":"May-Sep: Tu-Su 09:00-19:00","operator":null,"description":null,"password":null}},{"type":"Feature","geometry":{"type":"Point","coordinates":[13.3227318,52.5052387]},"properties":{"id":"way/367413323","source":"osm","name":"Berliner Toilette","fee":"yes","charge":"0,50 Eur","access":"yes","wheelchair":"yes","opening_hours":"24/7","operator":"Wall","description":"Berliner Toilette mit 1.Platz","password":null}},{"type":"Feature","geometry":{"type":"Point","coordinates":[13.3515511,52.4333853]},"properties":{"id":"way/367462255","source":"osm","name":null,"fee":null,"charge":null,"access":null,"wheelchair":"yes","opening_hours":null,"operator":null,"description":null,"password":null}},{"type":"Feature","geometry":{"type":"Point","coordinates":[13.3861223,52.519221]},"properties":{"id":"way/378150052","source":"osm","name":null,"fee":null,"charge":null,"access":null,"wheelchair":null,"opening_hours":null,"operator":null,"description":null,"password":null}},{"type":"Feature","geometry":{"type":"Point","coordinates":[13.3861864,52.5192303]},"properties":{"id":"way/378150064","source":"osm","name":null,"fee":null,"charge":null,"access":null,"wheelchair":null,"opening_hours":null,"operator":null,"description":null,"password":null}},{"type":"Feature","geometry":{"type":"Point","coordinates":[13.3660843,52.4750186]},"properties":{"id":"way/381240702","source":"osm","name":null,"fee":"yes","charge":null,"access":"yes","wheelchair":"yes","opening_hours":"24/7","operator":"Hering","description":null,"password":null}},{"type":"Feature","geometry":{"type":"Point","coordinates":[13.3651297,52.4766389]},"properties":{"id":"way/381240849","source":"osm","name":"WC","fee":"yes","charge":"1€","access":"yes","wheelchair":"yes","opening_hours":"24/7","operator":"Hering","description":null,"password":null}},{"type":"Feature","geometry":{"type":"Point","coordinates":[13.4354459,52.5096332]},"properties":{"id":"way/381418926","source":"osm","name":"Rail & Fresh WC","fee":"yes","charge":null,"access":"customers","wheelchair":"yes","opening_hours":"24/7","operator":"Hering Sanikonzept GmbH","description":null,"password":null}},{"type":"Feature","geometry":{"type":"Point","coordinates":[13.3264176,52.4828947]},"properties":{"id":"way/382546417","source":"osm","name":"Berliner Toilette","fee":"yes","charge":"0.50 Euro","access":"yes","wheelchair":"no","opening_hours":null,"operator":null,"description":"Pissoir","password":null}},{"type":"Feature","geometry":{"type":"Point","coordinates":[13.4691343,52.5112086]},"properties":{"id":"way/389457653","source":"osm","name":"Berliner Toilette","fee":"yes","charge":"0.5 EUR","access":"yes","wheelchair":"yes","opening_hours":"24/7","operator":"Wall GmbH","description":"Berliner Toilette mit 1 Platz","password":null}},{"type":"Feature","geometry":{"type":"Point","coordinates":[13.3511075,52.5435521]},"properties":{"id":"way/392576119","source":"osm","name":null,"fee":"no","charge":null,"access":"yes","wheelchair":"no","opening_hours":null,"operator":null,"description":null,"password":null}},{"type":"Feature","geometry":{"type":"Point","coordinates":[13.3511552,52.5435771]},"properties":{"id":"way/392576120","source":"osm","name":null,"fee":"no","charge":null,"access":"yes","wheelchair":"yes","opening_hours":null,"operator":null,"description":null,"password":null}},{"type":"Feature","geometry":{"type":"Point","coordinates":[13.350134,52.5430453]},"properties":{"id":"way/392576121","source":"osm","name":null,"fee":"no","charge":null,"access":"yes","wheelchair":"no","opening_hours":null,"operator":null,"description":null,"password":null}},{"type":"Feature","geometry":{"type":"Point","coordinates":[13.3511319,52.543565]},"properties":{"id":"way/392576123","source":"osm","name":null,"fee":"no","charge":null,"access":"yes","wheelchair":"no","opening_hours":null,"operator":null,"description":null,"password":null}},{"type":"Feature","geometry":{"type":"Point","coordinates":[13.3501677,52.5430628]},"properties":{"id":"way/392576124","source":"osm","name":null,"fee":"no","charge":null,"access":"yes","wheelchair":"no","opening_hours":null,"operator":null,"description":null,"password":null}},{"type":"Feature","geometry":{"type":"Point","coordinates":[13.3511552,52.5435771]},"properties":{"id":"way/392576264","source":"osm","name":null,"fee":"no","charge":null,"access":"yes","wheelchair":"yes","opening_hours":null,"operator":null,"description":null,"password":null}},{"type":"Feature","geometry":{"type":"Point","coordinates":[13.3511552,52.5435771]},"properties":{"id":"way/392576265","source":"osm","name":null,"fee":"no","charge":null,"access":"yes","wheelchair":"yes","opening_hours":null,"operator":null,"description":null,"password":null}},{"type":"Feature","geometry":{"type":"Point","coordinates":[13.3511532,52.5435761]},"properties":{"id":"way/392576266","source":"osm","name":null,"fee":"no","charge":null,"access":"yes","wheelchair":"yes","opening_hours":null,"operator":null,"description":null,"password":null}},{"type":"Feature","geometry":{"type":"Point","coordinates":[13.3511552,52.5435771]},"properties":{"id":"way/392576267","source":"osm","name":null,"fee":"no","charge":null,"access":"yes","wheelchair":"yes","opening_hours":null,"operator":null,"description":null,"password":null}},{"type":"Feature","geometry":{"type":"Point","coordinates":[13.3511552,52.5435771]},"properties":{"id":"way/392576268","source":"osm","name":null,"fee":"no","charge":null,"access":"yes","wheelchair":"yes","opening_hours":null,"operator":null,"description":null,"password":null}},{"type":"Feature","geometry":{"type":"Point","coordinates":[13.3511319,52.543565]},"properties":{"id":"way/392576269","source":"osm","name":null,"fee":"no","charge":null,"access":"yes","wheelchair":"limited","opening_hours":null,"operator":null,"description":null,"password":null}},{"type":"Feature","geometry":{"type":"Point","coordinates":[13.3511319,52.543565]},"properties":{"id":"way/392576270","source":"osm","name":null,"fee":"no","charge":null,"access":"yes","wheelchair":"limited","opening_hours":null,"operator":null,"description":null,"password":null}},{"type":"Feature","geometry":{"type":"Point","coordinates":[13.3511319,52.543565]},"properties":{"id":"way/392576271","source":"osm","name":null,"fee":"no","charge":null,"access":"yes","wheelchair":"limited","opening_hours":null,"operator":null,"description":null,"password":null}},{"type":"Feature","geometry":{"type":"Point","coordinates":[13.3501676,52.5430627]},"properties":{"id":"way/392576272","source":"osm","name":null,"fee":"no","charge":null,"access":"yes","wheelchair":"no","opening_hours":null,"operator":null,"description":null,"password":null}},{"type":"Feature","geometry":{"type":"Point","coordinates":[13.3511319,52.543565]},"properties":{"id":"way/392576273","source":"osm","name":null,"fee":"no","charge":null,"access":"yes","wheelchair":"limited","opening_hours":null,"operator":null,"description":null,"password":null}},{"type":"Feature","geometry":{"type":"Point","coordinates":[13.3501675,52.5430629]},"properties":{"id":"way/392576274","source":"osm","name":null,"fee":"no","charge":null,"access":"yes","wheelchair":"limited","opening_hours":null,"operator":null,"description":null,"password":null}},{"type":"Feature","geometry":{"type":"Point","coordinates":[13.3501335,52.5430453]},"properties":{"id":"way/392576275","source":"osm","name":null,"fee":"no","charge":null,"access":"yes","wheelchair":"limited","opening_hours":null,"operator":null,"description":null,"password":null}},{"type":"Feature","geometry":{"type":"Point","coordinates":[13.3501334,52.5430453]},"properties":{"id":"way/392576276","source":"osm","name":null,"fee":"no","charge":null,"access":"yes","wheelchair":"limited","opening_hours":null,"operator":null,"description":null,"password":null}},{"type":"Feature","geometry":{"type":"Point","coordinates":[13.3510664,52.5435304]},"properties":{"id":"way/392576277","source":"osm","name":null,"fee":"no","charge":null,"access":"yes","wheelchair":"limited","opening_hours":null,"operator":null,"description":null,"password":null}},{"type":"Feature","geometry":{"type":"Point","coordinates":[13.3501674,52.5430628]},"properties":{"id":"way/392576279","source":"osm","name":null,"fee":"no","charge":null,"access":"yes","wheelchair":"yes","opening_hours":null,"operator":null,"description":null,"password":null}},{"type":"Feature","geometry":{"type":"Point","coordinates":[13.3501336,52.5430453]},"properties":{"id":"way/392576281","source":"osm","name":null,"fee":"no","charge":null,"access":"yes","wheelchair":"no","opening_hours":null,"operator":null,"description":null,"password":null}},{"type":"Feature","geometry":{"type":"Point","coordinates":[13.3501676,52.5430629]},"properties":{"id":"way/392576282","source":"osm","name":null,"fee":"no","charge":null,"access":"yes","wheelchair":"limited","opening_hours":null,"operator":null,"description":null,"password":null}},{"type":"Feature","geometry":{"type":"Point","coordinates":[13.3501676,52.5430628]},"properties":{"id":"way/392576283","source":"osm","name":null,"fee":"no","charge":null,"access":"yes","wheelchair":"limited","opening_hours":null,"operator":null,"description":null,"password":null}},{"type":"Feature","geometry":{"type":"Point","coordinates":[13.3501336,52.5430453]},"properties":{"id":"way/392576284","source":"osm","name":null,"fee":"no","charge":null,"access":"yes","wheelchair":"limited","opening_hours":null,"operator":null,"description":null,"password":null}},{"type":"Feature","geometry":{"type":"Point","coordinates":[13.3501335,52.5430453]},"properties":{"id":"way/392576287","source":"osm","name":null,"fee":"no","charge":null,"access":null,"wheelchair":"no","opening_hours":null,"operator":null,"description":null,"password":null}},{"type":"Feature","geometry":{"type":"Point","coordinates":[13.351114,52.5435553]},"properties":{"id":"way/392576288","source":"osm","name":null,"fee":"no","charge":null,"access":"yes","wheelchair":"limited","opening_hours":null,"operator":null,"description":null,"password":null}},{"type":"Feature","geometry":{"type":"Point","coordinates":[13.3886825,52.549148]},"properties":{"id":"way/392604604","source":"osm","name":"Sanifair","fee":"yes","charge":null,"access":"yes","wheelchair":"yes","opening_hours":"Mo-Su 07:00-20:30","operator":"SANIFAIR GmbH","description":null,"password":null}},{"type":"Feature","geometry":{"type":"Point","coordinates":[13.3690095,52.5248315]},"properties":{"id":"way/403077776","source":"osm","name":"rail&fresh","fee":"yes","charge":"1 EUR","access":"yes","wheelchair":"yes","opening_hours":"24/7","operator":"Hering","description":null,"password":null}},{"type":"Feature","geometry":{"type":"Point","coordinates":[13.3551164,52.5447393]},"properties":{"id":"way/412968442","source":"osm","name":null,"fee":"no","charge":null,"access":"yes","wheelchair":"no","opening_hours":null,"operator":null,"description":null,"password":null}},{"type":"Feature","geometry":{"type":"Point","coordinates":[13.3545205,52.5451006]},"properties":{"id":"way/412968444","source":"osm","name":null,"fee":"no","charge":null,"access":"yes","wheelchair":"no","opening_hours":null,"operator":null,"description":null,"password":null}},{"type":"Feature","geometry":{"type":"Point","coordinates":[13.3550459,52.5447856]},"properties":{"id":"way/412968447","source":"osm","name":null,"fee":"no","charge":null,"access":"yes","wheelchair":"no","opening_hours":null,"operator":null,"description":null,"password":null}},{"type":"Feature","geometry":{"type":"Point","coordinates":[13.3545246,52.5450979]},"properties":{"id":"way/413372640","source":"osm","name":null,"fee":"no","charge":null,"access":null,"wheelchair":"no","opening_hours":null,"operator":null,"description":null,"password":null}},{"type":"Feature","geometry":{"type":"Point","coordinates":[13.3550191,52.545351]},"properties":{"id":"way/413372641","source":"osm","name":null,"fee":"no","charge":null,"access":null,"wheelchair":"no","opening_hours":null,"operator":null,"description":null,"password":null}},{"type":"Feature","geometry":{"type":"Point","coordinates":[13.3555126,52.5456082]},"properties":{"id":"way/413372642","source":"osm","name":null,"fee":"no","charge":null,"access":null,"wheelchair":"no","opening_hours":null,"operator":null,"description":null,"password":null}},{"type":"Feature","geometry":{"type":"Point","coordinates":[13.3545246,52.5450979]},"properties":{"id":"way/413372643","source":"osm","name":null,"fee":"no","charge":null,"access":null,"wheelchair":"no","opening_hours":null,"operator":null,"description":null,"password":null}},{"type":"Feature","geometry":{"type":"Point","coordinates":[13.3550191,52.545351]},"properties":{"id":"way/413372645","source":"osm","name":"Herren-WC","fee":"no","charge":null,"access":null,"wheelchair":"no","opening_hours":null,"operator":null,"description":null,"password":null}},{"type":"Feature","geometry":{"type":"Point","coordinates":[13.3550191,52.545351]},"properties":{"id":"way/413391345","source":"osm","name":null,"fee":"no","charge":null,"access":null,"wheelchair":"no","opening_hours":null,"operator":null,"description":null,"password":null}},{"type":"Feature","geometry":{"type":"Point","coordinates":[13.3555126,52.5456082]},"properties":{"id":"way/413391346","source":"osm","name":null,"fee":"no","charge":null,"access":null,"wheelchair":"limited","opening_hours":null,"operator":null,"description":null,"password":null}},{"type":"Feature","geometry":{"type":"Point","coordinates":[13.3545246,52.5450979]},"properties":{"id":"way/413391347","source":"osm","name":null,"fee":"no","charge":null,"access":null,"wheelchair":"limited","opening_hours":null,"operator":null,"description":null,"password":null}},{"type":"Feature","geometry":{"type":"Point","coordinates":[13.3545784,52.5450599]},"properties":{"id":"way/413680992","source":"osm","name":null,"fee":"no","charge":null,"access":"yes","wheelchair":"no","opening_hours":null,"operator":null,"description":null,"password":null}},{"type":"Feature","geometry":{"type":"Point","coordinates":[13.355077,52.5453098]},"properties":{"id":"way/413680993","source":"osm","name":null,"fee":"no","charge":null,"access":"yes","wheelchair":"no","opening_hours":null,"operator":null,"description":null,"password":null}},{"type":"Feature","geometry":{"type":"Point","coordinates":[13.3555713,52.5455668]},"properties":{"id":"way/413680994","source":"osm","name":null,"fee":"no","charge":null,"access":"yes","wheelchair":"yes","opening_hours":null,"operator":null,"description":null,"password":null}},{"type":"Feature","geometry":{"type":"Point","coordinates":[13.3555126,52.5456082]},"properties":{"id":"way/413680995","source":"osm","name":null,"fee":"no","charge":null,"access":"yes","wheelchair":"limited","opening_hours":null,"operator":null,"description":null,"password":null}},{"type":"Feature","geometry":{"type":"Point","coordinates":[13.3550187,52.545351]},"properties":{"id":"way/413680996","source":"osm","name":null,"fee":"no","charge":null,"access":"yes","wheelchair":"no","opening_hours":null,"operator":null,"description":null,"password":null}},{"type":"Feature","geometry":{"type":"Point","coordinates":[13.354596,52.5450561]},"properties":{"id":"way/414176622","source":"osm","name":null,"fee":"no","charge":null,"access":null,"wheelchair":"yes","opening_hours":null,"operator":null,"description":null,"password":null}},{"type":"Feature","geometry":{"type":"Point","coordinates":[13.3555876,52.5455606]},"properties":{"id":"way/414176623","source":"osm","name":null,"fee":"no","charge":null,"access":null,"wheelchair":"no","opening_hours":null,"operator":null,"description":null,"password":null}},{"type":"Feature","geometry":{"type":"Point","coordinates":[13.3550902,52.545307]},"properties":{"id":"way/414176624","source":"osm","name":null,"fee":"no","charge":null,"access":null,"wheelchair":"no","opening_hours":null,"operator":null,"description":null,"password":null}},{"type":"Feature","geometry":{"type":"Point","coordinates":[13.3555229,52.5456063]},"properties":{"id":"way/414176626","source":"osm","name":null,"fee":"no","charge":null,"access":null,"wheelchair":"yes","opening_hours":null,"operator":null,"description":null,"password":null}},{"type":"Feature","geometry":{"type":"Point","coordinates":[13.3545314,52.5451015]},"properties":{"id":"way/414176627","source":"osm","name":null,"fee":"no","charge":null,"access":null,"wheelchair":"no","opening_hours":null,"operator":null,"description":null,"password":null}},{"type":"Feature","geometry":{"type":"Point","coordinates":[13.3550271,52.5453522]},"properties":{"id":"way/414176628","source":"osm","name":null,"fee":"no","charge":null,"access":null,"wheelchair":"no","opening_hours":null,"operator":null,"description":null,"password":null}},{"type":"Feature","geometry":{"type":"Point","coordinates":[13.3555126,52.5456082]},"properties":{"id":"way/414176629","source":"osm","name":null,"fee":"no","charge":null,"access":null,"wheelchair":"no","opening_hours":null,"operator":null,"description":null,"password":null}},{"type":"Feature","geometry":{"type":"Point","coordinates":[13.3511088,52.5435527]},"properties":{"id":"way/419250062","source":"osm","name":null,"fee":"no","charge":null,"access":"yes","wheelchair":"limited","opening_hours":null,"operator":null,"description":null,"password":null}},{"type":"Feature","geometry":{"type":"Point","coordinates":[13.3511089,52.5435528]},"properties":{"id":"way/419321027","source":"osm","name":null,"fee":"no","charge":null,"access":"yes","wheelchair":"limited","opening_hours":null,"operator":null,"description":null,"password":null}},{"type":"Feature","geometry":{"type":"Point","coordinates":[13.3556084,52.5455405]},"properties":{"id":"way/419765889","source":"osm","name":null,"fee":"no","charge":null,"access":"yes","wheelchair":"no","opening_hours":null,"operator":null,"description":null,"password":null}},{"type":"Feature","geometry":{"type":"Point","coordinates":[13.3551133,52.5452837]},"properties":{"id":"way/419780472","source":"osm","name":null,"fee":"no","charge":null,"access":"yes","wheelchair":"yes","opening_hours":null,"operator":null,"description":null,"password":null}},{"type":"Feature","geometry":{"type":"Point","coordinates":[13.3550566,52.5448294]},"properties":{"id":"way/419845162","source":"osm","name":null,"fee":"no","charge":null,"access":"yes","wheelchair":"limited","opening_hours":null,"operator":null,"description":null,"password":null}},{"type":"Feature","geometry":{"type":"Point","coordinates":[13.355056,52.544745]},"properties":{"id":"way/419845163","source":"osm","name":null,"fee":"no","charge":null,"access":"yes","wheelchair":"no","opening_hours":null,"operator":null,"description":null,"password":null}},{"type":"Feature","geometry":{"type":"Point","coordinates":[13.35462,52.5450306]},"properties":{"id":"way/422037678","source":"osm","name":null,"fee":"no","charge":null,"access":null,"wheelchair":"no","opening_hours":null,"operator":null,"description":null,"password":null}},{"type":"Feature","geometry":{"type":"Point","coordinates":[13.1981348,52.5342995]},"properties":{"id":"way/423847745","source":"osm","name":"rail & fresh WC","fee":"yes","charge":null,"access":"yes","wheelchair":"yes","opening_hours":"06:00-22:00","operator":"Hering","description":null,"password":null}},{"type":"Feature","geometry":{"type":"Point","coordinates":[13.3516223,52.5503744]},"properties":{"id":"way/426310720","source":"osm","name":"City Toilette","fee":"yes","charge":null,"access":null,"wheelchair":"yes","opening_hours":"24/7","operator":"Wall","description":null,"password":null}},{"type":"Feature","geometry":{"type":"Point","coordinates":[13.4973094,52.5092513]},"properties":{"id":"way/430955084","source":"osm","name":"Bahnhofstoilette Lichtenberg","fee":"yes","charge":null,"access":"yes","wheelchair":"yes","opening_hours":"06:00-22:00","operator":"Hering","description":null,"password":null}},{"type":"Feature","geometry":{"type":"Point","coordinates":[13.3074547,52.6161612]},"properties":{"id":"way/439898467","source":"osm","name":"Toilette Café Achteck","fee":"no","charge":null,"access":"yes","wheelchair":"no","opening_hours":null,"operator":"Wall","description":null,"password":null}},{"type":"Feature","geometry":{"type":"Point","coordinates":[13.2716106,52.5012421]},"properties":{"id":"way/442400430","source":"osm","name":null,"fee":"no","charge":null,"access":null,"wheelchair":"yes","opening_hours":null,"operator":null,"description":null,"password":null}},{"type":"Feature","geometry":{"type":"Point","coordinates":[13.2688042,52.5025533]},"properties":{"id":"way/442400431","source":"osm","name":null,"fee":"no","charge":null,"access":null,"wheelchair":"yes","opening_hours":null,"operator":null,"description":null,"password":null}},{"type":"Feature","geometry":{"type":"Point","coordinates":[13.2723157,52.5018192]},"properties":{"id":"way/442400432","source":"osm","name":null,"fee":"no","charge":null,"access":null,"wheelchair":null,"opening_hours":null,"operator":null,"description":null,"password":null}},{"type":"Feature","geometry":{"type":"Point","coordinates":[13.2722615,52.5017764]},"properties":{"id":"way/442400433","source":"osm","name":null,"fee":"no","charge":null,"access":null,"wheelchair":null,"opening_hours":null,"operator":null,"description":null,"password":null}},{"type":"Feature","geometry":{"type":"Point","coordinates":[13.2695412,52.5031125]},"properties":{"id":"way/442400434","source":"osm","name":null,"fee":null,"charge":null,"access":null,"wheelchair":null,"opening_hours":null,"operator":null,"description":null,"password":null}},{"type":"Feature","geometry":{"type":"Point","coordinates":[13.2694876,52.50307]},"properties":{"id":"way/442400435","source":"osm","name":null,"fee":null,"charge":null,"access":null,"wheelchair":null,"opening_hours":null,"operator":null,"description":null,"password":null}},{"type":"Feature","geometry":{"type":"Point","coordinates":[13.2687467,52.5024801]},"properties":{"id":"way/442400438","source":"osm","name":null,"fee":"no","charge":null,"access":null,"wheelchair":"yes","opening_hours":null,"operator":null,"description":null,"password":null}},{"type":"Feature","geometry":{"type":"Point","coordinates":[13.2715133,52.5011873]},"properties":{"id":"way/442400441","source":"osm","name":null,"fee":"no","charge":null,"access":null,"wheelchair":null,"opening_hours":null,"operator":null,"description":null,"password":null}},{"type":"Feature","geometry":{"type":"Point","coordinates":[13.2695406,52.5031127]},"properties":{"id":"way/442407481","source":"osm","name":null,"fee":null,"charge":null,"access":null,"wheelchair":null,"opening_hours":null,"operator":null,"description":null,"password":null}},{"type":"Feature","geometry":{"type":"Point","coordinates":[13.2723157,52.5018192]},"properties":{"id":"way/442407482","source":"osm","name":null,"fee":"no","charge":null,"access":null,"wheelchair":null,"opening_hours":null,"operator":null,"description":null,"password":null}},{"type":"Feature","geometry":{"type":"Point","coordinates":[13.2688041,52.5025535]},"properties":{"id":"way/442407483","source":"osm","name":null,"fee":"no","charge":null,"access":null,"wheelchair":"yes","opening_hours":null,"operator":null,"description":null,"password":null}},{"type":"Feature","geometry":{"type":"Point","coordinates":[13.2716106,52.5012421]},"properties":{"id":"way/442407484","source":"osm","name":null,"fee":"no","charge":null,"access":null,"wheelchair":null,"opening_hours":null,"operator":null,"description":null,"password":null}},{"type":"Feature","geometry":{"type":"Point","coordinates":[13.2694873,52.5030706]},"properties":{"id":"way/442407485","source":"osm","name":null,"fee":null,"charge":null,"access":null,"wheelchair":null,"opening_hours":null,"operator":null,"description":null,"password":null}},{"type":"Feature","geometry":{"type":"Point","coordinates":[13.2722615,52.5017766]},"properties":{"id":"way/442407486","source":"osm","name":null,"fee":"no","charge":null,"access":null,"wheelchair":null,"opening_hours":null,"operator":null,"description":null,"password":null}},{"type":"Feature","geometry":{"type":"Point","coordinates":[13.2687462,52.5024801]},"properties":{"id":"way/442407487","source":"osm","name":null,"fee":"no","charge":null,"access":null,"wheelchair":"yes","opening_hours":null,"operator":null,"description":null,"password":null}},{"type":"Feature","geometry":{"type":"Point","coordinates":[13.2715138,52.5011871]},"properties":{"id":"way/442407488","source":"osm","name":null,"fee":"no","charge":null,"access":null,"wheelchair":null,"opening_hours":null,"operator":null,"description":null,"password":null}},{"type":"Feature","geometry":{"type":"Point","coordinates":[13.4219618,52.4776654]},"properties":{"id":"way/447086272","source":"osm","name":"City Toilette","fee":"yes","charge":"0.50 EUR","access":"yes","wheelchair":"yes","opening_hours":"24/7","operator":"Wall","description":"Berliner Toilette","password":null}},{"type":"Feature","geometry":{"type":"Point","coordinates":[13.4329855,52.5235167]},"properties":{"id":"way/447531498","source":"osm","name":"Berliner Toilette","fee":"yes","charge":"0.50 EUR","access":"yes","wheelchair":"yes","opening_hours":"24/7","operator":"Wall GmbH","description":"Berliner Toilette mit 1. Platz","password":null}},{"type":"Feature","geometry":{"type":"Point","coordinates":[13.3511091,52.5435527]},"properties":{"id":"way/448570216","source":"osm","name":null,"fee":"no","charge":null,"access":"yes","wheelchair":"no","opening_hours":null,"operator":null,"description":null,"password":null}},{"type":"Feature","geometry":{"type":"Point","coordinates":[13.4279118,52.4744836]},"properties":{"id":"way/449121184","source":"osm","name":null,"fee":null,"charge":null,"access":"key","wheelchair":null,"opening_hours":null,"operator":null,"description":"Zugang mit Schlüssel, im Büro erhältlich","password":null}},{"type":"Feature","geometry":{"type":"Point","coordinates":[13.4252899,52.487628]},"properties":{"id":"way/451474038","source":"osm","name":null,"fee":"yes","charge":null,"access":null,"wheelchair":"yes","opening_hours":null,"operator":"Wall","description":"Berliner Toilette","password":null}},{"type":"Feature","geometry":{"type":"Point","coordinates":[13.5549018,52.513416]},"properties":{"id":"way/452885760","source":"osm","name":"Berliner Toilette","fee":"yes","charge":"0.50 EUR","access":"yes","wheelchair":"yes","opening_hours":"24/7","operator":"Wall GmbH","description":"Berliner Toilette mit 1 Platz","password":null}},{"type":"Feature","geometry":{"type":"Point","coordinates":[13.420818,52.5486573]},"properties":{"id":"way/457034447","source":"osm","name":"Berliner Toilette","fee":"yes","charge":"0.50 EUR","access":"yes","wheelchair":"yes","opening_hours":"24/7","operator":"Wall","description":"Berliner Toilette 1 Platz mit 2 Pissoirs","password":null}},{"type":"Feature","geometry":{"type":"Point","coordinates":[13.3480672,52.5260847]},"properties":{"id":"way/458526762","source":"osm","name":null,"fee":"no","charge":null,"access":"yes","wheelchair":"yes","opening_hours":"24/7","operator":"Wall","description":"Berliner Toilette","password":null}},{"type":"Feature","geometry":{"type":"Point","coordinates":[13.3766979,52.5094165]},"properties":{"id":"way/464904489","source":"osm","name":"rail & fresh","fee":"yes","charge":null,"access":"yes","wheelchair":"yes","opening_hours":null,"operator":"rail & fresh","description":null,"password":null}},{"type":"Feature","geometry":{"type":"Point","coordinates":[13.5190551,52.4709303]},"properties":{"id":"way/474350759","source":"osm","name":null,"fee":null,"charge":null,"access":"customers","wheelchair":"limited","opening_hours":null,"operator":null,"description":null,"password":null}},{"type":"Feature","geometry":{"type":"Point","coordinates":[13.4170007,52.5356351]},"properties":{"id":"way/476994604","source":"osm","name":null,"fee":"yes","charge":null,"access":"yes","wheelchair":"yes","opening_hours":"24/7","operator":"Wall","description":"Berliner Toilette mit 1. Platz","password":null}},{"type":"Feature","geometry":{"type":"Point","coordinates":[13.3527435,52.5444669]},"properties":{"id":"way/486560137","source":"osm","name":null,"fee":"no","charge":null,"access":null,"wheelchair":"no","opening_hours":null,"operator":null,"description":null,"password":null}},{"type":"Feature","geometry":{"type":"Point","coordinates":[13.3527659,52.544639]},"properties":{"id":"way/486560140","source":"osm","name":null,"fee":"no","charge":null,"access":null,"wheelchair":"yes","opening_hours":null,"operator":null,"description":null,"password":null}},{"type":"Feature","geometry":{"type":"Point","coordinates":[13.3522852,52.5448641]},"properties":{"id":"way/486560144","source":"osm","name":null,"fee":"no","charge":null,"access":null,"wheelchair":"no","opening_hours":null,"operator":null,"description":null,"password":null}},{"type":"Feature","geometry":{"type":"Point","coordinates":[13.352731,52.5444741]},"properties":{"id":"way/486560147","source":"osm","name":null,"fee":"no","charge":null,"access":null,"wheelchair":"no","opening_hours":null,"operator":null,"description":null,"password":null}},{"type":"Feature","geometry":{"type":"Point","coordinates":[13.352756,52.5444597]},"properties":{"id":"way/486560149","source":"osm","name":null,"fee":"no","charge":null,"access":null,"wheelchair":"no","opening_hours":null,"operator":null,"description":null,"password":null}},{"type":"Feature","geometry":{"type":"Point","coordinates":[13.3533936,52.5447074]},"properties":{"id":"way/486560173","source":"osm","name":null,"fee":"no","charge":null,"access":null,"wheelchair":"yes","opening_hours":null,"operator":null,"description":null,"password":null}},{"type":"Feature","geometry":{"type":"Point","coordinates":[13.3527602,52.5444576]},"properties":{"id":"way/486560184","source":"osm","name":null,"fee":"no","charge":null,"access":null,"wheelchair":"no","opening_hours":null,"operator":null,"description":null,"password":null}},{"type":"Feature","geometry":{"type":"Point","coordinates":[13.3523437,52.5441711]},"properties":{"id":"way/486560191","source":"osm","name":null,"fee":"no","charge":null,"access":null,"wheelchair":"yes","opening_hours":null,"operator":null,"description":null,"password":null}},{"type":"Feature","geometry":{"type":"Point","coordinates":[13.3522668,52.5441328]},"properties":{"id":"way/486560195","source":"osm","name":null,"fee":"no","charge":null,"access":null,"wheelchair":"yes","opening_hours":null,"operator":null,"description":null,"password":null}},{"type":"Feature","geometry":{"type":"Point","coordinates":[13.3527377,52.5444737]},"properties":{"id":"way/486560199","source":"osm","name":null,"fee":"no","charge":null,"access":null,"wheelchair":"yes","opening_hours":null,"operator":null,"description":null,"password":null}},{"type":"Feature","geometry":{"type":"Point","coordinates":[13.3533528,52.5447155]},"properties":{"id":"way/486560208","source":"osm","name":null,"fee":"no","charge":null,"access":null,"wheelchair":"yes","opening_hours":null,"operator":null,"description":null,"password":null}},{"type":"Feature","geometry":{"type":"Point","coordinates":[13.3527588,52.5444579]},"properties":{"id":"way/486560222","source":"osm","name":null,"fee":"no","charge":null,"access":null,"wheelchair":"no","opening_hours":null,"operator":null,"description":null,"password":null}},{"type":"Feature","geometry":{"type":"Point","coordinates":[13.3527438,52.5444668]},"properties":{"id":"way/486560225","source":"osm","name":null,"fee":"no","charge":null,"access":null,"wheelchair":"no","opening_hours":null,"operator":null,"description":null,"password":null}},{"type":"Feature","geometry":{"type":"Point","coordinates":[13.35276,52.5444571]},"properties":{"id":"way/486560228","source":"osm","name":null,"fee":"no","charge":null,"access":null,"wheelchair":null,"opening_hours":null,"operator":null,"description":null,"password":null}},{"type":"Feature","geometry":{"type":"Point","coordinates":[13.3527438,52.5444668]},"properties":{"id":"way/486560230","source":"osm","name":null,"fee":"no","charge":null,"access":null,"wheelchair":"no","opening_hours":null,"operator":null,"description":null,"password":null}},{"type":"Feature","geometry":{"type":"Point","coordinates":[13.3527322,52.5444732]},"properties":{"id":"way/486560233","source":"osm","name":null,"fee":"no","charge":null,"access":null,"wheelchair":"no","opening_hours":null,"operator":null,"description":null,"password":null}},{"type":"Feature","geometry":{"type":"Point","coordinates":[13.3527438,52.5444668]},"properties":{"id":"way/486560250","source":"osm","name":null,"fee":"no","charge":null,"access":null,"wheelchair":"no","opening_hours":null,"operator":null,"description":null,"password":null}},{"type":"Feature","geometry":{"type":"Point","coordinates":[13.35276,52.5444571]},"properties":{"id":"way/486560255","source":"osm","name":null,"fee":"no","charge":null,"access":null,"wheelchair":null,"opening_hours":null,"operator":null,"description":null,"password":null}},{"type":"Feature","geometry":{"type":"Point","coordinates":[13.3527322,52.5444732]},"properties":{"id":"way/486560257","source":"osm","name":null,"fee":"no","charge":null,"access":null,"wheelchair":"no","opening_hours":null,"operator":null,"description":null,"password":null}},{"type":"Feature","geometry":{"type":"Point","coordinates":[13.3527438,52.5444668]},"properties":{"id":"way/486560268","source":"osm","name":null,"fee":"no","charge":null,"access":null,"wheelchair":"no","opening_hours":null,"operator":null,"description":null,"password":null}},{"type":"Feature","geometry":{"type":"Point","coordinates":[13.35276,52.5444571]},"properties":{"id":"way/486560271","source":"osm","name":null,"fee":"no","charge":null,"access":null,"wheelchair":"no","opening_hours":null,"operator":null,"description":null,"password":null}},{"type":"Feature","geometry":{"type":"Point","coordinates":[13.3527322,52.5444732]},"properties":{"id":"way/486560284","source":"osm","name":null,"fee":"no","charge":null,"access":null,"wheelchair":"no","opening_hours":null,"operator":null,"description":null,"password":null}},{"type":"Feature","geometry":{"type":"Point","coordinates":[13.6276161,52.4443291]},"properties":{"id":"way/495922221","source":"osm","name":null,"fee":"yes","charge":null,"access":"yes","wheelchair":"yes","opening_hours":null,"operator":null,"description":null,"password":null}},{"type":"Feature","geometry":{"type":"Point","coordinates":[13.3952526,52.5230539]},"properties":{"id":"way/505765146","source":"osm","name":null,"fee":"no","charge":null,"access":"yes","wheelchair":null,"opening_hours":"Mo-Fr 14:00-23:00; Sa-Su 13:00-23:00","operator":null,"description":null,"password":null}},{"type":"Feature","geometry":{"type":"Point","coordinates":[13.541907,52.5748911]},"properties":{"id":"way/505945592","source":"osm","name":null,"fee":null,"charge":null,"access":null,"wheelchair":null,"opening_hours":null,"operator":null,"description":null,"password":null}},{"type":"Feature","geometry":{"type":"Point","coordinates":[13.351721,52.5455654]},"properties":{"id":"way/506066490","source":"osm","name":null,"fee":null,"charge":null,"access":null,"wheelchair":null,"opening_hours":null,"operator":null,"description":null,"password":null}},{"type":"Feature","geometry":{"type":"Point","coordinates":[13.3517319,52.545562]},"properties":{"id":"way/506066598","source":"osm","name":null,"fee":null,"charge":null,"access":null,"wheelchair":null,"opening_hours":null,"operator":null,"description":null,"password":null}},{"type":"Feature","geometry":{"type":"Point","coordinates":[13.3508913,52.5451818]},"properties":{"id":"way/506066609","source":"osm","name":null,"fee":"no","charge":null,"access":"no","wheelchair":null,"opening_hours":null,"operator":null,"description":null,"password":null}},{"type":"Feature","geometry":{"type":"Point","coordinates":[13.3521366,52.5451384]},"properties":{"id":"way/506066613","source":"osm","name":null,"fee":null,"charge":null,"access":null,"wheelchair":null,"opening_hours":null,"operator":null,"description":null,"password":null}},{"type":"Feature","geometry":{"type":"Point","coordinates":[13.3516833,52.5455925]},"properties":{"id":"way/506066616","source":"osm","name":null,"fee":null,"charge":null,"access":null,"wheelchair":null,"opening_hours":null,"operator":null,"description":null,"password":null}},{"type":"Feature","geometry":{"type":"Point","coordinates":[13.3522169,52.5451788]},"properties":{"id":"way/506066651","source":"osm","name":null,"fee":"no","charge":null,"access":null,"wheelchair":null,"opening_hours":null,"operator":null,"description":null,"password":null}},{"type":"Feature","geometry":{"type":"Point","coordinates":[13.3513925,52.5447853]},"properties":{"id":"way/506066655","source":"osm","name":null,"fee":"no","charge":null,"access":null,"wheelchair":null,"opening_hours":null,"operator":null,"description":null,"password":null}},{"type":"Feature","geometry":{"type":"Point","coordinates":[13.3514361,52.544777]},"properties":{"id":"way/506066688","source":"osm","name":null,"fee":"no","charge":null,"access":null,"wheelchair":null,"opening_hours":null,"operator":null,"description":null,"password":null}},{"type":"Feature","geometry":{"type":"Point","coordinates":[13.3509232,52.5451589]},"properties":{"id":"way/506066695","source":"osm","name":null,"fee":"no","charge":null,"access":"no","wheelchair":null,"opening_hours":null,"operator":null,"description":null,"password":null}},{"type":"Feature","geometry":{"type":"Point","coordinates":[13.351669,52.5455851]},"properties":{"id":"way/506066757","source":"osm","name":null,"fee":null,"charge":null,"access":null,"wheelchair":null,"opening_hours":null,"operator":null,"description":null,"password":null}},{"type":"Feature","geometry":{"type":"Point","coordinates":[13.3509085,52.5451546]},"properties":{"id":"way/506066759","source":"osm","name":null,"fee":"no","charge":null,"access":null,"wheelchair":null,"opening_hours":null,"operator":null,"description":null,"password":null}},{"type":"Feature","geometry":{"type":"Point","coordinates":[13.3514361,52.544777]},"properties":{"id":"way/506066763","source":"osm","name":null,"fee":"no","charge":null,"access":null,"wheelchair":null,"opening_hours":null,"operator":null,"description":null,"password":null}},{"type":"Feature","geometry":{"type":"Point","coordinates":[13.352217,52.5451788]},"properties":{"id":"way/506066773","source":"osm","name":null,"fee":null,"charge":null,"access":null,"wheelchair":null,"opening_hours":null,"operator":null,"description":null,"password":null}},{"type":"Feature","geometry":{"type":"Point","coordinates":[13.3508863,52.5451704]},"properties":{"id":"way/506066775","source":"osm","name":null,"fee":"no","charge":null,"access":null,"wheelchair":null,"opening_hours":null,"operator":null,"description":null,"password":null}},{"type":"Feature","geometry":{"type":"Point","coordinates":[13.3508659,52.5451849]},"properties":{"id":"way/506066779","source":"osm","name":null,"fee":null,"charge":null,"access":null,"wheelchair":"yes","opening_hours":null,"operator":null,"description":null,"password":null}},{"type":"Feature","geometry":{"type":"Point","coordinates":[13.3521399,52.5451401]},"properties":{"id":"way/506066780","source":"osm","name":null,"fee":"no","charge":null,"access":null,"wheelchair":null,"opening_hours":null,"operator":null,"description":null,"password":null}},{"type":"Feature","geometry":{"type":"Point","coordinates":[13.3513925,52.5447853]},"properties":{"id":"way/506066790","source":"osm","name":null,"fee":"no","charge":null,"access":null,"wheelchair":null,"opening_hours":null,"operator":null,"description":null,"password":null}},{"type":"Feature","geometry":{"type":"Point","coordinates":[13.3514361,52.544777]},"properties":{"id":"way/506066793","source":"osm","name":null,"fee":"no","charge":null,"access":null,"wheelchair":null,"opening_hours":null,"operator":null,"description":null,"password":null}},{"type":"Feature","geometry":{"type":"Point","coordinates":[13.3513925,52.5447853]},"properties":{"id":"way/506066795","source":"osm","name":null,"fee":"no","charge":null,"access":null,"wheelchair":null,"opening_hours":null,"operator":null,"description":null,"password":null}},{"type":"Feature","geometry":{"type":"Point","coordinates":[13.3508835,52.5451776]},"properties":{"id":"way/506066816","source":"osm","name":null,"fee":null,"charge":null,"access":null,"wheelchair":null,"opening_hours":null,"operator":null,"description":null,"password":null}},{"type":"Feature","geometry":{"type":"Point","coordinates":[13.3516833,52.5455925]},"properties":{"id":"way/506066823","source":"osm","name":null,"fee":null,"charge":null,"access":null,"wheelchair":null,"opening_hours":null,"operator":null,"description":null,"password":null}},{"type":"Feature","geometry":{"type":"Point","coordinates":[13.3521401,52.5451402]},"properties":{"id":"way/506066833","source":"osm","name":null,"fee":"no","charge":null,"access":null,"wheelchair":null,"opening_hours":null,"operator":null,"description":null,"password":null}},{"type":"Feature","geometry":{"type":"Point","coordinates":[13.350915,52.5451544]},"properties":{"id":"way/506066836","source":"osm","name":null,"fee":"no","charge":null,"access":null,"wheelchair":null,"opening_hours":null,"operator":null,"description":null,"password":null}},{"type":"Feature","geometry":{"type":"Point","coordinates":[13.3522171,52.5451788]},"properties":{"id":"way/506066837","source":"osm","name":null,"fee":null,"charge":null,"access":null,"wheelchair":null,"opening_hours":null,"operator":null,"description":null,"password":null}},{"type":"Feature","geometry":{"type":"Point","coordinates":[13.3516347,52.5455676]},"properties":{"id":"way/506066838","source":"osm","name":null,"fee":null,"charge":null,"access":null,"wheelchair":null,"opening_hours":null,"operator":null,"description":null,"password":null}},{"type":"Feature","geometry":{"type":"Point","coordinates":[13.3513925,52.5447854]},"properties":{"id":"way/506066842","source":"osm","name":null,"fee":"no","charge":null,"access":null,"wheelchair":null,"opening_hours":null,"operator":null,"description":null,"password":null}},{"type":"Feature","geometry":{"type":"Point","coordinates":[13.3514361,52.544777]},"properties":{"id":"way/506066848","source":"osm","name":null,"fee":"no","charge":null,"access":null,"wheelchair":null,"opening_hours":null,"operator":null,"description":null,"password":null}},{"type":"Feature","geometry":{"type":"Point","coordinates":[13.3522366,52.5451881]},"properties":{"id":"way/506066849","source":"osm","name":null,"fee":null,"charge":null,"access":null,"wheelchair":null,"opening_hours":null,"operator":null,"description":null,"password":null}},{"type":"Feature","geometry":{"type":"Point","coordinates":[13.3521683,52.5451545]},"properties":{"id":"way/506066855","source":"osm","name":null,"fee":null,"charge":null,"access":null,"wheelchair":null,"opening_hours":null,"operator":null,"description":null,"password":null}},{"type":"Feature","geometry":{"type":"Point","coordinates":[13.350877,52.5451884]},"properties":{"id":"way/506066859","source":"osm","name":null,"fee":null,"charge":null,"access":null,"wheelchair":"yes","opening_hours":null,"operator":null,"description":null,"password":null}},{"type":"Feature","geometry":{"type":"Point","coordinates":[13.3517211,52.5455654]},"properties":{"id":"way/506066865","source":"osm","name":null,"fee":null,"charge":null,"access":null,"wheelchair":null,"opening_hours":null,"operator":null,"description":null,"password":null}},{"type":"Feature","geometry":{"type":"Point","coordinates":[13.3509053,52.545176]},"properties":{"id":"way/506066866","source":"osm","name":null,"fee":"no","charge":null,"access":null,"wheelchair":null,"opening_hours":null,"operator":null,"description":null,"password":null}},{"type":"Feature","geometry":{"type":"Point","coordinates":[13.3516657,52.5455832]},"properties":{"id":"way/506066871","source":"osm","name":null,"fee":null,"charge":null,"access":null,"wheelchair":null,"opening_hours":null,"operator":null,"description":null,"password":null}},{"type":"Feature","geometry":{"type":"Point","coordinates":[13.3509234,52.5451588]},"properties":{"id":"way/506066873","source":"osm","name":null,"fee":"no","charge":null,"access":null,"wheelchair":null,"opening_hours":null,"operator":null,"description":null,"password":null}},{"type":"Feature","geometry":{"type":"Point","coordinates":[13.3513372,52.5447926]},"properties":{"id":"way/506066874","source":"osm","name":null,"fee":"no","charge":null,"access":null,"wheelchair":null,"opening_hours":null,"operator":null,"description":null,"password":null}},{"type":"Feature","geometry":{"type":"Point","coordinates":[13.351413,52.5447809]},"properties":{"id":"way/506066876","source":"osm","name":null,"fee":"no","charge":null,"access":null,"wheelchair":null,"opening_hours":null,"operator":null,"description":null,"password":null}},{"type":"Feature","geometry":{"type":"Point","coordinates":[13.3513969,52.5447727]},"properties":{"id":"way/506066879","source":"osm","name":null,"fee":"no","charge":null,"access":null,"wheelchair":null,"opening_hours":null,"operator":null,"description":null,"password":null}},{"type":"Feature","geometry":{"type":"Point","coordinates":[13.3282819,52.4789695]},"properties":{"id":"way/531773028","source":"osm","name":"Berliner Toilette","fee":"no","charge":null,"access":"yes","wheelchair":"yes","opening_hours":"24/7","operator":"Wall GmbH","description":"Berliner Toilette mit 1 Platz","password":null}},{"type":"Feature","geometry":{"type":"Point","coordinates":[13.2904399,52.4757883]},"properties":{"id":"way/551121491","source":"osm","name":"Berliner Toilette","fee":"yes","charge":"0,50 Eur","access":"yes","wheelchair":"yes","opening_hours":"24/7","operator":"Wall","description":"Berliner Toilette mit 1. Platz","password":null}},{"type":"Feature","geometry":{"type":"Point","coordinates":[13.3301176,52.5553583]},"properties":{"id":"way/561853635","source":"osm","name":null,"fee":null,"charge":null,"access":"customers","wheelchair":"yes","opening_hours":null,"operator":null,"description":null,"password":null}},{"type":"Feature","geometry":{"type":"Point","coordinates":[13.4429332,52.5160706]},"properties":{"id":"way/585057981","source":"osm","name":null,"fee":"no","charge":null,"access":"yes","wheelchair":"yes","opening_hours":"24/7","operator":"Wall","description":"Berliner Toilette","password":null}},{"type":"Feature","geometry":{"type":"Point","coordinates":[13.441469,52.495182]},"properties":{"id":"way/589626496","source":"osm","name":null,"fee":"yes","charge":null,"access":null,"wheelchair":"yes","opening_hours":null,"operator":"Wall","description":null,"password":null}},{"type":"Feature","geometry":{"type":"Point","coordinates":[13.2639463,52.5017876]},"properties":{"id":"way/591245430","source":"osm","name":null,"fee":null,"charge":null,"access":null,"wheelchair":null,"opening_hours":null,"operator":null,"description":null,"password":null}},{"type":"Feature","geometry":{"type":"Point","coordinates":[13.6090788,52.448153]},"properties":{"id":"way/594291929","source":"osm","name":null,"fee":null,"charge":null,"access":null,"wheelchair":null,"opening_hours":null,"operator":null,"description":null,"password":null}},{"type":"Feature","geometry":{"type":"Point","coordinates":[13.4945923,52.635647]},"properties":{"id":"way/604022612","source":"osm","name":"Berliner Toilette","fee":"yes","charge":"0.50 EUR","access":"yes","wheelchair":"yes","opening_hours":"24/7","operator":"Wall","description":"Berliner Toilette mit 1 Platz","password":null}},{"type":"Feature","geometry":{"type":"Point","coordinates":[13.5816295,52.5338452]},"properties":{"id":"way/617435914","source":"osm","name":null,"fee":"no","charge":null,"access":null,"wheelchair":"yes","opening_hours":null,"operator":null,"description":null,"password":null}},{"type":"Feature","geometry":{"type":"Point","coordinates":[13.2720349,52.5033674]},"properties":{"id":"way/618749296","source":"osm","name":null,"fee":null,"charge":null,"access":null,"wheelchair":null,"opening_hours":null,"operator":null,"description":null,"password":null}},{"type":"Feature","geometry":{"type":"Point","coordinates":[13.5342073,52.4320286]},"properties":{"id":"way/642677938","source":"osm","name":null,"fee":null,"charge":null,"access":"private","wheelchair":"yes","opening_hours":null,"operator":null,"description":null,"password":null}},{"type":"Feature","geometry":{"type":"Point","coordinates":[13.5342073,52.4320286]},"properties":{"id":"way/642677941","source":"osm","name":null,"fee":null,"charge":null,"access":"private","wheelchair":null,"opening_hours":null,"operator":null,"description":null,"password":null}},{"type":"Feature","geometry":{"type":"Point","coordinates":[13.5342073,52.4320286]},"properties":{"id":"way/642677944","source":"osm","name":null,"fee":null,"charge":null,"access":"private","wheelchair":null,"opening_hours":null,"operator":null,"description":null,"password":null}},{"type":"Feature","geometry":{"type":"Point","coordinates":[13.3755283,52.5163715]},"properties":{"id":"way/649565814","source":"osm","name":null,"fee":"no","charge":null,"access":"yes","wheelchair":"yes","opening_hours":"24/7","operator":"Wall","description":"Toilette ist kostenfrei nutzbar","password":null}},{"type":"Feature","geometry":{"type":"Point","coordinates":[13.533631,52.4324305]},"properties":{"id":"way/653450486","source":"osm","name":null,"fee":"no","charge":null,"access":"private","wheelchair":null,"opening_hours":null,"operator":null,"description":null,"password":null}},{"type":"Feature","geometry":{"type":"Point","coordinates":[13.5338458,52.4322948]},"properties":{"id":"way/653450491","source":"osm","name":null,"fee":"no","charge":null,"access":"private","wheelchair":null,"opening_hours":null,"operator":null,"description":null,"password":null}},{"type":"Feature","geometry":{"type":"Point","coordinates":[13.5336013,52.432452]},"properties":{"id":"way/653450549","source":"osm","name":null,"fee":"no","charge":null,"access":"private","wheelchair":"yes","opening_hours":null,"operator":null,"description":null,"password":null}},{"type":"Feature","geometry":{"type":"Point","coordinates":[13.5335564,52.4324467]},"properties":{"id":"way/653450578","source":"osm","name":null,"fee":"no","charge":null,"access":"private","wheelchair":null,"opening_hours":null,"operator":null,"description":null,"password":null}},{"type":"Feature","geometry":{"type":"Point","coordinates":[13.5338711,52.4322494]},"properties":{"id":"way/653450593","source":"osm","name":null,"fee":"no","charge":null,"access":"private","wheelchair":null,"opening_hours":null,"operator":null,"description":null,"password":null}},{"type":"Feature","geometry":{"type":"Point","coordinates":[13.4223788,52.4296107]},"properties":{"id":"way/662629215","source":"osm","name":null,"fee":"no","charge":null,"access":null,"wheelchair":"yes","opening_hours":null,"operator":null,"description":null,"password":null}},{"type":"Feature","geometry":{"type":"Point","coordinates":[13.3485694,52.5250024]},"properties":{"id":"way/697131620","source":"osm","name":null,"fee":null,"charge":null,"access":"customers","wheelchair":"no","opening_hours":null,"operator":null,"description":null,"password":null}},{"type":"Feature","geometry":{"type":"Point","coordinates":[13.5729143,52.5363128]},"properties":{"id":"way/719409083","source":"osm","name":null,"fee":"no","charge":null,"access":null,"wheelchair":"yes","opening_hours":null,"operator":null,"description":null,"password":null}},{"type":"Feature","geometry":{"type":"Point","coordinates":[13.4853824,52.5495378]},"properties":{"id":"way/720431025","source":"osm","name":null,"fee":"yes","charge":null,"access":"customers","wheelchair":null,"opening_hours":null,"operator":"Strandbad Orankesee","description":null,"password":null}},{"type":"Feature","geometry":{"type":"Point","coordinates":[13.323304,52.5410854]},"properties":{"id":"way/759414112","source":"osm","name":null,"fee":null,"charge":null,"access":"permissive","wheelchair":null,"opening_hours":null,"operator":null,"description":"Besuchertoilette der Gedenkstätte Plötzensee","password":null}},{"type":"Feature","geometry":{"type":"Point","coordinates":[13.3304523,52.5119311]},"properties":{"id":"way/761971888","source":"osm","name":null,"fee":"no","charge":null,"access":"permit","wheelchair":"no","opening_hours":null,"operator":null,"description":null,"password":null}},{"type":"Feature","geometry":{"type":"Point","coordinates":[13.2435547,52.5130222]},"properties":{"id":"way/764120891","source":"osm","name":"Berliner Toilette","fee":"yes","charge":"0,50 Eur","access":"yes","wheelchair":"no","opening_hours":"24/7","operator":"Wall GmbH","description":"Pissoir","password":null}},{"type":"Feature","geometry":{"type":"Point","coordinates":[13.2408181,52.5122068]},"properties":{"id":"way/764121532","source":"osm","name":"Berliner Toilette","fee":"yes","charge":"0,50 Euro","access":"yes","wheelchair":"yes","opening_hours":"24/7","operator":"Wall","description":"Berliner Toilette mit 2 Plätzen","password":null}},{"type":"Feature","geometry":{"type":"Point","coordinates":[13.2407025,52.5121723]},"properties":{"id":"way/764121533","source":"osm","name":"Berliner Toilette","fee":"yes","charge":"0,50 Eur","access":"yes","wheelchair":"no","opening_hours":"24/7","operator":"Wall GmbH","description":"Pissoir","password":null}},{"type":"Feature","geometry":{"type":"Point","coordinates":[13.2993707,52.4953331]},"properties":{"id":"way/784633800","source":"osm","name":"Berliner Toilette","fee":"yes","charge":null,"access":"yes","wheelchair":"yes","opening_hours":"24/7","operator":"Wall","description":"Berliner Toilette 1 Platz","password":null}},{"type":"Feature","geometry":{"type":"Point","coordinates":[13.6868263,52.4316656]},"properties":{"id":"way/836575935","source":"osm","name":null,"fee":null,"charge":null,"access":"private","wheelchair":null,"opening_hours":null,"operator":null,"description":null,"password":null}},{"type":"Feature","geometry":{"type":"Point","coordinates":[13.5473168,52.5009166]},"properties":{"id":"way/875527609","source":"osm","name":"Berliner Toilette","fee":"yes","charge":"0.50 EUR","access":"yes","wheelchair":"yes","opening_hours":"24/7","operator":"Wall","description":"Berliner Toilette 1 Platz mit 2 Pissoirs","password":null}},{"type":"Feature","geometry":{"type":"Point","coordinates":[13.138609,52.4723982]},"properties":{"id":"way/907507954","source":"osm","name":null,"fee":null,"charge":null,"access":"customers","wheelchair":"no","opening_hours":null,"operator":null,"description":null,"password":null}},{"type":"Feature","geometry":{"type":"Point","coordinates":[13.4454336,52.4740652]},"properties":{"id":"way/908199103","source":"osm","name":null,"fee":"yes","charge":"0.50 EUR","access":"yes","wheelchair":"yes","opening_hours":"24/7","operator":"Wall","description":"Berliner Toilette","password":null}},{"type":"Feature","geometry":{"type":"Point","coordinates":[13.2889246,52.6319876]},"properties":{"id":"way/908828742","source":"osm","name":"Berliner Toilette","fee":"yes","charge":null,"access":"yes","wheelchair":"yes","opening_hours":"24/7","operator":"Wall","description":null,"password":null}},{"type":"Feature","geometry":{"type":"Point","coordinates":[13.3939321,52.5609019]},"properties":{"id":"way/923136502","source":"osm","name":null,"fee":null,"charge":null,"access":"private","wheelchair":null,"opening_hours":null,"operator":null,"description":null,"password":null}},{"type":"Feature","geometry":{"type":"Point","coordinates":[13.4368411,52.4661533]},"properties":{"id":"way/930321034","source":"osm","name":"City Toilette","fee":"yes","charge":"0.50 EUR","access":"yes","wheelchair":"yes","opening_hours":"24/7","operator":"Wall","description":"Berliner Toilette","password":null}},{"type":"Feature","geometry":{"type":"Point","coordinates":[13.4493802,52.4739264]},"properties":{"id":"way/941707140","source":"osm","name":null,"fee":"yes","charge":null,"access":null,"wheelchair":"yes","opening_hours":"24/7","operator":"Wall","description":"Berliner Toilette","password":null}},{"type":"Feature","geometry":{"type":"Point","coordinates":[13.3776142,52.463961]},"properties":{"id":"way/943235117","source":"osm","name":"City Toilette","fee":"yes","charge":null,"access":null,"wheelchair":"yes","opening_hours":"24/7","operator":null,"description":null,"password":null}},{"type":"Feature","geometry":{"type":"Point","coordinates":[13.4658287,52.5571975]},"properties":{"id":"way/949069061","source":"osm","name":"Berliner Toilette","fee":"no","charge":null,"access":"yes","wheelchair":"yes","opening_hours":"24/7","operator":null,"description":"Berliner Toilette 1 Platz mit 2 Pissoirs","password":null}},{"type":"Feature","geometry":{"type":"Point","coordinates":[13.3468204,52.5604733]},"properties":{"id":"way/951654727","source":"osm","name":null,"fee":"yes","charge":null,"access":null,"wheelchair":"yes","opening_hours":"Mo-Su 00:00+","operator":null,"description":null,"password":null}},{"type":"Feature","geometry":{"type":"Point","coordinates":[13.428361,52.4799308]},"properties":{"id":"way/957155744","source":"osm","name":"City Toilette","fee":"yes","charge":"0.50 EUR","access":"yes","wheelchair":"yes","opening_hours":"Mo-Su 07:00-20:00","operator":"Wall","description":"Berliner Toilette","password":null}},{"type":"Feature","geometry":{"type":"Point","coordinates":[13.2819205,52.496718]},"properties":{"id":"way/961343969","source":"osm","name":null,"fee":"no","charge":null,"access":"yes","wheelchair":"no","opening_hours":"May-Sep: 00:00-24:00; Oct-Apr: off","operator":null,"description":null,"password":null}},{"type":"Feature","geometry":{"type":"Point","coordinates":[13.3708251,52.5632787]},"properties":{"id":"way/964655447","source":"osm","name":"Berliner Toilette","fee":"yes","charge":"0.50 EUR","access":"yes","wheelchair":"yes","opening_hours":"Mo-Su,PH 00:00-24:00","operator":"Wall","description":null,"password":null}},{"type":"Feature","geometry":{"type":"Point","coordinates":[13.3322692,52.5975415]},"properties":{"id":"way/973508738","source":"osm","name":null,"fee":"yes","charge":null,"access":null,"wheelchair":"yes","opening_hours":"24/7","operator":"Wall","description":"Berliner Toilette","password":null}},{"type":"Feature","geometry":{"type":"Point","coordinates":[13.4151606,52.502622]},"properties":{"id":"way/973566414","source":"osm","name":"City Toilette","fee":"yes","charge":"0.50 EUR","access":"yes","wheelchair":"yes","opening_hours":"24/7","operator":"Wall","description":"Berliner Toilette","password":null}},{"type":"Feature","geometry":{"type":"Point","coordinates":[13.4390247,52.4888085]},"properties":{"id":"way/982890365","source":"osm","name":"City Toilette","fee":"yes","charge":"0.50 EUR","access":"yes","wheelchair":"yes","opening_hours":"24/7","operator":"Wall","description":"Berliner Toilette","password":null}},{"type":"Feature","geometry":{"type":"Point","coordinates":[13.1489728,52.4525125]},"properties":{"id":"way/984699992","source":"osm","name":"Berliner Toilette","fee":"yes","charge":null,"access":"yes","wheelchair":"yes","opening_hours":"24/7","operator":"Wall","description":null,"password":null}},{"type":"Feature","geometry":{"type":"Point","coordinates":[13.463025,52.4245333]},"properties":{"id":"way/985962764","source":"osm","name":null,"fee":"yes","charge":null,"access":null,"wheelchair":"yes","opening_hours":"24/7","operator":"Wall","description":"Berliner Toilette","password":null}},{"type":"Feature","geometry":{"type":"Point","coordinates":[13.4199754,52.5102514]},"properties":{"id":"way/987497589","source":"osm","name":null,"fee":null,"charge":null,"access":"customers","wheelchair":null,"opening_hours":null,"operator":null,"description":null,"password":null}},{"type":"Feature","geometry":{"type":"Point","coordinates":[13.2144751,52.4402268]},"properties":{"id":"way/988020122","source":"osm","name":null,"fee":"yes","charge":null,"access":"yes","wheelchair":"yes","opening_hours":"24/7","operator":"Wall","description":"Berliner Toilette","password":null}},{"type":"Feature","geometry":{"type":"Point","coordinates":[13.3646656,52.6074295]},"properties":{"id":"way/989075394","source":"osm","name":"Berliner Toilette","fee":"no","charge":null,"access":"yes","wheelchair":"yes","opening_hours":"24/7","operator":"Wall","description":null,"password":null}},{"type":"Feature","geometry":{"type":"Point","coordinates":[13.4415091,52.4716619]},"properties":{"id":"way/989698751","source":"osm","name":null,"fee":"no","charge":null,"access":"yes","wheelchair":"no","opening_hours":"24/7","operator":"Wall","description":"Historische Toilette","password":null}},{"type":"Feature","geometry":{"type":"Point","coordinates":[13.4468989,52.503243]},"properties":{"id":"way/992247966","source":"osm","name":null,"fee":"no","charge":null,"access":"yes","wheelchair":"yes","opening_hours":"24/7","operator":"Wall","description":null,"password":null}},{"type":"Feature","geometry":{"type":"Point","coordinates":[13.3003776,52.4564198]},"properties":{"id":"way/992527100","source":"osm","name":null,"fee":null,"charge":null,"access":"customers","wheelchair":"no","opening_hours":null,"operator":null,"description":null,"password":null}},{"type":"Feature","geometry":{"type":"Point","coordinates":[13.3537628,52.5996606]},"properties":{"id":"way/998233719","source":"osm","name":"Berliner Toilette","fee":"yes","charge":"0.50 EUR","access":"yes","wheelchair":"yes","opening_hours":"24/7","operator":"Wall","description":null,"password":null}},{"type":"Feature","geometry":{"type":"Point","coordinates":[13.5666707,52.4868274]},"properties":{"id":"way/1002606013","source":"osm","name":"Berliner Toilette","fee":"no","charge":null,"access":"yes","wheelchair":"yes","opening_hours":"24/7","operator":"Wall GmbH","description":"Berliner Toilette 1 Platz mit 2 Pissoirs","password":null}},{"type":"Feature","geometry":{"type":"Point","coordinates":[13.2694664,52.4508462]},"properties":{"id":"way/1006919710","source":"osm","name":null,"fee":"yes","charge":null,"access":"yes","wheelchair":"yes","opening_hours":"24/7","operator":"Wall","description":"Berliner Toilette","password":null}},{"type":"Feature","geometry":{"type":"Point","coordinates":[13.5608877,52.5059486]},"properties":{"id":"way/1015846125","source":"osm","name":"Berliner Toilette","fee":"yes","charge":null,"access":"yes","wheelchair":"yes","opening_hours":"24/7","operator":"Wall","description":"Berliner Toilette 1 Platz mit 2 Pissoirs","password":null}},{"type":"Feature","geometry":{"type":"Point","coordinates":[13.4434219,52.5007992]},"properties":{"id":"way/1017243769","source":"osm","name":null,"fee":"no","charge":null,"access":"yes","wheelchair":"yes","opening_hours":"24/7","operator":"Wall","description":"Berliner Toilette","password":null}},{"type":"Feature","geometry":{"type":"Point","coordinates":[13.474043,52.4787227]},"properties":{"id":"way/1022431286","source":"osm","name":"Berliner Toilette","fee":"yes","charge":"0.50 EUR","access":"yes","wheelchair":"yes","opening_hours":"24/7","operator":null,"description":"Berliner Toilette","password":null}},{"type":"Feature","geometry":{"type":"Point","coordinates":[13.5598918,52.4794359]},"properties":{"id":"way/1022447922","source":"osm","name":"Berliner Toilette","fee":"yes","charge":"0.50 EUR","access":"yes","wheelchair":"yes","opening_hours":"24/7","operator":"Wall","description":"Berliner Toilette mit 1 Platz","password":null}},{"type":"Feature","geometry":{"type":"Point","coordinates":[13.5884403,52.5208509]},"properties":{"id":"way/1023944554","source":"osm","name":"Berliner Toilette","fee":"yes","charge":"0.50 EUR","access":"yes","wheelchair":"yes","opening_hours":"24/7","operator":"Wall","description":"Berliner Toilette mit 1 Platz","password":null}},{"type":"Feature","geometry":{"type":"Point","coordinates":[13.4073632,52.4894815]},"properties":{"id":"way/1025343514","source":"osm","name":null,"fee":"yes","charge":"0.50 EUR","access":"yes","wheelchair":"yes","opening_hours":"24/7","operator":"Wall GmbH","description":"Berliner Toilette 1 Platz mit 2 Pissoirs","password":null}},{"type":"Feature","geometry":{"type":"Point","coordinates":[13.432245,52.4990794]},"properties":{"id":"way/1035964576","source":"osm","name":null,"fee":"yes","charge":null,"access":"yes","wheelchair":"yes","opening_hours":"24/7","operator":"Wall","description":"Berliner Toilette","password":null}},{"type":"Feature","geometry":{"type":"Point","coordinates":[13.3689139,52.4927868]},"properties":{"id":"way/1036586160","source":"osm","name":"City Toilette","fee":"yes","charge":"0.50 EUR","access":"yes","wheelchair":"yes","opening_hours":"24/7","operator":"Wall","description":"Berliner Toilette","password":null}},{"type":"Feature","geometry":{"type":"Point","coordinates":[13.4019889,52.5419629]},"properties":{"id":"way/1039428837","source":"osm","name":null,"fee":"yes","charge":null,"access":"yes","wheelchair":"yes","opening_hours":null,"operator":null,"description":null,"password":null}},{"type":"Feature","geometry":{"type":"Point","coordinates":[13.3935015,52.5563841]},"properties":{"id":"way/1040571418","source":"osm","name":null,"fee":"yes","charge":null,"access":"yes","wheelchair":"yes","opening_hours":"24/7","operator":null,"description":null,"password":null}},{"type":"Feature","geometry":{"type":"Point","coordinates":[13.4723371,52.5378073]},"properties":{"id":"way/1046082950","source":"osm","name":null,"fee":"yes","charge":"0.5 EUR","access":"yes","wheelchair":"yes","opening_hours":"24/7","operator":"Wall","description":"Berliner Toilette","password":null}},{"type":"Feature","geometry":{"type":"Point","coordinates":[13.3319147,52.5072143]},"properties":{"id":"way/1047617426","source":"osm","name":null,"fee":"yes","charge":null,"access":"yes","wheelchair":"designated","opening_hours":null,"operator":"SANIFAIR GmbH","description":null,"password":null}},{"type":"Feature","geometry":{"type":"Point","coordinates":[13.3909815,52.4980383]},"properties":{"id":"way/1049691397","source":"osm","name":"Berliner Toilette","fee":"yes","charge":"0.50 EUR","access":"yes","wheelchair":"yes","opening_hours":"24/7","operator":"Wall","description":"Berliner Toilette","password":null}},{"type":"Feature","geometry":{"type":"Point","coordinates":[13.2885106,52.5881876]},"properties":{"id":"way/1051515112","source":"osm","name":"Berliner Toilette","fee":"no","charge":null,"access":"yes","wheelchair":"yes","opening_hours":"24/7","operator":null,"description":null,"password":null}},{"type":"Feature","geometry":{"type":"Point","coordinates":[13.3453301,52.4879461]},"properties":{"id":"way/1053159317","source":"osm","name":null,"fee":"yes","charge":"0.50 EUR","access":"yes","wheelchair":"yes","opening_hours":"24/7","operator":"Wall","description":"Berliner Toilette; zwei frei zugängliche Urinale","password":null}},{"type":"Feature","geometry":{"type":"Point","coordinates":[13.295457,52.4555782]},"properties":{"id":"way/1053960417","source":"osm","name":null,"fee":"no","charge":null,"access":null,"wheelchair":"no","opening_hours":null,"operator":null,"description":null,"password":null}},{"type":"Feature","geometry":{"type":"Point","coordinates":[13.2954977,52.4555374]},"properties":{"id":"way/1053960418","source":"osm","name":null,"fee":"no","charge":null,"access":null,"wheelchair":"no","opening_hours":null,"operator":null,"description":null,"password":null}},{"type":"Feature","geometry":{"type":"Point","coordinates":[13.5658666,52.570088]},"properties":{"id":"way/1054266954","source":"osm","name":"Berliner Toilette","fee":"yes","charge":null,"access":"yes","wheelchair":"yes","opening_hours":"24/7","operator":"Wall","description":"Berliner Toilette 1 Platz mit 2 Pissoirs","password":null}},{"type":"Feature","geometry":{"type":"Point","coordinates":[13.1948069,52.5131708]},"properties":{"id":"way/1054556851","source":"osm","name":null,"fee":"yes","charge":"0.50 EUR","access":"yes","wheelchair":"yes","opening_hours":"Mo-Su,PH 00:00-00:00","operator":null,"description":null,"password":null}},{"type":"Feature","geometry":{"type":"Point","coordinates":[13.4588703,52.5555563]},"properties":{"id":"way/1055261957","source":"osm","name":"Berliner Toilette","fee":"yes","charge":"0.50 EUR","access":"yes","wheelchair":"yes","opening_hours":"24/7","operator":"Wall","description":"Berliner Toilette 1 Platz mit 2 Pissoirs","password":null}},{"type":"Feature","geometry":{"type":"Point","coordinates":[13.346692,52.4824362]},"properties":{"id":"way/1055817353","source":"osm","name":"City Toilette","fee":"yes","charge":"0.50 EUR","access":"yes","wheelchair":"yes","opening_hours":"24/7","operator":"Wall","description":"Berliner Toilette","password":null}},{"type":"Feature","geometry":{"type":"Point","coordinates":[13.4806234,52.527326]},"properties":{"id":"way/1055890307","source":"osm","name":null,"fee":"yes","charge":"0.5 EUR","access":"yes","wheelchair":"yes","opening_hours":"24/7","operator":"Wall","description":"Berliner Toilette","password":null}},{"type":"Feature","geometry":{"type":"Point","coordinates":[13.4171528,52.4846496]},"properties":{"id":"way/1055967974","source":"osm","name":null,"fee":"no","charge":null,"access":"yes","wheelchair":"yes","opening_hours":"24/7","operator":"Wall","description":"Berliner Toilette","password":null}},{"type":"Feature","geometry":{"type":"Point","coordinates":[13.3595432,52.5034501]},"properties":{"id":"way/1056147463","source":"osm","name":null,"fee":"no","charge":null,"access":null,"wheelchair":"no","opening_hours":null,"operator":"EcoToiletten GmbH","description":null,"password":null}},{"type":"Feature","geometry":{"type":"Point","coordinates":[13.3584501,52.5008245]},"properties":{"id":"way/1056449303","source":"osm","name":null,"fee":"no","charge":null,"access":null,"wheelchair":"no","opening_hours":null,"operator":"EcoToiletten GmbH","description":null,"password":null}},{"type":"Feature","geometry":{"type":"Point","coordinates":[13.2746996,52.4351592]},"properties":{"id":"way/1060316246","source":"osm","name":null,"fee":"yes","charge":null,"access":"yes","wheelchair":"yes","opening_hours":"24/7","operator":"Wall","description":"Berliner Toilette","password":null}},{"type":"Feature","geometry":{"type":"Point","coordinates":[13.3405896,52.5181646]},"properties":{"id":"way/1064928397","source":"osm","name":null,"fee":"yes","charge":"0.50 EUR","access":"yes","wheelchair":"yes","opening_hours":"24/7","operator":"Wall","description":"Berliner Toilette","password":null}},{"type":"Feature","geometry":{"type":"Point","coordinates":[13.322299,52.4972014]},"properties":{"id":"way/1065257113","source":"osm","name":"Berliner Toilette","fee":"yes","charge":null,"access":"yes","wheelchair":"yes","opening_hours":"24/7","operator":"Wall","description":"Berliner Toilette mit 1.Platz","password":null}},{"type":"Feature","geometry":{"type":"Point","coordinates":[13.4512396,52.5481707]},"properties":{"id":"way/1069081166","source":"osm","name":"Berliner Toilette","fee":"no","charge":null,"access":"yes","wheelchair":"yes","opening_hours":"24/7","operator":null,"description":"Berliner Toilette mit 1.Platz","password":null}},{"type":"Feature","geometry":{"type":"Point","coordinates":[13.4381308,52.4787984]},"properties":{"id":"way/1071733765","source":"osm","name":null,"fee":"yes","charge":"0.50 EUR","access":null,"wheelchair":"yes","opening_hours":"24/7","operator":"Wall","description":"Berliner Toilette","password":null}},{"type":"Feature","geometry":{"type":"Point","coordinates":[13.2600603,52.5160107]},"properties":{"id":"way/1074369797","source":"osm","name":"Berliner Toilette","fee":"yes","charge":"0,50 Euro","access":"yes","wheelchair":"yes","opening_hours":"24/7","operator":"Wall GmbH","description":"Berliner Toilette mit einem Platz","password":null}},{"type":"Feature","geometry":{"type":"Point","coordinates":[13.5260106,52.4813042]},"properties":{"id":"way/1075122954","source":"osm","name":"Berliner Toilette","fee":"yes","charge":null,"access":"yes","wheelchair":"yes","opening_hours":"24/7","operator":"Wall GmbH","description":"Berliner Toilette mit 1 Platz","password":null}},{"type":"Feature","geometry":{"type":"Point","coordinates":[13.4007696,52.5116672]},"properties":{"id":"way/1075125653","source":"osm","name":null,"fee":"yes","charge":"0.50 EUR","access":"yes","wheelchair":"yes","opening_hours":"24/7","operator":"Wall","description":"Berliner Toilette","password":null}},{"type":"Feature","geometry":{"type":"Point","coordinates":[13.3781344,52.5289491]},"properties":{"id":"way/1075128825","source":"osm","name":null,"fee":"yes","charge":"0.50 EUR","access":"yes","wheelchair":"yes","opening_hours":"24/7","operator":"Wall","description":"Berliner Toilette","password":null}},{"type":"Feature","geometry":{"type":"Point","coordinates":[13.4135565,52.5126977]},"properties":{"id":"way/1075481505","source":"osm","name":null,"fee":"yes","charge":"0.50 EUR","access":"yes","wheelchair":"yes","opening_hours":"24/7","operator":"Wall","description":"Berliner Toilette","password":null}},{"type":"Feature","geometry":{"type":"Point","coordinates":[13.434582,52.5114992]},"properties":{"id":"way/1075486067","source":"osm","name":null,"fee":"no","charge":"0.00 EUR","access":"yes","wheelchair":"yes","opening_hours":"24/7","operator":"Wall","description":"Berliner Toilette 1. Platz mit 2 Pissoirs","password":null}},{"type":"Feature","geometry":{"type":"Point","coordinates":[13.3914359,52.5041138]},"properties":{"id":"way/1076000800","source":"osm","name":"Berliner Toilette","fee":"yes","charge":"0.50 EUR","access":"yes","wheelchair":"yes","opening_hours":"24/7","operator":"Wall","description":"Berliner Toilette","password":null}},{"type":"Feature","geometry":{"type":"Point","coordinates":[13.5052267,52.5486058]},"properties":{"id":"way/1080572349","source":"osm","name":"City Toilette","fee":"no","charge":null,"access":"yes","wheelchair":"yes","opening_hours":"24/7","operator":"Wall","description":"Berliner Toilette","password":null}},{"type":"Feature","geometry":{"type":"Point","coordinates":[13.4567347,52.5026601]},"properties":{"id":"way/1081624519","source":"osm","name":null,"fee":"yes","charge":"0.50 EUR","access":"yes","wheelchair":"yes","opening_hours":"24/7","operator":"Wall","description":"Berliner Toilette","password":null}},{"type":"Feature","geometry":{"type":"Point","coordinates":[13.4000277,52.5194968]},"properties":{"id":"way/1081811684","source":"osm","name":null,"fee":"yes","charge":"0.50 EUR","access":"yes","wheelchair":"yes","opening_hours":"24/7","operator":"Wall","description":"Berliner Toilette","password":null}},{"type":"Feature","geometry":{"type":"Point","coordinates":[13.3369234,52.4805095]},"properties":{"id":"way/1082369122","source":"osm","name":"Berliner Toilette","fee":"yes","charge":"0.50 EUR","access":"yes","wheelchair":"yes","opening_hours":"24/7","operator":"Wall","description":"Berliner Toilette 1 Platz mit 2 Pissoirs","password":null}},{"type":"Feature","geometry":{"type":"Point","coordinates":[13.3980634,52.4905309]},"properties":{"id":"way/1082385915","source":"osm","name":"Berliner Toilette","fee":"yes","charge":"0.50 EUR","access":"yes","wheelchair":"yes","opening_hours":"24/7","operator":null,"description":"Berliner Toilette 1 Platz mit 2 Pissoirs","password":null}},{"type":"Feature","geometry":{"type":"Point","coordinates":[13.366854,52.4972159]},"properties":{"id":"way/1082396481","source":"osm","name":"City Toilette","fee":"yes","charge":"0.50 EUR","access":"yes","wheelchair":"yes","opening_hours":"24/7","operator":"Wall","description":"Berliner Toilette","password":null}},{"type":"Feature","geometry":{"type":"Point","coordinates":[13.5909432,52.5313087]},"properties":{"id":"way/1082442851","source":"osm","name":"Berliner Toilette","fee":"yes","charge":"0.50 EUR","access":"yes","wheelchair":"yes","opening_hours":"24/7","operator":"Wall","description":"Berliner Toilette 2 Plätze mit 2 Pissoirs","password":null}},{"type":"Feature","geometry":{"type":"Point","coordinates":[13.601036,52.5358168]},"properties":{"id":"way/1082452685","source":"osm","name":"Berliner Toilette","fee":"yes","charge":"0.50 EUR","access":"yes","wheelchair":"yes","opening_hours":"24/7","operator":"Wall GmbH","description":"Berliner Toilette mit 1 Platz","password":null}},{"type":"Feature","geometry":{"type":"Point","coordinates":[13.4640413,52.4703028]},"properties":{"id":"way/1085414843","source":"osm","name":"City Toilette","fee":"yes","charge":null,"access":"yes","wheelchair":"yes","opening_hours":"24/7","operator":"Wall","description":"Berliner Toilette mit 2 frei zugänglichen Urinalen","password":null}},{"type":"Feature","geometry":{"type":"Point","coordinates":[13.5200428,52.5662707]},"properties":{"id":"way/1089596631","source":"osm","name":null,"fee":"yes","charge":"0.50 EUR","access":"yes","wheelchair":"yes","opening_hours":"24/7","operator":"Wall","description":"Berliner Toilette","password":null}},{"type":"Feature","geometry":{"type":"Point","coordinates":[13.439103,52.4950655]},"properties":{"id":"way/1090609181","source":"osm","name":null,"fee":"yes","charge":"0.5 EUR","access":"yes","wheelchair":"yes","opening_hours":"24/7","operator":"Wall GmbH","description":"Berliner Toilette mit 1 Platz","password":null}},{"type":"Feature","geometry":{"type":"Point","coordinates":[13.5380316,52.5279309]},"properties":{"id":"way/1090913370","source":"osm","name":"Berliner Toilette","fee":"yes","charge":null,"access":"yes","wheelchair":"yes","opening_hours":"24/7","operator":"Wall","description":"Berliner Toilette mit 1 Platz","password":null}},{"type":"Feature","geometry":{"type":"Point","coordinates":[13.5418604,52.457745]},"properties":{"id":"way/1092916622","source":"osm","name":"Berliner Toilette","fee":"yes","charge":"0.50 EUR","access":"yes","wheelchair":"yes","opening_hours":null,"operator":"Wall","description":null,"password":null}},{"type":"Feature","geometry":{"type":"Point","coordinates":[13.5266608,52.4585904]},"properties":{"id":"way/1092937449","source":"osm","name":"Berliner Toilette","fee":"yes","charge":"0.50 EUR","access":"yes","wheelchair":"yes","opening_hours":"Mo-Su,PH 00:00-00:00","operator":"Wall","description":"Berliner Toilette","password":null}},{"type":"Feature","geometry":{"type":"Point","coordinates":[13.5628197,52.4464996]},"properties":{"id":"way/1093045351","source":"osm","name":"Berliner Toilette","fee":"yes","charge":"0.50 EUR","access":"yes","wheelchair":"yes","opening_hours":"24/7","operator":"Wall","description":null,"password":null}},{"type":"Feature","geometry":{"type":"Point","coordinates":[13.3931019,52.4973311]},"properties":{"id":"way/1095023395","source":"osm","name":null,"fee":"yes","charge":"0.50 EUR","access":null,"wheelchair":"yes","opening_hours":"24/7","operator":"Wall","description":"Berliner Toilette","password":null}},{"type":"Feature","geometry":{"type":"Point","coordinates":[13.5492276,52.5443636]},"properties":{"id":"way/1096177801","source":"osm","name":"Berliner Toilette","fee":"yes","charge":null,"access":"yes","wheelchair":"yes","opening_hours":"24/7","operator":"Wall","description":"Berliner Toilette mit 1 Platz","password":null}},{"type":"Feature","geometry":{"type":"Point","coordinates":[13.485614,52.548085]},"properties":{"id":"way/1096707406","source":"osm","name":null,"fee":"yes","charge":"0.50 EUR","access":"yes","wheelchair":"yes","opening_hours":"24/7","operator":"Wall","description":"Berliner Toilette","password":null}},{"type":"Feature","geometry":{"type":"Point","coordinates":[13.4942047,52.5455599]},"properties":{"id":"way/1096902308","source":"osm","name":null,"fee":"yes","charge":"0.50 EUR","access":"yes","wheelchair":"yes","opening_hours":"24/7","operator":"Wall","description":"Berliner Toilette mit 1 Platz","password":null}},{"type":"Feature","geometry":{"type":"Point","coordinates":[13.5133986,52.5677786]},"properties":{"id":"way/1097263674","source":"osm","name":null,"fee":"yes","charge":"0.50 EUR","access":"yes","wheelchair":"yes","opening_hours":"24/7","operator":"Wall","description":"Berliner Toilette","password":null}},{"type":"Feature","geometry":{"type":"Point","coordinates":[13.524471,52.5646692]},"properties":{"id":"way/1097289890","source":"osm","name":"Berliner Toilette","fee":"yes","charge":"0.50 EUR","access":"yes","wheelchair":"yes","opening_hours":"24/7","operator":"Wall GmbH","description":"Berliner Toilette mit 1 Platz","password":null}},{"type":"Feature","geometry":{"type":"Point","coordinates":[13.6123978,52.5119317]},"properties":{"id":"way/1098971280","source":"osm","name":"Berliner Toilette","fee":"yes","charge":"0.50 EUR","access":"yes","wheelchair":"yes","opening_hours":"24/7","operator":"Wall GmbH","description":"Berliner Toilette 1 Platz mit 2 Pissoirs","password":null}},{"type":"Feature","geometry":{"type":"Point","coordinates":[13.3490902,52.4585721]},"properties":{"id":"way/1105812721","source":"osm","name":"Berliner Toilette","fee":"yes","charge":null,"access":"yes","wheelchair":"yes","opening_hours":null,"operator":"Wall","description":"Berliner Toilette","password":null}},{"type":"Feature","geometry":{"type":"Point","coordinates":[13.3214347,52.4572594]},"properties":{"id":"way/1105925642","source":"osm","name":"Berliner Toilette","fee":"yes","charge":null,"access":"yes","wheelchair":"yes","opening_hours":"24/7","operator":null,"description":"Berliner Toilette mit 2. Plätzen","password":null}},{"type":"Feature","geometry":{"type":"Point","coordinates":[13.3649447,52.5635221]},"properties":{"id":"way/1107077181","source":"osm","name":"Berliner Toilette","fee":"yes","charge":"0.50 EUR","access":"yes","wheelchair":"yes","opening_hours":null,"operator":"Wall","description":null,"password":null}},{"type":"Feature","geometry":{"type":"Point","coordinates":[13.5915399,52.5294207]},"properties":{"id":"way/1111469257","source":"osm","name":"Berliner Toilette","fee":"yes","charge":null,"access":"yes","wheelchair":"yes","opening_hours":"24/7","operator":"Wall","description":"Berliner Toilette mit 1 Platz","password":null}},{"type":"Feature","geometry":{"type":"Point","coordinates":[13.6047067,52.5393949]},"properties":{"id":"way/1111755076","source":"osm","name":"Berliner Toilette","fee":"yes","charge":"0.50 EUR","access":"yes","wheelchair":"yes","opening_hours":"24/7","operator":"Wall","description":"Berliner Toilette mit 1 Platz","password":null}},{"type":"Feature","geometry":{"type":"Point","coordinates":[13.6011564,52.4825565]},"properties":{"id":"way/1111943233","source":"osm","name":"Berliner Toilette","fee":"yes","charge":null,"access":"yes","wheelchair":"yes","opening_hours":"24/7","operator":"Wall","description":"Berliner Toilette mit 1 Platz","password":null}},{"type":"Feature","geometry":{"type":"Point","coordinates":[13.3527227,52.4843123]},"properties":{"id":"way/1112147276","source":"osm","name":null,"fee":"yes","charge":null,"access":"yes","wheelchair":"yes","opening_hours":"24/7","operator":"Wall","description":"Berliner Toilette","password":null}},{"type":"Feature","geometry":{"type":"Point","coordinates":[13.3086502,52.4672118]},"properties":{"id":"way/1112147837","source":"osm","name":null,"fee":"yes","charge":null,"access":"yes","wheelchair":"yes","opening_hours":null,"operator":"Wall","description":"Berliner Toilette","password":null}},{"type":"Feature","geometry":{"type":"Point","coordinates":[13.3434647,52.4786699]},"properties":{"id":"way/1112313746","source":"osm","name":null,"fee":"yes","charge":null,"access":null,"wheelchair":"yes","opening_hours":"24/7","operator":"Wall","description":null,"password":null}},{"type":"Feature","geometry":{"type":"Point","coordinates":[13.5891182,52.5394494]},"properties":{"id":"way/1112740675","source":"osm","name":"Berliner Toilette","fee":"yes","charge":"0.50 EUR","access":"yes","wheelchair":"yes","opening_hours":"24/7","operator":"Wall","description":"Berliner Toilette mit 1 Platz","password":null}},{"type":"Feature","geometry":{"type":"Point","coordinates":[13.3267103,52.5639282]},"properties":{"id":"way/1114870050","source":"osm","name":"Berliner Toilette","fee":"yes","charge":"0.50 EUR","access":null,"wheelchair":"yes","opening_hours":"24/7","operator":null,"description":"Berliner Toilette mit 1 Platz","password":null}},{"type":"Feature","geometry":{"type":"Point","coordinates":[13.3094555,52.4308685]},"properties":{"id":"way/1116849046","source":"osm","name":null,"fee":"yes","charge":null,"access":null,"wheelchair":"yes","opening_hours":null,"operator":"Wall","description":"Berliner Toilette","password":null}},{"type":"Feature","geometry":{"type":"Point","coordinates":[13.5208055,52.513548]},"properties":{"id":"way/1117611786","source":"osm","name":null,"fee":"yes","charge":null,"access":"yes","wheelchair":"yes","opening_hours":null,"operator":null,"description":null,"password":null}},{"type":"Feature","geometry":{"type":"Point","coordinates":[13.5392443,52.43443]},"properties":{"id":"way/1117717206","source":"osm","name":"Berliner Toilette","fee":"yes","charge":"0.5 EUR","access":"yes","wheelchair":"yes","opening_hours":"24/7","operator":"Wall GmbH","description":null,"password":null}},{"type":"Feature","geometry":{"type":"Point","coordinates":[13.341636,52.4696402]},"properties":{"id":"way/1117926328","source":"osm","name":"Berliner Toilette","fee":"yes","charge":null,"access":null,"wheelchair":"yes","opening_hours":null,"operator":"Wall","description":"Berliner Toilette","password":null}},{"type":"Feature","geometry":{"type":"Point","coordinates":[13.3557001,52.4592643]},"properties":{"id":"way/1119960839","source":"osm","name":null,"fee":"yes","charge":"0.5 EUR","access":"yes","wheelchair":"yes","opening_hours":null,"operator":"Wall","description":"Berliner Toilette","password":null}},{"type":"Feature","geometry":{"type":"Point","coordinates":[13.3914441,52.5141798]},"properties":{"id":"way/1124910122","source":"osm","name":null,"fee":"yes","charge":null,"access":"yes","wheelchair":"yes","opening_hours":"24/7","operator":"Wall","description":"Berliner Toilette","password":null}},{"type":"Feature","geometry":{"type":"Point","coordinates":[13.4795779,52.518991]},"properties":{"id":"way/1125999716","source":"osm","name":"Berliner Toilette","fee":"yes","charge":"0.50 EUR","access":"yes","wheelchair":"yes","opening_hours":"24/7","operator":"Wall GmbH","description":"Berliner Toilette 1 Platz mit 2 Pissoirs","password":null}},{"type":"Feature","geometry":{"type":"Point","coordinates":[13.400313,52.5219982]},"properties":{"id":"way/1126615458","source":"osm","name":null,"fee":"no","charge":null,"access":"yes","wheelchair":"yes","opening_hours":"24/7","operator":"Wall","description":"Berliner Toilette","password":null}},{"type":"Feature","geometry":{"type":"Point","coordinates":[13.508815,52.5150423]},"properties":{"id":"way/1127460883","source":"osm","name":"Berliner Toilette","fee":"no","charge":null,"access":"yes","wheelchair":"yes","opening_hours":"24/7","operator":"Wall GmbH","description":"Berliner Toilette mit 1 Platz","password":null}},{"type":"Feature","geometry":{"type":"Point","coordinates":[13.4370925,52.53359]},"properties":{"id":"way/1128197394","source":"osm","name":"Berliner Toilette","fee":"yes","charge":null,"access":"yes","wheelchair":"yes","opening_hours":"24/7","operator":"Wall","description":"Berliner Toilette 1 Platz mit 2 Pissoirs","password":null}},{"type":"Feature","geometry":{"type":"Point","coordinates":[13.4726288,52.5156391]},"properties":{"id":"way/1130832267","source":"osm","name":null,"fee":"yes","charge":"0.50 EUR","access":"yes","wheelchair":"yes","opening_hours":"24/7","operator":"Wall","description":"Berliner Toilette","password":null}},{"type":"Feature","geometry":{"type":"Point","coordinates":[13.5138504,52.4646472]},"properties":{"id":"way/1131207866","source":"osm","name":"Berliner Toilette","fee":"yes","charge":"0.50 EUR","access":"yes","wheelchair":"yes","opening_hours":null,"operator":"Wall","description":"Berliner Toilette","password":null}},{"type":"Feature","geometry":{"type":"Point","coordinates":[13.7209195,52.4391134]},"properties":{"id":"way/1132126187","source":"osm","name":"Berliner Toilette","fee":"no","charge":null,"access":"yes","wheelchair":"yes","opening_hours":null,"operator":null,"description":"Berliner Toilette","password":null}},{"type":"Feature","geometry":{"type":"Point","coordinates":[13.3280333,52.4725924]},"properties":{"id":"way/1132246673","source":"osm","name":null,"fee":"yes","charge":null,"access":"yes","wheelchair":"yes","opening_hours":"24/7","operator":"Wall","description":"Berliner Toilette","password":null}},{"type":"Feature","geometry":{"type":"Point","coordinates":[13.4655084,52.5244414]},"properties":{"id":"way/1132938736","source":"osm","name":null,"fee":"yes","charge":null,"access":null,"wheelchair":"yes","opening_hours":"24/7","operator":"Wall","description":null,"password":null}},{"type":"Feature","geometry":{"type":"Point","coordinates":[13.4706763,52.5310136]},"properties":{"id":"way/1133126940","source":"osm","name":"Berliner Toilette","fee":"yes","charge":"0.50 EUR","access":"yes","wheelchair":"yes","opening_hours":"24/7","operator":"Wall GmbH","description":"Berliner Toilette 1 Platz mit 2 Pissoirs","password":null}},{"type":"Feature","geometry":{"type":"Point","coordinates":[13.342916,52.4506929]},"properties":{"id":"way/1133489422","source":"osm","name":null,"fee":"yes","charge":null,"access":"yes","wheelchair":"yes","opening_hours":"Mo-Su 00:00-24:00","operator":"Wall","description":null,"password":null}},{"type":"Feature","geometry":{"type":"Point","coordinates":[13.4205556,52.6071451]},"properties":{"id":"way/1133554487","source":"osm","name":"Berliner Toilette","fee":"yes","charge":null,"access":"yes","wheelchair":"yes","opening_hours":"24/7","operator":null,"description":"Berliner Toilette mit 1. Toilettenplatz","password":null}},{"type":"Feature","geometry":{"type":"Point","coordinates":[13.4499401,52.5220562]},"properties":{"id":"way/1133631126","source":"osm","name":"Berliner Toilette","fee":"no","charge":"0.00 EUR","access":"yes","wheelchair":"yes","opening_hours":"24/7","operator":"Wall","description":"Berliner Toilette 1 Platz mit 2 Pissoirs","password":null}},{"type":"Feature","geometry":{"type":"Point","coordinates":[13.4969854,52.569843]},"properties":{"id":"way/1134425617","source":"osm","name":null,"fee":"yes","charge":null,"access":"yes","wheelchair":"yes","opening_hours":null,"operator":"Wall","description":null,"password":null}},{"type":"Feature","geometry":{"type":"Point","coordinates":[13.4813049,52.5388887]},"properties":{"id":"way/1135196872","source":"osm","name":null,"fee":"yes","charge":"0.50 EUR","access":"yes","wheelchair":"yes","opening_hours":"24/7","operator":"Wall","description":"Berliner Toilette","password":null}},{"type":"Feature","geometry":{"type":"Point","coordinates":[13.4053617,52.5467309]},"properties":{"id":"way/1135608299","source":"osm","name":"Berliner Toilette","fee":"yes","charge":null,"access":"yes","wheelchair":"yes","opening_hours":"24/7","operator":"Wall GmbH","description":"Berliner Toilette 1 Platz mit 2 Pissoirs","password":null}},{"type":"Feature","geometry":{"type":"Point","coordinates":[13.3962009,52.3968916]},"properties":{"id":"way/1135786913","source":"osm","name":null,"fee":"yes","charge":null,"access":"yes","wheelchair":"yes","opening_hours":null,"operator":"Wall","description":null,"password":null}},{"type":"Feature","geometry":{"type":"Point","coordinates":[13.4382179,52.5415018]},"properties":{"id":"way/1136469435","source":"osm","name":"Berliner Toilette","fee":"yes","charge":null,"access":"yes","wheelchair":"yes","opening_hours":"24/7","operator":null,"description":"Berliner Toilette mit 1.Platz","password":null}},{"type":"Feature","geometry":{"type":"Point","coordinates":[13.3048552,52.417637]},"properties":{"id":"way/1136712725","source":"osm","name":null,"fee":"yes","charge":null,"access":null,"wheelchair":"yes","opening_hours":null,"operator":"Wall","description":"Berliner Toilette","password":null}},{"type":"Feature","geometry":{"type":"Point","coordinates":[13.4133925,52.5506762]},"properties":{"id":"way/1138190255","source":"osm","name":"Berliner Toilette","fee":"yes","charge":"0.50 EUR","access":"yes","wheelchair":"yes","opening_hours":"24/7","operator":null,"description":"Berliner Toilette mit 1.Platz","password":null}},{"type":"Feature","geometry":{"type":"Point","coordinates":[13.4119165,52.5430493]},"properties":{"id":"way/1138190268","source":"osm","name":"Berliner Toilette","fee":"no","charge":null,"access":"yes","wheelchair":"yes","opening_hours":"24/7","operator":null,"description":"Berliner Toilette 1 Platz mit 2 Pissoirs","password":null}},{"type":"Feature","geometry":{"type":"Point","coordinates":[13.2691618,52.5926615]},"properties":{"id":"way/1143944236","source":"osm","name":"Berliner Toilette","fee":"yes","charge":"0.50 EUR","access":"yes","wheelchair":"yes","opening_hours":"24/7","operator":"Wall","description":null,"password":null}},{"type":"Feature","geometry":{"type":"Point","coordinates":[13.2724778,52.589148]},"properties":{"id":"way/1143945819","source":"osm","name":"City-Toilette","fee":"yes","charge":null,"access":"yes","wheelchair":"yes","opening_hours":null,"operator":"Wall","description":null,"password":null}},{"type":"Feature","geometry":{"type":"Point","coordinates":[13.3665915,52.4498275]},"properties":{"id":"way/1147642665","source":"osm","name":null,"fee":"yes","charge":null,"access":"yes","wheelchair":"yes","opening_hours":"24/7","operator":"Wall","description":"Berliner Toilette","password":null}},{"type":"Feature","geometry":{"type":"Point","coordinates":[13.466229,52.552606]},"properties":{"id":"way/1151953653","source":"osm","name":"Berliner Toilette","fee":"no","charge":null,"access":"yes","wheelchair":"yes","opening_hours":"24/7","operator":null,"description":"Berliner Toilette 1 Platz mit 2 Pissoirs","password":null}},{"type":"Feature","geometry":{"type":"Point","coordinates":[13.385224,52.4702307]},"properties":{"id":"way/1152961852","source":"osm","name":"City Toilette","fee":"yes","charge":null,"access":null,"wheelchair":"yes","opening_hours":"24/7","operator":"Wall","description":null,"password":null}},{"type":"Feature","geometry":{"type":"Point","coordinates":[13.4023746,52.531442]},"properties":{"id":"way/1158223851","source":"osm","name":null,"fee":"yes","charge":"0.50 EUR","access":"yes","wheelchair":"yes","opening_hours":"24/7","operator":"Wall","description":"Berliner Toilette","password":null}},{"type":"Feature","geometry":{"type":"Point","coordinates":[13.6253911,52.4577676]},"properties":{"id":"way/1161638257","source":"osm","name":"Berliner Toilette","fee":"yes","charge":"0.5 EUR","access":"yes","wheelchair":"yes","opening_hours":"24/7","operator":null,"description":"Berliner Toilette","password":null}},{"type":"Feature","geometry":{"type":"Point","coordinates":[13.5075764,52.4923968]},"properties":{"id":"way/1162706258","source":"osm","name":null,"fee":"yes","charge":null,"access":null,"wheelchair":"yes","opening_hours":"24/7","operator":"Wall","description":"Berliner Toilette","password":null}},{"type":"Feature","geometry":{"type":"Point","coordinates":[13.4993326,52.5105492]},"properties":{"id":"way/1164107373","source":"osm","name":"Berliner Toilette","fee":"yes","charge":"0.50 EUR","access":"yes","wheelchair":"yes","opening_hours":"24/7","operator":"Wall GmbH","description":"Berliner Toilette mit 1 Platz","password":null}},{"type":"Feature","geometry":{"type":"Point","coordinates":[13.3670075,52.4938233]},"properties":{"id":"way/1169510759","source":"osm","name":null,"fee":"yes","charge":null,"access":null,"wheelchair":"yes","opening_hours":"24/7","operator":"Wall","description":"Berliner Toilette","password":null}},{"type":"Feature","geometry":{"type":"Point","coordinates":[13.5227185,52.4974747]},"properties":{"id":"way/1169782558","source":"osm","name":null,"fee":"yes","charge":"0.50 EUR","access":"yes","wheelchair":"yes","opening_hours":"24/7","operator":null,"description":null,"password":null}},{"type":"Feature","geometry":{"type":"Point","coordinates":[13.3911355,52.501258]},"properties":{"id":"way/1170003522","source":"osm","name":"Berliner Toilette","fee":"yes","charge":"0.5 EUR","access":"yes","wheelchair":"yes","opening_hours":"24/7","operator":"Wall GmbH","description":"Berliner Toilette mit 1 Platz","password":null}},{"type":"Feature","geometry":{"type":"Point","coordinates":[13.4328637,52.4221192]},"properties":{"id":"way/1172473691","source":"osm","name":null,"fee":"yes","charge":"0.50 EUR","access":"yes","wheelchair":"yes","opening_hours":"24/7","operator":"Wall","description":"Berliner Toilette","password":null}},{"type":"Feature","geometry":{"type":"Point","coordinates":[13.3927952,52.4966303]},"properties":{"id":"way/1174516615","source":"osm","name":null,"fee":"no","charge":null,"access":"yes","wheelchair":"yes","opening_hours":null,"operator":null,"description":null,"password":null}},{"type":"Feature","geometry":{"type":"Point","coordinates":[13.3302053,52.4966248]},"properties":{"id":"way/1174667907","source":"osm","name":null,"fee":"yes","charge":"0.50 Eur","access":"yes","wheelchair":"yes","opening_hours":"24/7","operator":"Wall","description":"Berliner Toilette mit 1. Platz","password":null}},{"type":"Feature","geometry":{"type":"Point","coordinates":[13.348148,52.4852811]},"properties":{"id":"way/1176238327","source":"osm","name":null,"fee":"no","charge":null,"access":"yes","wheelchair":"yes","opening_hours":"24/7","operator":"EcoToiletten GmbH","description":"Es handelt sich um eine autarke Trockentoilette mit 3 Kabinen. Es gibt eine barrierefreie Kabine mit Sitztoilette, Wasch- (kein Trinkwasser) und Wickeltisch, ein Hock-Urinal und ein Steh-Urinal. Die Toilette ist kostenfrei und ganztägig geöffnet.","password":null}},{"type":"Feature","geometry":{"type":"Point","coordinates":[13.3480558,52.6011235]},"properties":{"id":"way/1181829929","source":"osm","name":null,"fee":"no","charge":null,"access":"yes","wheelchair":"yes","opening_hours":null,"operator":null,"description":null,"password":null}},{"type":"Feature","geometry":{"type":"Point","coordinates":[13.4768809,52.5131441]},"properties":{"id":"way/1182219667","source":"osm","name":"Berliner Toilette","fee":"yes","charge":null,"access":"yes","wheelchair":"yes","opening_hours":"24/7","operator":"Wall","description":"Berliner Toilette mit 1 Platz","password":null}},{"type":"Feature","geometry":{"type":"Point","coordinates":[13.472594,52.4973082]},"properties":{"id":"way/1182992364","source":"osm","name":null,"fee":"no","charge":null,"access":"yes","wheelchair":"yes","opening_hours":null,"operator":null,"description":null,"password":null}},{"type":"Feature","geometry":{"type":"Point","coordinates":[13.5701375,52.5484914]},"properties":{"id":"way/1183762461","source":"osm","name":"Berliner Toilette","fee":"yes","charge":"0.50 EUR","access":"yes","wheelchair":"yes","opening_hours":"24/7","operator":"Wall GmbH","description":"Berliner Toilette mit 1 Platz","password":null}},{"type":"Feature","geometry":{"type":"Point","coordinates":[13.3888795,52.5695374]},"properties":{"id":"way/1183945004","source":"osm","name":"Berliner Toilette","fee":"no","charge":null,"access":"yes","wheelchair":"yes","opening_hours":"24/7","operator":null,"description":"Berliner Toilette 1 Platz mit 2 Pissoirs","password":null}},{"type":"Feature","geometry":{"type":"Point","coordinates":[13.355934,52.5554294]},"properties":{"id":"way/1184396101","source":"osm","name":"City Toilette","fee":"yes","charge":null,"access":null,"wheelchair":"yes","opening_hours":"24/7","operator":null,"description":null,"password":null}},{"type":"Feature","geometry":{"type":"Point","coordinates":[13.4655412,52.5045427]},"properties":{"id":"way/1184609686","source":"osm","name":null,"fee":"yes","charge":"0.50 EUR","access":"yes","wheelchair":"yes","opening_hours":"24/7","operator":"Wall","description":"Berliner Toilette","password":null}},{"type":"Feature","geometry":{"type":"Point","coordinates":[13.5262904,52.4697451]},"properties":{"id":"way/1185070969","source":"osm","name":null,"fee":"no","charge":null,"access":"yes","wheelchair":"yes","opening_hours":null,"operator":null,"description":null,"password":null}},{"type":"Feature","geometry":{"type":"Point","coordinates":[13.3585524,52.5634498]},"properties":{"id":"way/1188287038","source":"osm","name":"Berliner Toilette","fee":"yes","charge":"0.50 EUR","access":"yes","wheelchair":"yes","opening_hours":"24/7","operator":"Wall","description":"Berliner Toilette mit 2 Toiletten","password":null}},{"type":"Feature","geometry":{"type":"Point","coordinates":[13.1188053,52.4712772]},"properties":{"id":"way/1190742089","source":"osm","name":null,"fee":"no","charge":null,"access":null,"wheelchair":"no","opening_hours":"Apr-Oct","operator":null,"description":null,"password":null}},{"type":"Feature","geometry":{"type":"Point","coordinates":[13.4066171,52.4966657]},"properties":{"id":"way/1190855956","source":"osm","name":"City Toilette","fee":"yes","charge":"0.50 EUR","access":"yes","wheelchair":"yes","opening_hours":"24/7","operator":"Wall","description":"Berliner Toilette","password":null}},{"type":"Feature","geometry":{"type":"Point","coordinates":[13.5499046,52.4678763]},"properties":{"id":"way/1190884771","source":"osm","name":"Parktoilette","fee":"no","charge":null,"access":"yes","wheelchair":"yes","opening_hours":null,"operator":"EcoToiletten","description":null,"password":null}},{"type":"Feature","geometry":{"type":"Point","coordinates":[13.4101496,52.3877796]},"properties":{"id":"way/1191225945","source":"osm","name":null,"fee":"yes","charge":null,"access":"yes","wheelchair":"yes","opening_hours":null,"operator":"Wall","description":"Berliner Toilette","password":null}},{"type":"Feature","geometry":{"type":"Point","coordinates":[13.3379387,52.526506]},"properties":{"id":"way/1192089690","source":"osm","name":null,"fee":null,"charge":null,"access":"private","wheelchair":"no","opening_hours":null,"operator":"BVG","description":null,"password":null}},{"type":"Feature","geometry":{"type":"Point","coordinates":[13.3834898,52.5560273]},"properties":{"id":"way/1192185275","source":"osm","name":"Berliner Toilette","fee":"yes","charge":null,"access":null,"wheelchair":"yes","opening_hours":null,"operator":"Wall","description":"Berliner Toilette - commercial restroom","password":null}},{"type":"Feature","geometry":{"type":"Point","coordinates":[13.4785921,52.4975158]},"properties":{"id":"way/1198953535","source":"osm","name":null,"fee":"yes","charge":"0.5 EUR","access":"yes","wheelchair":"yes","opening_hours":"24/7","operator":null,"description":null,"password":null}},{"type":"Feature","geometry":{"type":"Point","coordinates":[13.4377305,52.4971867]},"properties":{"id":"way/1202217782","source":"osm","name":null,"fee":"yes","charge":"0.5 EUR","access":"yes","wheelchair":"yes","opening_hours":"24/7","operator":null,"description":null,"password":null}},{"type":"Feature","geometry":{"type":"Point","coordinates":[13.2818646,52.4766817]},"properties":{"id":"way/1203114899","source":"osm","name":"Berliner Toilette","fee":"yes","charge":null,"access":"yes","wheelchair":"yes","opening_hours":"24/7","operator":"Wall","description":"Berliner Toilette mit 1.Platz","password":null}},{"type":"Feature","geometry":{"type":"Point","coordinates":[13.5043578,52.5644035]},"properties":{"id":"way/1203149905","source":"osm","name":"Berliner Toilette","fee":"yes","charge":"0.50 EUR","access":"yes","wheelchair":"yes","opening_hours":"24/7","operator":"Wall","description":"Berliner Toilette mit 1 Platz","password":null}},{"type":"Feature","geometry":{"type":"Point","coordinates":[13.2011747,52.5383181]},"properties":{"id":"way/1203848218","source":"osm","name":null,"fee":"yes","charge":null,"access":"yes","wheelchair":"yes","opening_hours":"24/7","operator":"Wall","description":"Berliner Toilette","password":null}},{"type":"Feature","geometry":{"type":"Point","coordinates":[13.4176756,52.5170472]},"properties":{"id":"way/1204673062","source":"osm","name":null,"fee":"no","charge":null,"access":"permissive","wheelchair":null,"opening_hours":null,"operator":null,"description":null,"password":null}},{"type":"Feature","geometry":{"type":"Point","coordinates":[13.4178679,52.5169583]},"properties":{"id":"way/1207866510","source":"osm","name":null,"fee":"no","charge":null,"access":"permissive","wheelchair":null,"opening_hours":null,"operator":null,"description":null,"password":null}},{"type":"Feature","geometry":{"type":"Point","coordinates":[13.4178716,52.516915]},"properties":{"id":"way/1207866511","source":"osm","name":null,"fee":"no","charge":null,"access":"permissive","wheelchair":null,"opening_hours":null,"operator":null,"description":null,"password":null}},{"type":"Feature","geometry":{"type":"Point","coordinates":[13.4178478,52.5169338]},"properties":{"id":"way/1207866516","source":"osm","name":null,"fee":"no","charge":null,"access":"permissive","wheelchair":null,"opening_hours":null,"operator":null,"description":null,"password":null}},{"type":"Feature","geometry":{"type":"Point","coordinates":[13.3742914,52.5055457]},"properties":{"id":"way/1211200081","source":"osm","name":"Berliner Toilette","fee":"yes","charge":null,"access":"yes","wheelchair":"yes","opening_hours":"24/7","operator":"Wall","description":"Berliner Toilette","password":null}},{"type":"Feature","geometry":{"type":"Point","coordinates":[13.3780423,52.5027276]},"properties":{"id":"way/1211206740","source":"osm","name":"City Toilette","fee":"yes","charge":"0.50 EUR","access":"yes","wheelchair":"yes","opening_hours":"24/7","operator":"Wall","description":"Berliner Toilette","password":null}},{"type":"Feature","geometry":{"type":"Point","coordinates":[13.413296,52.5537502]},"properties":{"id":"way/1212489236","source":"osm","name":"Berliner Toilette","fee":"yes","charge":"0.50 EUR","access":"yes","wheelchair":"yes","opening_hours":"24/7","operator":"Wall","description":"Berliner Toilette mit 1 Platz","password":null}},{"type":"Feature","geometry":{"type":"Point","coordinates":[13.2383555,52.5444092]},"properties":{"id":"way/1213928562","source":"osm","name":"Öffentliche Toilette","fee":"yes","charge":null,"access":"yes","wheelchair":"yes","opening_hours":"24/7","operator":"Wall","description":null,"password":null}},{"type":"Feature","geometry":{"type":"Point","coordinates":[13.4140231,52.5082791]},"properties":{"id":"way/1216020266","source":"osm","name":null,"fee":"yes","charge":null,"access":"yes","wheelchair":"yes","opening_hours":"24/7","operator":"Wall","description":"Berliner Toilette","password":null}},{"type":"Feature","geometry":{"type":"Point","coordinates":[13.5041278,52.5024857]},"properties":{"id":"way/1217336848","source":"osm","name":null,"fee":"yes","charge":"0.50 EUR","access":"yes","wheelchair":"yes","opening_hours":"24/7","operator":"Wall","description":"Berliner Toilette","password":null}},{"type":"Feature","geometry":{"type":"Point","coordinates":[13.418067,52.4625722]},"properties":{"id":"way/1217503720","source":"osm","name":null,"fee":"yes","charge":"0.50 EUR","access":null,"wheelchair":"yes","opening_hours":"24/7","operator":"Wall","description":"Berliner Toilette","password":null}},{"type":"Feature","geometry":{"type":"Point","coordinates":[13.4868014,52.4659411]},"properties":{"id":"way/1218621155","source":"osm","name":"Berliner Toilette","fee":"yes","charge":null,"access":"yes","wheelchair":"yes","opening_hours":"24/7","operator":"Wall GmbH","description":"Berliner Toilette","password":null}},{"type":"Feature","geometry":{"type":"Point","coordinates":[13.1631565,52.5213165]},"properties":{"id":"way/1220012010","source":"osm","name":null,"fee":"no","charge":null,"access":null,"wheelchair":"yes","opening_hours":null,"operator":null,"description":null,"password":null}},{"type":"Feature","geometry":{"type":"Point","coordinates":[13.4800328,52.4853332]},"properties":{"id":"way/1220175644","source":"osm","name":null,"fee":"no","charge":null,"access":"yes","wheelchair":"yes","opening_hours":null,"operator":"Wall","description":null,"password":null}},{"type":"Feature","geometry":{"type":"Point","coordinates":[13.5742524,52.4136925]},"properties":{"id":"way/1221426717","source":"osm","name":null,"fee":"no","charge":null,"access":"yes","wheelchair":"yes","opening_hours":"24/7","operator":null,"description":"Berliner Toilette","password":null}},{"type":"Feature","geometry":{"type":"Point","coordinates":[13.4610808,52.519954]},"properties":{"id":"way/1222414406","source":"osm","name":"Berliner Toilette","fee":"yes","charge":"0.50 EUR","access":"yes","wheelchair":"yes","opening_hours":"24/7","operator":"Wall GmbH","description":"Berliner Toilette mit 1 Platz","password":null}},{"type":"Feature","geometry":{"type":"Point","coordinates":[13.4473265,52.5115012]},"properties":{"id":"way/1225376729","source":"osm","name":"Berliner Toilette","fee":"yes","charge":"0.50 EUR","access":"yes","wheelchair":"yes","opening_hours":"24/7","operator":"Wall","description":"Berliner Toilette 1 Platz mit 2 Pissoirs","password":null}},{"type":"Feature","geometry":{"type":"Point","coordinates":[13.3365138,52.552623]},"properties":{"id":"way/1225895640","source":"osm","name":null,"fee":"no","charge":null,"access":"yes","wheelchair":"yes","opening_hours":"24/7","operator":"Wall","description":"Berliner Toilette","password":null}},{"type":"Feature","geometry":{"type":"Point","coordinates":[13.4885185,52.6176442]},"properties":{"id":"way/1226646967","source":"osm","name":"Berliner Toilette","fee":"yes","charge":null,"access":"yes","wheelchair":"yes","opening_hours":"24/7","operator":null,"description":"Berliner Toilette mit 1.Platz","password":null}},{"type":"Feature","geometry":{"type":"Point","coordinates":[13.3920151,52.4396999]},"properties":{"id":"way/1227161907","source":"osm","name":null,"fee":"no","charge":null,"access":null,"wheelchair":"yes","opening_hours":null,"operator":null,"description":null,"password":null}},{"type":"Feature","geometry":{"type":"Point","coordinates":[13.3483981,52.5561209]},"properties":{"id":"way/1229005802","source":"osm","name":"City Toilette","fee":"yes","charge":null,"access":null,"wheelchair":"yes","opening_hours":"24/7","operator":null,"description":null,"password":null}},{"type":"Feature","geometry":{"type":"Point","coordinates":[13.4389077,52.47372]},"properties":{"id":"way/1243101639","source":"osm","name":"City Toilette","fee":"yes","charge":"0.50 EUR","access":"yes","wheelchair":"yes","opening_hours":"24/7","operator":"Wall","description":"Berliner Toilette","password":null}},{"type":"Feature","geometry":{"type":"Point","coordinates":[13.4402459,52.4476735]},"properties":{"id":"way/1243101757","source":"osm","name":null,"fee":"yes","charge":"0.50 EUR","access":"yes","wheelchair":"yes","opening_hours":"24/7","operator":"Wall","description":"Berliner Toilette","password":null}},{"type":"Feature","geometry":{"type":"Point","coordinates":[13.4144438,52.4949754]},"properties":{"id":"way/1243195978","source":"osm","name":"City Toilette","fee":"yes","charge":"0.50 EUR","access":"yes","wheelchair":"yes","opening_hours":"24/7","operator":"Wall","description":"Berliner Toilette","password":null}},{"type":"Feature","geometry":{"type":"Point","coordinates":[13.3775799,52.4893287]},"properties":{"id":"way/1243196965","source":"osm","name":"City Toilette","fee":"yes","charge":"0.50 EUR","access":"yes","wheelchair":"yes","opening_hours":"24/7","operator":"Wall","description":"Berliner Toilette","password":null}},{"type":"Feature","geometry":{"type":"Point","coordinates":[13.3631174,52.4999019]},"properties":{"id":"way/1243197133","source":"osm","name":"Berliner Toilette","fee":"yes","charge":"0.50 EUR","access":"yes","wheelchair":"yes","opening_hours":"24/7","operator":"Wall","description":"Berliner Toilette mit 2 Plätzen und 2 Pissoirs","password":null}},{"type":"Feature","geometry":{"type":"Point","coordinates":[13.4316223,52.4929226]},"properties":{"id":"way/1243199078","source":"osm","name":"City Toilette","fee":"no","charge":null,"access":"yes","wheelchair":"yes","opening_hours":"24/7","operator":"Wall","description":"Berliner Toilette","password":null}},{"type":"Feature","geometry":{"type":"Point","coordinates":[13.5684087,52.4584277]},"properties":{"id":"way/1247009988","source":"osm","name":null,"fee":null,"charge":null,"access":null,"wheelchair":null,"opening_hours":null,"operator":null,"description":null,"password":null}},{"type":"Feature","geometry":{"type":"Point","coordinates":[13.5694624,52.4567114]},"properties":{"id":"way/1247009993","source":"osm","name":null,"fee":"no","charge":null,"access":null,"wheelchair":"yes","opening_hours":null,"operator":null,"description":null,"password":null}},{"type":"Feature","geometry":{"type":"Point","coordinates":[13.5697668,52.4572471]},"properties":{"id":"way/1247010002","source":"osm","name":null,"fee":null,"charge":null,"access":"customers","wheelchair":"yes","opening_hours":null,"operator":null,"description":null,"password":null}},{"type":"Feature","geometry":{"type":"Point","coordinates":[13.5696401,52.4573982]},"properties":{"id":"way/1247010003","source":"osm","name":null,"fee":null,"charge":null,"access":"customers","wheelchair":"yes","opening_hours":null,"operator":null,"description":null,"password":null}},{"type":"Feature","geometry":{"type":"Point","coordinates":[13.5692356,52.4578415]},"properties":{"id":"way/1247010004","source":"osm","name":null,"fee":null,"charge":null,"access":"customers","wheelchair":null,"opening_hours":null,"operator":null,"description":null,"password":null}},{"type":"Feature","geometry":{"type":"Point","coordinates":[13.2596516,52.4310611]},"properties":{"id":"way/1280205298","source":"osm","name":"Berliner Toilette","fee":"yes","charge":null,"access":"yes","wheelchair":"yes","opening_hours":null,"operator":"Wall","description":null,"password":null}},{"type":"Feature","geometry":{"type":"Point","coordinates":[13.5093474,52.4536888]},"properties":{"id":"way/1281389619","source":"osm","name":"Berliner Toilette","fee":"yes","charge":null,"access":"yes","wheelchair":"yes","opening_hours":"24/7","operator":null,"description":"Berliner Toilette","password":null}},{"type":"Feature","geometry":{"type":"Point","coordinates":[13.282772,52.5898481]},"properties":{"id":"way/1290196167","source":"osm","name":"City-Toilette","fee":"yes","charge":"0.5 EUR","access":"yes","wheelchair":"yes","opening_hours":"24/7","operator":"Wall","description":null,"password":null}},{"type":"Feature","geometry":{"type":"Point","coordinates":[13.7588153,52.4376597]},"properties":{"id":"way/1290968234","source":"osm","name":null,"fee":null,"charge":null,"access":"customers","wheelchair":null,"opening_hours":null,"operator":"Camping-Naturfreunde-Springeberg e.V","description":null,"password":null}},{"type":"Feature","geometry":{"type":"Point","coordinates":[13.4711868,52.6156368]},"properties":{"id":"way/1294889664","source":"osm","name":"Berliner Toilette","fee":"yes","charge":"0.50 EUR","access":"yes","wheelchair":"yes","opening_hours":"24/7","operator":null,"description":"Berliner Toilette 1 Platz mit 2 Pissoirs","password":null}},{"type":"Feature","geometry":{"type":"Point","coordinates":[13.4229318,52.5172723]},"properties":{"id":"way/1296144721","source":"osm","name":null,"fee":"no","charge":null,"access":"yes","wheelchair":"yes","opening_hours":"Mo-Su 09:00-20:00","operator":"EcoToiletten","description":null,"password":null}},{"type":"Feature","geometry":{"type":"Point","coordinates":[13.5297724,52.4832391]},"properties":{"id":"way/1301131774","source":"osm","name":null,"fee":"yes","charge":null,"access":null,"wheelchair":"yes","opening_hours":"24/7","operator":"Wall","description":null,"password":null}},{"type":"Feature","geometry":{"type":"Point","coordinates":[13.2830271,52.590709]},"properties":{"id":"way/1301706922","source":"osm","name":"Pissoir Café Achteck","fee":"no","charge":null,"access":"yes","wheelchair":"no","opening_hours":null,"operator":null,"description":null,"password":null}},{"type":"Feature","geometry":{"type":"Point","coordinates":[13.4623895,52.5527561]},"properties":{"id":"way/1315799592","source":"osm","name":"Parktoilette","fee":"no","charge":"0 EUR","access":"yes","wheelchair":"yes","opening_hours":"24/7","operator":"Eco Toiletten","description":"Parktoilette mit zusätzlichem Pissoir","password":null}},{"type":"Feature","geometry":{"type":"Point","coordinates":[13.2056702,52.5414273]},"properties":{"id":"way/1316364024","source":"osm","name":null,"fee":"yes","charge":null,"access":null,"wheelchair":"yes","opening_hours":"24/7","operator":"Wall","description":null,"password":null}},{"type":"Feature","geometry":{"type":"Point","coordinates":[13.2102864,52.5501325]},"properties":{"id":"way/1316887137","source":"osm","name":"Berliner Toilette","fee":"yes","charge":null,"access":"yes","wheelchair":"yes","opening_hours":"24/7","operator":"Wall","description":null,"password":null}},{"type":"Feature","geometry":{"type":"Point","coordinates":[13.6747388,52.4456543]},"properties":{"id":"way/1327047220","source":"osm","name":null,"fee":null,"charge":null,"access":null,"wheelchair":null,"opening_hours":null,"operator":null,"description":null,"password":null}},{"type":"Feature","geometry":{"type":"Point","coordinates":[13.1927341,52.5670496]},"properties":{"id":"way/1330296737","source":"osm","name":null,"fee":null,"charge":null,"access":"private","wheelchair":null,"opening_hours":null,"operator":null,"description":null,"password":null}},{"type":"Feature","geometry":{"type":"Point","coordinates":[13.5165781,52.4201329]},"properties":{"id":"way/1346791308","source":"osm","name":null,"fee":"yes","charge":null,"access":"yes","wheelchair":"yes","opening_hours":"24/7","operator":"Wall","description":"Berliner Toilette","password":null}},{"type":"Feature","geometry":{"type":"Point","coordinates":[13.4281329,52.4274903]},"properties":{"id":"way/1353882792","source":"osm","name":null,"fee":null,"charge":null,"access":"private","wheelchair":"no","opening_hours":null,"operator":null,"description":null,"password":null}},{"type":"Feature","geometry":{"type":"Point","coordinates":[13.4275563,52.4269951]},"properties":{"id":"way/1353882793","source":"osm","name":null,"fee":null,"charge":null,"access":"private","wheelchair":"no","opening_hours":null,"operator":null,"description":null,"password":null}},{"type":"Feature","geometry":{"type":"Point","coordinates":[13.3092469,52.4733344]},"properties":{"id":"way/1360338253","source":"osm","name":"Berliner Toilette","fee":"yes","charge":"0,50 Euro","access":"yes","wheelchair":"yes","opening_hours":"24/7","operator":"Wall","description":"Berliner Toilette mit 1.Platz","password":null}},{"type":"Feature","geometry":{"type":"Point","coordinates":[13.2346823,52.4895057]},"properties":{"id":"way/1365510309","source":"osm","name":null,"fee":"no","charge":null,"access":"yes","wheelchair":"no","opening_hours":"May-Sep Mo-Su,PH 00:00-24:00; Oct-Apr off","operator":null,"description":null,"password":null}},{"type":"Feature","geometry":{"type":"Point","coordinates":[13.4270442,52.5207624]},"properties":{"id":"way/1365522516","source":"osm","name":null,"fee":"no","charge":null,"access":"yes","wheelchair":"yes","opening_hours":"24/7","operator":"EcoToiletten","description":null,"password":null}},{"type":"Feature","geometry":{"type":"Point","coordinates":[13.4206034,52.4917041]},"properties":{"id":"way/1374139772","source":"osm","name":null,"fee":"yes","charge":null,"access":null,"wheelchair":"yes","opening_hours":"24/7","operator":null,"description":null,"password":null}},{"type":"Feature","geometry":{"type":"Point","coordinates":[13.383195,52.5491361]},"properties":{"id":"way/1378108699","source":"osm","name":null,"fee":null,"charge":null,"access":"permit","wheelchair":"no","opening_hours":null,"operator":null,"description":null,"password":null}},{"type":"Feature","geometry":{"type":"Point","coordinates":[13.3832256,52.5491537]},"properties":{"id":"way/1378108700","source":"osm","name":null,"fee":null,"charge":null,"access":"permit","wheelchair":null,"opening_hours":null,"operator":null,"description":null,"password":null}},{"type":"Feature","geometry":{"type":"Point","coordinates":[13.3469318,52.533435]},"properties":{"id":"way/1391886588","source":"osm","name":"Historische Toilette (Café Achteck)","fee":"no","charge":null,"access":"yes","wheelchair":"no","opening_hours":null,"operator":null,"description":null,"password":null}},{"type":"Feature","geometry":{"type":"Point","coordinates":[13.397778,52.6037503]},"properties":{"id":"way/1393229669","source":"osm","name":null,"fee":"no","charge":null,"access":"yes","wheelchair":"yes","opening_hours":null,"operator":null,"description":null,"password":null}},{"type":"Feature","geometry":{"type":"Point","coordinates":[13.5476809,52.4381732]},"properties":{"id":"way/1393495446","source":"osm","name":"Berliner Toilette","fee":"yes","charge":"0.50 EUR","access":"yes","wheelchair":"yes","opening_hours":"24/7","operator":"Wall","description":null,"password":null}},{"type":"Feature","geometry":{"type":"Point","coordinates":[13.3431113,52.4389749]},"properties":{"id":"way/1414702213","source":"osm","name":null,"fee":"yes","charge":null,"access":"yes","wheelchair":"yes","opening_hours":"24/7","operator":"Wall","description":"Berliner Toilette","password":null}},{"type":"Feature","geometry":{"type":"Point","coordinates":[13.4951846,52.4175312]},"properties":{"id":"way/1414985000","source":"osm","name":null,"fee":null,"charge":null,"access":"customers","wheelchair":null,"opening_hours":null,"operator":null,"description":null,"password":null}},{"type":"Feature","geometry":{"type":"Point","coordinates":[13.332692,52.5764286]},"properties":{"id":"way/1420338373","source":"osm","name":null,"fee":null,"charge":null,"access":"yes","wheelchair":"yes","opening_hours":null,"operator":null,"description":null,"password":null}},{"type":"Feature","geometry":{"type":"Point","coordinates":[13.449515,52.4966119]},"properties":{"id":"way/1420338769","source":"osm","name":null,"fee":"yes","charge":null,"access":"yes","wheelchair":"yes","opening_hours":null,"operator":null,"description":null,"password":null}},{"type":"Feature","geometry":{"type":"Point","coordinates":[13.4106587,52.5237836]},"properties":{"id":"way/1425026565","source":"osm","name":null,"fee":null,"charge":null,"access":"private","wheelchair":null,"opening_hours":null,"operator":null,"description":null,"password":null}},{"type":"Feature","geometry":{"type":"Point","coordinates":[13.5670054,52.5724419]},"properties":{"id":"way/1425269893","source":"osm","name":null,"fee":null,"charge":null,"access":"yes","wheelchair":"no","opening_hours":null,"operator":null,"description":null,"password":null}},{"type":"Feature","geometry":{"type":"Point","coordinates":[13.368581,52.5447668]},"properties":{"id":"way/1429812241","source":"osm","name":null,"fee":"no","charge":null,"access":"yes","wheelchair":"yes","opening_hours":"24/7","operator":"Wall","description":"Berliner Toilette","password":null}},{"type":"Feature","geometry":{"type":"Point","coordinates":[13.2964426,52.5569088]},"properties":{"id":"way/1445835219","source":"osm","name":null,"fee":null,"charge":null,"access":null,"wheelchair":null,"opening_hours":null,"operator":null,"description":null,"password":null}},{"type":"Feature","geometry":{"type":"Point","coordinates":[13.2991606,52.5556294]},"properties":{"id":"way/1445835246","source":"osm","name":null,"fee":null,"charge":null,"access":null,"wheelchair":null,"opening_hours":null,"operator":null,"description":null,"password":null}},{"type":"Feature","geometry":{"type":"Point","coordinates":[13.2987329,52.5549229]},"properties":{"id":"way/1445835258","source":"osm","name":null,"fee":null,"charge":null,"access":null,"wheelchair":null,"opening_hours":null,"operator":null,"description":null,"password":null}},{"type":"Feature","geometry":{"type":"Point","coordinates":[13.2983002,52.5542145]},"properties":{"id":"way/1445835265","source":"osm","name":null,"fee":null,"charge":null,"access":null,"wheelchair":null,"opening_hours":null,"operator":null,"description":null,"password":null}},{"type":"Feature","geometry":{"type":"Point","coordinates":[13.2307317,52.516016]},"properties":{"id":"way/1451115013","source":"osm","name":null,"fee":null,"charge":null,"access":null,"wheelchair":null,"opening_hours":null,"operator":null,"description":null,"password":null}},{"type":"Feature","geometry":{"type":"Point","coordinates":[13.3860073,52.5494121]},"properties":{"id":"way/1475418320","source":"osm","name":"Berliner Toilette","fee":"no","charge":null,"access":"yes","wheelchair":"designated","opening_hours":"24/7","operator":null,"description":"Berliner Toilette 1 Platz mit 2 Pissoirs","password":null}},{"type":"Feature","geometry":{"type":"Point","coordinates":[13.366236,52.537386]},"properties":{"id":"way/1495907059","source":"osm","name":null,"fee":"no","charge":null,"access":"yes","wheelchair":"yes","opening_hours":"24/7","operator":"Wall","description":"Berliner Toilette","password":null}},{"type":"Feature","geometry":{"type":"Point","coordinates":[13.4128916,52.5324555]},"properties":{"id":"way/1511731199","source":"osm","name":null,"fee":"no","charge":null,"access":"yes","wheelchair":"no","opening_hours":"24/7","operator":null,"description":"Historische Toilette (Café Achteck)","password":null}},{"type":"Feature","geometry":{"type":"Point","coordinates":[13.222879,52.5973254]},"properties":{"id":"way/1531492076","source":"osm","name":null,"fee":null,"charge":null,"access":"private","wheelchair":"no","opening_hours":null,"operator":null,"description":null,"password":null}},{"type":"Feature","geometry":{"type":"Point","coordinates":[13.19263,52.4310952]},"properties":{"id":"way/1539705585","source":"osm","name":null,"fee":null,"charge":null,"access":"private","wheelchair":"no","opening_hours":null,"operator":null,"description":null,"password":null}},{"type":"Feature","geometry":{"type":"Point","coordinates":[13.449749,52.5126651]},"properties":{"id":"way/1551021498","source":"osm","name":null,"fee":"no","charge":null,"access":"private","wheelchair":null,"opening_hours":null,"operator":null,"description":null,"password":null}},{"type":"Feature","geometry":{"type":"Point","coordinates":[13.3907,52.5072]},"properties":{"id":"xhs/kfc-checkpoint-charlie","source":"xhs","name":"KFC (Checkpoint Charlie)","fee":"yes","charge":null,"access":null,"wheelchair":null,"opening_hours":null,"operator":null,"description":"密码多次轮换（2702→1911→3323），以最新为准","password":"3323","code_confirmed_at":"2026-08","cleanliness":null,"city":"germany/berlin"}},{"type":"Feature","geometry":{"type":"Point","coordinates":[13.413997,52.520853]},"properties":{"id":"xhs/five-guys-alexanderplatz","source":"xhs","name":"Five Guys (Alexanderplatz)","fee":"yes","charge":null,"access":null,"wheelchair":null,"opening_hours":null,"operator":null,"description":"2026-07 评论称已取消密码","password":"#1314","code_confirmed_at":null,"cleanliness":null,"city":"germany/berlin"}},{"type":"Feature","geometry":{"type":"Point","coordinates":[13.306871,52.506848]},"properties":{"id":"xhs/burger-king-charlottenburg","source":"xhs","name":"Burger King (Charlottenburg)","fee":"yes","charge":null,"access":null,"wheelchair":null,"opening_hours":null,"operator":null,"description":"","password":"#2580","code_confirmed_at":null,"cleanliness":null,"city":"germany/berlin"}},{"type":"Feature","geometry":{"type":"Point","coordinates":[13.452241,52.510783]},"properties":{"id":"xhs/burgermeister-warschauer-str","source":"xhs","name":"Burgermeister (Warschauer Str.)","fee":"yes","charge":null,"access":null,"wheelchair":null,"opening_hours":null,"operator":null,"description":"","password":"#4423","code_confirmed_at":null,"cleanliness":null,"city":"germany/berlin"}},{"type":"Feature","geometry":{"type":"Point","coordinates":[13.396209,52.501872]},"properties":{"id":"xhs/jewish-museum-berlin-1f","source":"xhs","name":"Jewish Museum Berlin (1F)","fee":"no","charge":null,"access":null,"wheelchair":null,"opening_hours":null,"operator":null,"description":"","password":null,"code_confirmed_at":null,"cleanliness":null,"city":"germany/berlin"}},{"type":"Feature","geometry":{"type":"Point","coordinates":[13.379618,52.515412]},"properties":{"id":"xhs/akademie-der-k-nste-pariser-platz","source":"xhs","name":"Akademie der Künste (Pariser Platz)","fee":"no","charge":null,"access":null,"wheelchair":null,"opening_hours":null,"operator":null,"description":"国会大厦附近","password":null,"code_confirmed_at":null,"cleanliness":null,"city":"germany/berlin"}},{"type":"Feature","geometry":{"type":"Point","coordinates":[13.337489,52.504371]},"properties":{"id":"xhs/mcdonald-s-europa-center","source":"xhs","name":"McDonald's (Europa-Center)","fee":"no","charge":null,"access":null,"wheelchair":null,"opening_hours":null,"operator":null,"description":"","password":null,"code_confirmed_at":null,"cleanliness":null,"city":"germany/berlin"}},{"type":"Feature","geometry":{"type":"Point","coordinates":[13.401227,52.517032]},"properties":{"id":"xhs/humboldt-forum","source":"xhs","name":"Humboldt Forum","fee":"no","charge":null,"access":null,"wheelchair":null,"opening_hours":null,"operator":null,"description":"评论：厕所也挺好上的","password":null,"code_confirmed_at":null,"cleanliness":null,"city":"germany/berlin"}},{"type":"Feature","geometry":{"type":"Point","coordinates":[13.394999,52.521654]},"properties":{"id":"xhs/bode-museum","source":"xhs","name":"Bode Museum","fee":"no","charge":null,"access":null,"wheelchair":null,"opening_hours":null,"operator":null,"description":"评论：厕所不需要过检票","password":null,"code_confirmed_at":null,"cleanliness":null,"city":"germany/berlin"}}]}