{"type":"FeatureCollection","attribution":"© OpenStreetMap contributors (ODbL)","generated_at":"2026-08-21T08:43:36.176Z","features":[{"type":"Feature","geometry":{"type":"Point","coordinates":[16.3614589,48.2262281]},"properties":{"id":"node/117241384","source":"osm","name":null,"fee":"yes","charge":null,"access":"customers","wheelchair":"yes","opening_hours":null,"operator":"ÖBB","description":null,"password":null}},{"type":"Feature","geometry":{"type":"Point","coordinates":[16.3619752,48.1979996]},"properties":{"id":"node/287624146","source":"osm","name":null,"fee":"yes","charge":null,"access":null,"wheelchair":"yes","opening_hours":null,"operator":null,"description":null,"password":null}},{"type":"Feature","geometry":{"type":"Point","coordinates":[16.2753762,48.1973116]},"properties":{"id":"node/304391263","source":"osm","name":null,"fee":null,"charge":null,"access":null,"wheelchair":null,"opening_hours":null,"operator":null,"description":null,"password":null}},{"type":"Feature","geometry":{"type":"Point","coordinates":[16.4084458,48.2767182]},"properties":{"id":"node/311875080","source":"osm","name":null,"fee":"no","charge":null,"access":"yes","wheelchair":"yes","opening_hours":null,"operator":null,"description":null,"password":null}},{"type":"Feature","geometry":{"type":"Point","coordinates":[16.3487731,48.1949333]},"properties":{"id":"node/312274097","source":"osm","name":null,"fee":"no","charge":null,"access":"yes","wheelchair":"yes","opening_hours":null,"operator":null,"description":null,"password":null}},{"type":"Feature","geometry":{"type":"Point","coordinates":[16.3556003,48.2065334]},"properties":{"id":"node/313716983","source":"osm","name":null,"fee":"no","charge":null,"access":"yes","wheelchair":"limited","opening_hours":null,"operator":null,"description":null,"password":null}},{"type":"Feature","geometry":{"type":"Point","coordinates":[16.3336047,48.2092231]},"properties":{"id":"node/313757651","source":"osm","name":null,"fee":"no","charge":null,"access":null,"wheelchair":"yes","opening_hours":null,"operator":null,"description":null,"password":null}},{"type":"Feature","geometry":{"type":"Point","coordinates":[16.2969041,48.2474753]},"properties":{"id":"node/322193217","source":"osm","name":null,"fee":null,"charge":null,"access":null,"wheelchair":null,"opening_hours":null,"operator":null,"description":null,"password":null}},{"type":"Feature","geometry":{"type":"Point","coordinates":[16.3050747,48.2473332]},"properties":{"id":"node/322193416","source":"osm","name":null,"fee":"no","charge":null,"access":null,"wheelchair":"limited","opening_hours":null,"operator":null,"description":null,"password":null}},{"type":"Feature","geometry":{"type":"Point","coordinates":[16.4027296,48.2281451]},"properties":{"id":"node/354486887","source":"osm","name":null,"fee":null,"charge":null,"access":null,"wheelchair":"yes","opening_hours":null,"operator":null,"description":null,"password":null}},{"type":"Feature","geometry":{"type":"Point","coordinates":[16.3447576,48.2252044]},"properties":{"id":"node/379695370","source":"osm","name":null,"fee":"no","charge":null,"access":null,"wheelchair":"yes","opening_hours":null,"operator":null,"description":null,"password":null}},{"type":"Feature","geometry":{"type":"Point","coordinates":[16.3913104,48.2377594]},"properties":{"id":"node/442697767","source":"osm","name":"Toi Toi","fee":"no","charge":null,"access":"yes","wheelchair":null,"opening_hours":null,"operator":"Toi Toi","description":"Nur in der Sommerzeit aufgestellt","password":null}},{"type":"Feature","geometry":{"type":"Point","coordinates":[16.3805121,48.1968671]},"properties":{"id":"node/520398737","source":"osm","name":null,"fee":"yes","charge":"0.50 EUR","access":null,"wheelchair":"yes","opening_hours":null,"operator":null,"description":null,"password":null}},{"type":"Feature","geometry":{"type":"Point","coordinates":[16.4336657,48.1584655]},"properties":{"id":"node/564941380","source":"osm","name":null,"fee":"no","charge":null,"access":null,"wheelchair":"no","opening_hours":null,"operator":null,"description":null,"password":null}},{"type":"Feature","geometry":{"type":"Point","coordinates":[16.2605411,48.1960158]},"properties":{"id":"node/599199879","source":"osm","name":null,"fee":"no","charge":null,"access":"yes","wheelchair":"no","opening_hours":"24/7","operator":null,"description":null,"password":null}},{"type":"Feature","geometry":{"type":"Point","coordinates":[16.3574739,48.235661]},"properties":{"id":"node/616416818","source":"osm","name":null,"fee":"yes","charge":null,"access":null,"wheelchair":"yes","opening_hours":null,"operator":null,"description":null,"password":null}},{"type":"Feature","geometry":{"type":"Point","coordinates":[16.5085741,48.166639]},"properties":{"id":"node/799181938","source":"osm","name":null,"fee":"no","charge":null,"access":null,"wheelchair":"yes","opening_hours":null,"operator":null,"description":null,"password":null}},{"type":"Feature","geometry":{"type":"Point","coordinates":[16.3719794,48.1726999]},"properties":{"id":"node/819131704","source":"osm","name":null,"fee":"no","charge":null,"access":null,"wheelchair":"no","opening_hours":null,"operator":null,"description":null,"password":null}},{"type":"Feature","geometry":{"type":"Point","coordinates":[16.3589668,48.2035204]},"properties":{"id":"node/849640210","source":"osm","name":null,"fee":"yes","charge":"0.50 EUR","access":"yes","wheelchair":"yes","opening_hours":"Mo-Su 08:00-02:00","operator":null,"description":null,"password":null}},{"type":"Feature","geometry":{"type":"Point","coordinates":[16.319515,48.2250079]},"properties":{"id":"node/871777975","source":"osm","name":null,"fee":"no","charge":null,"access":null,"wheelchair":"yes","opening_hours":null,"operator":null,"description":null,"password":null}},{"type":"Feature","geometry":{"type":"Point","coordinates":[16.2748101,48.1808342]},"properties":{"id":"node/872404501","source":"osm","name":null,"fee":"no","charge":null,"access":null,"wheelchair":"yes","opening_hours":null,"operator":null,"description":null,"password":null}},{"type":"Feature","geometry":{"type":"Point","coordinates":[16.3847729,48.2058405]},"properties":{"id":"node/950536090","source":"osm","name":null,"fee":"no","charge":null,"access":null,"wheelchair":"limited","opening_hours":null,"operator":null,"description":null,"password":null}},{"type":"Feature","geometry":{"type":"Point","coordinates":[16.3696698,48.2259971]},"properties":{"id":"node/956493663","source":"osm","name":null,"fee":"no","charge":null,"access":null,"wheelchair":"yes","opening_hours":null,"operator":null,"description":null,"password":null}},{"type":"Feature","geometry":{"type":"Point","coordinates":[16.3393666,48.2270626]},"properties":{"id":"node/1066649095","source":"osm","name":null,"fee":"no","charge":null,"access":null,"wheelchair":"yes","opening_hours":null,"operator":null,"description":null,"password":null}},{"type":"Feature","geometry":{"type":"Point","coordinates":[16.4425107,48.194751]},"properties":{"id":"node/1066649113","source":"osm","name":null,"fee":"no","charge":null,"access":"yes","wheelchair":"no","opening_hours":null,"operator":null,"description":null,"password":null}},{"type":"Feature","geometry":{"type":"Point","coordinates":[16.4010877,48.2346746]},"properties":{"id":"node/1103750401","source":"osm","name":null,"fee":"no","charge":null,"access":null,"wheelchair":"yes","opening_hours":null,"operator":null,"description":null,"password":null}},{"type":"Feature","geometry":{"type":"Point","coordinates":[16.2609879,48.197767]},"properties":{"id":"node/1173428265","source":"osm","name":"Bahnhof Hütteldorf","fee":"yes","charge":null,"access":null,"wheelchair":"yes","opening_hours":"24/7","operator":null,"description":null,"password":null}},{"type":"Feature","geometry":{"type":"Point","coordinates":[16.2677744,48.2057248]},"properties":{"id":"node/1209640317","source":"osm","name":null,"fee":"no","charge":null,"access":null,"wheelchair":"yes","opening_hours":null,"operator":null,"description":null,"password":null}},{"type":"Feature","geometry":{"type":"Point","coordinates":[16.4108,48.2277716]},"properties":{"id":"node/1214885772","source":"osm","name":null,"fee":"no","charge":null,"access":"yes","wheelchair":"yes","opening_hours":"24/7","operator":"Stadt Wien","description":null,"password":null}},{"type":"Feature","geometry":{"type":"Point","coordinates":[16.3847861,48.2501754]},"properties":{"id":"node/1214885799","source":"osm","name":"Insel WC 1","fee":"yes","charge":null,"access":null,"wheelchair":"yes","opening_hours":"24/7","operator":"Stadt Wien","description":null,"password":null}},{"type":"Feature","geometry":{"type":"Point","coordinates":[16.4332434,48.2123678]},"properties":{"id":"node/1214885928","source":"osm","name":null,"fee":"no","charge":null,"access":null,"wheelchair":"no","opening_hours":"24/7","operator":"Stadt Wien","description":null,"password":null}},{"type":"Feature","geometry":{"type":"Point","coordinates":[16.359466,48.1972728]},"properties":{"id":"node/1223075612","source":"osm","name":null,"fee":"yes","charge":null,"access":null,"wheelchair":"yes","opening_hours":null,"operator":null,"description":null,"password":null}},{"type":"Feature","geometry":{"type":"Point","coordinates":[16.444055,48.1608645]},"properties":{"id":"node/1255238423","source":"osm","name":null,"fee":"no","charge":null,"access":null,"wheelchair":null,"opening_hours":null,"operator":null,"description":null,"password":null}},{"type":"Feature","geometry":{"type":"Point","coordinates":[16.2839081,48.1349695]},"properties":{"id":"node/1363127146","source":"osm","name":null,"fee":"yes","charge":null,"access":"yes","wheelchair":"limited","opening_hours":"Mo-Su 04:00-22:00","operator":null,"description":null,"password":null}},{"type":"Feature","geometry":{"type":"Point","coordinates":[16.3151072,48.1514189]},"properties":{"id":"node/1364004139","source":"osm","name":null,"fee":"no","charge":null,"access":null,"wheelchair":"yes","opening_hours":"Mo-Fr 06:00-20:30; Sa 06:00-18:30; Nov 01-Dec 24 Mo-Sa 06:00-22:00","operator":null,"description":null,"password":null}},{"type":"Feature","geometry":{"type":"Point","coordinates":[16.3469007,48.1687465]},"properties":{"id":"node/1369279081","source":"osm","name":null,"fee":null,"charge":null,"access":null,"wheelchair":"yes","opening_hours":null,"operator":null,"description":null,"password":null}},{"type":"Feature","geometry":{"type":"Point","coordinates":[16.3715468,48.2299587]},"properties":{"id":"node/1467290071","source":"osm","name":null,"fee":"no","charge":null,"access":null,"wheelchair":"yes","opening_hours":null,"operator":null,"description":null,"password":null}},{"type":"Feature","geometry":{"type":"Point","coordinates":[16.3691848,48.2090655]},"properties":{"id":"node/1511404879","source":"osm","name":"Öffentliche Bedürfnisanstalt am Graben","fee":"yes","charge":null,"access":null,"wheelchair":"no","opening_hours":null,"operator":"MA48","description":null,"password":null}},{"type":"Feature","geometry":{"type":"Point","coordinates":[16.3690618,48.2091507]},"properties":{"id":"node/1511404886","source":"osm","name":"Öffentliche Bedürfnisanstalt am Graben","fee":"yes","charge":null,"access":null,"wheelchair":"no","opening_hours":null,"operator":"MA48","description":null,"password":null}},{"type":"Feature","geometry":{"type":"Point","coordinates":[16.3675828,48.2103417]},"properties":{"id":"node/1511404888","source":"osm","name":null,"fee":"no","charge":null,"access":null,"wheelchair":"no","opening_hours":null,"operator":null,"description":null,"password":null}},{"type":"Feature","geometry":{"type":"Point","coordinates":[16.3781971,48.1719538]},"properties":{"id":"node/1526390310","source":"osm","name":null,"fee":"no","charge":null,"access":"yes","wheelchair":"no","opening_hours":null,"operator":null,"description":null,"password":null}},{"type":"Feature","geometry":{"type":"Point","coordinates":[16.3319164,48.1744455]},"properties":{"id":"node/1653004299","source":"osm","name":null,"fee":"yes","charge":null,"access":"yes","wheelchair":"yes","opening_hours":null,"operator":"Passage Bahnhof Meidling","description":null,"password":null}},{"type":"Feature","geometry":{"type":"Point","coordinates":[16.3639311,48.198948]},"properties":{"id":"node/1672651309","source":"osm","name":null,"fee":"yes","charge":null,"access":null,"wheelchair":"yes","opening_hours":null,"operator":null,"description":null,"password":null}},{"type":"Feature","geometry":{"type":"Point","coordinates":[16.40032,48.2206276]},"properties":{"id":"node/1709248886","source":"osm","name":null,"fee":"no","charge":null,"access":null,"wheelchair":"yes","opening_hours":null,"operator":null,"description":null,"password":null}},{"type":"Feature","geometry":{"type":"Point","coordinates":[16.2587534,48.1983456]},"properties":{"id":"node/1717933617","source":"osm","name":null,"fee":"no","charge":null,"access":"yes","wheelchair":"yes","opening_hours":"24/7","operator":null,"description":null,"password":null}},{"type":"Feature","geometry":{"type":"Point","coordinates":[16.4028383,48.2145472]},"properties":{"id":"node/1717933622","source":"osm","name":"Prater-Toiletten","fee":"yes","charge":"0.50 EUR","access":null,"wheelchair":"yes","opening_hours":null,"operator":null,"description":null,"password":null}},{"type":"Feature","geometry":{"type":"Point","coordinates":[16.4436528,48.2508871]},"properties":{"id":"node/1717933632","source":"osm","name":null,"fee":"yes","charge":null,"access":"yes","wheelchair":"yes","opening_hours":"24/7","operator":null,"description":null,"password":null}},{"type":"Feature","geometry":{"type":"Point","coordinates":[16.3673546,48.2577694]},"properties":{"id":"node/1717933633","source":"osm","name":null,"fee":"no","charge":null,"access":"yes","wheelchair":"yes","opening_hours":null,"operator":null,"description":null,"password":null}},{"type":"Feature","geometry":{"type":"Point","coordinates":[16.4139353,48.2247262]},"properties":{"id":"node/1722387936","source":"osm","name":null,"fee":"no","charge":null,"access":null,"wheelchair":"yes","opening_hours":null,"operator":null,"description":null,"password":null}},{"type":"Feature","geometry":{"type":"Point","coordinates":[16.4061237,48.2176626]},"properties":{"id":"node/1723235659","source":"osm","name":null,"fee":"yes","charge":null,"access":null,"wheelchair":"yes","opening_hours":null,"operator":null,"description":null,"password":null}},{"type":"Feature","geometry":{"type":"Point","coordinates":[16.4060415,48.2816724]},"properties":{"id":"node/1741203212","source":"osm","name":null,"fee":"no","charge":null,"access":null,"wheelchair":null,"opening_hours":null,"operator":null,"description":null,"password":null}},{"type":"Feature","geometry":{"type":"Point","coordinates":[16.3932747,48.2990003]},"properties":{"id":"node/1741268871","source":"osm","name":null,"fee":"no","charge":null,"access":null,"wheelchair":"yes","opening_hours":null,"operator":null,"description":null,"password":null}},{"type":"Feature","geometry":{"type":"Point","coordinates":[16.3703206,48.2522881]},"properties":{"id":"node/1744431543","source":"osm","name":null,"fee":null,"charge":null,"access":null,"wheelchair":null,"opening_hours":null,"operator":null,"description":null,"password":null}},{"type":"Feature","geometry":{"type":"Point","coordinates":[16.4363026,48.2959925]},"properties":{"id":"node/1782861711","source":"osm","name":null,"fee":"no","charge":null,"access":null,"wheelchair":"yes","opening_hours":null,"operator":null,"description":null,"password":null}},{"type":"Feature","geometry":{"type":"Point","coordinates":[16.375548,48.2677471]},"properties":{"id":"node/1787092237","source":"osm","name":"Insel WC 11","fee":"no","charge":null,"access":null,"wheelchair":null,"opening_hours":null,"operator":null,"description":null,"password":null}},{"type":"Feature","geometry":{"type":"Point","coordinates":[16.4750754,48.2382364]},"properties":{"id":"node/1825626817","source":"osm","name":null,"fee":"no","charge":null,"access":null,"wheelchair":"yes","opening_hours":null,"operator":null,"description":null,"password":null}},{"type":"Feature","geometry":{"type":"Point","coordinates":[16.3581022,48.2503845]},"properties":{"id":"node/1861667229","source":"osm","name":null,"fee":null,"charge":null,"access":null,"wheelchair":null,"opening_hours":null,"operator":null,"description":null,"password":null}},{"type":"Feature","geometry":{"type":"Point","coordinates":[16.3589189,48.2508857]},"properties":{"id":"node/1861667231","source":"osm","name":null,"fee":null,"charge":null,"access":null,"wheelchair":null,"opening_hours":null,"operator":null,"description":null,"password":null}},{"type":"Feature","geometry":{"type":"Point","coordinates":[16.3150989,48.2231643]},"properties":{"id":"node/1864087694","source":"osm","name":null,"fee":"yes","charge":null,"access":null,"wheelchair":"yes","opening_hours":"Mo-Fr 06:00-14:00; Sa,Su,PH off","operator":null,"description":null,"password":null}},{"type":"Feature","geometry":{"type":"Point","coordinates":[16.3147513,48.1881908]},"properties":{"id":"node/1870541322","source":"osm","name":null,"fee":"no","charge":null,"access":null,"wheelchair":"no","opening_hours":null,"operator":"Stadt Wien","description":null,"password":null}},{"type":"Feature","geometry":{"type":"Point","coordinates":[16.3047575,48.1852987]},"properties":{"id":"node/1873010713","source":"osm","name":null,"fee":"yes","charge":null,"access":null,"wheelchair":"no","opening_hours":null,"operator":null,"description":null,"password":null}},{"type":"Feature","geometry":{"type":"Point","coordinates":[16.2751799,48.1922986]},"properties":{"id":"node/1912804820","source":"osm","name":null,"fee":"no","charge":null,"access":null,"wheelchair":null,"opening_hours":null,"operator":null,"description":null,"password":null}},{"type":"Feature","geometry":{"type":"Point","coordinates":[16.2786249,48.1377032]},"properties":{"id":"node/1970886862","source":"osm","name":null,"fee":"no","charge":null,"access":null,"wheelchair":"yes","opening_hours":null,"operator":null,"description":null,"password":null}},{"type":"Feature","geometry":{"type":"Point","coordinates":[16.3984273,48.267241]},"properties":{"id":"node/2004958940","source":"osm","name":null,"fee":"no","charge":null,"access":null,"wheelchair":"yes","opening_hours":"Mo-Fr 07:00-20:00; Sa 07:00-18:00","operator":null,"description":null,"password":null}},{"type":"Feature","geometry":{"type":"Point","coordinates":[16.3982796,48.2683893]},"properties":{"id":"node/2004962386","source":"osm","name":null,"fee":"no","charge":null,"access":null,"wheelchair":"yes","opening_hours":null,"operator":null,"description":null,"password":null}},{"type":"Feature","geometry":{"type":"Point","coordinates":[16.3511099,48.2229797]},"properties":{"id":"node/2082685282","source":"osm","name":null,"fee":"no","charge":null,"access":null,"wheelchair":"yes","opening_hours":null,"operator":null,"description":null,"password":null}},{"type":"Feature","geometry":{"type":"Point","coordinates":[16.3802521,48.2282141]},"properties":{"id":"node/2177523810","source":"osm","name":null,"fee":"no","charge":null,"access":null,"wheelchair":"no","opening_hours":"24/7","operator":null,"description":null,"password":null}},{"type":"Feature","geometry":{"type":"Point","coordinates":[16.3652266,48.2490438]},"properties":{"id":"node/2210416607","source":"osm","name":null,"fee":"yes","charge":null,"access":null,"wheelchair":"yes","opening_hours":"Mo-Fr 04:15-01:15, Sa,Su 00:00-24:00","operator":null,"description":null,"password":null}},{"type":"Feature","geometry":{"type":"Point","coordinates":[16.4440125,48.1485193]},"properties":{"id":"node/2264790449","source":"osm","name":null,"fee":"no","charge":null,"access":null,"wheelchair":"no","opening_hours":null,"operator":null,"description":null,"password":null}},{"type":"Feature","geometry":{"type":"Point","coordinates":[16.4463626,48.1506828]},"properties":{"id":"node/2264790488","source":"osm","name":null,"fee":"no","charge":null,"access":null,"wheelchair":"no","opening_hours":"\"ganzjährig zu Friedhofszeiten\"","operator":null,"description":null,"password":null}},{"type":"Feature","geometry":{"type":"Point","coordinates":[16.4384031,48.1508658]},"properties":{"id":"node/2264790582","source":"osm","name":null,"fee":"no","charge":null,"access":null,"wheelchair":"no","opening_hours":null,"operator":null,"description":null,"password":null}},{"type":"Feature","geometry":{"type":"Point","coordinates":[16.3824604,48.1887479]},"properties":{"id":"node/2293571842","source":"osm","name":null,"fee":"yes","charge":null,"access":null,"wheelchair":"yes","opening_hours":null,"operator":null,"description":null,"password":null}},{"type":"Feature","geometry":{"type":"Point","coordinates":[16.3798777,48.1911393]},"properties":{"id":"node/2293572436","source":"osm","name":null,"fee":"yes","charge":"1 EUR","access":"yes","wheelchair":"yes","opening_hours":null,"operator":null,"description":null,"password":null}},{"type":"Feature","geometry":{"type":"Point","coordinates":[16.4912532,48.1772536]},"properties":{"id":"node/2314393266","source":"osm","name":null,"fee":"no","charge":null,"access":null,"wheelchair":null,"opening_hours":"open; Oct-Mar off","operator":null,"description":null,"password":null}},{"type":"Feature","geometry":{"type":"Point","coordinates":[16.46416,48.194891]},"properties":{"id":"node/2314415355","source":"osm","name":null,"fee":null,"charge":null,"access":null,"wheelchair":null,"opening_hours":"open; Oct-Mar off","operator":null,"description":null,"password":null}},{"type":"Feature","geometry":{"type":"Point","coordinates":[16.3102569,48.2414084]},"properties":{"id":"node/2380623764","source":"osm","name":null,"fee":"no","charge":null,"access":"yes","wheelchair":"yes","opening_hours":null,"operator":null,"description":null,"password":null}},{"type":"Feature","geometry":{"type":"Point","coordinates":[16.501786,48.1707355]},"properties":{"id":"node/2396652657","source":"osm","name":null,"fee":"no","charge":null,"access":null,"wheelchair":null,"opening_hours":null,"operator":null,"description":null,"password":null}},{"type":"Feature","geometry":{"type":"Point","coordinates":[16.3657159,48.2790993]},"properties":{"id":"node/2401674194","source":"osm","name":"Insel WC 12","fee":"no","charge":null,"access":"yes","wheelchair":null,"opening_hours":null,"operator":null,"description":null,"password":null}},{"type":"Feature","geometry":{"type":"Point","coordinates":[16.4489572,48.2195532]},"properties":{"id":"node/2461550621","source":"osm","name":null,"fee":"yes","charge":null,"access":null,"wheelchair":"yes","opening_hours":null,"operator":null,"description":null,"password":null}},{"type":"Feature","geometry":{"type":"Point","coordinates":[16.3329988,48.181109]},"properties":{"id":"node/2476484547","source":"osm","name":"Toilette Meidlinger Markt, Autobus-Haltestelle 63A","fee":"yes","charge":null,"access":"yes","wheelchair":"yes","opening_hours":null,"operator":null,"description":null,"password":null}},{"type":"Feature","geometry":{"type":"Point","coordinates":[16.4177272,48.2316655]},"properties":{"id":"node/2486909103","source":"osm","name":null,"fee":"no","charge":null,"access":"yes","wheelchair":"yes","opening_hours":"Jan-May: 09:00-18:00; Jun-Sep: 09:00-20:00; Oct-Dec: 09:00-18:00","operator":null,"description":null,"password":null}},{"type":"Feature","geometry":{"type":"Point","coordinates":[16.4327748,48.2421111]},"properties":{"id":"node/2503726726","source":"osm","name":null,"fee":"no","charge":null,"access":"yes","wheelchair":"limited","opening_hours":null,"operator":null,"description":null,"password":null}},{"type":"Feature","geometry":{"type":"Point","coordinates":[16.4230246,48.2099822]},"properties":{"id":"node/2505289186","source":"osm","name":null,"fee":"no","charge":null,"access":null,"wheelchair":"yes","opening_hours":null,"operator":null,"description":null,"password":null}},{"type":"Feature","geometry":{"type":"Point","coordinates":[16.465766,48.2196219]},"properties":{"id":"node/2571249354","source":"osm","name":null,"fee":"yes","charge":null,"access":"yes","wheelchair":"yes","opening_hours":null,"operator":null,"description":null,"password":null}},{"type":"Feature","geometry":{"type":"Point","coordinates":[16.3884747,48.1655849]},"properties":{"id":"node/2577802299","source":"osm","name":null,"fee":null,"charge":null,"access":null,"wheelchair":null,"opening_hours":null,"operator":null,"description":null,"password":null}},{"type":"Feature","geometry":{"type":"Point","coordinates":[16.3581455,48.2264623]},"properties":{"id":"node/2593798037","source":"osm","name":null,"fee":"no","charge":null,"access":"yes","wheelchair":"no","opening_hours":null,"operator":"öKlo","description":"öKlo Klassik","password":null}},{"type":"Feature","geometry":{"type":"Point","coordinates":[16.3016928,48.1816189]},"properties":{"id":"node/2717576484","source":"osm","name":null,"fee":"no","charge":null,"access":"customers","wheelchair":"yes","opening_hours":null,"operator":null,"description":null,"password":null}},{"type":"Feature","geometry":{"type":"Point","coordinates":[16.3024563,48.1834054]},"properties":{"id":"node/2717576497","source":"osm","name":null,"fee":"no","charge":null,"access":"customers","wheelchair":"yes","opening_hours":null,"operator":null,"description":null,"password":null}},{"type":"Feature","geometry":{"type":"Point","coordinates":[16.3036368,48.1800055]},"properties":{"id":"node/2717583192","source":"osm","name":null,"fee":"no","charge":null,"access":"customers","wheelchair":"yes","opening_hours":null,"operator":null,"description":null,"password":null}},{"type":"Feature","geometry":{"type":"Point","coordinates":[16.3063617,48.1811392]},"properties":{"id":"node/2717583195","source":"osm","name":null,"fee":"no","charge":null,"access":"customers","wheelchair":"yes","opening_hours":null,"operator":null,"description":null,"password":null}},{"type":"Feature","geometry":{"type":"Point","coordinates":[16.309063,48.1816723]},"properties":{"id":"node/2717583198","source":"osm","name":null,"fee":"no","charge":null,"access":"customers","wheelchair":"yes","opening_hours":null,"operator":null,"description":null,"password":null}},{"type":"Feature","geometry":{"type":"Point","coordinates":[16.3041262,48.1818538]},"properties":{"id":"node/2717583200","source":"osm","name":null,"fee":"no","charge":null,"access":"customers","wheelchair":"yes","opening_hours":null,"operator":null,"description":null,"password":null}},{"type":"Feature","geometry":{"type":"Point","coordinates":[16.3040965,48.1797781]},"properties":{"id":"node/2773325051","source":"osm","name":null,"fee":"no","charge":null,"access":null,"wheelchair":"no","opening_hours":null,"operator":null,"description":null,"password":null}},{"type":"Feature","geometry":{"type":"Point","coordinates":[16.3643219,48.1831679]},"properties":{"id":"node/2787873221","source":"osm","name":null,"fee":"no","charge":null,"access":"centralkey","wheelchair":"yes","opening_hours":"closed","operator":null,"description":null,"password":null}},{"type":"Feature","geometry":{"type":"Point","coordinates":[16.2248563,48.2066799]},"properties":{"id":"node/2993509336","source":"osm","name":null,"fee":null,"charge":null,"access":null,"wheelchair":null,"opening_hours":null,"operator":null,"description":null,"password":null}},{"type":"Feature","geometry":{"type":"Point","coordinates":[16.4185599,48.1853454]},"properties":{"id":"node/3127352660","source":"osm","name":null,"fee":"no","charge":null,"access":"yes","wheelchair":"yes","opening_hours":null,"operator":null,"description":null,"password":null}},{"type":"Feature","geometry":{"type":"Point","coordinates":[16.4212401,48.1859715]},"properties":{"id":"node/3127352663","source":"osm","name":null,"fee":"no","charge":null,"access":"yes","wheelchair":"yes","opening_hours":null,"operator":null,"description":null,"password":null}},{"type":"Feature","geometry":{"type":"Point","coordinates":[16.2632185,48.1323545]},"properties":{"id":"node/3154576500","source":"osm","name":null,"fee":"no","charge":null,"access":"yes","wheelchair":"yes","opening_hours":null,"operator":null,"description":null,"password":null}},{"type":"Feature","geometry":{"type":"Point","coordinates":[16.3096672,48.1298041]},"properties":{"id":"node/3211506114","source":"osm","name":null,"fee":"yes","charge":null,"access":"yes","wheelchair":"yes","opening_hours":null,"operator":"Wiener Linien","description":null,"password":null}},{"type":"Feature","geometry":{"type":"Point","coordinates":[16.4048137,48.1387668]},"properties":{"id":"node/3325737314","source":"osm","name":null,"fee":"no","charge":null,"access":null,"wheelchair":"yes","opening_hours":null,"operator":null,"description":null,"password":null}},{"type":"Feature","geometry":{"type":"Point","coordinates":[16.3139596,48.1415788]},"properties":{"id":"node/3327307684","source":"osm","name":null,"fee":"no","charge":null,"access":"permit","wheelchair":"yes","opening_hours":null,"operator":"Friedhöfe Wien","description":null,"password":null}},{"type":"Feature","geometry":{"type":"Point","coordinates":[16.3122129,48.1264035]},"properties":{"id":"node/3327310398","source":"osm","name":null,"fee":null,"charge":null,"access":"private","wheelchair":"yes","opening_hours":null,"operator":null,"description":null,"password":null}},{"type":"Feature","geometry":{"type":"Point","coordinates":[16.5009287,48.2763968]},"properties":{"id":"node/3327330809","source":"osm","name":null,"fee":null,"charge":null,"access":null,"wheelchair":null,"opening_hours":null,"operator":null,"description":null,"password":null}},{"type":"Feature","geometry":{"type":"Point","coordinates":[16.5314881,48.2154136]},"properties":{"id":"node/3327406611","source":"osm","name":null,"fee":"no","charge":null,"access":null,"wheelchair":null,"opening_hours":null,"operator":null,"description":null,"password":null}},{"type":"Feature","geometry":{"type":"Point","coordinates":[16.3827216,48.2718098]},"properties":{"id":"node/3328565003","source":"osm","name":null,"fee":"no","charge":null,"access":null,"wheelchair":"yes","opening_hours":null,"operator":null,"description":null,"password":null}},{"type":"Feature","geometry":{"type":"Point","coordinates":[16.2817741,48.1355809]},"properties":{"id":"node/3366592349","source":"osm","name":null,"fee":"yes","charge":null,"access":"yes","wheelchair":"yes","opening_hours":"24/7","operator":null,"description":null,"password":null}},{"type":"Feature","geometry":{"type":"Point","coordinates":[16.3022314,48.1847594]},"properties":{"id":"node/3387884030","source":"osm","name":null,"fee":"yes","charge":"0.5 EUR","access":"yes","wheelchair":"yes","opening_hours":null,"operator":null,"description":null,"password":null}},{"type":"Feature","geometry":{"type":"Point","coordinates":[16.3450605,48.1942114]},"properties":{"id":"node/3392938832","source":"osm","name":null,"fee":null,"charge":null,"access":null,"wheelchair":null,"opening_hours":null,"operator":null,"description":null,"password":null}},{"type":"Feature","geometry":{"type":"Point","coordinates":[16.4189406,48.1851321]},"properties":{"id":"node/3417486672","source":"osm","name":null,"fee":"no","charge":null,"access":"yes","wheelchair":"yes","opening_hours":null,"operator":null,"description":null,"password":null}},{"type":"Feature","geometry":{"type":"Point","coordinates":[16.4137987,48.1908089]},"properties":{"id":"node/3443271913","source":"osm","name":null,"fee":"yes","charge":"0.50 EUR","access":null,"wheelchair":null,"opening_hours":null,"operator":null,"description":null,"password":null}},{"type":"Feature","geometry":{"type":"Point","coordinates":[16.3134904,48.1864966]},"properties":{"id":"node/3447435741","source":"osm","name":null,"fee":"yes","charge":null,"access":null,"wheelchair":"yes","opening_hours":null,"operator":null,"description":null,"password":null}},{"type":"Feature","geometry":{"type":"Point","coordinates":[16.3096996,48.1829483]},"properties":{"id":"node/3451130697","source":"osm","name":null,"fee":"no","charge":null,"access":null,"wheelchair":"yes","opening_hours":null,"operator":null,"description":null,"password":null}},{"type":"Feature","geometry":{"type":"Point","coordinates":[16.3134189,48.1848165]},"properties":{"id":"node/3455249976","source":"osm","name":null,"fee":"no","charge":null,"access":null,"wheelchair":"yes","opening_hours":"Apr-Jun 08:30-17:30; Jul-Aug 08:30-18:30; Sep-Oct 08:30-17:30; Nov-Mar 08:30-17:00","operator":null,"description":null,"password":null}},{"type":"Feature","geometry":{"type":"Point","coordinates":[16.438509,48.1417771]},"properties":{"id":"node/3464040410","source":"osm","name":null,"fee":"no","charge":null,"access":"yes","wheelchair":null,"opening_hours":null,"operator":null,"description":null,"password":null}},{"type":"Feature","geometry":{"type":"Point","coordinates":[16.3651154,48.2079785]},"properties":{"id":"node/3476240281","source":"osm","name":null,"fee":"yes","charge":"1 EUR","access":"yes","wheelchair":"yes","opening_hours":"09:00-18:00","operator":null,"description":null,"password":null}},{"type":"Feature","geometry":{"type":"Point","coordinates":[16.5030014,48.2793356]},"properties":{"id":"node/3485225368","source":"osm","name":null,"fee":null,"charge":null,"access":"customers","wheelchair":null,"opening_hours":null,"operator":null,"description":null,"password":null}},{"type":"Feature","geometry":{"type":"Point","coordinates":[16.4118345,48.3038428]},"properties":{"id":"node/3505306936","source":"osm","name":null,"fee":"no","charge":null,"access":null,"wheelchair":"limited","opening_hours":null,"operator":null,"description":null,"password":null}},{"type":"Feature","geometry":{"type":"Point","coordinates":[16.3788222,48.1743256]},"properties":{"id":"node/3506671928","source":"osm","name":null,"fee":null,"charge":null,"access":"permissive","wheelchair":null,"opening_hours":null,"operator":null,"description":null,"password":null}},{"type":"Feature","geometry":{"type":"Point","coordinates":[16.3671677,48.2044731]},"properties":{"id":"node/3508204956","source":"osm","name":null,"fee":"yes","charge":"1 EUR","access":"yes","wheelchair":"yes","opening_hours":null,"operator":null,"description":null,"password":null}},{"type":"Feature","geometry":{"type":"Point","coordinates":[16.4154936,48.2428364]},"properties":{"id":"node/3508208868","source":"osm","name":null,"fee":"yes","charge":"0.50 EUR","access":"yes","wheelchair":"yes","opening_hours":null,"operator":null,"description":null,"password":null}},{"type":"Feature","geometry":{"type":"Point","coordinates":[16.405448,48.2316]},"properties":{"id":"node/3512004373","source":"osm","name":null,"fee":"yes","charge":null,"access":null,"wheelchair":"yes","opening_hours":"24/7","operator":null,"description":null,"password":null}},{"type":"Feature","geometry":{"type":"Point","coordinates":[16.4136243,48.2254815]},"properties":{"id":"node/3512245407","source":"osm","name":null,"fee":"no","charge":null,"access":null,"wheelchair":"no","opening_hours":"May-Sep 00:00-24:00","operator":null,"description":null,"password":null}},{"type":"Feature","geometry":{"type":"Point","coordinates":[16.3528332,48.1694287]},"properties":{"id":"node/3517901865","source":"osm","name":null,"fee":"yes","charge":null,"access":null,"wheelchair":"no","opening_hours":null,"operator":null,"description":null,"password":null}},{"type":"Feature","geometry":{"type":"Point","coordinates":[16.3508912,48.1704453]},"properties":{"id":"node/3517901875","source":"osm","name":null,"fee":"no","charge":null,"access":null,"wheelchair":"no","opening_hours":null,"operator":null,"description":null,"password":null}},{"type":"Feature","geometry":{"type":"Point","coordinates":[16.4775408,48.2547737]},"properties":{"id":"node/3524113983","source":"osm","name":null,"fee":"no","charge":null,"access":"yes","wheelchair":"yes","opening_hours":null,"operator":null,"description":null,"password":null}},{"type":"Feature","geometry":{"type":"Point","coordinates":[16.3676421,48.2103857]},"properties":{"id":"node/3553717003","source":"osm","name":null,"fee":"yes","charge":"0.50 EUR","access":null,"wheelchair":"no","opening_hours":null,"operator":null,"description":null,"password":null}},{"type":"Feature","geometry":{"type":"Point","coordinates":[16.4127774,48.1878566]},"properties":{"id":"node/3658237019","source":"osm","name":null,"fee":"no","charge":null,"access":"private","wheelchair":"yes","opening_hours":null,"operator":null,"description":null,"password":null}},{"type":"Feature","geometry":{"type":"Point","coordinates":[16.3576347,48.2066259]},"properties":{"id":"node/3673489030","source":"osm","name":null,"fee":null,"charge":null,"access":"yes","wheelchair":"yes","opening_hours":null,"operator":null,"description":null,"password":null}},{"type":"Feature","geometry":{"type":"Point","coordinates":[16.3498245,48.146922]},"properties":{"id":"node/3707909093","source":"osm","name":null,"fee":"no","charge":null,"access":null,"wheelchair":"yes","opening_hours":null,"operator":null,"description":null,"password":null}},{"type":"Feature","geometry":{"type":"Point","coordinates":[16.4701979,48.2357346]},"properties":{"id":"node/3750601233","source":"osm","name":null,"fee":"no","charge":null,"access":null,"wheelchair":"yes","opening_hours":null,"operator":null,"description":null,"password":null}},{"type":"Feature","geometry":{"type":"Point","coordinates":[16.4104647,48.2492426]},"properties":{"id":"node/3771158104","source":"osm","name":null,"fee":"no","charge":null,"access":null,"wheelchair":"yes","opening_hours":null,"operator":null,"description":null,"password":null}},{"type":"Feature","geometry":{"type":"Point","coordinates":[16.4386813,48.2414443]},"properties":{"id":"node/3785946866","source":"osm","name":null,"fee":"no","charge":null,"access":null,"wheelchair":"yes","opening_hours":null,"operator":null,"description":null,"password":null}},{"type":"Feature","geometry":{"type":"Point","coordinates":[16.2918002,48.175898]},"properties":{"id":"node/3793114883","source":"osm","name":null,"fee":"no","charge":null,"access":"yes","wheelchair":null,"opening_hours":null,"operator":null,"description":null,"password":null}},{"type":"Feature","geometry":{"type":"Point","coordinates":[16.3767995,48.2372592]},"properties":{"id":"node/3803379257","source":"osm","name":null,"fee":"no","charge":null,"access":null,"wheelchair":"no","opening_hours":null,"operator":null,"description":null,"password":null}},{"type":"Feature","geometry":{"type":"Point","coordinates":[16.4025351,48.2390403]},"properties":{"id":"node/3838670070","source":"osm","name":"Insel WC","fee":"no","charge":null,"access":null,"wheelchair":"no","opening_hours":null,"operator":null,"description":null,"password":null}},{"type":"Feature","geometry":{"type":"Point","coordinates":[16.3604058,48.2109727]},"properties":{"id":"node/3878064657","source":"osm","name":null,"fee":"yes","charge":"0.50 EUR","access":null,"wheelchair":"no","opening_hours":"Mo-Su,PH 10:00-17:00","operator":null,"description":null,"password":null}},{"type":"Feature","geometry":{"type":"Point","coordinates":[16.3854899,48.2116777]},"properties":{"id":"node/3881420761","source":"osm","name":null,"fee":"no","charge":null,"access":null,"wheelchair":"yes","opening_hours":null,"operator":null,"description":null,"password":null}},{"type":"Feature","geometry":{"type":"Point","coordinates":[16.3956421,48.2172077]},"properties":{"id":"node/3888725885","source":"osm","name":null,"fee":"yes","charge":null,"access":"yes","wheelchair":"yes","opening_hours":null,"operator":null,"description":null,"password":null}},{"type":"Feature","geometry":{"type":"Point","coordinates":[16.2951321,48.213463]},"properties":{"id":"node/3913121010","source":"osm","name":null,"fee":"no","charge":null,"access":null,"wheelchair":"no","opening_hours":null,"operator":null,"description":null,"password":null}},{"type":"Feature","geometry":{"type":"Point","coordinates":[16.4017265,48.2136608]},"properties":{"id":"node/3952859763","source":"osm","name":null,"fee":"no","charge":null,"access":null,"wheelchair":null,"opening_hours":null,"operator":null,"description":null,"password":null}},{"type":"Feature","geometry":{"type":"Point","coordinates":[16.3795339,48.2443539]},"properties":{"id":"node/3955910142","source":"osm","name":null,"fee":"no","charge":null,"access":null,"wheelchair":"yes","opening_hours":null,"operator":null,"description":null,"password":null}},{"type":"Feature","geometry":{"type":"Point","coordinates":[16.2980778,48.1763707]},"properties":{"id":"node/3974223869","source":"osm","name":null,"fee":null,"charge":null,"access":null,"wheelchair":null,"opening_hours":null,"operator":null,"description":null,"password":null}},{"type":"Feature","geometry":{"type":"Point","coordinates":[16.3383467,48.2182082]},"properties":{"id":"node/3987790781","source":"osm","name":null,"fee":"no","charge":null,"access":null,"wheelchair":"yes","opening_hours":null,"operator":null,"description":null,"password":null}},{"type":"Feature","geometry":{"type":"Point","coordinates":[16.3792383,48.1965718]},"properties":{"id":"node/4154160600","source":"osm","name":null,"fee":"no","charge":null,"access":null,"wheelchair":"yes","opening_hours":null,"operator":null,"description":null,"password":null}},{"type":"Feature","geometry":{"type":"Point","coordinates":[16.2839686,48.1349677]},"properties":{"id":"node/4188113213","source":"osm","name":null,"fee":"yes","charge":null,"access":"yes","wheelchair":"yes","opening_hours":"Mo-Su 04:00-22:00","operator":null,"description":null,"password":null}},{"type":"Feature","geometry":{"type":"Point","coordinates":[16.3987237,48.2164964]},"properties":{"id":"node/4226878692","source":"osm","name":null,"fee":"yes","charge":null,"access":null,"wheelchair":null,"opening_hours":"24/7","operator":null,"description":null,"password":null}},{"type":"Feature","geometry":{"type":"Point","coordinates":[16.3956906,48.2168055]},"properties":{"id":"node/4226900393","source":"osm","name":null,"fee":"no","charge":null,"access":"customers","wheelchair":"yes","opening_hours":null,"operator":null,"description":null,"password":null}},{"type":"Feature","geometry":{"type":"Point","coordinates":[16.3971673,48.2165641]},"properties":{"id":"node/4226900490","source":"osm","name":null,"fee":"yes","charge":null,"access":null,"wheelchair":"no","opening_hours":null,"operator":null,"description":null,"password":null}},{"type":"Feature","geometry":{"type":"Point","coordinates":[16.3614574,48.2264514]},"properties":{"id":"node/4232044700","source":"osm","name":null,"fee":"yes","charge":null,"access":"yes","wheelchair":"yes","opening_hours":"Mo-Su 06:00-22:00","operator":"ÖBB","description":null,"password":null}},{"type":"Feature","geometry":{"type":"Point","coordinates":[16.2817394,48.1630914]},"properties":{"id":"node/4251247765","source":"osm","name":null,"fee":null,"charge":null,"access":null,"wheelchair":"yes","opening_hours":null,"operator":null,"description":null,"password":null}},{"type":"Feature","geometry":{"type":"Point","coordinates":[16.281341,48.1633007]},"properties":{"id":"node/4251247916","source":"osm","name":null,"fee":null,"charge":null,"access":null,"wheelchair":"yes","opening_hours":null,"operator":null,"description":null,"password":null}},{"type":"Feature","geometry":{"type":"Point","coordinates":[16.4210105,48.2306991]},"properties":{"id":"node/4267606475","source":"osm","name":"Toilettenanlage SV Donau","fee":null,"charge":null,"access":null,"wheelchair":null,"opening_hours":"Mo-Sa 08:00-22:00","operator":null,"description":null,"password":null}},{"type":"Feature","geometry":{"type":"Point","coordinates":[16.4284772,48.2282718]},"properties":{"id":"node/4327228429","source":"osm","name":null,"fee":"no","charge":null,"access":"yes","wheelchair":null,"opening_hours":null,"operator":null,"description":null,"password":null}},{"type":"Feature","geometry":{"type":"Point","coordinates":[16.4276973,48.2539215]},"properties":{"id":"node/4328060767","source":"osm","name":null,"fee":null,"charge":null,"access":null,"wheelchair":null,"opening_hours":null,"operator":null,"description":null,"password":null}},{"type":"Feature","geometry":{"type":"Point","coordinates":[16.3634282,48.2756839]},"properties":{"id":"node/4380714163","source":"osm","name":"TOI TOI","fee":"no","charge":null,"access":"yes","wheelchair":"no","opening_hours":null,"operator":null,"description":null,"password":null}},{"type":"Feature","geometry":{"type":"Point","coordinates":[16.395116,48.2079719]},"properties":{"id":"node/4395829204","source":"osm","name":null,"fee":"no","charge":null,"access":null,"wheelchair":"no","opening_hours":null,"operator":null,"description":null,"password":null}},{"type":"Feature","geometry":{"type":"Point","coordinates":[16.4424071,48.1532708]},"properties":{"id":"node/4399539617","source":"osm","name":null,"fee":"no","charge":null,"access":null,"wheelchair":"no","opening_hours":null,"operator":null,"description":null,"password":null}},{"type":"Feature","geometry":{"type":"Point","coordinates":[16.3983441,48.1467376]},"properties":{"id":"node/4405970066","source":"osm","name":null,"fee":"no","charge":null,"access":null,"wheelchair":"yes","opening_hours":"Mar, Oct: 06:00-20:00; Apr, Sep: 06:00-21:00; May-Aug: 06:00-22:00","operator":null,"description":null,"password":null}},{"type":"Feature","geometry":{"type":"Point","coordinates":[16.3210795,48.2491702]},"properties":{"id":"node/4416444478","source":"osm","name":null,"fee":null,"charge":null,"access":null,"wheelchair":null,"opening_hours":null,"operator":null,"description":null,"password":null}},{"type":"Feature","geometry":{"type":"Point","coordinates":[16.3987256,48.150671]},"properties":{"id":"node/4427306881","source":"osm","name":null,"fee":"no","charge":null,"access":null,"wheelchair":"designated","opening_hours":null,"operator":null,"description":null,"password":null}},{"type":"Feature","geometry":{"type":"Point","coordinates":[16.4521611,48.1507693]},"properties":{"id":"node/4580136338","source":"osm","name":null,"fee":null,"charge":null,"access":null,"wheelchair":null,"opening_hours":null,"operator":null,"description":null,"password":null}},{"type":"Feature","geometry":{"type":"Point","coordinates":[16.4718042,48.1688649]},"properties":{"id":"node/4584003384","source":"osm","name":null,"fee":"no","charge":null,"access":"yes","wheelchair":"yes","opening_hours":null,"operator":null,"description":null,"password":null}},{"type":"Feature","geometry":{"type":"Point","coordinates":[16.4723355,48.1697646]},"properties":{"id":"node/4584003405","source":"osm","name":null,"fee":"no","charge":null,"access":"yes","wheelchair":"yes","opening_hours":null,"operator":null,"description":null,"password":null}},{"type":"Feature","geometry":{"type":"Point","coordinates":[16.4242416,48.1702685]},"properties":{"id":"node/4653860620","source":"osm","name":null,"fee":"no","charge":null,"access":"permissive","wheelchair":"yes","opening_hours":null,"operator":null,"description":null,"password":null}},{"type":"Feature","geometry":{"type":"Point","coordinates":[16.280048,48.2070046]},"properties":{"id":"node/4695773237","source":"osm","name":null,"fee":"no","charge":null,"access":"yes","wheelchair":null,"opening_hours":null,"operator":null,"description":null,"password":null}},{"type":"Feature","geometry":{"type":"Point","coordinates":[16.3656508,48.2076429]},"properties":{"id":"node/4706315989","source":"osm","name":null,"fee":"yes","charge":null,"access":"customers","wheelchair":"yes","opening_hours":null,"operator":null,"description":null,"password":null}},{"type":"Feature","geometry":{"type":"Point","coordinates":[16.2608385,48.1926335]},"properties":{"id":"node/4759972434","source":"osm","name":null,"fee":"no","charge":null,"access":null,"wheelchair":null,"opening_hours":"Dec-Feb off","operator":null,"description":null,"password":null}},{"type":"Feature","geometry":{"type":"Point","coordinates":[16.310855,48.2273599]},"properties":{"id":"node/4841364190","source":"osm","name":null,"fee":"no","charge":null,"access":"yes","wheelchair":"limited","opening_hours":null,"operator":null,"description":null,"password":null}},{"type":"Feature","geometry":{"type":"Point","coordinates":[16.385281,48.2416923]},"properties":{"id":"node/4855899386","source":"osm","name":null,"fee":"yes","charge":null,"access":null,"wheelchair":"yes","opening_hours":null,"operator":null,"description":null,"password":null}},{"type":"Feature","geometry":{"type":"Point","coordinates":[16.4192277,48.2391872]},"properties":{"id":"node/4862415872","source":"osm","name":null,"fee":"no","charge":null,"access":null,"wheelchair":"yes","opening_hours":null,"operator":null,"description":null,"password":null}},{"type":"Feature","geometry":{"type":"Point","coordinates":[16.3997465,48.2563218]},"properties":{"id":"node/4867858635","source":"osm","name":null,"fee":"yes","charge":"0.50 EUR","access":null,"wheelchair":"yes","opening_hours":"Mo-Su,PH 06:00-23:00","operator":null,"description":null,"password":null}},{"type":"Feature","geometry":{"type":"Point","coordinates":[16.2752232,48.1922851]},"properties":{"id":"node/4902428100","source":"osm","name":null,"fee":"no","charge":null,"access":null,"wheelchair":null,"opening_hours":null,"operator":null,"description":null,"password":null}},{"type":"Feature","geometry":{"type":"Point","coordinates":[16.385137,48.24032]},"properties":{"id":"node/4921950110","source":"osm","name":null,"fee":"no","charge":null,"access":"customers","wheelchair":"yes","opening_hours":null,"operator":null,"description":null,"password":null}},{"type":"Feature","geometry":{"type":"Point","coordinates":[16.3861223,48.2407552]},"properties":{"id":"node/4921950111","source":"osm","name":null,"fee":"no","charge":null,"access":"customers","wheelchair":"yes","opening_hours":null,"operator":null,"description":"Man braucht einen Eurokey Zugang, wenn man den nicht hat muss man zum Infopoint.","password":null}},{"type":"Feature","geometry":{"type":"Point","coordinates":[16.3532735,48.199893]},"properties":{"id":"node/4922720085","source":"osm","name":null,"fee":"no","charge":null,"access":"customers","wheelchair":"yes","opening_hours":null,"operator":null,"description":null,"password":null}},{"type":"Feature","geometry":{"type":"Point","coordinates":[16.3568438,48.2111105]},"properties":{"id":"node/4936122322","source":"osm","name":null,"fee":null,"charge":null,"access":null,"wheelchair":null,"opening_hours":"Mo-Fr 07:00-18:00","operator":"City hall (Rathaus, Stadt Wien)","description":null,"password":null}},{"type":"Feature","geometry":{"type":"Point","coordinates":[16.4651933,48.1548692]},"properties":{"id":"node/4979493275","source":"osm","name":null,"fee":"no","charge":null,"access":null,"wheelchair":null,"opening_hours":null,"operator":null,"description":null,"password":null}},{"type":"Feature","geometry":{"type":"Point","coordinates":[16.3628404,48.1983]},"properties":{"id":"node/4987007323","source":"osm","name":null,"fee":"no","charge":null,"access":null,"wheelchair":"yes","opening_hours":null,"operator":null,"description":null,"password":null}},{"type":"Feature","geometry":{"type":"Point","coordinates":[16.4378584,48.2427117]},"properties":{"id":"node/5007456617","source":"osm","name":null,"fee":"no","charge":null,"access":null,"wheelchair":"yes","opening_hours":null,"operator":null,"description":null,"password":null}},{"type":"Feature","geometry":{"type":"Point","coordinates":[16.2694179,48.152081]},"properties":{"id":"node/5009023227","source":"osm","name":null,"fee":"no","charge":null,"access":null,"wheelchair":"yes","opening_hours":null,"operator":null,"description":null,"password":null}},{"type":"Feature","geometry":{"type":"Point","coordinates":[16.3422336,48.1934478]},"properties":{"id":"node/5031612451","source":"osm","name":null,"fee":"no","charge":null,"access":null,"wheelchair":"yes","opening_hours":null,"operator":null,"description":null,"password":null}},{"type":"Feature","geometry":{"type":"Point","coordinates":[16.4311182,48.2207744]},"properties":{"id":"node/5046722484","source":"osm","name":null,"fee":"yes","charge":null,"access":"yes","wheelchair":"yes","opening_hours":"Mo-Su 00:00+","operator":null,"description":null,"password":null}},{"type":"Feature","geometry":{"type":"Point","coordinates":[16.4355404,48.1558455]},"properties":{"id":"node/5127234784","source":"osm","name":null,"fee":"no","charge":null,"access":null,"wheelchair":"no","opening_hours":null,"operator":null,"description":null,"password":null}},{"type":"Feature","geometry":{"type":"Point","coordinates":[16.2793673,48.2016181]},"properties":{"id":"node/5204390601","source":"osm","name":null,"fee":null,"charge":null,"access":null,"wheelchair":null,"opening_hours":null,"operator":null,"description":null,"password":null}},{"type":"Feature","geometry":{"type":"Point","coordinates":[16.2795676,48.2007726]},"properties":{"id":"node/5204390602","source":"osm","name":null,"fee":null,"charge":null,"access":null,"wheelchair":"yes","opening_hours":null,"operator":null,"description":null,"password":null}},{"type":"Feature","geometry":{"type":"Point","coordinates":[16.4305652,48.2286792]},"properties":{"id":"node/5218204339","source":"osm","name":null,"fee":"no","charge":null,"access":"customers","wheelchair":null,"opening_hours":null,"operator":null,"description":null,"password":null}},{"type":"Feature","geometry":{"type":"Point","coordinates":[16.384426,48.2177151]},"properties":{"id":"node/5261049804","source":"osm","name":"WC Odeonpark","fee":"no","charge":null,"access":null,"wheelchair":"yes","opening_hours":null,"operator":null,"description":null,"password":null}},{"type":"Feature","geometry":{"type":"Point","coordinates":[16.3856698,48.2342694]},"properties":{"id":"node/5296945179","source":"osm","name":"Toi Toi","fee":"no","charge":null,"access":null,"wheelchair":"no","opening_hours":null,"operator":"Toi Toi","description":null,"password":null}},{"type":"Feature","geometry":{"type":"Point","coordinates":[16.4416942,48.1583966]},"properties":{"id":"node/5440563456","source":"osm","name":null,"fee":null,"charge":null,"access":null,"wheelchair":"yes","opening_hours":null,"operator":null,"description":null,"password":null}},{"type":"Feature","geometry":{"type":"Point","coordinates":[16.3417868,48.2169119]},"properties":{"id":"node/5457732665","source":"osm","name":null,"fee":"yes","charge":null,"access":"yes","wheelchair":"yes","opening_hours":null,"operator":null,"description":null,"password":null}},{"type":"Feature","geometry":{"type":"Point","coordinates":[16.3674751,48.260361]},"properties":{"id":"node/5565234983","source":"osm","name":null,"fee":"no","charge":null,"access":null,"wheelchair":"limited","opening_hours":null,"operator":null,"description":null,"password":null}},{"type":"Feature","geometry":{"type":"Point","coordinates":[16.4065829,48.1513438]},"properties":{"id":"node/5613954868","source":"osm","name":null,"fee":"no","charge":null,"access":null,"wheelchair":"yes","opening_hours":null,"operator":null,"description":null,"password":null}},{"type":"Feature","geometry":{"type":"Point","coordinates":[16.4026202,48.1426527]},"properties":{"id":"node/5613963250","source":"osm","name":null,"fee":null,"charge":null,"access":"customers","wheelchair":"yes","opening_hours":null,"operator":null,"description":null,"password":null}},{"type":"Feature","geometry":{"type":"Point","coordinates":[16.4410951,48.1543006]},"properties":{"id":"node/5613968804","source":"osm","name":null,"fee":"no","charge":null,"access":"permissive","wheelchair":"yes","opening_hours":null,"operator":null,"description":null,"password":null}},{"type":"Feature","geometry":{"type":"Point","coordinates":[16.4188925,48.1775139]},"properties":{"id":"node/5692991928","source":"osm","name":null,"fee":"no","charge":null,"access":null,"wheelchair":"no","opening_hours":null,"operator":null,"description":null,"password":null}},{"type":"Feature","geometry":{"type":"Point","coordinates":[16.4165289,48.1734315]},"properties":{"id":"node/5720857591","source":"osm","name":null,"fee":"no","charge":null,"access":null,"wheelchair":null,"opening_hours":null,"operator":null,"description":null,"password":null}},{"type":"Feature","geometry":{"type":"Point","coordinates":[16.3301331,48.1778734]},"properties":{"id":"node/5834603992","source":"osm","name":null,"fee":"no","charge":null,"access":"yes","wheelchair":"yes","opening_hours":"Mo-Su,PH 00:00-00:00","operator":null,"description":null,"password":null}},{"type":"Feature","geometry":{"type":"Point","coordinates":[16.5033809,48.2236291]},"properties":{"id":"node/5975778726","source":"osm","name":null,"fee":"no","charge":null,"access":null,"wheelchair":"yes","opening_hours":"Mo-Fr 07:30-19:00","operator":null,"description":null,"password":null}},{"type":"Feature","geometry":{"type":"Point","coordinates":[16.4560993,48.2641089]},"properties":{"id":"node/6003015948","source":"osm","name":null,"fee":"no","charge":null,"access":null,"wheelchair":null,"opening_hours":null,"operator":"McDonald's","description":null,"password":null}},{"type":"Feature","geometry":{"type":"Point","coordinates":[16.4546282,48.2644019]},"properties":{"id":"node/6003015949","source":"osm","name":null,"fee":null,"charge":null,"access":null,"wheelchair":null,"opening_hours":null,"operator":"Shell","description":null,"password":null}},{"type":"Feature","geometry":{"type":"Point","coordinates":[16.3139953,48.1861979]},"properties":{"id":"node/6128928374","source":"osm","name":null,"fee":"no","charge":null,"access":"key","wheelchair":"designated","opening_hours":null,"operator":null,"description":null,"password":null}},{"type":"Feature","geometry":{"type":"Point","coordinates":[16.3035973,48.1831371]},"properties":{"id":"node/6210392229","source":"osm","name":null,"fee":"no","charge":null,"access":null,"wheelchair":null,"opening_hours":null,"operator":null,"description":null,"password":null}},{"type":"Feature","geometry":{"type":"Point","coordinates":[16.410818,48.1857857]},"properties":{"id":"node/6224737418","source":"osm","name":null,"fee":"no","charge":null,"access":"customers","wheelchair":"yes","opening_hours":null,"operator":null,"description":null,"password":null}},{"type":"Feature","geometry":{"type":"Point","coordinates":[16.3420427,48.1561608]},"properties":{"id":"node/6284882550","source":"osm","name":null,"fee":"no","charge":null,"access":"customers","wheelchair":"no","opening_hours":"24/7","operator":null,"description":null,"password":null}},{"type":"Feature","geometry":{"type":"Point","coordinates":[16.4806611,48.1976976]},"properties":{"id":"node/6344270203","source":"osm","name":null,"fee":null,"charge":null,"access":null,"wheelchair":null,"opening_hours":null,"operator":null,"description":null,"password":null}},{"type":"Feature","geometry":{"type":"Point","coordinates":[16.3605396,48.2130647]},"properties":{"id":"node/6620322531","source":"osm","name":null,"fee":"no","charge":null,"access":null,"wheelchair":"yes","opening_hours":null,"operator":null,"description":null,"password":null}},{"type":"Feature","geometry":{"type":"Point","coordinates":[16.3993356,48.2171224]},"properties":{"id":"node/6670258787","source":"osm","name":null,"fee":"yes","charge":null,"access":null,"wheelchair":"no","opening_hours":null,"operator":null,"description":null,"password":null}},{"type":"Feature","geometry":{"type":"Point","coordinates":[16.346234,48.2044417]},"properties":{"id":"node/6711113299","source":"osm","name":null,"fee":"no","charge":null,"access":"yes","wheelchair":"yes","opening_hours":null,"operator":"öKlo","description":"öKlo Barrierefrei","password":null}},{"type":"Feature","geometry":{"type":"Point","coordinates":[16.3457821,48.2006136]},"properties":{"id":"node/6711113300","source":"osm","name":null,"fee":"no","charge":null,"access":"yes","wheelchair":"yes","opening_hours":null,"operator":"öKlo","description":"öKlo Barrierefrei","password":null}},{"type":"Feature","geometry":{"type":"Point","coordinates":[16.3521494,48.2025753]},"properties":{"id":"node/6711113301","source":"osm","name":null,"fee":"no","charge":null,"access":"yes","wheelchair":"yes","opening_hours":null,"operator":"öKlo","description":"öKlo Barrierefrei","password":null}},{"type":"Feature","geometry":{"type":"Point","coordinates":[16.3751839,48.2148978]},"properties":{"id":"node/6819274386","source":"osm","name":null,"fee":"no","charge":null,"access":"yes","wheelchair":"limited","opening_hours":null,"operator":null,"description":null,"password":null}},{"type":"Feature","geometry":{"type":"Point","coordinates":[16.3769608,48.2130352]},"properties":{"id":"node/6819298086","source":"osm","name":null,"fee":"yes","charge":null,"access":null,"wheelchair":"no","opening_hours":null,"operator":null,"description":null,"password":null}},{"type":"Feature","geometry":{"type":"Point","coordinates":[16.4205328,48.2978625]},"properties":{"id":"node/6832424140","source":"osm","name":null,"fee":"no","charge":null,"access":"yes","wheelchair":"yes","opening_hours":"24/7","operator":null,"description":null,"password":null}},{"type":"Feature","geometry":{"type":"Point","coordinates":[16.2026334,48.2293694]},"properties":{"id":"node/6832516766","source":"osm","name":null,"fee":null,"charge":null,"access":null,"wheelchair":null,"opening_hours":null,"operator":null,"description":null,"password":null}},{"type":"Feature","geometry":{"type":"Point","coordinates":[16.2034647,48.1712647]},"properties":{"id":"node/6835069104","source":"osm","name":null,"fee":null,"charge":null,"access":null,"wheelchair":null,"opening_hours":null,"operator":null,"description":null,"password":null}},{"type":"Feature","geometry":{"type":"Point","coordinates":[16.2309319,48.1783911]},"properties":{"id":"node/6835069105","source":"osm","name":null,"fee":"no","charge":null,"access":null,"wheelchair":"limited","opening_hours":null,"operator":null,"description":null,"password":null}},{"type":"Feature","geometry":{"type":"Point","coordinates":[16.4075937,48.2553602]},"properties":{"id":"node/6878734601","source":"osm","name":null,"fee":"no","charge":null,"access":"yes","wheelchair":"no","opening_hours":null,"operator":null,"description":null,"password":null}},{"type":"Feature","geometry":{"type":"Point","coordinates":[16.3555492,48.1811155]},"properties":{"id":"node/6893321985","source":"osm","name":null,"fee":"no","charge":null,"access":null,"wheelchair":"yes","opening_hours":null,"operator":null,"description":null,"password":null}},{"type":"Feature","geometry":{"type":"Point","coordinates":[16.4359256,48.2941076]},"properties":{"id":"node/6900229137","source":"osm","name":null,"fee":null,"charge":null,"access":"yes","wheelchair":"no","opening_hours":null,"operator":null,"description":null,"password":null}},{"type":"Feature","geometry":{"type":"Point","coordinates":[16.3835935,48.1859449]},"properties":{"id":"node/6952774204","source":"osm","name":null,"fee":"no","charge":null,"access":null,"wheelchair":"yes","opening_hours":null,"operator":null,"description":null,"password":null}},{"type":"Feature","geometry":{"type":"Point","coordinates":[16.3027138,48.1842755]},"properties":{"id":"node/6958733506","source":"osm","name":"Visitors only","fee":"no","charge":null,"access":"customers","wheelchair":"limited","opening_hours":null,"operator":null,"description":null,"password":null}},{"type":"Feature","geometry":{"type":"Point","coordinates":[16.3017335,48.1621448]},"properties":{"id":"node/6960158522","source":"osm","name":null,"fee":"no","charge":null,"access":null,"wheelchair":null,"opening_hours":null,"operator":null,"description":null,"password":null}},{"type":"Feature","geometry":{"type":"Point","coordinates":[16.4347113,48.1473655]},"properties":{"id":"node/6984985248","source":"osm","name":null,"fee":null,"charge":null,"access":null,"wheelchair":null,"opening_hours":null,"operator":null,"description":null,"password":null}},{"type":"Feature","geometry":{"type":"Point","coordinates":[16.4574629,48.2207677]},"properties":{"id":"node/7159867480","source":"osm","name":null,"fee":"no","charge":null,"access":"yes","wheelchair":"yes","opening_hours":null,"operator":"Wiener Linien","description":null,"password":null}},{"type":"Feature","geometry":{"type":"Point","coordinates":[16.3769478,48.1769625]},"properties":{"id":"node/7739973072","source":"osm","name":"Öffentliche WC-Anlage","fee":"yes","charge":null,"access":null,"wheelchair":"yes","opening_hours":"Mo-Sa 06:00-20:00; Su 09:00-21:00","operator":null,"description":null,"password":null}},{"type":"Feature","geometry":{"type":"Point","coordinates":[16.4215501,48.2415727]},"properties":{"id":"node/7776476616","source":"osm","name":null,"fee":"no","charge":null,"access":null,"wheelchair":"yes","opening_hours":null,"operator":null,"description":null,"password":null}},{"type":"Feature","geometry":{"type":"Point","coordinates":[16.3976256,48.2579221]},"properties":{"id":"node/7834802100","source":"osm","name":null,"fee":"yes","charge":null,"access":null,"wheelchair":"no","opening_hours":null,"operator":null,"description":null,"password":null}},{"type":"Feature","geometry":{"type":"Point","coordinates":[16.3755348,48.1909274]},"properties":{"id":"node/8062537886","source":"osm","name":null,"fee":"no","charge":null,"access":null,"wheelchair":"no","opening_hours":null,"operator":"öKlo","description":null,"password":null}},{"type":"Feature","geometry":{"type":"Point","coordinates":[16.3268904,48.165614]},"properties":{"id":"node/8331809735","source":"osm","name":null,"fee":"no","charge":null,"access":null,"wheelchair":"yes","opening_hours":"\"nur bei Begräbnissen geöffnet\"","operator":null,"description":null,"password":null}},{"type":"Feature","geometry":{"type":"Point","coordinates":[16.3340526,48.1735088]},"properties":{"id":"node/8331836139","source":"osm","name":null,"fee":"no","charge":null,"access":null,"wheelchair":null,"opening_hours":"Mo-Fr 07:00-15:00; PH off","operator":null,"description":null,"password":null}},{"type":"Feature","geometry":{"type":"Point","coordinates":[16.3147978,48.1867509]},"properties":{"id":"node/8375491363","source":"osm","name":null,"fee":"no","charge":null,"access":"yes","wheelchair":"yes","opening_hours":null,"operator":null,"description":null,"password":null}},{"type":"Feature","geometry":{"type":"Point","coordinates":[16.3673632,48.2577867]},"properties":{"id":"node/8501594614","source":"osm","name":null,"fee":"no","charge":null,"access":"yes","wheelchair":"yes","opening_hours":null,"operator":null,"description":null,"password":null}},{"type":"Feature","geometry":{"type":"Point","coordinates":[16.4160512,48.1734219]},"properties":{"id":"node/8589398110","source":"osm","name":null,"fee":"no","charge":null,"access":null,"wheelchair":null,"opening_hours":null,"operator":null,"description":null,"password":null}},{"type":"Feature","geometry":{"type":"Point","coordinates":[16.4308673,48.2144594]},"properties":{"id":"node/8617841006","source":"osm","name":null,"fee":"no","charge":null,"access":null,"wheelchair":"no","opening_hours":null,"operator":null,"description":null,"password":null}},{"type":"Feature","geometry":{"type":"Point","coordinates":[16.4887191,48.1813634]},"properties":{"id":"node/8623193068","source":"osm","name":"Toi Toi","fee":"no","charge":null,"access":null,"wheelchair":"no","opening_hours":null,"operator":null,"description":null,"password":null}},{"type":"Feature","geometry":{"type":"Point","coordinates":[16.3443832,48.2444529]},"properties":{"id":"node/8626180950","source":"osm","name":null,"fee":"no","charge":null,"access":null,"wheelchair":"yes","opening_hours":null,"operator":null,"description":null,"password":null}},{"type":"Feature","geometry":{"type":"Point","coordinates":[16.4207868,48.2100783]},"properties":{"id":"node/8647759177","source":"osm","name":null,"fee":"yes","charge":null,"access":null,"wheelchair":"limited","opening_hours":null,"operator":null,"description":null,"password":null}},{"type":"Feature","geometry":{"type":"Point","coordinates":[16.381556,48.245357]},"properties":{"id":"node/8654643757","source":"osm","name":"Toi Toi","fee":"no","charge":null,"access":null,"wheelchair":"no","opening_hours":null,"operator":null,"description":null,"password":null}},{"type":"Feature","geometry":{"type":"Point","coordinates":[16.3770061,48.2464702]},"properties":{"id":"node/8654655719","source":"osm","name":"Toi Toi","fee":"no","charge":null,"access":null,"wheelchair":"no","opening_hours":null,"operator":"Toi Toi","description":null,"password":null}},{"type":"Feature","geometry":{"type":"Point","coordinates":[16.3817059,48.23973]},"properties":{"id":"node/8665606322","source":"osm","name":"Toi Toi","fee":"no","charge":null,"access":null,"wheelchair":"no","opening_hours":null,"operator":"Toi Toi","description":null,"password":null}},{"type":"Feature","geometry":{"type":"Point","coordinates":[16.4423001,48.1926433]},"properties":{"id":"node/8665606323","source":"osm","name":"Toi Toi","fee":"no","charge":null,"access":"yes","wheelchair":"no","opening_hours":null,"operator":"Toi Toi","description":null,"password":null}},{"type":"Feature","geometry":{"type":"Point","coordinates":[16.3730608,48.2353793]},"properties":{"id":"node/8737212269","source":"osm","name":"Toi Toi","fee":"no","charge":null,"access":null,"wheelchair":"no","opening_hours":null,"operator":"Toi Toi","description":null,"password":null}},{"type":"Feature","geometry":{"type":"Point","coordinates":[16.3842027,48.2386763]},"properties":{"id":"node/8737218228","source":"osm","name":"Toi Toi","fee":"no","charge":null,"access":null,"wheelchair":"no","opening_hours":null,"operator":"Toi Toi","description":null,"password":null}},{"type":"Feature","geometry":{"type":"Point","coordinates":[16.4888835,48.2408487]},"properties":{"id":"node/8740359139","source":"osm","name":null,"fee":"no","charge":null,"access":"yes","wheelchair":"yes","opening_hours":"Mo-Fr 18:00-21:00; Sa,Su,PH 08:00-21:00","operator":null,"description":null,"password":null}},{"type":"Feature","geometry":{"type":"Point","coordinates":[16.3850058,48.2433444]},"properties":{"id":"node/8762290072","source":"osm","name":"Toi Toi","fee":"no","charge":null,"access":null,"wheelchair":"no","opening_hours":null,"operator":null,"description":null,"password":null}},{"type":"Feature","geometry":{"type":"Point","coordinates":[16.3382929,48.2013359]},"properties":{"id":"node/8770631885","source":"osm","name":null,"fee":"no","charge":null,"access":"yes","wheelchair":"yes","opening_hours":null,"operator":"öKlo","description":"öKlo Klassik","password":null}},{"type":"Feature","geometry":{"type":"Point","coordinates":[16.3388767,48.1979723]},"properties":{"id":"node/8779960927","source":"osm","name":null,"fee":"no","charge":null,"access":"yes","wheelchair":"yes","opening_hours":null,"operator":"öKlo","description":"öKlo Klassik","password":null}},{"type":"Feature","geometry":{"type":"Point","coordinates":[16.3383613,48.1993809]},"properties":{"id":"node/8779964176","source":"osm","name":null,"fee":"no","charge":null,"access":"yes","wheelchair":"yes","opening_hours":null,"operator":"öKlo","description":"öKlo Barrierefrei","password":null}},{"type":"Feature","geometry":{"type":"Point","coordinates":[16.364519,48.2274907]},"properties":{"id":"node/8780989216","source":"osm","name":null,"fee":"no","charge":null,"access":null,"wheelchair":"no","opening_hours":null,"operator":"Toi Toi","description":null,"password":null}},{"type":"Feature","geometry":{"type":"Point","coordinates":[16.3167586,48.2215887]},"properties":{"id":"node/8807318791","source":"osm","name":null,"fee":"no","charge":null,"access":"yes","wheelchair":"limited","opening_hours":null,"operator":"Öklo","description":null,"password":null}},{"type":"Feature","geometry":{"type":"Point","coordinates":[16.3779959,48.2033973]},"properties":{"id":"node/8807887925","source":"osm","name":null,"fee":"no","charge":null,"access":null,"wheelchair":null,"opening_hours":null,"operator":null,"description":null,"password":null}},{"type":"Feature","geometry":{"type":"Point","coordinates":[16.3524547,48.2293849]},"properties":{"id":"node/8809331655","source":"osm","name":null,"fee":"no","charge":null,"access":null,"wheelchair":"yes","opening_hours":"Mo-Su,PH 07:00-20:00","operator":null,"description":null,"password":null}},{"type":"Feature","geometry":{"type":"Point","coordinates":[16.3111696,48.1964231]},"properties":{"id":"node/8819016571","source":"osm","name":null,"fee":"no","charge":null,"access":null,"wheelchair":"yes","opening_hours":null,"operator":null,"description":null,"password":null}},{"type":"Feature","geometry":{"type":"Point","coordinates":[16.3288107,48.1838158]},"properties":{"id":"node/8832761629","source":"osm","name":null,"fee":"yes","charge":"0.5 EUR","access":"yes","wheelchair":"yes","opening_hours":"24/7","operator":null,"description":null,"password":null}},{"type":"Feature","geometry":{"type":"Point","coordinates":[16.4331855,48.2155795]},"properties":{"id":"node/8833321603","source":"osm","name":null,"fee":"no","charge":null,"access":"yes","wheelchair":"no","opening_hours":null,"operator":null,"description":"3 Mobiltoiletten","password":null}},{"type":"Feature","geometry":{"type":"Point","coordinates":[16.4313018,48.2169245]},"properties":{"id":"node/8837185926","source":"osm","name":null,"fee":"no","charge":null,"access":"yes","wheelchair":"no","opening_hours":null,"operator":null,"description":"3 Mobiltoiletten","password":null}},{"type":"Feature","geometry":{"type":"Point","coordinates":[16.3103827,48.2217883]},"properties":{"id":"node/8904919219","source":"osm","name":null,"fee":null,"charge":null,"access":"customers","wheelchair":"no","opening_hours":null,"operator":null,"description":null,"password":null}},{"type":"Feature","geometry":{"type":"Point","coordinates":[16.3116977,48.2211834]},"properties":{"id":"node/8904919220","source":"osm","name":null,"fee":null,"charge":null,"access":"customers","wheelchair":"no","opening_hours":null,"operator":null,"description":null,"password":null}},{"type":"Feature","geometry":{"type":"Point","coordinates":[16.3101134,48.2208775]},"properties":{"id":"node/8907441182","source":"osm","name":null,"fee":null,"charge":null,"access":"customers","wheelchair":"yes","opening_hours":null,"operator":null,"description":null,"password":null}},{"type":"Feature","geometry":{"type":"Point","coordinates":[16.3125167,48.2222196]},"properties":{"id":"node/8907441183","source":"osm","name":null,"fee":null,"charge":null,"access":"customers","wheelchair":"no","opening_hours":null,"operator":null,"description":null,"password":null}},{"type":"Feature","geometry":{"type":"Point","coordinates":[16.4229338,48.2100294]},"properties":{"id":"node/8915363516","source":"osm","name":null,"fee":"no","charge":null,"access":null,"wheelchair":"yes","opening_hours":null,"operator":null,"description":null,"password":null}},{"type":"Feature","geometry":{"type":"Point","coordinates":[16.5082881,48.2257127]},"properties":{"id":"node/8935746317","source":"osm","name":null,"fee":"yes","charge":null,"access":null,"wheelchair":"yes","opening_hours":null,"operator":null,"description":null,"password":null}},{"type":"Feature","geometry":{"type":"Point","coordinates":[16.3598785,48.2025836]},"properties":{"id":"node/8946376159","source":"osm","name":null,"fee":"no","charge":null,"access":"customers","wheelchair":"yes","opening_hours":null,"operator":null,"description":null,"password":null}},{"type":"Feature","geometry":{"type":"Point","coordinates":[16.4340146,48.2428532]},"properties":{"id":"node/9038606280","source":"osm","name":null,"fee":"no","charge":null,"access":null,"wheelchair":"yes","opening_hours":null,"operator":null,"description":null,"password":null}},{"type":"Feature","geometry":{"type":"Point","coordinates":[16.3534129,48.2000889]},"properties":{"id":"node/9051367605","source":"osm","name":null,"fee":"no","charge":null,"access":null,"wheelchair":"yes","opening_hours":null,"operator":null,"description":null,"password":null}},{"type":"Feature","geometry":{"type":"Point","coordinates":[16.4767693,48.2133231]},"properties":{"id":"node/9070316666","source":"osm","name":"Toi Toi","fee":"no","charge":null,"access":null,"wheelchair":"no","opening_hours":null,"operator":null,"description":null,"password":null}},{"type":"Feature","geometry":{"type":"Point","coordinates":[16.3982712,48.2521676]},"properties":{"id":"node/9088029439","source":"osm","name":"Toi Toi","fee":"no","charge":null,"access":"yes","wheelchair":"no","opening_hours":null,"operator":"Toi Toi","description":null,"password":null}},{"type":"Feature","geometry":{"type":"Point","coordinates":[16.3404847,48.1961035]},"properties":{"id":"node/9091526517","source":"osm","name":null,"fee":"yes","charge":null,"access":"yes","wheelchair":"yes","opening_hours":null,"operator":"SANIFAIR GmbH","description":null,"password":null}},{"type":"Feature","geometry":{"type":"Point","coordinates":[16.4360226,48.1406272]},"properties":{"id":"node/9100609242","source":"osm","name":null,"fee":null,"charge":null,"access":null,"wheelchair":null,"opening_hours":null,"operator":null,"description":null,"password":null}},{"type":"Feature","geometry":{"type":"Point","coordinates":[16.416985,48.2463442]},"properties":{"id":"node/9161158979","source":"osm","name":null,"fee":"no","charge":null,"access":null,"wheelchair":"no","opening_hours":null,"operator":null,"description":null,"password":null}},{"type":"Feature","geometry":{"type":"Point","coordinates":[16.4143583,48.242112]},"properties":{"id":"node/9179905843","source":"osm","name":"Toi Toi","fee":"no","charge":null,"access":null,"wheelchair":null,"opening_hours":null,"operator":"Toi Toi","description":null,"password":null}},{"type":"Feature","geometry":{"type":"Point","coordinates":[16.281006,48.1327784]},"properties":{"id":"node/9180944183","source":"osm","name":null,"fee":null,"charge":null,"access":"customers","wheelchair":null,"opening_hours":null,"operator":null,"description":null,"password":null}},{"type":"Feature","geometry":{"type":"Point","coordinates":[16.4372243,48.2167138]},"properties":{"id":"node/9201075340","source":"osm","name":null,"fee":"no","charge":null,"access":null,"wheelchair":"no","opening_hours":null,"operator":null,"description":null,"password":null}},{"type":"Feature","geometry":{"type":"Point","coordinates":[16.4364052,48.2229231]},"properties":{"id":"node/9201164218","source":"osm","name":null,"fee":"no","charge":null,"access":null,"wheelchair":null,"opening_hours":null,"operator":null,"description":null,"password":null}},{"type":"Feature","geometry":{"type":"Point","coordinates":[16.4363759,48.2229249]},"properties":{"id":"node/9201164223","source":"osm","name":null,"fee":"no","charge":null,"access":null,"wheelchair":null,"opening_hours":null,"operator":null,"description":null,"password":null}},{"type":"Feature","geometry":{"type":"Point","coordinates":[16.4363865,48.2229644]},"properties":{"id":"node/9201164228","source":"osm","name":null,"fee":"no","charge":null,"access":null,"wheelchair":null,"opening_hours":null,"operator":null,"description":null,"password":null}},{"type":"Feature","geometry":{"type":"Point","coordinates":[16.4363705,48.2264305]},"properties":{"id":"node/9201169157","source":"osm","name":null,"fee":"no","charge":null,"access":null,"wheelchair":"yes","opening_hours":null,"operator":null,"description":null,"password":null}},{"type":"Feature","geometry":{"type":"Point","coordinates":[16.2165606,48.2086394]},"properties":{"id":"node/9230389688","source":"osm","name":null,"fee":"no","charge":null,"access":null,"wheelchair":"yes","opening_hours":null,"operator":null,"description":null,"password":null}},{"type":"Feature","geometry":{"type":"Point","coordinates":[16.3006473,48.1743241]},"properties":{"id":"node/9233612015","source":"osm","name":"Toi Toi","fee":"no","charge":null,"access":null,"wheelchair":"no","opening_hours":null,"operator":null,"description":null,"password":null}},{"type":"Feature","geometry":{"type":"Point","coordinates":[16.4726663,48.2165154]},"properties":{"id":"node/9236068816","source":"osm","name":"Toi Toi","fee":"no","charge":null,"access":null,"wheelchair":"no","opening_hours":null,"operator":null,"description":null,"password":null}},{"type":"Feature","geometry":{"type":"Point","coordinates":[16.3766422,48.2318408]},"properties":{"id":"node/9249037154","source":"osm","name":null,"fee":"no","charge":null,"access":"yes","wheelchair":null,"opening_hours":null,"operator":null,"description":null,"password":null}},{"type":"Feature","geometry":{"type":"Point","coordinates":[16.3207116,48.2247813]},"properties":{"id":"node/9270438968","source":"osm","name":null,"fee":"no","charge":null,"access":null,"wheelchair":"yes","opening_hours":null,"operator":null,"description":null,"password":null}},{"type":"Feature","geometry":{"type":"Point","coordinates":[16.3167961,48.150527]},"properties":{"id":"node/9300956126","source":"osm","name":null,"fee":"yes","charge":null,"access":"yes","wheelchair":"yes","opening_hours":null,"operator":null,"description":null,"password":null}},{"type":"Feature","geometry":{"type":"Point","coordinates":[16.3792339,48.2851307]},"properties":{"id":"node/9386199995","source":"osm","name":null,"fee":null,"charge":null,"access":"private","wheelchair":null,"opening_hours":null,"operator":null,"description":null,"password":null}},{"type":"Feature","geometry":{"type":"Point","coordinates":[16.3745312,48.2443389]},"properties":{"id":"node/9510125326","source":"osm","name":null,"fee":"no","charge":null,"access":"yes","wheelchair":"no","opening_hours":null,"operator":null,"description":null,"password":null}},{"type":"Feature","geometry":{"type":"Point","coordinates":[16.3990852,48.2484828]},"properties":{"id":"node/9598933885","source":"osm","name":"Toi Toi","fee":"no","charge":null,"access":null,"wheelchair":"no","opening_hours":null,"operator":"Toi Toi","description":null,"password":null}},{"type":"Feature","geometry":{"type":"Point","coordinates":[16.4318129,48.2471539]},"properties":{"id":"node/9690014914","source":"osm","name":null,"fee":null,"charge":null,"access":null,"wheelchair":null,"opening_hours":null,"operator":"Toi Toi","description":null,"password":null}},{"type":"Feature","geometry":{"type":"Point","coordinates":[16.4730095,48.2403669]},"properties":{"id":"node/9690016366","source":"osm","name":null,"fee":"no","charge":null,"access":null,"wheelchair":"yes","opening_hours":null,"operator":null,"description":null,"password":null}},{"type":"Feature","geometry":{"type":"Point","coordinates":[16.4729451,48.2403948]},"properties":{"id":"node/9690019333","source":"osm","name":null,"fee":"no","charge":null,"access":null,"wheelchair":"no","opening_hours":null,"operator":null,"description":null,"password":null}},{"type":"Feature","geometry":{"type":"Point","coordinates":[16.3861877,48.1952273]},"properties":{"id":"node/9705797081","source":"osm","name":null,"fee":null,"charge":null,"access":"private","wheelchair":null,"opening_hours":null,"operator":null,"description":null,"password":null}},{"type":"Feature","geometry":{"type":"Point","coordinates":[16.4405566,48.1941126]},"properties":{"id":"node/9761072715","source":"osm","name":null,"fee":"no","charge":null,"access":"customers","wheelchair":null,"opening_hours":null,"operator":null,"description":null,"password":null}},{"type":"Feature","geometry":{"type":"Point","coordinates":[16.3742517,48.1933382]},"properties":{"id":"node/9776860920","source":"osm","name":"Öklo","fee":"no","charge":null,"access":"yes","wheelchair":"no","opening_hours":null,"operator":"Öklo","description":null,"password":null}},{"type":"Feature","geometry":{"type":"Point","coordinates":[16.4753563,48.2421671]},"properties":{"id":"node/9784773913","source":"osm","name":null,"fee":"no","charge":null,"access":"yes","wheelchair":"limited","opening_hours":null,"operator":null,"description":null,"password":null}},{"type":"Feature","geometry":{"type":"Point","coordinates":[16.4763999,48.2440773]},"properties":{"id":"node/9784795587","source":"osm","name":null,"fee":"no","charge":null,"access":"yes","wheelchair":"limited","opening_hours":null,"operator":null,"description":null,"password":null}},{"type":"Feature","geometry":{"type":"Point","coordinates":[16.3632623,48.1844268]},"properties":{"id":"node/9798674420","source":"osm","name":"öKlo","fee":null,"charge":null,"access":"yes","wheelchair":null,"opening_hours":null,"operator":null,"description":"öKlo Komposttoilette, nachhaltig, mit Holzspäne, ohne Wasser, ohne Chemie","password":null}},{"type":"Feature","geometry":{"type":"Point","coordinates":[16.4362882,48.221277]},"properties":{"id":"node/9800720875","source":"osm","name":null,"fee":"no","charge":null,"access":null,"wheelchair":"yes","opening_hours":null,"operator":null,"description":null,"password":null}},{"type":"Feature","geometry":{"type":"Point","coordinates":[16.4104408,48.2317572]},"properties":{"id":"node/9804980129","source":"osm","name":null,"fee":"yes","charge":null,"access":null,"wheelchair":null,"opening_hours":null,"operator":null,"description":null,"password":null}},{"type":"Feature","geometry":{"type":"Point","coordinates":[16.3345384,48.1498861]},"properties":{"id":"node/9812429736","source":"osm","name":null,"fee":"no","charge":null,"access":null,"wheelchair":"yes","opening_hours":"Mo-Th 07:30-15:30; Fr 07:30-13:00; PH off","operator":null,"description":null,"password":null}},{"type":"Feature","geometry":{"type":"Point","coordinates":[16.335491,48.2267862]},"properties":{"id":"node/9813252018","source":"osm","name":null,"fee":"no","charge":null,"access":"yes","wheelchair":"no","opening_hours":null,"operator":"Öklo","description":null,"password":null}},{"type":"Feature","geometry":{"type":"Point","coordinates":[16.3314042,48.2656842]},"properties":{"id":"node/9829302027","source":"osm","name":null,"fee":"no","charge":null,"access":null,"wheelchair":"limited","opening_hours":null,"operator":null,"description":null,"password":null}},{"type":"Feature","geometry":{"type":"Point","coordinates":[16.346292,48.2603615]},"properties":{"id":"node/9836461408","source":"osm","name":null,"fee":"no","charge":null,"access":"customers","wheelchair":null,"opening_hours":null,"operator":null,"description":null,"password":null}},{"type":"Feature","geometry":{"type":"Point","coordinates":[16.3398859,48.1493144]},"properties":{"id":"node/9855170371","source":"osm","name":null,"fee":"no","charge":null,"access":null,"wheelchair":"no","opening_hours":null,"operator":null,"description":"Mobilklos","password":null}},{"type":"Feature","geometry":{"type":"Point","coordinates":[16.3413881,48.1499218]},"properties":{"id":"node/9855170409","source":"osm","name":null,"fee":"no","charge":null,"access":null,"wheelchair":"no","opening_hours":null,"operator":null,"description":"Mobilklos","password":null}},{"type":"Feature","geometry":{"type":"Point","coordinates":[16.5321043,48.2493911]},"properties":{"id":"node/9862939809","source":"osm","name":null,"fee":null,"charge":null,"access":null,"wheelchair":null,"opening_hours":null,"operator":null,"description":null,"password":null}},{"type":"Feature","geometry":{"type":"Point","coordinates":[16.4290989,48.2195766]},"properties":{"id":"node/9880249686","source":"osm","name":null,"fee":null,"charge":null,"access":null,"wheelchair":null,"opening_hours":null,"operator":null,"description":null,"password":null}},{"type":"Feature","geometry":{"type":"Point","coordinates":[16.4844921,48.2212088]},"properties":{"id":"node/9912606965","source":"osm","name":null,"fee":"no","charge":null,"access":"yes","wheelchair":"no","opening_hours":null,"operator":null,"description":null,"password":null}},{"type":"Feature","geometry":{"type":"Point","coordinates":[16.3608603,48.1383476]},"properties":{"id":"node/9935522384","source":"osm","name":null,"fee":null,"charge":null,"access":null,"wheelchair":null,"opening_hours":null,"operator":null,"description":null,"password":null}},{"type":"Feature","geometry":{"type":"Point","coordinates":[16.3601307,48.1367313]},"properties":{"id":"node/9935522385","source":"osm","name":null,"fee":null,"charge":null,"access":null,"wheelchair":null,"opening_hours":null,"operator":null,"description":null,"password":null}},{"type":"Feature","geometry":{"type":"Point","coordinates":[16.3623472,48.135949]},"properties":{"id":"node/9935522386","source":"osm","name":null,"fee":null,"charge":null,"access":null,"wheelchair":"yes","opening_hours":null,"operator":null,"description":null,"password":null}},{"type":"Feature","geometry":{"type":"Point","coordinates":[16.3248312,48.23405]},"properties":{"id":"node/9935866098","source":"osm","name":null,"fee":null,"charge":null,"access":"yes","wheelchair":"no","opening_hours":null,"operator":null,"description":null,"password":null}},{"type":"Feature","geometry":{"type":"Point","coordinates":[16.4112466,48.2311918]},"properties":{"id":"node/9938137161","source":"osm","name":null,"fee":"yes","charge":null,"access":"yes","wheelchair":"yes","opening_hours":null,"operator":null,"description":null,"password":null}},{"type":"Feature","geometry":{"type":"Point","coordinates":[16.3967942,48.2173468]},"properties":{"id":"node/9957422548","source":"osm","name":null,"fee":"no","charge":null,"access":null,"wheelchair":"yes","opening_hours":null,"operator":"Rollercoaster","description":null,"password":null}},{"type":"Feature","geometry":{"type":"Point","coordinates":[16.3682194,48.2398635]},"properties":{"id":"node/9966347415","source":"osm","name":null,"fee":"no","charge":null,"access":"yes","wheelchair":"no","opening_hours":null,"operator":"öKlo","description":"öKlo Klassik","password":null}},{"type":"Feature","geometry":{"type":"Point","coordinates":[16.452714,48.2634542]},"properties":{"id":"node/9982857711","source":"osm","name":null,"fee":"no","charge":null,"access":"yes","wheelchair":"yes","opening_hours":null,"operator":null,"description":null,"password":null}},{"type":"Feature","geometry":{"type":"Point","coordinates":[16.4499945,48.2580258]},"properties":{"id":"node/9982884627","source":"osm","name":null,"fee":null,"charge":null,"access":"yes","wheelchair":"yes","opening_hours":null,"operator":null,"description":null,"password":null}},{"type":"Feature","geometry":{"type":"Point","coordinates":[16.3209231,48.1710444]},"properties":{"id":"node/9999746907","source":"osm","name":null,"fee":"no","charge":null,"access":null,"wheelchair":null,"opening_hours":"24/7","operator":"Öklo","description":null,"password":null}},{"type":"Feature","geometry":{"type":"Point","coordinates":[16.2939094,48.1326899]},"properties":{"id":"node/10014265511","source":"osm","name":null,"fee":"no","charge":null,"access":null,"wheelchair":"yes","opening_hours":null,"operator":null,"description":null,"password":null}},{"type":"Feature","geometry":{"type":"Point","coordinates":[16.3561955,48.1940516]},"properties":{"id":"node/10017317366","source":"osm","name":null,"fee":"no","charge":null,"access":"yes","wheelchair":"no","opening_hours":"Mo-Su,PH 06:30-21:00","operator":"Öklo","description":null,"password":null}},{"type":"Feature","geometry":{"type":"Point","coordinates":[16.2687376,48.1344297]},"properties":{"id":"node/10029887704","source":"osm","name":null,"fee":"no","charge":null,"access":null,"wheelchair":"no","opening_hours":null,"operator":null,"description":null,"password":null}},{"type":"Feature","geometry":{"type":"Point","coordinates":[16.364655,48.2178185]},"properties":{"id":"node/10049479074","source":"osm","name":null,"fee":"no","charge":null,"access":"yes","wheelchair":"no","opening_hours":null,"operator":"öKlo","description":"öKlo Klassik","password":null}},{"type":"Feature","geometry":{"type":"Point","coordinates":[16.3426798,48.2207116]},"properties":{"id":"node/10109407575","source":"osm","name":null,"fee":"no","charge":null,"access":"yes","wheelchair":"yes","opening_hours":null,"operator":"Öklo","description":null,"password":null}},{"type":"Feature","geometry":{"type":"Point","coordinates":[16.3951004,48.1993532]},"properties":{"id":"node/10186107911","source":"osm","name":null,"fee":"yes","charge":null,"access":null,"wheelchair":"yes","opening_hours":null,"operator":null,"description":null,"password":null}},{"type":"Feature","geometry":{"type":"Point","coordinates":[16.3955136,48.1990298]},"properties":{"id":"node/10186107913","source":"osm","name":null,"fee":"no","charge":null,"access":null,"wheelchair":"yes","opening_hours":null,"operator":null,"description":null,"password":null}},{"type":"Feature","geometry":{"type":"Point","coordinates":[16.4027496,48.225177]},"properties":{"id":"node/10217036639","source":"osm","name":null,"fee":"no","charge":null,"access":"yes","wheelchair":"no","opening_hours":null,"operator":"öKlo","description":"öKlo Klassik","password":null}},{"type":"Feature","geometry":{"type":"Point","coordinates":[16.3978202,48.266431]},"properties":{"id":"node/10219844122","source":"osm","name":null,"fee":"no","charge":null,"access":null,"wheelchair":"yes","opening_hours":null,"operator":null,"description":null,"password":null}},{"type":"Feature","geometry":{"type":"Point","coordinates":[16.3192588,48.1987593]},"properties":{"id":"node/10282475086","source":"osm","name":null,"fee":null,"charge":null,"access":null,"wheelchair":null,"opening_hours":null,"operator":null,"description":null,"password":null}},{"type":"Feature","geometry":{"type":"Point","coordinates":[16.3710091,48.2012799]},"properties":{"id":"node/10302427759","source":"osm","name":null,"fee":"no","charge":null,"access":"no","wheelchair":"no","opening_hours":null,"operator":"öKlo","description":"öKlo Klassik","password":null}},{"type":"Feature","geometry":{"type":"Point","coordinates":[16.4387147,48.2414298]},"properties":{"id":"node/10649497808","source":"osm","name":null,"fee":"no","charge":null,"access":null,"wheelchair":"yes","opening_hours":null,"operator":null,"description":null,"password":null}},{"type":"Feature","geometry":{"type":"Point","coordinates":[16.318161,48.1515786]},"properties":{"id":"node/10683078005","source":"osm","name":null,"fee":"no","charge":null,"access":"yes","wheelchair":"yes","opening_hours":"Mo-Fr 07:40-20:00; Sa 07:40-18:00","operator":null,"description":null,"password":null}},{"type":"Feature","geometry":{"type":"Point","coordinates":[16.4551085,48.2202192]},"properties":{"id":"node/10699655127","source":"osm","name":null,"fee":null,"charge":null,"access":null,"wheelchair":null,"opening_hours":"24/7","operator":null,"description":null,"password":null}},{"type":"Feature","geometry":{"type":"Point","coordinates":[16.3841043,48.2341102]},"properties":{"id":"node/10723629028","source":"osm","name":null,"fee":"yes","charge":null,"access":null,"wheelchair":"yes","opening_hours":null,"operator":null,"description":null,"password":null}},{"type":"Feature","geometry":{"type":"Point","coordinates":[16.396092,48.2168801]},"properties":{"id":"node/10737697773","source":"osm","name":null,"fee":"yes","charge":null,"access":"yes","wheelchair":"no","opening_hours":null,"operator":null,"description":null,"password":null}},{"type":"Feature","geometry":{"type":"Point","coordinates":[16.4018407,48.2613689]},"properties":{"id":"node/10788235106","source":"osm","name":null,"fee":"yes","charge":null,"access":null,"wheelchair":"yes","opening_hours":null,"operator":null,"description":null,"password":null}},{"type":"Feature","geometry":{"type":"Point","coordinates":[16.3542374,48.1757165]},"properties":{"id":"node/10788493165","source":"osm","name":null,"fee":null,"charge":null,"access":null,"wheelchair":null,"opening_hours":null,"operator":null,"description":null,"password":null}},{"type":"Feature","geometry":{"type":"Point","coordinates":[16.3007255,48.1500242]},"properties":{"id":"node/10908171161","source":"osm","name":null,"fee":"no","charge":null,"access":"yes","wheelchair":"yes","opening_hours":null,"operator":"Öklo","description":null,"password":null}},{"type":"Feature","geometry":{"type":"Point","coordinates":[16.3014607,48.1493926]},"properties":{"id":"node/10908224827","source":"osm","name":null,"fee":"no","charge":null,"access":"yes","wheelchair":"no","opening_hours":null,"operator":"Öklo","description":null,"password":null}},{"type":"Feature","geometry":{"type":"Point","coordinates":[16.3014458,48.1493893]},"properties":{"id":"node/10908224828","source":"osm","name":null,"fee":"no","charge":null,"access":"yes","wheelchair":"no","opening_hours":null,"operator":"Öklo","description":null,"password":null}},{"type":"Feature","geometry":{"type":"Point","coordinates":[16.43705,48.2169975]},"properties":{"id":"node/10911289985","source":"osm","name":null,"fee":"no","charge":null,"access":null,"wheelchair":"yes","opening_hours":null,"operator":null,"description":null,"password":null}},{"type":"Feature","geometry":{"type":"Point","coordinates":[16.4063748,48.2037437]},"properties":{"id":"node/10911409230","source":"osm","name":null,"fee":"no","charge":null,"access":"yes","wheelchair":"no","opening_hours":null,"operator":null,"description":null,"password":null}},{"type":"Feature","geometry":{"type":"Point","coordinates":[16.427346,48.223408]},"properties":{"id":"node/10926252646","source":"osm","name":null,"fee":null,"charge":null,"access":null,"wheelchair":null,"opening_hours":null,"operator":null,"description":null,"password":null}},{"type":"Feature","geometry":{"type":"Point","coordinates":[16.3674373,48.2242028]},"properties":{"id":"node/10962255959","source":"osm","name":null,"fee":"no","charge":null,"access":"yes","wheelchair":"no","opening_hours":null,"operator":"öKlo","description":"öKlo Klassik","password":null}},{"type":"Feature","geometry":{"type":"Point","coordinates":[16.3658267,48.2264508]},"properties":{"id":"node/10962255960","source":"osm","name":null,"fee":"no","charge":null,"access":"yes","wheelchair":"no","opening_hours":null,"operator":"Toi Toi","description":"TOI TOI","password":null}},{"type":"Feature","geometry":{"type":"Point","coordinates":[16.3493019,48.1537125]},"properties":{"id":"node/10965286505","source":"osm","name":null,"fee":null,"charge":null,"access":"private","wheelchair":null,"opening_hours":null,"operator":null,"description":null,"password":null}},{"type":"Feature","geometry":{"type":"Point","coordinates":[16.3470051,48.192503]},"properties":{"id":"node/10965553996","source":"osm","name":null,"fee":"no","charge":null,"access":"yes","wheelchair":"no","opening_hours":null,"operator":"Öklo","description":null,"password":null}},{"type":"Feature","geometry":{"type":"Point","coordinates":[16.4427119,48.2581728]},"properties":{"id":"node/10969042014","source":"osm","name":null,"fee":null,"charge":null,"access":null,"wheelchair":null,"opening_hours":null,"operator":null,"description":null,"password":null}},{"type":"Feature","geometry":{"type":"Point","coordinates":[16.3196511,48.2369995]},"properties":{"id":"node/10974564391","source":"osm","name":null,"fee":"no","charge":null,"access":"yes","wheelchair":"no","opening_hours":null,"operator":"öKlo","description":"öKlo Klassik","password":null}},{"type":"Feature","geometry":{"type":"Point","coordinates":[16.2950697,48.230488]},"properties":{"id":"node/10984560667","source":"osm","name":null,"fee":"no","charge":null,"access":null,"wheelchair":"yes","opening_hours":null,"operator":null,"description":null,"password":null}},{"type":"Feature","geometry":{"type":"Point","coordinates":[16.3976471,48.1373681]},"properties":{"id":"node/11006063634","source":"osm","name":null,"fee":"no","charge":null,"access":"yes","wheelchair":"no","opening_hours":null,"operator":null,"description":null,"password":null}},{"type":"Feature","geometry":{"type":"Point","coordinates":[16.33625,48.2283716]},"properties":{"id":"node/11008646938","source":"osm","name":null,"fee":"no","charge":null,"access":"yes","wheelchair":"yes","opening_hours":null,"operator":"ÖKlo","description":null,"password":null}},{"type":"Feature","geometry":{"type":"Point","coordinates":[16.4056038,48.2472303]},"properties":{"id":"node/11020177038","source":"osm","name":null,"fee":"no","charge":null,"access":"yes","wheelchair":null,"opening_hours":null,"operator":"Toi Toi","description":null,"password":null}},{"type":"Feature","geometry":{"type":"Point","coordinates":[16.3725629,48.2160056]},"properties":{"id":"node/11020292892","source":"osm","name":null,"fee":"yes","charge":null,"access":"yes","wheelchair":"yes","opening_hours":null,"operator":null,"description":null,"password":null}},{"type":"Feature","geometry":{"type":"Point","coordinates":[16.4974636,48.1734305]},"properties":{"id":"node/11035759195","source":"osm","name":null,"fee":"no","charge":null,"access":"yes","wheelchair":"no","opening_hours":null,"operator":"Toi Toi","description":null,"password":null}},{"type":"Feature","geometry":{"type":"Point","coordinates":[16.4177693,48.2460133]},"properties":{"id":"node/11047191034","source":"osm","name":null,"fee":"no","charge":null,"access":"yes","wheelchair":"no","opening_hours":null,"operator":"öKlo","description":"öKlo Klassik","password":null}},{"type":"Feature","geometry":{"type":"Point","coordinates":[16.3779127,48.2486567]},"properties":{"id":"node/11055353657","source":"osm","name":"Toi Toi","fee":"no","charge":null,"access":"yes","wheelchair":"no","opening_hours":null,"operator":"Toi Toi","description":null,"password":null}},{"type":"Feature","geometry":{"type":"Point","coordinates":[16.3952009,48.2523692]},"properties":{"id":"node/11057360157","source":"osm","name":"Toi Toi","fee":"no","charge":null,"access":"yes","wheelchair":"yes","opening_hours":null,"operator":"Toi Toi","description":null,"password":null}},{"type":"Feature","geometry":{"type":"Point","coordinates":[16.3736074,48.2342062]},"properties":{"id":"node/11063558350","source":"osm","name":"Toi Toi","fee":"no","charge":null,"access":null,"wheelchair":"no","opening_hours":null,"operator":"Toi Toi","description":null,"password":null}},{"type":"Feature","geometry":{"type":"Point","coordinates":[16.3651718,48.2350603]},"properties":{"id":"node/11063558385","source":"osm","name":"Toi Toi","fee":"no","charge":null,"access":"yes","wheelchair":"no","opening_hours":null,"operator":"Toi Toi","description":null,"password":null}},{"type":"Feature","geometry":{"type":"Point","coordinates":[16.3859832,48.2343441]},"properties":{"id":"node/11065597717","source":"osm","name":"Mobiclo","fee":"no","charge":null,"access":"yes","wheelchair":"no","opening_hours":null,"operator":null,"description":null,"password":null}},{"type":"Feature","geometry":{"type":"Point","coordinates":[16.4103477,48.2490167]},"properties":{"id":"node/11069851700","source":"osm","name":"Toi Toi","fee":"no","charge":null,"access":"yes","wheelchair":"limited","opening_hours":null,"operator":"Toi Toi","description":"Seasonal mobile toilet","password":null}},{"type":"Feature","geometry":{"type":"Point","coordinates":[16.3985439,48.2409448]},"properties":{"id":"node/11071456806","source":"osm","name":null,"fee":"yes","charge":null,"access":null,"wheelchair":null,"opening_hours":null,"operator":null,"description":null,"password":null}},{"type":"Feature","geometry":{"type":"Point","coordinates":[16.2186412,48.2084763]},"properties":{"id":"node/11071781147","source":"osm","name":null,"fee":"no","charge":null,"access":null,"wheelchair":"yes","opening_hours":null,"operator":"WC","description":null,"password":null}},{"type":"Feature","geometry":{"type":"Point","coordinates":[16.2169158,48.2080451]},"properties":{"id":"node/11071781151","source":"osm","name":null,"fee":"no","charge":null,"access":null,"wheelchair":"limited","opening_hours":null,"operator":null,"description":null,"password":null}},{"type":"Feature","geometry":{"type":"Point","coordinates":[16.4052867,48.216748]},"properties":{"id":"node/11076912031","source":"osm","name":"Toi Toi","fee":null,"charge":null,"access":null,"wheelchair":null,"opening_hours":null,"operator":"Toi Toi","description":null,"password":null}},{"type":"Feature","geometry":{"type":"Point","coordinates":[16.4470014,48.2060946]},"properties":{"id":"node/11086720531","source":"osm","name":null,"fee":"no","charge":null,"access":null,"wheelchair":"no","opening_hours":null,"operator":null,"description":null,"password":null}},{"type":"Feature","geometry":{"type":"Point","coordinates":[16.4127071,48.220846]},"properties":{"id":"node/11090329321","source":"osm","name":"Toi Toi","fee":null,"charge":null,"access":null,"wheelchair":null,"opening_hours":null,"operator":"Toi Toi","description":null,"password":null}},{"type":"Feature","geometry":{"type":"Point","coordinates":[16.3599305,48.2159672]},"properties":{"id":"node/11110401860","source":"osm","name":null,"fee":"no","charge":null,"access":"yes","wheelchair":"no","opening_hours":null,"operator":"öKlo","description":"öKlo Klassik","password":null}},{"type":"Feature","geometry":{"type":"Point","coordinates":[16.3533163,48.2209066]},"properties":{"id":"node/11128529677","source":"osm","name":null,"fee":"no","charge":null,"access":"yes","wheelchair":"no","opening_hours":null,"operator":"öKlo","description":"öKlo Klassik","password":null}},{"type":"Feature","geometry":{"type":"Point","coordinates":[16.386632,48.172678]},"properties":{"id":"node/11144068298","source":"osm","name":null,"fee":"no","charge":null,"access":"yes","wheelchair":"no","opening_hours":null,"operator":null,"description":null,"password":null}},{"type":"Feature","geometry":{"type":"Point","coordinates":[16.4157942,48.2376192]},"properties":{"id":"node/11148642362","source":"osm","name":"Toi Toi","fee":"no","charge":null,"access":null,"wheelchair":null,"opening_hours":null,"operator":"Toi Toi","description":null,"password":null}},{"type":"Feature","geometry":{"type":"Point","coordinates":[16.3992437,48.2614549]},"properties":{"id":"node/11151341713","source":"osm","name":"Toi Toi","fee":null,"charge":null,"access":null,"wheelchair":null,"opening_hours":null,"operator":"Toi Toi","description":null,"password":null}},{"type":"Feature","geometry":{"type":"Point","coordinates":[16.3911322,48.2610128]},"properties":{"id":"node/11154168424","source":"osm","name":"Toi Toi","fee":null,"charge":null,"access":null,"wheelchair":null,"opening_hours":null,"operator":"Toi Toi","description":null,"password":null}},{"type":"Feature","geometry":{"type":"Point","coordinates":[16.3983617,48.2644522]},"properties":{"id":"node/11154244159","source":"osm","name":"Toi Toi","fee":null,"charge":null,"access":null,"wheelchair":null,"opening_hours":null,"operator":"Toi Toi","description":null,"password":null}},{"type":"Feature","geometry":{"type":"Point","coordinates":[16.4335106,48.2416332]},"properties":{"id":"node/11172175424","source":"osm","name":null,"fee":"no","charge":null,"access":null,"wheelchair":"yes","opening_hours":null,"operator":null,"description":null,"password":null}},{"type":"Feature","geometry":{"type":"Point","coordinates":[16.3831463,48.2776524]},"properties":{"id":"node/11212752882","source":"osm","name":"Toi Toi","fee":null,"charge":null,"access":null,"wheelchair":null,"opening_hours":null,"operator":"Toi Toi","description":null,"password":null}},{"type":"Feature","geometry":{"type":"Point","coordinates":[16.4572196,48.214095]},"properties":{"id":"node/11231212081","source":"osm","name":"Toi Toi","fee":null,"charge":null,"access":null,"wheelchair":null,"opening_hours":null,"operator":"Toi Toi","description":null,"password":null}},{"type":"Feature","geometry":{"type":"Point","coordinates":[16.3046968,48.2139927]},"properties":{"id":"node/11235697892","source":"osm","name":null,"fee":"no","charge":null,"access":"yes","wheelchair":"yes","opening_hours":null,"operator":"Öklo","description":null,"password":null}},{"type":"Feature","geometry":{"type":"Point","coordinates":[16.3517853,48.1971281]},"properties":{"id":"node/11245577726","source":"osm","name":null,"fee":"no","charge":null,"access":null,"wheelchair":"no","opening_hours":null,"operator":"Öklo","description":null,"password":null}},{"type":"Feature","geometry":{"type":"Point","coordinates":[16.3526185,48.197759]},"properties":{"id":"node/11245611337","source":"osm","name":null,"fee":"no","charge":null,"access":"yes","wheelchair":"yes","opening_hours":null,"operator":"Öklo","description":null,"password":null}},{"type":"Feature","geometry":{"type":"Point","coordinates":[16.356523,48.2196371]},"properties":{"id":"node/11247599340","source":"osm","name":null,"fee":null,"charge":null,"access":null,"wheelchair":"yes","opening_hours":null,"operator":null,"description":null,"password":null}},{"type":"Feature","geometry":{"type":"Point","coordinates":[16.4027675,48.2134367]},"properties":{"id":"node/11298172302","source":"osm","name":null,"fee":null,"charge":null,"access":null,"wheelchair":"yes","opening_hours":null,"operator":null,"description":null,"password":null}},{"type":"Feature","geometry":{"type":"Point","coordinates":[16.4441504,48.2385763]},"properties":{"id":"node/11327603617","source":"osm","name":"Toi Toi","fee":null,"charge":null,"access":null,"wheelchair":null,"opening_hours":null,"operator":"Toi Toi","description":null,"password":null}},{"type":"Feature","geometry":{"type":"Point","coordinates":[16.3886108,48.2664925]},"properties":{"id":"node/11343477132","source":"osm","name":"Toi Toi","fee":"no","charge":null,"access":null,"wheelchair":null,"opening_hours":null,"operator":"Toi Toi","description":null,"password":null}},{"type":"Feature","geometry":{"type":"Point","coordinates":[16.3313296,48.198684]},"properties":{"id":"node/11466360369","source":"osm","name":null,"fee":"no","charge":null,"access":"yes","wheelchair":"yes","opening_hours":"24/7","operator":null,"description":null,"password":null}},{"type":"Feature","geometry":{"type":"Point","coordinates":[16.3758722,48.1822847]},"properties":{"id":"node/11469000594","source":"osm","name":null,"fee":"no","charge":null,"access":null,"wheelchair":"yes","opening_hours":null,"operator":null,"description":null,"password":null}},{"type":"Feature","geometry":{"type":"Point","coordinates":[16.3267882,48.1834832]},"properties":{"id":"node/11488977559","source":"osm","name":null,"fee":"no","charge":null,"access":null,"wheelchair":"yes","opening_hours":"Mo-Fr 07:00-19:30; Sa 07:00-18:00","operator":null,"description":null,"password":null}},{"type":"Feature","geometry":{"type":"Point","coordinates":[16.3109499,48.2117329]},"properties":{"id":"node/11506647288","source":"osm","name":null,"fee":"yes","charge":null,"access":"yes","wheelchair":null,"opening_hours":"Mo-Fr 06:00-14:00","operator":null,"description":null,"password":null}},{"type":"Feature","geometry":{"type":"Point","coordinates":[16.392481,48.1407841]},"properties":{"id":"node/11506869342","source":"osm","name":null,"fee":null,"charge":null,"access":null,"wheelchair":null,"opening_hours":null,"operator":null,"description":null,"password":null}},{"type":"Feature","geometry":{"type":"Point","coordinates":[16.4575338,48.2290793]},"properties":{"id":"node/11581852213","source":"osm","name":null,"fee":"no","charge":null,"access":"customers","wheelchair":"yes","opening_hours":null,"operator":null,"description":"Im Billa Plus Restaurant.","password":null}},{"type":"Feature","geometry":{"type":"Point","coordinates":[16.4574663,48.1784498]},"properties":{"id":"node/11754990440","source":"osm","name":null,"fee":"no","charge":null,"access":null,"wheelchair":"no","opening_hours":null,"operator":null,"description":null,"password":null}},{"type":"Feature","geometry":{"type":"Point","coordinates":[16.459088,48.1779823]},"properties":{"id":"node/11755007076","source":"osm","name":null,"fee":"no","charge":null,"access":null,"wheelchair":"no","opening_hours":null,"operator":null,"description":null,"password":null}},{"type":"Feature","geometry":{"type":"Point","coordinates":[16.4609318,48.1774448]},"properties":{"id":"node/11755018710","source":"osm","name":null,"fee":"no","charge":null,"access":null,"wheelchair":"no","opening_hours":null,"operator":null,"description":null,"password":null}},{"type":"Feature","geometry":{"type":"Point","coordinates":[16.3058309,48.1982482]},"properties":{"id":"node/11818464929","source":"osm","name":null,"fee":"no","charge":null,"access":null,"wheelchair":"yes","opening_hours":null,"operator":null,"description":null,"password":null}},{"type":"Feature","geometry":{"type":"Point","coordinates":[16.3556627,48.2174916]},"properties":{"id":"node/11818565584","source":"osm","name":null,"fee":null,"charge":null,"access":null,"wheelchair":null,"opening_hours":null,"operator":null,"description":null,"password":null}},{"type":"Feature","geometry":{"type":"Point","coordinates":[16.3560693,48.2174666]},"properties":{"id":"node/11818565585","source":"osm","name":null,"fee":null,"charge":null,"access":null,"wheelchair":null,"opening_hours":null,"operator":null,"description":null,"password":null}},{"type":"Feature","geometry":{"type":"Point","coordinates":[16.3562142,48.2171241]},"properties":{"id":"node/11818565586","source":"osm","name":null,"fee":null,"charge":null,"access":null,"wheelchair":null,"opening_hours":null,"operator":null,"description":null,"password":null}},{"type":"Feature","geometry":{"type":"Point","coordinates":[16.3531237,48.217201]},"properties":{"id":"node/11820169469","source":"osm","name":null,"fee":"no","charge":null,"access":null,"wheelchair":null,"opening_hours":null,"operator":null,"description":null,"password":null}},{"type":"Feature","geometry":{"type":"Point","coordinates":[16.3606018,48.2162508]},"properties":{"id":"node/11821496845","source":"osm","name":null,"fee":null,"charge":null,"access":null,"wheelchair":null,"opening_hours":null,"operator":null,"description":null,"password":null}},{"type":"Feature","geometry":{"type":"Point","coordinates":[16.3580985,48.2113784]},"properties":{"id":"node/11822039774","source":"osm","name":null,"fee":null,"charge":null,"access":null,"wheelchair":null,"opening_hours":null,"operator":null,"description":null,"password":null}},{"type":"Feature","geometry":{"type":"Point","coordinates":[16.3532249,48.2149652]},"properties":{"id":"node/11823997086","source":"osm","name":null,"fee":"no","charge":null,"access":null,"wheelchair":null,"opening_hours":null,"operator":null,"description":null,"password":null}},{"type":"Feature","geometry":{"type":"Point","coordinates":[16.3538168,48.2175083]},"properties":{"id":"node/11826951803","source":"osm","name":null,"fee":"no","charge":null,"access":null,"wheelchair":null,"opening_hours":null,"operator":null,"description":null,"password":null}},{"type":"Feature","geometry":{"type":"Point","coordinates":[16.3669004,48.2189395]},"properties":{"id":"node/11826969954","source":"osm","name":null,"fee":"no","charge":null,"access":null,"wheelchair":"yes","opening_hours":null,"operator":null,"description":null,"password":null}},{"type":"Feature","geometry":{"type":"Point","coordinates":[16.3563377,48.1784783]},"properties":{"id":"node/11832690445","source":"osm","name":null,"fee":"yes","charge":null,"access":"customers","wheelchair":null,"opening_hours":null,"operator":null,"description":null,"password":null}},{"type":"Feature","geometry":{"type":"Point","coordinates":[16.3456093,48.2086963]},"properties":{"id":"node/11866981825","source":"osm","name":null,"fee":"no","charge":null,"access":null,"wheelchair":"no","opening_hours":null,"operator":null,"description":null,"password":null}},{"type":"Feature","geometry":{"type":"Point","coordinates":[16.332712,48.1903668]},"properties":{"id":"node/11869709924","source":"osm","name":null,"fee":"no","charge":null,"access":"yes","wheelchair":"no","opening_hours":null,"operator":"öKlo","description":"öKlo Klassik","password":null}},{"type":"Feature","geometry":{"type":"Point","coordinates":[16.3377476,48.1935379]},"properties":{"id":"node/11869740202","source":"osm","name":null,"fee":"no","charge":null,"access":"yes","wheelchair":"no","opening_hours":null,"operator":"öKlo","description":"öKlo Klassik","password":null}},{"type":"Feature","geometry":{"type":"Point","coordinates":[16.354807,48.21679]},"properties":{"id":"node/11879120662","source":"osm","name":null,"fee":null,"charge":null,"access":null,"wheelchair":null,"opening_hours":null,"operator":null,"description":null,"password":null}},{"type":"Feature","geometry":{"type":"Point","coordinates":[16.3555448,48.2168334]},"properties":{"id":"node/11879120663","source":"osm","name":null,"fee":"no","charge":null,"access":null,"wheelchair":"yes","opening_hours":null,"operator":null,"description":null,"password":null}},{"type":"Feature","geometry":{"type":"Point","coordinates":[16.3633599,48.2208726]},"properties":{"id":"node/11892295607","source":"osm","name":null,"fee":"no","charge":null,"access":"yes","wheelchair":"yes","opening_hours":null,"operator":null,"description":null,"password":null}},{"type":"Feature","geometry":{"type":"Point","coordinates":[16.3283372,48.1801732]},"properties":{"id":"node/11923895001","source":"osm","name":null,"fee":"no","charge":null,"access":"yes","wheelchair":"yes","opening_hours":null,"operator":null,"description":null,"password":null}},{"type":"Feature","geometry":{"type":"Point","coordinates":[16.3324376,48.2310691]},"properties":{"id":"node/11950610100","source":"osm","name":null,"fee":"no","charge":null,"access":"permissive","wheelchair":"no","opening_hours":null,"operator":"öKlo","description":"öKlo Klassik","password":null}},{"type":"Feature","geometry":{"type":"Point","coordinates":[16.3357038,48.2017592]},"properties":{"id":"node/11956215011","source":"osm","name":null,"fee":"no","charge":null,"access":null,"wheelchair":"no","opening_hours":null,"operator":"öKlo","description":null,"password":null}},{"type":"Feature","geometry":{"type":"Point","coordinates":[16.3690347,48.1936335]},"properties":{"id":"node/11957669350","source":"osm","name":null,"fee":"no","charge":null,"access":"yes","wheelchair":"no","opening_hours":null,"operator":null,"description":"Öklo","password":null}},{"type":"Feature","geometry":{"type":"Point","coordinates":[16.3453242,48.1846401]},"properties":{"id":"node/11958614775","source":"osm","name":null,"fee":"no","charge":null,"access":null,"wheelchair":"yes","opening_hours":null,"operator":"Öklo","description":null,"password":null}},{"type":"Feature","geometry":{"type":"Point","coordinates":[16.3295511,48.1734051]},"properties":{"id":"node/11964193421","source":"osm","name":null,"fee":"no","charge":null,"access":"yes","wheelchair":"no","opening_hours":null,"operator":"Toi Toi & Dixi","description":null,"password":null}},{"type":"Feature","geometry":{"type":"Point","coordinates":[16.3943844,48.2079978]},"properties":{"id":"node/11967758944","source":"osm","name":null,"fee":"yes","charge":null,"access":"permissive","wheelchair":null,"opening_hours":"Mo-Su 09:00-19:00","operator":null,"description":null,"password":null}},{"type":"Feature","geometry":{"type":"Point","coordinates":[16.4066326,48.2107654]},"properties":{"id":"node/12003502512","source":"osm","name":null,"fee":"no","charge":null,"access":"yes","wheelchair":"no","opening_hours":null,"operator":"öKlo","description":"öKlo Klassik","password":null}},{"type":"Feature","geometry":{"type":"Point","coordinates":[16.3523001,48.2167964]},"properties":{"id":"node/12009258069","source":"osm","name":null,"fee":"no","charge":null,"access":null,"wheelchair":null,"opening_hours":null,"operator":null,"description":null,"password":null}},{"type":"Feature","geometry":{"type":"Point","coordinates":[16.3669219,48.214362]},"properties":{"id":"node/12013008634","source":"osm","name":null,"fee":"no","charge":null,"access":"yes","wheelchair":"no","opening_hours":null,"operator":"öKlo","description":"öKlo Klassik","password":null}},{"type":"Feature","geometry":{"type":"Point","coordinates":[16.3981816,48.1722226]},"properties":{"id":"node/12020639612","source":"osm","name":null,"fee":"yes","charge":null,"access":null,"wheelchair":"yes","opening_hours":"Mo-Su,PH 00:00-18:00+","operator":null,"description":null,"password":null}},{"type":"Feature","geometry":{"type":"Point","coordinates":[16.3289071,48.2313462]},"properties":{"id":"node/12039884409","source":"osm","name":null,"fee":"no","charge":null,"access":"yes","wheelchair":"yes","opening_hours":"Mo-Su 06:00-23:00","operator":null,"description":null,"password":null}},{"type":"Feature","geometry":{"type":"Point","coordinates":[16.3739702,48.2097687]},"properties":{"id":"node/12043459805","source":"osm","name":null,"fee":"no","charge":null,"access":null,"wheelchair":"no","opening_hours":null,"operator":null,"description":null,"password":null}},{"type":"Feature","geometry":{"type":"Point","coordinates":[16.3713885,48.2140874]},"properties":{"id":"node/12047135183","source":"osm","name":null,"fee":"no","charge":null,"access":"yes","wheelchair":"no","opening_hours":null,"operator":"öKlo","description":null,"password":null}},{"type":"Feature","geometry":{"type":"Point","coordinates":[16.3385376,48.1665486]},"properties":{"id":"node/12066014518","source":"osm","name":null,"fee":null,"charge":null,"access":"yes","wheelchair":null,"opening_hours":null,"operator":null,"description":null,"password":null}},{"type":"Feature","geometry":{"type":"Point","coordinates":[16.4306377,48.2283241]},"properties":{"id":"node/12077439546","source":"osm","name":null,"fee":null,"charge":null,"access":"customers","wheelchair":null,"opening_hours":null,"operator":null,"description":null,"password":null}},{"type":"Feature","geometry":{"type":"Point","coordinates":[16.4151697,48.2470676]},"properties":{"id":"node/12078737448","source":"osm","name":"Toi Toi","fee":null,"charge":null,"access":null,"wheelchair":"limited","opening_hours":null,"operator":"Toi Toi","description":null,"password":null}},{"type":"Feature","geometry":{"type":"Point","coordinates":[16.3576428,48.253877]},"properties":{"id":"node/12101605965","source":"osm","name":null,"fee":null,"charge":null,"access":null,"wheelchair":"no","opening_hours":null,"operator":null,"description":null,"password":null}},{"type":"Feature","geometry":{"type":"Point","coordinates":[16.3548147,48.2174494]},"properties":{"id":"node/12106121232","source":"osm","name":null,"fee":null,"charge":null,"access":null,"wheelchair":null,"opening_hours":null,"operator":null,"description":null,"password":null}},{"type":"Feature","geometry":{"type":"Point","coordinates":[16.2877335,48.1848503]},"properties":{"id":"node/12131508485","source":"osm","name":null,"fee":"no","charge":null,"access":null,"wheelchair":null,"opening_hours":null,"operator":null,"description":null,"password":null}},{"type":"Feature","geometry":{"type":"Point","coordinates":[16.3161201,48.1407828]},"properties":{"id":"node/12134527040","source":"osm","name":null,"fee":"no","charge":null,"access":"yes","wheelchair":"no","opening_hours":null,"operator":"öklo","description":null,"password":null}},{"type":"Feature","geometry":{"type":"Point","coordinates":[16.4094026,48.2412363]},"properties":{"id":"node/12140620989","source":"osm","name":"Dixi","fee":null,"charge":null,"access":null,"wheelchair":null,"opening_hours":null,"operator":null,"description":null,"password":null}},{"type":"Feature","geometry":{"type":"Point","coordinates":[16.3367904,48.1957737]},"properties":{"id":"node/12164847902","source":"osm","name":null,"fee":"no","charge":null,"access":"yes","wheelchair":"yes","opening_hours":null,"operator":"Öklo","description":null,"password":null}},{"type":"Feature","geometry":{"type":"Point","coordinates":[16.4021209,48.2154401]},"properties":{"id":"node/12182730767","source":"osm","name":null,"fee":"no","charge":null,"access":"customers","wheelchair":"no","opening_hours":null,"operator":null,"description":null,"password":null}},{"type":"Feature","geometry":{"type":"Point","coordinates":[16.4100529,48.2402442]},"properties":{"id":"node/12184432466","source":"osm","name":null,"fee":null,"charge":null,"access":"customers","wheelchair":"no","opening_hours":null,"operator":null,"description":null,"password":null}},{"type":"Feature","geometry":{"type":"Point","coordinates":[16.3604064,48.2423593]},"properties":{"id":"node/12214196069","source":"osm","name":null,"fee":"no","charge":null,"access":null,"wheelchair":"no","opening_hours":null,"operator":null,"description":null,"password":null}},{"type":"Feature","geometry":{"type":"Point","coordinates":[16.4803852,48.1843331]},"properties":{"id":"node/12235824311","source":"osm","name":null,"fee":"no","charge":null,"access":null,"wheelchair":"no","opening_hours":null,"operator":null,"description":null,"password":null}},{"type":"Feature","geometry":{"type":"Point","coordinates":[16.4861612,48.1806147]},"properties":{"id":"node/12235830621","source":"osm","name":null,"fee":"no","charge":null,"access":null,"wheelchair":null,"opening_hours":null,"operator":null,"description":null,"password":null}},{"type":"Feature","geometry":{"type":"Point","coordinates":[16.3591386,48.2336944]},"properties":{"id":"node/12255885612","source":"osm","name":null,"fee":"no","charge":null,"access":null,"wheelchair":"no","opening_hours":"24/7","operator":"Öklo","description":null,"password":null}},{"type":"Feature","geometry":{"type":"Point","coordinates":[16.3174941,48.1889035]},"properties":{"id":"node/12278292982","source":"osm","name":null,"fee":"no","charge":null,"access":"yes","wheelchair":"no","opening_hours":null,"operator":null,"description":null,"password":null}},{"type":"Feature","geometry":{"type":"Point","coordinates":[16.3924397,48.1449954]},"properties":{"id":"node/12323757520","source":"osm","name":null,"fee":null,"charge":null,"access":null,"wheelchair":null,"opening_hours":null,"operator":null,"description":null,"password":null}},{"type":"Feature","geometry":{"type":"Point","coordinates":[16.3911621,48.2225704]},"properties":{"id":"node/12329405850","source":"osm","name":null,"fee":"no","charge":null,"access":null,"wheelchair":"no","opening_hours":null,"operator":null,"description":null,"password":null}},{"type":"Feature","geometry":{"type":"Point","coordinates":[16.3200238,48.2036233]},"properties":{"id":"node/12351942266","source":"osm","name":null,"fee":"no","charge":null,"access":null,"wheelchair":"no","opening_hours":"24/7","operator":"Stadt Wien","description":null,"password":null}},{"type":"Feature","geometry":{"type":"Point","coordinates":[16.4083581,48.1964548]},"properties":{"id":"node/12363038022","source":"osm","name":null,"fee":null,"charge":null,"access":"customers","wheelchair":"yes","opening_hours":null,"operator":null,"description":null,"password":null}},{"type":"Feature","geometry":{"type":"Point","coordinates":[16.3531596,48.2583806]},"properties":{"id":"node/12423426612","source":"osm","name":"Dixi","fee":null,"charge":null,"access":null,"wheelchair":null,"opening_hours":null,"operator":null,"description":null,"password":null}},{"type":"Feature","geometry":{"type":"Point","coordinates":[16.3315228,48.1810676]},"properties":{"id":"node/12491967956","source":"osm","name":null,"fee":"no","charge":null,"access":null,"wheelchair":"limited","opening_hours":null,"operator":null,"description":null,"password":null}},{"type":"Feature","geometry":{"type":"Point","coordinates":[16.2497184,48.2158614]},"properties":{"id":"node/12651934279","source":"osm","name":null,"fee":null,"charge":null,"access":"customers","wheelchair":null,"opening_hours":null,"operator":null,"description":null,"password":null}},{"type":"Feature","geometry":{"type":"Point","coordinates":[16.3927287,48.1777864]},"properties":{"id":"node/12676215637","source":"osm","name":null,"fee":null,"charge":null,"access":"customers","wheelchair":null,"opening_hours":null,"operator":null,"description":null,"password":null}},{"type":"Feature","geometry":{"type":"Point","coordinates":[16.4751319,48.2382167]},"properties":{"id":"node/12693096122","source":"osm","name":null,"fee":"no","charge":null,"access":null,"wheelchair":"yes","opening_hours":null,"operator":null,"description":null,"password":null}},{"type":"Feature","geometry":{"type":"Point","coordinates":[16.5082617,48.2258326]},"properties":{"id":"node/12697049735","source":"osm","name":null,"fee":"no","charge":null,"access":"yes","wheelchair":"yes","opening_hours":null,"operator":null,"description":null,"password":null}},{"type":"Feature","geometry":{"type":"Point","coordinates":[16.5046912,48.2269363]},"properties":{"id":"node/12697049736","source":"osm","name":null,"fee":"no","charge":null,"access":"yes","wheelchair":"yes","opening_hours":null,"operator":null,"description":null,"password":null}},{"type":"Feature","geometry":{"type":"Point","coordinates":[16.4907669,48.2260803]},"properties":{"id":"node/12698101281","source":"osm","name":null,"fee":"no","charge":null,"access":null,"wheelchair":"yes","opening_hours":null,"operator":null,"description":null,"password":null}},{"type":"Feature","geometry":{"type":"Point","coordinates":[16.5102328,48.2289471]},"properties":{"id":"node/12736414167","source":"osm","name":null,"fee":"no","charge":null,"access":null,"wheelchair":"yes","opening_hours":null,"operator":null,"description":null,"password":null}},{"type":"Feature","geometry":{"type":"Point","coordinates":[16.3521615,48.1939341]},"properties":{"id":"node/12747333183","source":"osm","name":null,"fee":"no","charge":null,"access":"yes","wheelchair":"no","opening_hours":"24/7","operator":"Öklo","description":null,"password":null}},{"type":"Feature","geometry":{"type":"Point","coordinates":[16.4796152,48.2420104]},"properties":{"id":"node/12749887087","source":"osm","name":null,"fee":null,"charge":null,"access":"yes","wheelchair":"yes","opening_hours":null,"operator":null,"description":null,"password":null}},{"type":"Feature","geometry":{"type":"Point","coordinates":[16.3620595,48.1980334]},"properties":{"id":"node/12757403149","source":"osm","name":null,"fee":null,"charge":null,"access":null,"wheelchair":"yes","opening_hours":null,"operator":null,"description":null,"password":null}},{"type":"Feature","geometry":{"type":"Point","coordinates":[16.504766,48.2270204]},"properties":{"id":"node/12760239027","source":"osm","name":null,"fee":"no","charge":null,"access":"permissive","wheelchair":"limited","opening_hours":null,"operator":null,"description":null,"password":null}},{"type":"Feature","geometry":{"type":"Point","coordinates":[16.3577372,48.2135637]},"properties":{"id":"node/12803752999","source":"osm","name":null,"fee":"no","charge":null,"access":null,"wheelchair":"yes","opening_hours":null,"operator":null,"description":null,"password":null}},{"type":"Feature","geometry":{"type":"Point","coordinates":[16.4621276,48.2467324]},"properties":{"id":"node/12803754660","source":"osm","name":null,"fee":"yes","charge":null,"access":null,"wheelchair":"yes","opening_hours":null,"operator":null,"description":null,"password":null}},{"type":"Feature","geometry":{"type":"Point","coordinates":[16.396821,48.2189718]},"properties":{"id":"node/12809589993","source":"osm","name":null,"fee":"no","charge":null,"access":"yes","wheelchair":"yes","opening_hours":null,"operator":null,"description":null,"password":null}},{"type":"Feature","geometry":{"type":"Point","coordinates":[16.3046399,48.1924753]},"properties":{"id":"node/12855716027","source":"osm","name":null,"fee":"yes","charge":null,"access":null,"wheelchair":null,"opening_hours":"Mo-Su,PH 04:30-00:30","operator":null,"description":null,"password":null}},{"type":"Feature","geometry":{"type":"Point","coordinates":[16.3975003,48.2449334]},"properties":{"id":"node/12865454305","source":"osm","name":null,"fee":null,"charge":null,"access":"customers","wheelchair":"yes","opening_hours":null,"operator":null,"description":null,"password":null}},{"type":"Feature","geometry":{"type":"Point","coordinates":[16.3976504,48.2449725]},"properties":{"id":"node/12865454306","source":"osm","name":null,"fee":null,"charge":null,"access":"customers","wheelchair":"yes","opening_hours":null,"operator":null,"description":null,"password":null}},{"type":"Feature","geometry":{"type":"Point","coordinates":[16.3752673,48.2146291]},"properties":{"id":"node/12892616055","source":"osm","name":null,"fee":"no","charge":null,"access":"yes","wheelchair":"limited","opening_hours":null,"operator":null,"description":"1x Damen, 1x Herren (2x Pissoir, 1x Sitztoilette, 1x unisex annähernd barrierefrei: schwenkbarer Stützarm vorhanden. Ohne Stuffe über flache Rampe zugänglich","password":null}},{"type":"Feature","geometry":{"type":"Point","coordinates":[16.4226609,48.276192]},"properties":{"id":"node/12895909319","source":"osm","name":null,"fee":"no","charge":null,"access":null,"wheelchair":"no","opening_hours":null,"operator":null,"description":null,"password":null}},{"type":"Feature","geometry":{"type":"Point","coordinates":[16.3342558,48.2364382]},"properties":{"id":"node/12920885141","source":"osm","name":"Öklo","fee":"no","charge":null,"access":null,"wheelchair":"yes","opening_hours":"\"occasionally 24/7\"","operator":null,"description":"Das Öklo ist nur gelegentlich aufgestellt. \nWeitere WC Anlagen in der Nähe: im Gebäude Türkenwirt (TüWi) - Ganzjährig untertags geöffnet.","password":null}},{"type":"Feature","geometry":{"type":"Point","coordinates":[16.4288872,48.2177261]},"properties":{"id":"node/12921174525","source":"osm","name":null,"fee":"no","charge":null,"access":null,"wheelchair":"yes","opening_hours":null,"operator":null,"description":null,"password":null}},{"type":"Feature","geometry":{"type":"Point","coordinates":[16.3224088,48.2188818]},"properties":{"id":"node/12961283334","source":"osm","name":null,"fee":null,"charge":null,"access":"yes","wheelchair":"no","opening_hours":null,"operator":"Öklo","description":null,"password":null}},{"type":"Feature","geometry":{"type":"Point","coordinates":[16.2392515,48.212899]},"properties":{"id":"node/12977681479","source":"osm","name":null,"fee":"no","charge":null,"access":"yes","wheelchair":"yes","opening_hours":null,"operator":null,"description":null,"password":null}},{"type":"Feature","geometry":{"type":"Point","coordinates":[16.3707665,48.1993416]},"properties":{"id":"node/13007047381","source":"osm","name":null,"fee":"no","charge":"0.50 EUR","access":"yes","wheelchair":"yes","opening_hours":null,"operator":null,"description":null,"password":null}},{"type":"Feature","geometry":{"type":"Point","coordinates":[16.3796904,48.2167574]},"properties":{"id":"node/13017080098","source":"osm","name":null,"fee":"no","charge":null,"access":null,"wheelchair":null,"opening_hours":null,"operator":null,"description":"Innerhalb des Gebäudes\n\nRezeption täglich 24h offen, Toilette evtl nicht","password":null}},{"type":"Feature","geometry":{"type":"Point","coordinates":[16.2522925,48.199736]},"properties":{"id":"node/13055898029","source":"osm","name":null,"fee":"no","charge":null,"access":"yes","wheelchair":null,"opening_hours":null,"operator":null,"description":null,"password":null}},{"type":"Feature","geometry":{"type":"Point","coordinates":[16.3067633,48.2199438]},"properties":{"id":"node/13058260463","source":"osm","name":null,"fee":null,"charge":null,"access":null,"wheelchair":null,"opening_hours":"Mo-Fr 07:40-20:00; Sa 07:40-18:00","operator":"Interspar","description":null,"password":null}},{"type":"Feature","geometry":{"type":"Point","coordinates":[16.3193588,48.1522769]},"properties":{"id":"node/13059501501","source":"osm","name":null,"fee":null,"charge":null,"access":"disabled","wheelchair":null,"opening_hours":null,"operator":null,"description":null,"password":null}},{"type":"Feature","geometry":{"type":"Point","coordinates":[16.3327833,48.2031399]},"properties":{"id":"node/13061343872","source":"osm","name":null,"fee":null,"charge":null,"access":null,"wheelchair":null,"opening_hours":null,"operator":null,"description":null,"password":null}},{"type":"Feature","geometry":{"type":"Point","coordinates":[16.3452544,48.1684812]},"properties":{"id":"node/13071118301","source":"osm","name":null,"fee":"no","charge":null,"access":"yes","wheelchair":null,"opening_hours":"24/7","operator":null,"description":null,"password":null}},{"type":"Feature","geometry":{"type":"Point","coordinates":[16.5080586,48.2276272]},"properties":{"id":"node/13074225873","source":"osm","name":null,"fee":"no","charge":null,"access":"yes","wheelchair":"no","opening_hours":null,"operator":"ÖKLO","description":null,"password":null}},{"type":"Feature","geometry":{"type":"Point","coordinates":[16.5080423,48.2276516]},"properties":{"id":"node/13074225874","source":"osm","name":null,"fee":"no","charge":null,"access":"yes","wheelchair":"yes","opening_hours":null,"operator":"ÖKLO","description":null,"password":null}},{"type":"Feature","geometry":{"type":"Point","coordinates":[16.3029911,48.1953545]},"properties":{"id":"node/13075629190","source":"osm","name":"Öklo","fee":"no","charge":null,"access":"yes","wheelchair":"limited","opening_hours":null,"operator":null,"description":null,"password":null}},{"type":"Feature","geometry":{"type":"Point","coordinates":[16.3451767,48.1675888]},"properties":{"id":"node/13086909001","source":"osm","name":null,"fee":null,"charge":null,"access":null,"wheelchair":null,"opening_hours":"24/7","operator":null,"description":null,"password":null}},{"type":"Feature","geometry":{"type":"Point","coordinates":[16.3452905,48.1685534]},"properties":{"id":"node/13110202601","source":"osm","name":null,"fee":null,"charge":null,"access":"yes","wheelchair":null,"opening_hours":null,"operator":null,"description":null,"password":null}},{"type":"Feature","geometry":{"type":"Point","coordinates":[16.2803942,48.206407]},"properties":{"id":"node/13114675920","source":"osm","name":null,"fee":"no","charge":null,"access":null,"wheelchair":null,"opening_hours":null,"operator":null,"description":null,"password":null}},{"type":"Feature","geometry":{"type":"Point","coordinates":[16.3839899,48.1789374]},"properties":{"id":"node/13124755801","source":"osm","name":null,"fee":"no","charge":null,"access":null,"wheelchair":"no","opening_hours":"24/7","operator":null,"description":null,"password":null}},{"type":"Feature","geometry":{"type":"Point","coordinates":[16.3375612,48.1956819]},"properties":{"id":"node/13125513943","source":"osm","name":null,"fee":"no","charge":null,"access":"customers","wheelchair":"yes","opening_hours":null,"operator":null,"description":null,"password":null}},{"type":"Feature","geometry":{"type":"Point","coordinates":[16.3376068,48.1954736]},"properties":{"id":"node/13125513944","source":"osm","name":null,"fee":"no","charge":null,"access":"customers","wheelchair":"yes","opening_hours":null,"operator":null,"description":null,"password":null}},{"type":"Feature","geometry":{"type":"Point","coordinates":[16.3374643,48.1956189]},"properties":{"id":"node/13125513945","source":"osm","name":null,"fee":"no","charge":null,"access":"customers","wheelchair":"yes","opening_hours":null,"operator":null,"description":null,"password":null}},{"type":"Feature","geometry":{"type":"Point","coordinates":[16.4095479,48.2286758]},"properties":{"id":"node/13125599800","source":"osm","name":null,"fee":"yes","charge":null,"access":"yes","wheelchair":"yes","opening_hours":"Mo-Su,PH 00:00-24:00","operator":null,"description":null,"password":null}},{"type":"Feature","geometry":{"type":"Point","coordinates":[16.4520515,48.2304156]},"properties":{"id":"node/13127830401","source":"osm","name":null,"fee":"no","charge":null,"access":"yes","wheelchair":null,"opening_hours":null,"operator":null,"description":"Portable Eklo","password":null}},{"type":"Feature","geometry":{"type":"Point","coordinates":[16.3542549,48.161144]},"properties":{"id":"node/13142702133","source":"osm","name":null,"fee":"no","charge":null,"access":null,"wheelchair":"no","opening_hours":null,"operator":null,"description":null,"password":null}},{"type":"Feature","geometry":{"type":"Point","coordinates":[16.3138027,48.200405]},"properties":{"id":"node/13148811859","source":"osm","name":"Öklo","fee":"no","charge":null,"access":null,"wheelchair":null,"opening_hours":null,"operator":null,"description":null,"password":null}},{"type":"Feature","geometry":{"type":"Point","coordinates":[16.2823056,48.1924998]},"properties":{"id":"node/13149738626","source":"osm","name":null,"fee":"no","charge":null,"access":"customers","wheelchair":null,"opening_hours":"Mo-Fr 07:30-19:00; Sa 07:30-18:00","operator":null,"description":null,"password":null}},{"type":"Feature","geometry":{"type":"Point","coordinates":[16.3633748,48.2494323]},"properties":{"id":"node/13159158676","source":"osm","name":null,"fee":null,"charge":null,"access":null,"wheelchair":null,"opening_hours":null,"operator":"öKlo","description":null,"password":null}},{"type":"Feature","geometry":{"type":"Point","coordinates":[16.2921946,48.1826024]},"properties":{"id":"node/13161767127","source":"osm","name":null,"fee":"no","charge":null,"access":null,"wheelchair":null,"opening_hours":null,"operator":null,"description":null,"password":null}},{"type":"Feature","geometry":{"type":"Point","coordinates":[16.3390674,48.1892554]},"properties":{"id":"node/13183713780","source":"osm","name":null,"fee":null,"charge":null,"access":null,"wheelchair":null,"opening_hours":null,"operator":null,"description":null,"password":null}},{"type":"Feature","geometry":{"type":"Point","coordinates":[16.4009542,48.3103443]},"properties":{"id":"node/13195400381","source":"osm","name":null,"fee":null,"charge":null,"access":null,"wheelchair":null,"opening_hours":null,"operator":null,"description":null,"password":null}},{"type":"Feature","geometry":{"type":"Point","coordinates":[16.3469932,48.1925407]},"properties":{"id":"node/13195680017","source":"osm","name":null,"fee":null,"charge":null,"access":"yes","wheelchair":null,"opening_hours":null,"operator":null,"description":null,"password":null}},{"type":"Feature","geometry":{"type":"Point","coordinates":[16.3365464,48.1932784]},"properties":{"id":"node/13195837286","source":"osm","name":null,"fee":null,"charge":null,"access":"yes","wheelchair":"no","opening_hours":"24/7","operator":"Öklo","description":null,"password":null}},{"type":"Feature","geometry":{"type":"Point","coordinates":[16.4142036,48.2474607]},"properties":{"id":"node/13197838390","source":"osm","name":null,"fee":"yes","charge":null,"access":"yes","wheelchair":null,"opening_hours":null,"operator":null,"description":null,"password":null}},{"type":"Feature","geometry":{"type":"Point","coordinates":[16.3623586,48.1877076]},"properties":{"id":"node/13208426426","source":"osm","name":null,"fee":null,"charge":null,"access":"yes","wheelchair":"no","opening_hours":null,"operator":"Öklo","description":null,"password":null}},{"type":"Feature","geometry":{"type":"Point","coordinates":[16.3922701,48.177159]},"properties":{"id":"node/13241509533","source":"osm","name":null,"fee":"no","charge":null,"access":null,"wheelchair":"designated","opening_hours":"\"accessible when trains are loaded or unloaded with cars (4 times per day)\"","operator":null,"description":null,"password":null}},{"type":"Feature","geometry":{"type":"Point","coordinates":[16.3922353,48.1771835]},"properties":{"id":"node/13241509534","source":"osm","name":null,"fee":"no","charge":null,"access":null,"wheelchair":"no","opening_hours":"\"accessible when trains are loaded or unloaded with cars (4 times per day)\"","operator":null,"description":null,"password":null}},{"type":"Feature","geometry":{"type":"Point","coordinates":[16.3923041,48.1771305]},"properties":{"id":"node/13241509535","source":"osm","name":null,"fee":"no","charge":null,"access":null,"wheelchair":"no","opening_hours":"\"accessible when trains are loaded or unloaded with cars (4 times per day)\"","operator":null,"description":null,"password":null}},{"type":"Feature","geometry":{"type":"Point","coordinates":[16.3732512,48.2173259]},"properties":{"id":"node/13247569498","source":"osm","name":null,"fee":"no","charge":null,"access":"yes","wheelchair":"no","opening_hours":null,"operator":null,"description":null,"password":null}},{"type":"Feature","geometry":{"type":"Point","coordinates":[16.360413,48.2109723]},"properties":{"id":"node/13248210471","source":"osm","name":null,"fee":"no","charge":null,"access":"yes","wheelchair":null,"opening_hours":"00:00-10:00,17:00-24:00","operator":null,"description":null,"password":null}},{"type":"Feature","geometry":{"type":"Point","coordinates":[16.3348815,48.2372412]},"properties":{"id":"node/13267375080","source":"osm","name":null,"fee":null,"charge":null,"access":"customers","wheelchair":"yes","opening_hours":"07:00-21:00","operator":null,"description":null,"password":null}},{"type":"Feature","geometry":{"type":"Point","coordinates":[16.336877,48.2366097]},"properties":{"id":"node/13269677164","source":"osm","name":null,"fee":null,"charge":null,"access":"private","wheelchair":"no","opening_hours":null,"operator":null,"description":null,"password":null}},{"type":"Feature","geometry":{"type":"Point","coordinates":[16.3368797,48.2365272]},"properties":{"id":"node/13269677165","source":"osm","name":null,"fee":null,"charge":null,"access":"private","wheelchair":"no","opening_hours":null,"operator":null,"description":null,"password":null}},{"type":"Feature","geometry":{"type":"Point","coordinates":[16.3374293,48.2365119]},"properties":{"id":"node/13269677166","source":"osm","name":null,"fee":null,"charge":null,"access":"private","wheelchair":"no","opening_hours":null,"operator":null,"description":null,"password":null}},{"type":"Feature","geometry":{"type":"Point","coordinates":[16.3373859,48.2366272]},"properties":{"id":"node/13269677167","source":"osm","name":null,"fee":null,"charge":null,"access":"private","wheelchair":"yes","opening_hours":null,"operator":null,"description":null,"password":null}},{"type":"Feature","geometry":{"type":"Point","coordinates":[16.337427,48.2366275]},"properties":{"id":"node/13269677168","source":"osm","name":null,"fee":null,"charge":null,"access":"private","wheelchair":"no","opening_hours":null,"operator":null,"description":null,"password":null}},{"type":"Feature","geometry":{"type":"Point","coordinates":[16.384556,48.2054749]},"properties":{"id":"node/13270520401","source":"osm","name":null,"fee":"donation","charge":null,"access":null,"wheelchair":null,"opening_hours":null,"operator":null,"description":null,"password":null}},{"type":"Feature","geometry":{"type":"Point","coordinates":[16.3673381,48.1990433]},"properties":{"id":"node/13272327201","source":"osm","name":null,"fee":"no","charge":null,"access":null,"wheelchair":"yes","opening_hours":null,"operator":null,"description":null,"password":null}},{"type":"Feature","geometry":{"type":"Point","coordinates":[16.3584031,48.1586564]},"properties":{"id":"node/13283182831","source":"osm","name":null,"fee":"no","charge":null,"access":null,"wheelchair":"no","opening_hours":null,"operator":null,"description":null,"password":null}},{"type":"Feature","geometry":{"type":"Point","coordinates":[16.3176185,48.2006532]},"properties":{"id":"node/13291180485","source":"osm","name":null,"fee":"no","charge":null,"access":null,"wheelchair":null,"opening_hours":null,"operator":null,"description":null,"password":null}},{"type":"Feature","geometry":{"type":"Point","coordinates":[16.233985,48.2091929]},"properties":{"id":"node/13303177031","source":"osm","name":null,"fee":null,"charge":null,"access":"customers","wheelchair":"limited","opening_hours":null,"operator":null,"description":null,"password":null}},{"type":"Feature","geometry":{"type":"Point","coordinates":[16.3585193,48.1912673]},"properties":{"id":"node/13324981607","source":"osm","name":null,"fee":"no","charge":null,"access":"permissive","wheelchair":"no","opening_hours":null,"operator":"Cuadro","description":null,"password":null}},{"type":"Feature","geometry":{"type":"Point","coordinates":[16.4163264,48.1738447]},"properties":{"id":"node/13372844101","source":"osm","name":null,"fee":null,"charge":null,"access":null,"wheelchair":null,"opening_hours":null,"operator":null,"description":null,"password":null}},{"type":"Feature","geometry":{"type":"Point","coordinates":[16.4297379,48.2383387]},"properties":{"id":"node/13408602364","source":"osm","name":null,"fee":null,"charge":null,"access":null,"wheelchair":null,"opening_hours":null,"operator":null,"description":null,"password":null}},{"type":"Feature","geometry":{"type":"Point","coordinates":[16.3600049,48.1972433]},"properties":{"id":"node/13415227448","source":"osm","name":null,"fee":"no","charge":null,"access":"yes","wheelchair":"yes","opening_hours":null,"operator":null,"description":null,"password":null}},{"type":"Feature","geometry":{"type":"Point","coordinates":[16.2675834,48.1492512]},"properties":{"id":"node/13439887723","source":"osm","name":null,"fee":"no","charge":null,"access":"yes","wheelchair":"no","opening_hours":null,"operator":"öKlo","description":null,"password":null}},{"type":"Feature","geometry":{"type":"Point","coordinates":[16.3795403,48.2116698]},"properties":{"id":"node/13522702606","source":"osm","name":null,"fee":"no","charge":null,"access":null,"wheelchair":null,"opening_hours":null,"operator":null,"description":null,"password":null}},{"type":"Feature","geometry":{"type":"Point","coordinates":[16.3826162,48.2116028]},"properties":{"id":"node/13522702607","source":"osm","name":null,"fee":null,"charge":null,"access":null,"wheelchair":null,"opening_hours":null,"operator":null,"description":null,"password":null}},{"type":"Feature","geometry":{"type":"Point","coordinates":[16.3179783,48.2033754]},"properties":{"id":"node/13537118534","source":"osm","name":null,"fee":"no","charge":null,"access":"yes","wheelchair":"yes","opening_hours":null,"operator":null,"description":null,"password":null}},{"type":"Feature","geometry":{"type":"Point","coordinates":[16.3178114,48.2037396]},"properties":{"id":"node/13537123001","source":"osm","name":null,"fee":"no","charge":null,"access":"customers","wheelchair":"yes","opening_hours":null,"operator":null,"description":null,"password":null}},{"type":"Feature","geometry":{"type":"Point","coordinates":[16.318909,48.2046391]},"properties":{"id":"node/13537123013","source":"osm","name":null,"fee":null,"charge":null,"access":"customers","wheelchair":null,"opening_hours":null,"operator":null,"description":null,"password":null}},{"type":"Feature","geometry":{"type":"Point","coordinates":[16.5292923,48.1758484]},"properties":{"id":"node/13587270775","source":"osm","name":null,"fee":"no","charge":null,"access":null,"wheelchair":"no","opening_hours":null,"operator":null,"description":null,"password":null}},{"type":"Feature","geometry":{"type":"Point","coordinates":[16.4418757,48.1470845]},"properties":{"id":"node/13598009898","source":"osm","name":"Waschraum","fee":null,"charge":null,"access":null,"wheelchair":null,"opening_hours":null,"operator":null,"description":null,"password":null}},{"type":"Feature","geometry":{"type":"Point","coordinates":[16.3697519,48.2366135]},"properties":{"id":"node/13629939198","source":"osm","name":null,"fee":"no","charge":null,"access":"yes","wheelchair":"yes","opening_hours":null,"operator":null,"description":null,"password":null}},{"type":"Feature","geometry":{"type":"Point","coordinates":[16.3693647,48.2366429]},"properties":{"id":"node/13629946702","source":"osm","name":null,"fee":"no","charge":null,"access":"yes","wheelchair":"yes","opening_hours":null,"operator":null,"description":null,"password":null}},{"type":"Feature","geometry":{"type":"Point","coordinates":[16.394594,48.2176219]},"properties":{"id":"node/13630873739","source":"osm","name":null,"fee":"yes","charge":"0.70 EUR","access":null,"wheelchair":null,"opening_hours":null,"operator":null,"description":null,"password":null}},{"type":"Feature","geometry":{"type":"Point","coordinates":[16.2755498,48.2174704]},"properties":{"id":"node/13715483496","source":"osm","name":null,"fee":null,"charge":null,"access":null,"wheelchair":null,"opening_hours":null,"operator":null,"description":null,"password":null}},{"type":"Feature","geometry":{"type":"Point","coordinates":[16.3561873,48.245375]},"properties":{"id":"node/13723486205","source":"osm","name":"Öklo","fee":"no","charge":null,"access":null,"wheelchair":"no","opening_hours":"24/7","operator":null,"description":null,"password":null}},{"type":"Feature","geometry":{"type":"Point","coordinates":[16.3919711,48.1908198]},"properties":{"id":"node/13743181308","source":"osm","name":null,"fee":null,"charge":null,"access":null,"wheelchair":null,"opening_hours":null,"operator":null,"description":null,"password":null}},{"type":"Feature","geometry":{"type":"Point","coordinates":[16.3674392,48.2071076]},"properties":{"id":"node/13758233882","source":"osm","name":"Toilette","fee":null,"charge":null,"access":null,"wheelchair":null,"opening_hours":null,"operator":null,"description":null,"password":null}},{"type":"Feature","geometry":{"type":"Point","coordinates":[16.3674178,48.2070922]},"properties":{"id":"node/13758251842","source":"osm","name":"Toilette","fee":null,"charge":null,"access":null,"wheelchair":null,"opening_hours":null,"operator":null,"description":null,"password":null}},{"type":"Feature","geometry":{"type":"Point","coordinates":[16.3562222,48.2453645]},"properties":{"id":"node/13758918901","source":"osm","name":null,"fee":null,"charge":null,"access":null,"wheelchair":null,"opening_hours":"24/7","operator":null,"description":null,"password":null}},{"type":"Feature","geometry":{"type":"Point","coordinates":[16.4157047,48.2403083]},"properties":{"id":"node/13770752223","source":"osm","name":null,"fee":"yes","charge":"0,5€","access":null,"wheelchair":"no","opening_hours":"\"Wenn Donauparkbühne geöffnet\"","operator":null,"description":null,"password":null}},{"type":"Feature","geometry":{"type":"Point","coordinates":[16.4185276,48.2253142]},"properties":{"id":"node/13812011548","source":"osm","name":null,"fee":"yes","charge":"0.50 EUR","access":null,"wheelchair":null,"opening_hours":"24/7","operator":null,"description":null,"password":null}},{"type":"Feature","geometry":{"type":"Point","coordinates":[16.4185068,48.2253035]},"properties":{"id":"node/13812011549","source":"osm","name":null,"fee":"no","charge":null,"access":null,"wheelchair":null,"opening_hours":null,"operator":null,"description":null,"password":null}},{"type":"Feature","geometry":{"type":"Point","coordinates":[16.3340995,48.2403729]},"properties":{"id":"node/13860368801","source":"osm","name":"Öklo","fee":"no","charge":null,"access":null,"wheelchair":"no","opening_hours":null,"operator":null,"description":null,"password":null}},{"type":"Feature","geometry":{"type":"Point","coordinates":[16.4378591,48.1506283]},"properties":{"id":"node/13860980901","source":"osm","name":null,"fee":null,"charge":null,"access":null,"wheelchair":null,"opening_hours":null,"operator":null,"description":null,"password":null}},{"type":"Feature","geometry":{"type":"Point","coordinates":[16.3857784,48.1664475]},"properties":{"id":"node/13874182032","source":"osm","name":null,"fee":"no","charge":null,"access":"yes","wheelchair":null,"opening_hours":null,"operator":null,"description":null,"password":null}},{"type":"Feature","geometry":{"type":"Point","coordinates":[16.4016172,48.2164963]},"properties":{"id":"node/13898260867","source":"osm","name":null,"fee":"yes","charge":null,"access":null,"wheelchair":null,"opening_hours":null,"operator":null,"description":null,"password":null}},{"type":"Feature","geometry":{"type":"Point","coordinates":[16.3534863,48.2170407]},"properties":{"id":"node/13922512001","source":"osm","name":null,"fee":null,"charge":null,"access":null,"wheelchair":null,"opening_hours":null,"operator":null,"description":null,"password":null}},{"type":"Feature","geometry":{"type":"Point","coordinates":[16.3536687,48.1911055]},"properties":{"id":"node/13931238695","source":"osm","name":null,"fee":"no","charge":null,"access":"yes","wheelchair":"yes","opening_hours":null,"operator":"Öklo","description":null,"password":null}},{"type":"Feature","geometry":{"type":"Point","coordinates":[16.3742916,48.2143004]},"properties":{"id":"node/13952842402","source":"osm","name":null,"fee":null,"charge":null,"access":null,"wheelchair":null,"opening_hours":"24/7","operator":null,"description":null,"password":null}},{"type":"Feature","geometry":{"type":"Point","coordinates":[16.4469959,48.2084837]},"properties":{"id":"node/13957543733","source":"osm","name":null,"fee":null,"charge":null,"access":null,"wheelchair":null,"opening_hours":null,"operator":null,"description":null,"password":null}},{"type":"Feature","geometry":{"type":"Point","coordinates":[16.4471703,48.2103243]},"properties":{"id":"node/13957543757","source":"osm","name":null,"fee":null,"charge":null,"access":"customers","wheelchair":null,"opening_hours":null,"operator":null,"description":null,"password":null}},{"type":"Feature","geometry":{"type":"Point","coordinates":[16.3020905,48.1924205]},"properties":{"id":"node/13961637201","source":"osm","name":"Öklo","fee":null,"charge":null,"access":"yes","wheelchair":"yes","opening_hours":null,"operator":null,"description":null,"password":null}},{"type":"Feature","geometry":{"type":"Point","coordinates":[16.416549,48.2465084]},"properties":{"id":"node/13971570300","source":"osm","name":null,"fee":"no","charge":null,"access":null,"wheelchair":"no","opening_hours":null,"operator":null,"description":null,"password":null}},{"type":"Feature","geometry":{"type":"Point","coordinates":[16.412301,48.2513018]},"properties":{"id":"node/13971584717","source":"osm","name":null,"fee":null,"charge":null,"access":null,"wheelchair":null,"opening_hours":null,"operator":null,"description":null,"password":null}},{"type":"Feature","geometry":{"type":"Point","coordinates":[16.2824999,48.185113]},"properties":{"id":"node/13994565033","source":"osm","name":null,"fee":"no","charge":null,"access":"yes","wheelchair":null,"opening_hours":"08:00-22:00","operator":null,"description":null,"password":null}},{"type":"Feature","geometry":{"type":"Point","coordinates":[16.3764758,48.2321554]},"properties":{"id":"node/13994895971","source":"osm","name":null,"fee":null,"charge":null,"access":null,"wheelchair":null,"opening_hours":null,"operator":null,"description":null,"password":null}},{"type":"Feature","geometry":{"type":"Point","coordinates":[16.275693,48.1737036]},"properties":{"id":"node/14003602176","source":"osm","name":null,"fee":"no","charge":null,"access":null,"wheelchair":null,"opening_hours":null,"operator":null,"description":null,"password":null}},{"type":"Feature","geometry":{"type":"Point","coordinates":[16.3545074,48.1893683]},"properties":{"id":"node/14015723778","source":"osm","name":null,"fee":"no","charge":null,"access":null,"wheelchair":null,"opening_hours":null,"operator":null,"description":null,"password":null}},{"type":"Feature","geometry":{"type":"Point","coordinates":[16.2497919,48.2181779]},"properties":{"id":"node/14018486809","source":"osm","name":"Öklo","fee":"no","charge":null,"access":"yes","wheelchair":"designated","opening_hours":"24/7","operator":"Stadt Wien","description":null,"password":null}},{"type":"Feature","geometry":{"type":"Point","coordinates":[16.3909605,48.2272602]},"properties":{"id":"node/14026663302","source":"osm","name":null,"fee":"no","charge":null,"access":null,"wheelchair":"limited","opening_hours":null,"operator":null,"description":null,"password":null}},{"type":"Feature","geometry":{"type":"Point","coordinates":[16.3776399,48.2127448]},"properties":{"id":"node/14026835472","source":"osm","name":null,"fee":null,"charge":null,"access":"yes","wheelchair":"no","opening_hours":null,"operator":null,"description":null,"password":null}},{"type":"Feature","geometry":{"type":"Point","coordinates":[16.2462728,48.1708952]},"properties":{"id":"node/14026916606","source":"osm","name":null,"fee":null,"charge":null,"access":"customers","wheelchair":null,"opening_hours":null,"operator":null,"description":null,"password":null}},{"type":"Feature","geometry":{"type":"Point","coordinates":[16.386387,48.224922]},"properties":{"id":"node/14028376160","source":"osm","name":null,"fee":"no","charge":null,"access":null,"wheelchair":"no","opening_hours":null,"operator":"ÖKlo","description":null,"password":null}},{"type":"Feature","geometry":{"type":"Point","coordinates":[16.3329456,48.1501669]},"properties":{"id":"node/14029002722","source":"osm","name":null,"fee":null,"charge":null,"access":null,"wheelchair":null,"opening_hours":null,"operator":null,"description":null,"password":null}},{"type":"Feature","geometry":{"type":"Point","coordinates":[16.4296436,48.2327316]},"properties":{"id":"node/14029868242","source":"osm","name":null,"fee":"no","charge":null,"access":"customers","wheelchair":null,"opening_hours":null,"operator":null,"description":null,"password":null}},{"type":"Feature","geometry":{"type":"Point","coordinates":[16.4310623,48.2295063]},"properties":{"id":"node/14066136008","source":"osm","name":null,"fee":"no","charge":null,"access":"customers","wheelchair":null,"opening_hours":null,"operator":null,"description":null,"password":null}},{"type":"Feature","geometry":{"type":"Point","coordinates":[16.430276,48.2294341]},"properties":{"id":"node/14066136009","source":"osm","name":null,"fee":"no","charge":null,"access":"customers","wheelchair":null,"opening_hours":null,"operator":null,"description":null,"password":null}},{"type":"Feature","geometry":{"type":"Point","coordinates":[16.4294905,48.2293634]},"properties":{"id":"node/14066136010","source":"osm","name":null,"fee":"no","charge":null,"access":"customers","wheelchair":null,"opening_hours":null,"operator":null,"description":null,"password":null}},{"type":"Feature","geometry":{"type":"Point","coordinates":[16.4314622,48.2295421]},"properties":{"id":"node/14066136011","source":"osm","name":null,"fee":null,"charge":null,"access":"customers","wheelchair":null,"opening_hours":null,"operator":null,"description":null,"password":null}},{"type":"Feature","geometry":{"type":"Point","coordinates":[16.4306701,48.2294702]},"properties":{"id":"node/14066136012","source":"osm","name":null,"fee":null,"charge":null,"access":"customers","wheelchair":null,"opening_hours":null,"operator":null,"description":null,"password":null}},{"type":"Feature","geometry":{"type":"Point","coordinates":[16.4298749,48.2293984]},"properties":{"id":"node/14066136013","source":"osm","name":null,"fee":null,"charge":null,"access":"customers","wheelchair":null,"opening_hours":null,"operator":null,"description":null,"password":null}},{"type":"Feature","geometry":{"type":"Point","coordinates":[16.2756763,48.1374105]},"properties":{"id":"node/14067687169","source":"osm","name":null,"fee":"no","charge":null,"access":"yes","wheelchair":null,"opening_hours":null,"operator":"Öklo","description":null,"password":null}},{"type":"Feature","geometry":{"type":"Point","coordinates":[16.3145819,48.2322437]},"properties":{"id":"node/14068565400","source":"osm","name":null,"fee":"no","charge":null,"access":"yes","wheelchair":null,"opening_hours":null,"operator":"ÖKlo","description":null,"password":null}},{"type":"Feature","geometry":{"type":"Point","coordinates":[16.2855264,48.1965241]},"properties":{"id":"node/14074266753","source":"osm","name":"Öklo","fee":null,"charge":null,"access":"yes","wheelchair":"yes","opening_hours":null,"operator":null,"description":null,"password":null}},{"type":"Feature","geometry":{"type":"Point","coordinates":[16.4320923,48.226372]},"properties":{"id":"way/44337805","source":"osm","name":null,"fee":"no","charge":null,"access":null,"wheelchair":null,"opening_hours":null,"operator":null,"description":null,"password":null}},{"type":"Feature","geometry":{"type":"Point","coordinates":[16.3861565,48.2377776]},"properties":{"id":"way/105055209","source":"osm","name":null,"fee":"no","charge":null,"access":"yes","wheelchair":"yes","opening_hours":null,"operator":"Stadt Wien","description":null,"password":null}},{"type":"Feature","geometry":{"type":"Point","coordinates":[16.4051515,48.2383347]},"properties":{"id":"way/105079534","source":"osm","name":null,"fee":"no","charge":null,"access":"yes","wheelchair":"yes","opening_hours":null,"operator":"Stadt Wien","description":null,"password":null}},{"type":"Feature","geometry":{"type":"Point","coordinates":[16.3565174,48.1965991]},"properties":{"id":"way/105712309","source":"osm","name":null,"fee":"no","charge":null,"access":"yes","wheelchair":"yes","opening_hours":"24/7","operator":null,"description":null,"password":null}},{"type":"Feature","geometry":{"type":"Point","coordinates":[16.416931,48.2044844]},"properties":{"id":"way/106304704","source":"osm","name":null,"fee":"yes","charge":"0.5 EUR","access":null,"wheelchair":"yes","opening_hours":"Mo-Su,PH 00:00-00:00","operator":null,"description":null,"password":null}},{"type":"Feature","geometry":{"type":"Point","coordinates":[16.428804,48.2309118]},"properties":{"id":"way/108650639","source":"osm","name":null,"fee":"no","charge":null,"access":"customers","wheelchair":"no","opening_hours":null,"operator":null,"description":null,"password":null}},{"type":"Feature","geometry":{"type":"Point","coordinates":[16.4499406,48.1439338]},"properties":{"id":"way/110360710","source":"osm","name":null,"fee":null,"charge":null,"access":null,"wheelchair":null,"opening_hours":null,"operator":null,"description":null,"password":null}},{"type":"Feature","geometry":{"type":"Point","coordinates":[16.3674785,48.1870587]},"properties":{"id":"way/111268398","source":"osm","name":null,"fee":"no","charge":null,"access":"yes","wheelchair":"yes","opening_hours":"24/7","operator":"Stadt Wien","description":null,"password":null}},{"type":"Feature","geometry":{"type":"Point","coordinates":[16.3832337,48.1920814]},"properties":{"id":"way/113861157","source":"osm","name":null,"fee":"no","charge":null,"access":null,"wheelchair":"no","opening_hours":null,"operator":null,"description":null,"password":null}},{"type":"Feature","geometry":{"type":"Point","coordinates":[16.3552221,48.1878998]},"properties":{"id":"way/119397875","source":"osm","name":null,"fee":"no","charge":null,"access":"yes","wheelchair":"yes","opening_hours":null,"operator":null,"description":null,"password":null}},{"type":"Feature","geometry":{"type":"Point","coordinates":[16.3863493,48.2228256]},"properties":{"id":"way/119776844","source":"osm","name":null,"fee":"no","charge":null,"access":null,"wheelchair":"yes","opening_hours":null,"operator":null,"description":null,"password":null}},{"type":"Feature","geometry":{"type":"Point","coordinates":[16.2693175,48.1513015]},"properties":{"id":"way/127947956","source":"osm","name":null,"fee":"no","charge":null,"access":"yes","wheelchair":"yes","opening_hours":null,"operator":null,"description":null,"password":null}},{"type":"Feature","geometry":{"type":"Point","coordinates":[16.3130139,48.250827]},"properties":{"id":"way/138361735","source":"osm","name":null,"fee":"no","charge":null,"access":null,"wheelchair":null,"opening_hours":null,"operator":null,"description":null,"password":null}},{"type":"Feature","geometry":{"type":"Point","coordinates":[16.3107489,48.2274467]},"properties":{"id":"way/142296090","source":"osm","name":null,"fee":"no","charge":null,"access":"yes","wheelchair":"yes","opening_hours":null,"operator":null,"description":null,"password":null}},{"type":"Feature","geometry":{"type":"Point","coordinates":[16.4112201,48.1816946]},"properties":{"id":"way/148823518","source":"osm","name":null,"fee":"no","charge":null,"access":null,"wheelchair":"yes","opening_hours":null,"operator":null,"description":null,"password":null}},{"type":"Feature","geometry":{"type":"Point","coordinates":[16.4015669,48.2213371]},"properties":{"id":"way/152808355","source":"osm","name":null,"fee":"yes","charge":"0.5 EUR","access":"yes","wheelchair":"yes","opening_hours":null,"operator":null,"description":null,"password":null}},{"type":"Feature","geometry":{"type":"Point","coordinates":[16.4047019,48.2236463]},"properties":{"id":"way/154356358","source":"osm","name":null,"fee":"no","charge":null,"access":"yes","wheelchair":"yes","opening_hours":null,"operator":null,"description":null,"password":null}},{"type":"Feature","geometry":{"type":"Point","coordinates":[16.3369691,48.2233592]},"properties":{"id":"way/158515289","source":"osm","name":null,"fee":"no","charge":null,"access":"yes","wheelchair":"yes","opening_hours":null,"operator":null,"description":null,"password":null}},{"type":"Feature","geometry":{"type":"Point","coordinates":[16.2774462,48.2407429]},"properties":{"id":"way/162176303","source":"osm","name":null,"fee":"no","charge":null,"access":null,"wheelchair":"yes","opening_hours":null,"operator":null,"description":null,"password":null}},{"type":"Feature","geometry":{"type":"Point","coordinates":[16.3089422,48.2128567]},"properties":{"id":"way/163752327","source":"osm","name":null,"fee":"no","charge":null,"access":"yes","wheelchair":"yes","opening_hours":null,"operator":null,"description":null,"password":null}},{"type":"Feature","geometry":{"type":"Point","coordinates":[16.3774265,48.2174512]},"properties":{"id":"way/164141540","source":"osm","name":null,"fee":"no","charge":null,"access":null,"wheelchair":"limited","opening_hours":null,"operator":null,"description":null,"password":null}},{"type":"Feature","geometry":{"type":"Point","coordinates":[16.333671,48.2342849]},"properties":{"id":"way/164711393","source":"osm","name":null,"fee":"no","charge":null,"access":"yes","wheelchair":"yes","opening_hours":null,"operator":null,"description":null,"password":null}},{"type":"Feature","geometry":{"type":"Point","coordinates":[16.3743537,48.2243146]},"properties":{"id":"way/169002372","source":"osm","name":null,"fee":"no","charge":null,"access":"yes","wheelchair":"yes","opening_hours":"24/7","operator":null,"description":null,"password":null}},{"type":"Feature","geometry":{"type":"Point","coordinates":[16.3785739,48.2243708]},"properties":{"id":"way/169263158","source":"osm","name":null,"fee":"no","charge":null,"access":null,"wheelchair":"yes","opening_hours":null,"operator":null,"description":null,"password":null}},{"type":"Feature","geometry":{"type":"Point","coordinates":[16.3584925,48.2228772]},"properties":{"id":"way/172056468","source":"osm","name":null,"fee":"no","charge":null,"access":"yes","wheelchair":"yes","opening_hours":null,"operator":"Stadt Wien","description":"WC-Anlage mit Euro-Key-Behindertenkabine und ohne Wartepersonal","password":null}},{"type":"Feature","geometry":{"type":"Point","coordinates":[16.4796162,48.2420132]},"properties":{"id":"way/172518654","source":"osm","name":null,"fee":"no","charge":null,"access":null,"wheelchair":"yes","opening_hours":null,"operator":null,"description":null,"password":null}},{"type":"Feature","geometry":{"type":"Point","coordinates":[16.3051412,48.18267]},"properties":{"id":"way/172941408","source":"osm","name":null,"fee":"yes","charge":"0.50 EUR","access":null,"wheelchair":"no","opening_hours":null,"operator":null,"description":"costs 50 Eurocent","password":null}},{"type":"Feature","geometry":{"type":"Point","coordinates":[16.3002545,48.2137937]},"properties":{"id":"way/174517215","source":"osm","name":null,"fee":null,"charge":null,"access":null,"wheelchair":null,"opening_hours":null,"operator":null,"description":null,"password":null}},{"type":"Feature","geometry":{"type":"Point","coordinates":[16.3478031,48.1872845]},"properties":{"id":"way/174848763","source":"osm","name":null,"fee":"no","charge":null,"access":null,"wheelchair":"yes","opening_hours":"24/7","operator":"Stadt Wien","description":null,"password":null}},{"type":"Feature","geometry":{"type":"Point","coordinates":[16.3375723,48.2339893]},"properties":{"id":"way/176592605","source":"osm","name":null,"fee":"no","charge":null,"access":"yes","wheelchair":"yes","opening_hours":null,"operator":"Stadt Wien","description":null,"password":null}},{"type":"Feature","geometry":{"type":"Point","coordinates":[16.3073609,48.1787813]},"properties":{"id":"way/176697208","source":"osm","name":null,"fee":"no","charge":null,"access":"yes","wheelchair":"yes","opening_hours":"Mo-Su,PH 09:00-20:00","operator":null,"description":null,"password":null}},{"type":"Feature","geometry":{"type":"Point","coordinates":[16.3100922,48.1831494]},"properties":{"id":"way/176812208","source":"osm","name":null,"fee":"yes","charge":"0,5 Euros","access":null,"wheelchair":"no","opening_hours":null,"operator":null,"description":null,"password":null}},{"type":"Feature","geometry":{"type":"Point","coordinates":[16.3174113,48.182283]},"properties":{"id":"way/176812230","source":"osm","name":null,"fee":"no","charge":null,"access":null,"wheelchair":"no","opening_hours":null,"operator":null,"description":null,"password":null}},{"type":"Feature","geometry":{"type":"Point","coordinates":[16.3412269,48.2428178]},"properties":{"id":"way/178757006","source":"osm","name":null,"fee":"no","charge":null,"access":null,"wheelchair":"yes","opening_hours":null,"operator":null,"description":null,"password":null}},{"type":"Feature","geometry":{"type":"Point","coordinates":[16.2559192,48.202544]},"properties":{"id":"way/181711582","source":"osm","name":null,"fee":"no","charge":null,"access":"yes","wheelchair":"yes","opening_hours":"24/7","operator":"Gemeinde Wien","description":null,"password":null}},{"type":"Feature","geometry":{"type":"Point","coordinates":[16.3906038,48.2029465]},"properties":{"id":"way/181915563","source":"osm","name":null,"fee":"yes","charge":null,"access":"yes","wheelchair":"yes","opening_hours":null,"operator":null,"description":null,"password":null}},{"type":"Feature","geometry":{"type":"Point","coordinates":[16.2517005,48.2020334]},"properties":{"id":"way/182215979","source":"osm","name":null,"fee":"no","charge":null,"access":null,"wheelchair":"yes","opening_hours":"24/7","operator":"Gemeinde Wien","description":null,"password":null}},{"type":"Feature","geometry":{"type":"Point","coordinates":[16.3306995,48.2231673]},"properties":{"id":"way/183391293","source":"osm","name":null,"fee":"no","charge":null,"access":"yes","wheelchair":"yes","opening_hours":"Mo-Su 00:00-24:00","operator":null,"description":null,"password":null}},{"type":"Feature","geometry":{"type":"Point","coordinates":[16.4120517,48.2428618]},"properties":{"id":"way/185489139","source":"osm","name":null,"fee":"no","charge":null,"access":"yes","wheelchair":"yes","opening_hours":null,"operator":null,"description":null,"password":null}},{"type":"Feature","geometry":{"type":"Point","coordinates":[16.3685852,48.2320361]},"properties":{"id":"way/187290450","source":"osm","name":null,"fee":null,"charge":null,"access":"yes","wheelchair":"yes","opening_hours":null,"operator":null,"description":null,"password":null}},{"type":"Feature","geometry":{"type":"Point","coordinates":[16.3804301,48.2068848]},"properties":{"id":"way/190494844","source":"osm","name":null,"fee":"no","charge":null,"access":null,"wheelchair":"yes","opening_hours":null,"operator":null,"description":null,"password":null}},{"type":"Feature","geometry":{"type":"Point","coordinates":[16.4793309,48.2468111]},"properties":{"id":"way/196973115","source":"osm","name":null,"fee":"no","charge":null,"access":null,"wheelchair":"yes","opening_hours":null,"operator":null,"description":null,"password":null}},{"type":"Feature","geometry":{"type":"Point","coordinates":[16.3394589,48.1816907]},"properties":{"id":"way/198669526","source":"osm","name":null,"fee":"no","charge":null,"access":null,"wheelchair":"yes","opening_hours":null,"operator":null,"description":null,"password":null}},{"type":"Feature","geometry":{"type":"Point","coordinates":[16.2776731,48.2150431]},"properties":{"id":"way/202874410","source":"osm","name":null,"fee":"no","charge":null,"access":null,"wheelchair":"yes","opening_hours":null,"operator":null,"description":null,"password":null}},{"type":"Feature","geometry":{"type":"Point","coordinates":[16.4181954,48.2406941]},"properties":{"id":"way/204419069","source":"osm","name":null,"fee":"no","charge":null,"access":null,"wheelchair":"yes","opening_hours":null,"operator":"Liliputbahn im Prater GmbH","description":null,"password":null}},{"type":"Feature","geometry":{"type":"Point","coordinates":[16.3170564,48.1832027]},"properties":{"id":"way/204794564","source":"osm","name":null,"fee":"no","charge":null,"access":null,"wheelchair":"no","opening_hours":null,"operator":null,"description":null,"password":null}},{"type":"Feature","geometry":{"type":"Point","coordinates":[16.4171755,48.2226709]},"properties":{"id":"way/218492190","source":"osm","name":null,"fee":"yes","charge":null,"access":"yes","wheelchair":"yes","opening_hours":"24/7","operator":"Stadt Wien","description":null,"password":null}},{"type":"Feature","geometry":{"type":"Point","coordinates":[16.3025414,48.1857324]},"properties":{"id":"way/221249018","source":"osm","name":null,"fee":"no","charge":null,"access":"yes","wheelchair":"yes","opening_hours":null,"operator":null,"description":null,"password":null}},{"type":"Feature","geometry":{"type":"Point","coordinates":[16.3357973,48.2133169]},"properties":{"id":"way/225705428","source":"osm","name":null,"fee":"yes","charge":null,"access":null,"wheelchair":"yes","opening_hours":null,"operator":null,"description":null,"password":null}},{"type":"Feature","geometry":{"type":"Point","coordinates":[16.3346094,48.2214831]},"properties":{"id":"way/225733050","source":"osm","name":null,"fee":"no","charge":null,"access":null,"wheelchair":"yes","opening_hours":null,"operator":null,"description":null,"password":null}},{"type":"Feature","geometry":{"type":"Point","coordinates":[16.2569344,48.1664592]},"properties":{"id":"way/234917264","source":"osm","name":null,"fee":"no","charge":null,"access":"yes","wheelchair":"yes","opening_hours":null,"operator":null,"description":null,"password":null}},{"type":"Feature","geometry":{"type":"Point","coordinates":[16.3479632,48.1987903]},"properties":{"id":"way/237170271","source":"osm","name":null,"fee":"no","charge":null,"access":null,"wheelchair":"yes","opening_hours":null,"operator":null,"description":null,"password":null}},{"type":"Feature","geometry":{"type":"Point","coordinates":[16.3533736,48.2157305]},"properties":{"id":"way/242739578","source":"osm","name":null,"fee":"no","charge":null,"access":null,"wheelchair":"yes","opening_hours":null,"operator":null,"description":null,"password":null}},{"type":"Feature","geometry":{"type":"Point","coordinates":[16.3965926,48.2263839]},"properties":{"id":"way/260301408","source":"osm","name":null,"fee":"no","charge":null,"access":"yes","wheelchair":"yes","opening_hours":null,"operator":null,"description":null,"password":null}},{"type":"Feature","geometry":{"type":"Point","coordinates":[16.2917203,48.2333147]},"properties":{"id":"way/261460754","source":"osm","name":null,"fee":"no","charge":null,"access":null,"wheelchair":"yes","opening_hours":null,"operator":null,"description":null,"password":null}},{"type":"Feature","geometry":{"type":"Point","coordinates":[16.3866661,48.2915397]},"properties":{"id":"way/264079826","source":"osm","name":null,"fee":"no","charge":null,"access":null,"wheelchair":"yes","opening_hours":null,"operator":null,"description":null,"password":null}},{"type":"Feature","geometry":{"type":"Point","coordinates":[16.4029371,48.1840204]},"properties":{"id":"way/270247956","source":"osm","name":null,"fee":"no","charge":null,"access":null,"wheelchair":"no","opening_hours":null,"operator":null,"description":null,"password":null}},{"type":"Feature","geometry":{"type":"Point","coordinates":[16.3993433,48.2156962]},"properties":{"id":"way/291232988","source":"osm","name":null,"fee":"yes","charge":null,"access":null,"wheelchair":null,"opening_hours":null,"operator":null,"description":null,"password":null}},{"type":"Feature","geometry":{"type":"Point","coordinates":[16.2710335,48.1903667]},"properties":{"id":"way/296504799","source":"osm","name":null,"fee":"no","charge":null,"access":"yes","wheelchair":"no","opening_hours":"24/7","operator":"Stadt Wien","description":null,"password":null}},{"type":"Feature","geometry":{"type":"Point","coordinates":[16.2285174,48.207265]},"properties":{"id":"way/303020522","source":"osm","name":null,"fee":null,"charge":null,"access":"yes","wheelchair":null,"opening_hours":null,"operator":null,"description":null,"password":null}},{"type":"Feature","geometry":{"type":"Point","coordinates":[16.2468001,48.2108041]},"properties":{"id":"way/303942902","source":"osm","name":null,"fee":"no","charge":null,"access":"yes","wheelchair":"yes","opening_hours":"24/7","operator":null,"description":null,"password":null}},{"type":"Feature","geometry":{"type":"Point","coordinates":[16.4049197,48.2065926]},"properties":{"id":"way/304847638","source":"osm","name":null,"fee":"yes","charge":"0.50 EUR","access":"yes","wheelchair":"yes","opening_hours":null,"operator":null,"description":null,"password":null}},{"type":"Feature","geometry":{"type":"Point","coordinates":[16.4380966,48.2197089]},"properties":{"id":"way/308022922","source":"osm","name":null,"fee":null,"charge":null,"access":"private","wheelchair":null,"opening_hours":null,"operator":null,"description":null,"password":null}},{"type":"Feature","geometry":{"type":"Point","coordinates":[16.3616059,48.2087339]},"properties":{"id":"way/309412515","source":"osm","name":null,"fee":"yes","charge":"1 EUR","access":null,"wheelchair":"yes","opening_hours":null,"operator":null,"description":null,"password":null}},{"type":"Feature","geometry":{"type":"Point","coordinates":[16.3614061,48.1899839]},"properties":{"id":"way/309559588","source":"osm","name":null,"fee":"no","charge":null,"access":"yes","wheelchair":"yes","opening_hours":null,"operator":"Stadt Wien","description":null,"password":null}},{"type":"Feature","geometry":{"type":"Point","coordinates":[16.401157,48.1977716]},"properties":{"id":"way/317021860","source":"osm","name":null,"fee":"no","charge":null,"access":null,"wheelchair":"yes","opening_hours":null,"operator":null,"description":null,"password":null}},{"type":"Feature","geometry":{"type":"Point","coordinates":[16.3370272,48.2761369]},"properties":{"id":"way/326107908","source":"osm","name":null,"fee":null,"charge":null,"access":"yes","wheelchair":null,"opening_hours":null,"operator":null,"description":null,"password":null}},{"type":"Feature","geometry":{"type":"Point","coordinates":[16.4418499,48.1458191]},"properties":{"id":"way/326113180","source":"osm","name":null,"fee":"no","charge":null,"access":null,"wheelchair":"yes","opening_hours":null,"operator":null,"description":null,"password":null}},{"type":"Feature","geometry":{"type":"Point","coordinates":[16.4355201,48.1488275]},"properties":{"id":"way/326113181","source":"osm","name":null,"fee":"no","charge":null,"access":"yes","wheelchair":"no","opening_hours":null,"operator":null,"description":null,"password":null}},{"type":"Feature","geometry":{"type":"Point","coordinates":[16.3919212,48.256016]},"properties":{"id":"way/326223553","source":"osm","name":null,"fee":"no","charge":null,"access":"yes","wheelchair":"no","opening_hours":null,"operator":null,"description":null,"password":null}},{"type":"Feature","geometry":{"type":"Point","coordinates":[16.3618185,48.2596942]},"properties":{"id":"way/326275015","source":"osm","name":null,"fee":"no","charge":null,"access":"yes","wheelchair":"no","opening_hours":"24/7","operator":null,"description":null,"password":null}},{"type":"Feature","geometry":{"type":"Point","coordinates":[16.2823094,48.1684323]},"properties":{"id":"way/326573438","source":"osm","name":null,"fee":"no","charge":null,"access":"yes","wheelchair":"yes","opening_hours":null,"operator":null,"description":null,"password":null}},{"type":"Feature","geometry":{"type":"Point","coordinates":[16.3344854,48.2057314]},"properties":{"id":"way/326589292","source":"osm","name":null,"fee":"no","charge":null,"access":"yes","wheelchair":"yes","opening_hours":null,"operator":null,"description":null,"password":null}},{"type":"Feature","geometry":{"type":"Point","coordinates":[16.3946082,48.2530696]},"properties":{"id":"way/328010327","source":"osm","name":null,"fee":"no","charge":null,"access":null,"wheelchair":"yes","opening_hours":null,"operator":null,"description":null,"password":null}},{"type":"Feature","geometry":{"type":"Point","coordinates":[16.4140752,48.2435383]},"properties":{"id":"way/344610073","source":"osm","name":null,"fee":null,"charge":null,"access":"private","wheelchair":null,"opening_hours":null,"operator":null,"description":null,"password":null}},{"type":"Feature","geometry":{"type":"Point","coordinates":[16.356205,48.2093953]},"properties":{"id":"way/345695643","source":"osm","name":"Sitzklo","fee":"no","charge":null,"access":"permissive","wheelchair":"no","opening_hours":"\"wenn jemand mit Schlüssel anwesend ist.\"","operator":null,"description":null,"password":null}},{"type":"Feature","geometry":{"type":"Point","coordinates":[16.356159,48.2094016]},"properties":{"id":"way/345695644","source":"osm","name":"Stehklo","fee":"yes","charge":null,"access":"discouraged","wheelchair":"no","opening_hours":null,"operator":null,"description":null,"password":null}},{"type":"Feature","geometry":{"type":"Point","coordinates":[16.3584816,48.2098249]},"properties":{"id":"way/354325785","source":"osm","name":null,"fee":"yes","charge":null,"access":null,"wheelchair":"yes","opening_hours":"24/7","operator":null,"description":null,"password":null}},{"type":"Feature","geometry":{"type":"Point","coordinates":[16.3592169,48.2115511]},"properties":{"id":"way/354325786","source":"osm","name":null,"fee":"yes","charge":null,"access":null,"wheelchair":"yes","opening_hours":null,"operator":null,"description":null,"password":null}},{"type":"Feature","geometry":{"type":"Point","coordinates":[16.5139552,48.166678]},"properties":{"id":"way/355716301","source":"osm","name":null,"fee":null,"charge":null,"access":"private","wheelchair":null,"opening_hours":null,"operator":null,"description":null,"password":null}},{"type":"Feature","geometry":{"type":"Point","coordinates":[16.4345928,48.1527492]},"properties":{"id":"way/366677777","source":"osm","name":null,"fee":"no","charge":null,"access":"yes","wheelchair":"no","opening_hours":null,"operator":null,"description":null,"password":null}},{"type":"Feature","geometry":{"type":"Point","coordinates":[16.255192,48.2012315]},"properties":{"id":"way/366918851","source":"osm","name":null,"fee":null,"charge":null,"access":null,"wheelchair":"yes","opening_hours":null,"operator":null,"description":null,"password":null}},{"type":"Feature","geometry":{"type":"Point","coordinates":[16.3376535,48.1962885]},"properties":{"id":"way/369988996","source":"osm","name":null,"fee":"yes","charge":null,"access":null,"wheelchair":"yes","opening_hours":"Mo-Su,PH 07:00-21:00","operator":null,"description":null,"password":null}},{"type":"Feature","geometry":{"type":"Point","coordinates":[16.3834414,48.1932368]},"properties":{"id":"way/370412276","source":"osm","name":null,"fee":"no","charge":null,"access":"yes","wheelchair":"yes","opening_hours":"Apr-Sep 10:00-18:00, Feb-Mar 10:00-17:00, Oct 10:00-17:00, Nov-Dec 10:00-16:00, Jan 10:00-16:00","operator":"Stadt Wien","description":null,"password":null}},{"type":"Feature","geometry":{"type":"Point","coordinates":[16.3372553,48.1972902]},"properties":{"id":"way/370577046","source":"osm","name":null,"fee":"yes","charge":null,"access":null,"wheelchair":"yes","opening_hours":null,"operator":null,"description":null,"password":null}},{"type":"Feature","geometry":{"type":"Point","coordinates":[16.3924928,48.2188546]},"properties":{"id":"way/383077270","source":"osm","name":null,"fee":"yes","charge":null,"access":null,"wheelchair":"yes","opening_hours":"24/7","operator":null,"description":null,"password":null}},{"type":"Feature","geometry":{"type":"Point","coordinates":[16.2756322,48.1725258]},"properties":{"id":"way/384794544","source":"osm","name":null,"fee":null,"charge":null,"access":null,"wheelchair":null,"opening_hours":null,"operator":null,"description":null,"password":null}},{"type":"Feature","geometry":{"type":"Point","coordinates":[16.3771996,48.1849588]},"properties":{"id":"way/395972318","source":"osm","name":null,"fee":"yes","charge":"0.60","access":"yes","wheelchair":"yes","opening_hours":null,"operator":"SANIFAIR GmbH","description":null,"password":null}},{"type":"Feature","geometry":{"type":"Point","coordinates":[16.3755041,48.1856885]},"properties":{"id":"way/396140325","source":"osm","name":null,"fee":"yes","charge":null,"access":null,"wheelchair":"yes","opening_hours":null,"operator":null,"description":null,"password":null}},{"type":"Feature","geometry":{"type":"Point","coordinates":[16.3626022,48.2139037]},"properties":{"id":"way/407677444","source":"osm","name":null,"fee":"yes","charge":null,"access":null,"wheelchair":"yes","opening_hours":null,"operator":null,"description":null,"password":null}},{"type":"Feature","geometry":{"type":"Point","coordinates":[16.3602402,48.2066234]},"properties":{"id":"way/409444902","source":"osm","name":null,"fee":"yes","charge":"0.50 EUR","access":"yes","wheelchair":"yes","opening_hours":null,"operator":"SANIFAIR GmbH","description":null,"password":null}},{"type":"Feature","geometry":{"type":"Point","coordinates":[16.3686414,48.2011067]},"properties":{"id":"way/411400845","source":"osm","name":null,"fee":"yes","charge":null,"access":"yes","wheelchair":"yes","opening_hours":null,"operator":"SANIFAIR GmbH","description":null,"password":null}},{"type":"Feature","geometry":{"type":"Point","coordinates":[16.3693519,48.2025977]},"properties":{"id":"way/411407964","source":"osm","name":null,"fee":"yes","charge":null,"access":null,"wheelchair":"yes","opening_hours":null,"operator":null,"description":null,"password":null}},{"type":"Feature","geometry":{"type":"Point","coordinates":[16.4509275,48.277391]},"properties":{"id":"way/412683407","source":"osm","name":null,"fee":"yes","charge":null,"access":null,"wheelchair":"yes","opening_hours":null,"operator":"Wiener Linien","description":null,"password":null}},{"type":"Feature","geometry":{"type":"Point","coordinates":[16.4158792,48.2326276]},"properties":{"id":"way/416063503","source":"osm","name":null,"fee":"yes","charge":null,"access":null,"wheelchair":"yes","opening_hours":null,"operator":null,"description":null,"password":null}},{"type":"Feature","geometry":{"type":"Point","coordinates":[16.3771119,48.2116264]},"properties":{"id":"way/417483379","source":"osm","name":null,"fee":"yes","charge":null,"access":"yes","wheelchair":"yes","opening_hours":null,"operator":"SANIFAIR GmbH","description":null,"password":null}},{"type":"Feature","geometry":{"type":"Point","coordinates":[16.3721599,48.2084832]},"properties":{"id":"way/417527672","source":"osm","name":null,"fee":"yes","charge":"0.50 EUR","access":"yes","wheelchair":"yes","opening_hours":null,"operator":"SANIFAIR GmbH","description":null,"password":null}},{"type":"Feature","geometry":{"type":"Point","coordinates":[16.3510555,48.2119168]},"properties":{"id":"way/430112601","source":"osm","name":null,"fee":"no","charge":null,"access":"yes","wheelchair":"yes","opening_hours":null,"operator":null,"description":null,"password":null}},{"type":"Feature","geometry":{"type":"Point","coordinates":[16.4032612,48.2479371]},"properties":{"id":"way/459827703","source":"osm","name":null,"fee":"no","charge":null,"access":null,"wheelchair":"yes","opening_hours":null,"operator":null,"description":null,"password":null}},{"type":"Feature","geometry":{"type":"Point","coordinates":[16.3384217,48.1776427]},"properties":{"id":"way/461311017","source":"osm","name":null,"fee":"no","charge":null,"access":"yes","wheelchair":"no","opening_hours":null,"operator":null,"description":null,"password":null}},{"type":"Feature","geometry":{"type":"Point","coordinates":[16.4482905,48.1522356]},"properties":{"id":"way/462951202","source":"osm","name":null,"fee":"no","charge":null,"access":null,"wheelchair":"no","opening_hours":null,"operator":null,"description":null,"password":null}},{"type":"Feature","geometry":{"type":"Point","coordinates":[16.3332242,48.2137941]},"properties":{"id":"way/463862334","source":"osm","name":null,"fee":"no","charge":null,"access":"yes","wheelchair":"yes","opening_hours":"24/7","operator":null,"description":null,"password":null}},{"type":"Feature","geometry":{"type":"Point","coordinates":[16.4014613,48.1471279]},"properties":{"id":"way/473420561","source":"osm","name":null,"fee":"no","charge":null,"access":null,"wheelchair":"yes","opening_hours":null,"operator":"MA 48","description":null,"password":null}},{"type":"Feature","geometry":{"type":"Point","coordinates":[16.4016566,48.151333]},"properties":{"id":"way/473420577","source":"osm","name":null,"fee":"no","charge":null,"access":null,"wheelchair":"yes","opening_hours":"24/7","operator":null,"description":null,"password":null}},{"type":"Feature","geometry":{"type":"Point","coordinates":[16.5061627,48.1648384]},"properties":{"id":"way/486605258","source":"osm","name":null,"fee":"no","charge":null,"access":null,"wheelchair":"yes","opening_hours":"24/7","operator":"Stadt Wien","description":null,"password":null}},{"type":"Feature","geometry":{"type":"Point","coordinates":[16.3645968,48.2091854]},"properties":{"id":"way/491099464","source":"osm","name":null,"fee":"yes","charge":"0.50 EUR","access":"yes","wheelchair":"yes","opening_hours":null,"operator":"Wiener Linien","description":null,"password":null}},{"type":"Feature","geometry":{"type":"Point","coordinates":[16.4077361,48.1940213]},"properties":{"id":"way/494394685","source":"osm","name":null,"fee":null,"charge":null,"access":null,"wheelchair":null,"opening_hours":null,"operator":"Wiener Linien","description":null,"password":null}},{"type":"Feature","geometry":{"type":"Point","coordinates":[16.4149746,48.1908611]},"properties":{"id":"way/494431710","source":"osm","name":null,"fee":"yes","charge":null,"access":null,"wheelchair":"yes","opening_hours":null,"operator":"Wiener Linien","description":null,"password":null}},{"type":"Feature","geometry":{"type":"Point","coordinates":[16.4199468,48.1700228]},"properties":{"id":"way/495464225","source":"osm","name":null,"fee":"yes","charge":"0.5 EUR","access":null,"wheelchair":"most times broken","opening_hours":null,"operator":"Wiener Linien","description":"Verfügt auch Rollstuhl-WC, aber es funktioniert nie.","password":null}},{"type":"Feature","geometry":{"type":"Point","coordinates":[16.3542416,48.1998145]},"properties":{"id":"way/495648502","source":"osm","name":null,"fee":"yes","charge":"0.5 EUR","access":"yes","wheelchair":"yes","opening_hours":null,"operator":"Wiener Linien","description":null,"password":null}},{"type":"Feature","geometry":{"type":"Point","coordinates":[16.4236503,48.2264523]},"properties":{"id":"way/503574752","source":"osm","name":null,"fee":"no","charge":null,"access":"yes","wheelchair":"yes","opening_hours":"24/7","operator":null,"description":null,"password":null}},{"type":"Feature","geometry":{"type":"Point","coordinates":[16.384183,48.2700836]},"properties":{"id":"way/507856688","source":"osm","name":null,"fee":"no","charge":null,"access":null,"wheelchair":"yes","opening_hours":null,"operator":null,"description":null,"password":null}},{"type":"Feature","geometry":{"type":"Point","coordinates":[16.4354795,48.230627]},"properties":{"id":"way/515082368","source":"osm","name":null,"fee":null,"charge":null,"access":null,"wheelchair":"yes","opening_hours":null,"operator":null,"description":null,"password":null}},{"type":"Feature","geometry":{"type":"Point","coordinates":[16.4282646,48.2186578]},"properties":{"id":"way/529255551","source":"osm","name":null,"fee":"no","charge":null,"access":null,"wheelchair":null,"opening_hours":null,"operator":null,"description":null,"password":null}},{"type":"Feature","geometry":{"type":"Point","coordinates":[16.4294779,48.232648]},"properties":{"id":"way/539243833","source":"osm","name":null,"fee":"no","charge":null,"access":"customers","wheelchair":null,"opening_hours":null,"operator":null,"description":null,"password":null}},{"type":"Feature","geometry":{"type":"Point","coordinates":[16.4391439,48.2116718]},"properties":{"id":"way/539979747","source":"osm","name":null,"fee":"no","charge":null,"access":"yes","wheelchair":null,"opening_hours":null,"operator":"Inseltreff Barbados","description":"Öffentliches WC im Lokal","password":null}},{"type":"Feature","geometry":{"type":"Point","coordinates":[16.4217268,48.2315508]},"properties":{"id":"way/541358675","source":"osm","name":null,"fee":"no","charge":null,"access":"yes","wheelchair":"yes","opening_hours":"24/7","operator":"Magistrat der Stadt Wien","description":null,"password":null}},{"type":"Feature","geometry":{"type":"Point","coordinates":[16.3913034,48.244061]},"properties":{"id":"way/548550418","source":"osm","name":null,"fee":"yes","charge":null,"access":"yes","wheelchair":"yes","opening_hours":"Mo-Su,PH 00:00-23:59","operator":null,"description":null,"password":null}},{"type":"Feature","geometry":{"type":"Point","coordinates":[16.4073473,48.253058]},"properties":{"id":"way/557108183","source":"osm","name":null,"fee":"no","charge":null,"access":"yes","wheelchair":"no","opening_hours":null,"operator":null,"description":null,"password":null}},{"type":"Feature","geometry":{"type":"Point","coordinates":[16.3211917,48.2640787]},"properties":{"id":"way/580173292","source":"osm","name":null,"fee":"no","charge":null,"access":null,"wheelchair":"yes","opening_hours":null,"operator":null,"description":null,"password":null}},{"type":"Feature","geometry":{"type":"Point","coordinates":[16.3860657,48.2070172]},"properties":{"id":"way/586100044","source":"osm","name":null,"fee":"no","charge":null,"access":null,"wheelchair":"yes","opening_hours":"24/7","operator":null,"description":null,"password":null}},{"type":"Feature","geometry":{"type":"Point","coordinates":[16.385373,48.2063916]},"properties":{"id":"way/587189003","source":"osm","name":null,"fee":"no","charge":null,"access":null,"wheelchair":"yes","opening_hours":null,"operator":null,"description":null,"password":null}},{"type":"Feature","geometry":{"type":"Point","coordinates":[16.3072423,48.2220292]},"properties":{"id":"way/608864853","source":"osm","name":null,"fee":"no","charge":null,"access":null,"wheelchair":"yes","opening_hours":null,"operator":null,"description":null,"password":null}},{"type":"Feature","geometry":{"type":"Point","coordinates":[16.3248907,48.2340011]},"properties":{"id":"way/611790697","source":"osm","name":null,"fee":"no","charge":null,"access":"yes","wheelchair":"no","opening_hours":"24/7","operator":null,"description":null,"password":null}},{"type":"Feature","geometry":{"type":"Point","coordinates":[16.3870935,48.1545529]},"properties":{"id":"way/617487439","source":"osm","name":null,"fee":"no","charge":null,"access":"yes","wheelchair":"yes","opening_hours":null,"operator":null,"description":null,"password":null}},{"type":"Feature","geometry":{"type":"Point","coordinates":[16.3887387,48.2138021]},"properties":{"id":"way/618052920","source":"osm","name":null,"fee":"no","charge":null,"access":null,"wheelchair":"no","opening_hours":null,"operator":null,"description":null,"password":null}},{"type":"Feature","geometry":{"type":"Point","coordinates":[16.3364571,48.2754141]},"properties":{"id":"way/632384179","source":"osm","name":null,"fee":"yes","charge":null,"access":null,"wheelchair":"yes","opening_hours":"Mar-Oct: Mo-Su,PH 11:00-17:00","operator":null,"description":null,"password":null}},{"type":"Feature","geometry":{"type":"Point","coordinates":[16.4128547,48.1742845]},"properties":{"id":"way/692739386","source":"osm","name":null,"fee":null,"charge":null,"access":null,"wheelchair":null,"opening_hours":null,"operator":null,"description":null,"password":null}},{"type":"Feature","geometry":{"type":"Point","coordinates":[16.344833,48.2786166]},"properties":{"id":"way/734787161","source":"osm","name":null,"fee":"no","charge":null,"access":"yes","wheelchair":"yes","opening_hours":null,"operator":null,"description":null,"password":null}},{"type":"Feature","geometry":{"type":"Point","coordinates":[16.3377743,48.1736023]},"properties":{"id":"way/742022439","source":"osm","name":null,"fee":"no","charge":null,"access":null,"wheelchair":"yes","opening_hours":"Mo-Fr 07:00-15:00; PH off","operator":null,"description":null,"password":null}},{"type":"Feature","geometry":{"type":"Point","coordinates":[16.3620252,48.1983749]},"properties":{"id":"way/756669850","source":"osm","name":null,"fee":"no","charge":null,"access":"yes","wheelchair":"designated","opening_hours":null,"operator":null,"description":null,"password":null}},{"type":"Feature","geometry":{"type":"Point","coordinates":[16.3259348,48.2130301]},"properties":{"id":"way/808328722","source":"osm","name":null,"fee":"no","charge":null,"access":null,"wheelchair":"yes","opening_hours":null,"operator":null,"description":null,"password":null}},{"type":"Feature","geometry":{"type":"Point","coordinates":[16.3643432,48.1801739]},"properties":{"id":"way/814081518","source":"osm","name":null,"fee":"no","charge":null,"access":"yes","wheelchair":"yes","opening_hours":null,"operator":null,"description":null,"password":null}},{"type":"Feature","geometry":{"type":"Point","coordinates":[16.3382508,48.1782915]},"properties":{"id":"way/817887276","source":"osm","name":null,"fee":"no","charge":null,"access":"yes","wheelchair":"limited","opening_hours":"24/7","operator":null,"description":null,"password":null}},{"type":"Feature","geometry":{"type":"Point","coordinates":[16.3974926,48.2435172]},"properties":{"id":"way/832606309","source":"osm","name":null,"fee":"yes","charge":null,"access":null,"wheelchair":"yes","opening_hours":null,"operator":null,"description":null,"password":null}},{"type":"Feature","geometry":{"type":"Point","coordinates":[16.3340415,48.2805715]},"properties":{"id":"way/840444431","source":"osm","name":null,"fee":"0.5 €","charge":null,"access":null,"wheelchair":null,"opening_hours":null,"operator":null,"description":null,"password":null}},{"type":"Feature","geometry":{"type":"Point","coordinates":[16.3924922,48.1982591]},"properties":{"id":"way/846420162","source":"osm","name":null,"fee":"no","charge":null,"access":"yes","wheelchair":"yes","opening_hours":"24/7","operator":null,"description":null,"password":null}},{"type":"Feature","geometry":{"type":"Point","coordinates":[16.3865676,48.1866306]},"properties":{"id":"way/846420313","source":"osm","name":null,"fee":"no","charge":null,"access":"yes","wheelchair":"yes","opening_hours":null,"operator":null,"description":null,"password":null}},{"type":"Feature","geometry":{"type":"Point","coordinates":[16.3810481,48.2030775]},"properties":{"id":"way/851808561","source":"osm","name":null,"fee":"yes","charge":null,"access":null,"wheelchair":"yes","opening_hours":"24/7","operator":null,"description":null,"password":null}},{"type":"Feature","geometry":{"type":"Point","coordinates":[16.3440509,48.1876499]},"properties":{"id":"way/860801911","source":"osm","name":null,"fee":"yes","charge":null,"access":"yes","wheelchair":"yes","opening_hours":null,"operator":null,"description":null,"password":null}},{"type":"Feature","geometry":{"type":"Point","coordinates":[16.3342965,48.2188898]},"properties":{"id":"way/890244169","source":"osm","name":null,"fee":"no","charge":null,"access":"yes","wheelchair":"yes","opening_hours":"24/7","operator":null,"description":null,"password":null}},{"type":"Feature","geometry":{"type":"Point","coordinates":[16.3277494,48.2101147]},"properties":{"id":"way/899986457","source":"osm","name":null,"fee":"no","charge":null,"access":null,"wheelchair":"yes","opening_hours":null,"operator":null,"description":null,"password":null}},{"type":"Feature","geometry":{"type":"Point","coordinates":[16.3827646,48.1996681]},"properties":{"id":"way/908161836","source":"osm","name":"Am Modenapark","fee":"no","charge":null,"access":null,"wheelchair":"yes","opening_hours":null,"operator":null,"description":null,"password":null}},{"type":"Feature","geometry":{"type":"Point","coordinates":[16.2947559,48.215201]},"properties":{"id":"way/922192456","source":"osm","name":null,"fee":"no","charge":null,"access":"yes","wheelchair":"no","opening_hours":"24/7","operator":null,"description":null,"password":null}},{"type":"Feature","geometry":{"type":"Point","coordinates":[16.3234812,48.224125]},"properties":{"id":"way/925289062","source":"osm","name":null,"fee":"no","charge":null,"access":null,"wheelchair":"yes","opening_hours":null,"operator":null,"description":null,"password":null}},{"type":"Feature","geometry":{"type":"Point","coordinates":[16.3484042,48.2322193]},"properties":{"id":"way/948235631","source":"osm","name":null,"fee":"no","charge":null,"access":"yes","wheelchair":"yes","opening_hours":null,"operator":null,"description":null,"password":null}},{"type":"Feature","geometry":{"type":"Point","coordinates":[16.4478799,48.2720002]},"properties":{"id":"way/958324291","source":"osm","name":null,"fee":"no","charge":null,"access":"yes","wheelchair":"yes","opening_hours":"00:00-24:00","operator":null,"description":null,"password":null}},{"type":"Feature","geometry":{"type":"Point","coordinates":[16.4017716,48.165504]},"properties":{"id":"way/978495100","source":"osm","name":null,"fee":"no","charge":null,"access":null,"wheelchair":"yes","opening_hours":"24/7","operator":null,"description":null,"password":null}},{"type":"Feature","geometry":{"type":"Point","coordinates":[16.2803519,48.1325439]},"properties":{"id":"way/993730790","source":"osm","name":null,"fee":null,"charge":null,"access":"customers","wheelchair":null,"opening_hours":null,"operator":null,"description":null,"password":null}},{"type":"Feature","geometry":{"type":"Point","coordinates":[16.5103262,48.2289457]},"properties":{"id":"way/1018481066","source":"osm","name":null,"fee":"no","charge":null,"access":null,"wheelchair":"yes","opening_hours":null,"operator":null,"description":null,"password":null}},{"type":"Feature","geometry":{"type":"Point","coordinates":[16.3914835,48.2189652]},"properties":{"id":"way/1069407585","source":"osm","name":null,"fee":"yes","charge":null,"access":"yes","wheelchair":"yes","opening_hours":null,"operator":"SANIFAIR GmbH","description":null,"password":null}},{"type":"Feature","geometry":{"type":"Point","coordinates":[16.3201069,48.2653555]},"properties":{"id":"way/1097909906","source":"osm","name":null,"fee":null,"charge":null,"access":"customers","wheelchair":"limited","opening_hours":null,"operator":null,"description":null,"password":null}},{"type":"Feature","geometry":{"type":"Point","coordinates":[16.4292319,48.1518417]},"properties":{"id":"way/1109044597","source":"osm","name":null,"fee":"no","charge":null,"access":null,"wheelchair":"no","opening_hours":null,"operator":null,"description":null,"password":null}},{"type":"Feature","geometry":{"type":"Point","coordinates":[16.4968023,48.159016]},"properties":{"id":"way/1151350389","source":"osm","name":null,"fee":null,"charge":null,"access":"yes","wheelchair":"no","opening_hours":null,"operator":null,"description":"Container mit 2 Türen mit folgenden Beschriftungen: Links männlich Mo-Fr werktags 8-20 Uhr, rechts männlich und weiblich Mo-Fr werktags 0-24 Uhr","password":null}},{"type":"Feature","geometry":{"type":"Point","coordinates":[16.3859553,48.2496564]},"properties":{"id":"way/1166157232","source":"osm","name":null,"fee":"no","charge":null,"access":null,"wheelchair":"no","opening_hours":null,"operator":null,"description":null,"password":null}},{"type":"Feature","geometry":{"type":"Point","coordinates":[16.3213235,48.2519874]},"properties":{"id":"way/1182010333","source":"osm","name":null,"fee":null,"charge":null,"access":null,"wheelchair":"no","opening_hours":null,"operator":null,"description":null,"password":null}},{"type":"Feature","geometry":{"type":"Point","coordinates":[16.3632756,48.2307597]},"properties":{"id":"way/1194072451","source":"osm","name":null,"fee":"no","charge":null,"access":"yes","wheelchair":"yes","opening_hours":null,"operator":null,"description":null,"password":null}},{"type":"Feature","geometry":{"type":"Point","coordinates":[16.432015,48.2474106]},"properties":{"id":"way/1214306182","source":"osm","name":null,"fee":null,"charge":null,"access":"yes","wheelchair":"yes","opening_hours":null,"operator":null,"description":null,"password":null}},{"type":"Feature","geometry":{"type":"Point","coordinates":[16.3195438,48.1885894]},"properties":{"id":"way/1221624569","source":"osm","name":null,"fee":"no","charge":null,"access":"yes","wheelchair":"yes","opening_hours":"24/7","operator":null,"description":null,"password":null}},{"type":"Feature","geometry":{"type":"Point","coordinates":[16.3989129,48.2149449]},"properties":{"id":"way/1231086698","source":"osm","name":null,"fee":"yes","charge":null,"access":null,"wheelchair":null,"opening_hours":null,"operator":null,"description":null,"password":null}},{"type":"Feature","geometry":{"type":"Point","coordinates":[16.3377853,48.2011009]},"properties":{"id":"way/1251678355","source":"osm","name":null,"fee":"yes;no","charge":null,"access":null,"wheelchair":"yes","opening_hours":null,"operator":null,"description":null,"password":null}},{"type":"Feature","geometry":{"type":"Point","coordinates":[16.3410485,48.2074422]},"properties":{"id":"way/1284382892","source":"osm","name":null,"fee":"no","charge":null,"access":"yes","wheelchair":"yes","opening_hours":"24/7","operator":null,"description":null,"password":null}},{"type":"Feature","geometry":{"type":"Point","coordinates":[16.4855222,48.2582659]},"properties":{"id":"way/1293066853","source":"osm","name":null,"fee":null,"charge":null,"access":null,"wheelchair":null,"opening_hours":null,"operator":null,"description":null,"password":null}},{"type":"Feature","geometry":{"type":"Point","coordinates":[16.410665,48.171767]},"properties":{"id":"way/1308453144","source":"osm","name":null,"fee":"no","charge":null,"access":"yes","wheelchair":"yes","opening_hours":"24/7","operator":null,"description":null,"password":null}},{"type":"Feature","geometry":{"type":"Point","coordinates":[16.4609859,48.1469955]},"properties":{"id":"way/1339461704","source":"osm","name":null,"fee":null,"charge":null,"access":null,"wheelchair":null,"opening_hours":null,"operator":null,"description":null,"password":null}},{"type":"Feature","geometry":{"type":"Point","coordinates":[16.3120358,48.1994993]},"properties":{"id":"way/1339935015","source":"osm","name":null,"fee":"yes","charge":null,"access":"yes","wheelchair":"yes","opening_hours":null,"operator":null,"description":null,"password":null}},{"type":"Feature","geometry":{"type":"Point","coordinates":[16.2710534,48.1903981]},"properties":{"id":"way/1368836359","source":"osm","name":null,"fee":"no","charge":null,"access":"yes","wheelchair":"yes","opening_hours":"24/7","operator":"Stadt Wien","description":null,"password":null}},{"type":"Feature","geometry":{"type":"Point","coordinates":[16.2608653,48.1968261]},"properties":{"id":"way/1434550762","source":"osm","name":null,"fee":"yes","charge":null,"access":null,"wheelchair":"yes","opening_hours":null,"operator":null,"description":null,"password":null}},{"type":"Feature","geometry":{"type":"Point","coordinates":[16.4113437,48.2486698]},"properties":{"id":"way/1448612018","source":"osm","name":null,"fee":"yes","charge":null,"access":"yes","wheelchair":"yes","opening_hours":"24/7","operator":null,"description":"Pissoirs are free","password":null}},{"type":"Feature","geometry":{"type":"Point","coordinates":[16.3038958,48.1878266]},"properties":{"id":"way/1466105649","source":"osm","name":null,"fee":"yes","charge":null,"access":"yes","wheelchair":"yes","opening_hours":null,"operator":"U-Bahn Station Hietzing","description":null,"password":null}},{"type":"Feature","geometry":{"type":"Point","coordinates":[16.3309641,48.2379793]},"properties":{"id":"way/1482240503","source":"osm","name":null,"fee":null,"charge":null,"access":"private","wheelchair":"yes","opening_hours":"07:00-21:30","operator":null,"description":null,"password":null}},{"type":"Feature","geometry":{"type":"Point","coordinates":[16.3348696,48.2373192]},"properties":{"id":"way/1482248462","source":"osm","name":null,"fee":"no","charge":null,"access":"customers","wheelchair":"yes","opening_hours":"07:00-21:00","operator":"Universität für Bodenkultur","description":"Kostenlose Menstruationsprodukte im Unisex/Rollstuhl-WC","password":null}},{"type":"Feature","geometry":{"type":"Point","coordinates":[16.3348178,48.237734]},"properties":{"id":"way/1482946714","source":"osm","name":null,"fee":null,"charge":null,"access":"customers","wheelchair":"yes","opening_hours":"12:00-22:00+","operator":null,"description":null,"password":null}},{"type":"Feature","geometry":{"type":"Point","coordinates":[16.3318307,48.2374812]},"properties":{"id":"way/1483719330","source":"osm","name":null,"fee":"no","charge":null,"access":"permissive","wheelchair":"yes","opening_hours":null,"operator":"Universität für Bodenkultur","description":"Kostenlose Menstruationsprodukte im Unisex/Rollstuhl-WC","password":null}},{"type":"Feature","geometry":{"type":"Point","coordinates":[16.3316122,48.2378661]},"properties":{"id":"way/1483719331","source":"osm","name":null,"fee":"no","charge":null,"access":"permissive","wheelchair":"yes","opening_hours":null,"operator":"Universität für Bodenkultur","description":"Kostenlose Menstruationsprodukte im Unisex/Rollstuhl-WC","password":null}},{"type":"Feature","geometry":{"type":"Point","coordinates":[16.4878007,48.2428239]},"properties":{"id":"way/1491454576","source":"osm","name":null,"fee":null,"charge":null,"access":"yes","wheelchair":"yes","opening_hours":null,"operator":null,"description":null,"password":null}},{"type":"Feature","geometry":{"type":"Point","coordinates":[16.3504539,48.1857663]},"properties":{"id":"way/1497112310","source":"osm","name":null,"fee":"no","charge":null,"access":null,"wheelchair":"yes","opening_hours":"24/7","operator":"MA48","description":null,"password":null}},{"type":"Feature","geometry":{"type":"Point","coordinates":[16.3451734,48.2114084]},"properties":{"id":"way/1520963968","source":"osm","name":"Public toilet","fee":null,"charge":null,"access":null,"wheelchair":"yes","opening_hours":null,"operator":null,"description":null,"password":null}},{"type":"Feature","geometry":{"type":"Point","coordinates":[16.3975667,48.2449232]},"properties":{"id":"way/1539463503","source":"osm","name":null,"fee":null,"charge":null,"access":"customers","wheelchair":null,"opening_hours":null,"operator":null,"description":null,"password":null}},{"type":"Feature","geometry":{"type":"Point","coordinates":[16.39758,48.2449851]},"properties":{"id":"way/1539463504","source":"osm","name":null,"fee":null,"charge":null,"access":"customers","wheelchair":null,"opening_hours":null,"operator":null,"description":null,"password":null}},{"type":"Feature","geometry":{"type":"Point","coordinates":[16.369194,48.203286]},"properties":{"id":"xhs/caf-state-opera-side-entrance","source":"xhs","name":"Café (State Opera side entrance)","fee":"no","charge":null,"access":null,"wheelchair":null,"opening_hours":null,"operator":null,"description":"国立歌剧院侧门喷泉右，剧院附属咖啡厅直通，无需密码免费干净","password":null,"code_confirmed_at":null,"cleanliness":"clean","city":"austria/vienna"}},{"type":"Feature","geometry":{"type":"Point","coordinates":[16.377939,48.184988]},"properties":{"id":"xhs/wien-hbf-mall-next-to-station","source":"xhs","name":"Wien Hbf mall (next to station)","fee":"no","charge":null,"access":null,"wheelchair":null,"opening_hours":null,"operator":null,"description":"车站需投币；隔壁商场进门右转 Coffee Fellows 旁免费，可问 info 台要密码（旧 37594）","password":"36482","code_confirmed_at":"2026-04-03","cleanliness":null,"city":"austria/vienna"}},{"type":"Feature","geometry":{"type":"Point","coordinates":[16.368937,48.201122]},"properties":{"id":"xhs/starbucks-city-centre-b1","source":"xhs","name":"Starbucks (city centre, B1)","fee":"yes","charge":null,"access":null,"wheelchair":null,"opening_hours":null,"operator":null,"description":"负一楼厕所","password":"4065","code_confirmed_at":"2026-07-28","cleanliness":null,"city":"austria/vienna"}}]}