{"type":"FeatureCollection","attribution":"© OpenStreetMap contributors (ODbL)","generated_at":"2026-08-21T07:45:47.525Z","features":[{"type":"Feature","geometry":{"type":"Point","coordinates":[2.301908,48.8455266]},"properties":{"id":"node/258311983","source":"osm","name":null,"fee":null,"charge":null,"access":null,"wheelchair":null,"opening_hours":null,"operator":null,"description":null,"password":null}},{"type":"Feature","geometry":{"type":"Point","coordinates":[2.3230579,48.8498328]},"properties":{"id":"node/258317439","source":"osm","name":null,"fee":"no","charge":null,"access":"yes","wheelchair":"yes","opening_hours":null,"operator":"JCDecaux","description":null,"password":null}},{"type":"Feature","geometry":{"type":"Point","coordinates":[2.3427887,48.8513839]},"properties":{"id":"node/258325038","source":"osm","name":null,"fee":"no","charge":null,"access":null,"wheelchair":"yes","opening_hours":null,"operator":"JCDecaux","description":null,"password":null}},{"type":"Feature","geometry":{"type":"Point","coordinates":[2.296796,48.8371799]},"properties":{"id":"node/259289448","source":"osm","name":null,"fee":"no","charge":null,"access":null,"wheelchair":"yes","opening_hours":null,"operator":"JCDecaux","description":null,"password":null}},{"type":"Feature","geometry":{"type":"Point","coordinates":[2.2934203,48.8360111]},"properties":{"id":"node/259289513","source":"osm","name":null,"fee":"no","charge":null,"access":null,"wheelchair":"yes","opening_hours":"24/7","operator":null,"description":null,"password":null}},{"type":"Feature","geometry":{"type":"Point","coordinates":[2.2825626,48.8390914]},"properties":{"id":"node/260232744","source":"osm","name":"Lourmel","fee":"no","charge":null,"access":null,"wheelchair":"yes","opening_hours":null,"operator":null,"description":null,"password":null}},{"type":"Feature","geometry":{"type":"Point","coordinates":[2.3110739,48.8446716]},"properties":{"id":"node/260381046","source":"osm","name":null,"fee":"no","charge":null,"access":null,"wheelchair":"yes","opening_hours":null,"operator":null,"description":null,"password":null}},{"type":"Feature","geometry":{"type":"Point","coordinates":[2.3692535,48.8452732]},"properties":{"id":"node/262964096","source":"osm","name":null,"fee":"no","charge":null,"access":null,"wheelchair":"yes","opening_hours":null,"operator":"JCDecaux","description":null,"password":null}},{"type":"Feature","geometry":{"type":"Point","coordinates":[2.2978161,48.8428588]},"properties":{"id":"node/264098750","source":"osm","name":null,"fee":"no","charge":null,"access":null,"wheelchair":"yes","opening_hours":null,"operator":null,"description":null,"password":null}},{"type":"Feature","geometry":{"type":"Point","coordinates":[2.3109589,48.8473352]},"properties":{"id":"node/266630600","source":"osm","name":null,"fee":"no","charge":null,"access":null,"wheelchair":"yes","opening_hours":null,"operator":"JCDecaux","description":null,"password":null}},{"type":"Feature","geometry":{"type":"Point","coordinates":[2.3251723,48.8516214]},"properties":{"id":"node/266632074","source":"osm","name":null,"fee":"no","charge":null,"access":null,"wheelchair":"yes","opening_hours":"24/7","operator":"JCDecaux","description":null,"password":null}},{"type":"Feature","geometry":{"type":"Point","coordinates":[2.2921763,48.8453785]},"properties":{"id":"node/277770538","source":"osm","name":null,"fee":"no","charge":null,"access":null,"wheelchair":"yes","opening_hours":null,"operator":"JCDecaux","description":null,"password":null}},{"type":"Feature","geometry":{"type":"Point","coordinates":[2.4152098,48.8553049]},"properties":{"id":"node/280127029","source":"osm","name":null,"fee":"no","charge":null,"access":null,"wheelchair":"limited","opening_hours":null,"operator":null,"description":null,"password":null}},{"type":"Feature","geometry":{"type":"Point","coordinates":[2.3739531,48.8784383]},"properties":{"id":"node/294162565","source":"osm","name":null,"fee":"no","charge":null,"access":"yes","wheelchair":"yes","opening_hours":null,"operator":"Mairie de Paris","description":"Eau potable disponible depuis l'extérieur","password":null}},{"type":"Feature","geometry":{"type":"Point","coordinates":[2.3019622,48.8396585]},"properties":{"id":"node/306912848","source":"osm","name":null,"fee":"no","charge":null,"access":null,"wheelchair":"yes","opening_hours":"24/7","operator":"JCDecaux","description":null,"password":null}},{"type":"Feature","geometry":{"type":"Point","coordinates":[2.284777,48.8465498]},"properties":{"id":"node/308113484","source":"osm","name":null,"fee":"no","charge":null,"access":null,"wheelchair":"yes","opening_hours":null,"operator":"JCDecaux","description":null,"password":null}},{"type":"Feature","geometry":{"type":"Point","coordinates":[2.3035292,48.8491445]},"properties":{"id":"node/308210107","source":"osm","name":null,"fee":"no","charge":null,"access":null,"wheelchair":"yes","opening_hours":null,"operator":null,"description":null,"password":null}},{"type":"Feature","geometry":{"type":"Point","coordinates":[2.3050953,48.8543015]},"properties":{"id":"node/308684523","source":"osm","name":null,"fee":"no","charge":null,"access":"yes","wheelchair":"yes","opening_hours":null,"operator":"JCDecaux","description":null,"password":null}},{"type":"Feature","geometry":{"type":"Point","coordinates":[2.340049,48.846128]},"properties":{"id":"node/320952635","source":"osm","name":null,"fee":"no","charge":null,"access":"yes","wheelchair":"yes","opening_hours":null,"operator":null,"description":null,"password":null}},{"type":"Feature","geometry":{"type":"Point","coordinates":[2.3364768,48.8826673]},"properties":{"id":"node/361128470","source":"osm","name":null,"fee":"no","charge":null,"access":null,"wheelchair":"yes","opening_hours":"24/7","operator":"JCDecaux","description":null,"password":null}},{"type":"Feature","geometry":{"type":"Point","coordinates":[2.2999436,48.8316773]},"properties":{"id":"node/386089561","source":"osm","name":null,"fee":"no","charge":null,"access":null,"wheelchair":"yes","opening_hours":null,"operator":null,"description":null,"password":null}},{"type":"Feature","geometry":{"type":"Point","coordinates":[2.4147171,48.8583355]},"properties":{"id":"node/391904488","source":"osm","name":null,"fee":"no","charge":null,"access":null,"wheelchair":"yes","opening_hours":null,"operator":null,"description":null,"password":null}},{"type":"Feature","geometry":{"type":"Point","coordinates":[2.3940413,48.8547572]},"properties":{"id":"node/393178427","source":"osm","name":null,"fee":"no","charge":null,"access":"yes","wheelchair":"no","opening_hours":null,"operator":null,"description":null,"password":null}},{"type":"Feature","geometry":{"type":"Point","coordinates":[2.3695981,48.8723022]},"properties":{"id":"node/416702901","source":"osm","name":null,"fee":"no","charge":null,"access":null,"wheelchair":"yes","opening_hours":null,"operator":"JCDecaux","description":null,"password":null}},{"type":"Feature","geometry":{"type":"Point","coordinates":[2.3710387,48.8633812]},"properties":{"id":"node/433119821","source":"osm","name":null,"fee":"no","charge":null,"access":"no","wheelchair":"yes","opening_hours":null,"operator":null,"description":null,"password":null}},{"type":"Feature","geometry":{"type":"Point","coordinates":[2.3805426,48.8762259]},"properties":{"id":"node/433323483","source":"osm","name":null,"fee":"no","charge":null,"access":null,"wheelchair":"yes","opening_hours":null,"operator":null,"description":null,"password":null}},{"type":"Feature","geometry":{"type":"Point","coordinates":[2.3812441,48.8778734]},"properties":{"id":"node/433325290","source":"osm","name":null,"fee":"no","charge":null,"access":null,"wheelchair":"yes","opening_hours":"24/7","operator":null,"description":null,"password":null}},{"type":"Feature","geometry":{"type":"Point","coordinates":[2.3839444,48.8586846]},"properties":{"id":"node/433426996","source":"osm","name":null,"fee":"no","charge":null,"access":null,"wheelchair":"no","opening_hours":null,"operator":null,"description":null,"password":null}},{"type":"Feature","geometry":{"type":"Point","coordinates":[2.3610687,48.8710381]},"properties":{"id":"node/451173456","source":"osm","name":null,"fee":"no","charge":null,"access":null,"wheelchair":"yes","opening_hours":null,"operator":null,"description":null,"password":null}},{"type":"Feature","geometry":{"type":"Point","coordinates":[2.292132,48.8425954]},"properties":{"id":"node/470265423","source":"osm","name":null,"fee":"no","charge":null,"access":null,"wheelchair":"yes","opening_hours":null,"operator":"JCDecaux","description":null,"password":null}},{"type":"Feature","geometry":{"type":"Point","coordinates":[2.2977373,48.8425247]},"properties":{"id":"node/476886938","source":"osm","name":null,"fee":null,"charge":null,"access":null,"wheelchair":null,"opening_hours":null,"operator":null,"description":null,"password":null}},{"type":"Feature","geometry":{"type":"Point","coordinates":[2.3645814,48.8268273]},"properties":{"id":"node/480690091","source":"osm","name":null,"fee":"no","charge":null,"access":null,"wheelchair":"yes","opening_hours":null,"operator":null,"description":null,"password":null}},{"type":"Feature","geometry":{"type":"Point","coordinates":[2.3418103,48.8266945]},"properties":{"id":"node/480691815","source":"osm","name":null,"fee":"no","charge":null,"access":null,"wheelchair":"yes","opening_hours":null,"operator":"JCDecaux","description":null,"password":null}},{"type":"Feature","geometry":{"type":"Point","coordinates":[2.3161132,48.8312546]},"properties":{"id":"node/480696998","source":"osm","name":null,"fee":"no","charge":null,"access":null,"wheelchair":"yes","opening_hours":null,"operator":"JCDecaux","description":null,"password":null}},{"type":"Feature","geometry":{"type":"Point","coordinates":[2.3114218,48.8325711]},"properties":{"id":"node/493315286","source":"osm","name":null,"fee":"no","charge":null,"access":null,"wheelchair":"yes","opening_hours":null,"operator":"JCDecaux","description":null,"password":null}},{"type":"Feature","geometry":{"type":"Point","coordinates":[2.356175,48.832586]},"properties":{"id":"node/493332012","source":"osm","name":null,"fee":"no","charge":null,"access":null,"wheelchair":"yes","opening_hours":null,"operator":null,"description":null,"password":null}},{"type":"Feature","geometry":{"type":"Point","coordinates":[2.3617492,48.8396421]},"properties":{"id":"node/493340481","source":"osm","name":null,"fee":"no","charge":null,"access":null,"wheelchair":"yes","opening_hours":null,"operator":null,"description":null,"password":null}},{"type":"Feature","geometry":{"type":"Point","coordinates":[2.3643372,48.8430771]},"properties":{"id":"node/493342818","source":"osm","name":null,"fee":"no","charge":null,"access":null,"wheelchair":"yes","opening_hours":null,"operator":"JCDecaux","description":null,"password":null}},{"type":"Feature","geometry":{"type":"Point","coordinates":[2.3263118,48.8833401]},"properties":{"id":"node/497734944","source":"osm","name":null,"fee":"no","charge":null,"access":"yes","wheelchair":"yes","opening_hours":null,"operator":"JCDecaux","description":null,"password":null}},{"type":"Feature","geometry":{"type":"Point","coordinates":[2.2995078,48.833127]},"properties":{"id":"node/504223201","source":"osm","name":null,"fee":"no","charge":null,"access":null,"wheelchair":"yes","opening_hours":null,"operator":"JCDecaux","description":null,"password":null}},{"type":"Feature","geometry":{"type":"Point","coordinates":[2.2879214,48.8490322]},"properties":{"id":"node/504242962","source":"osm","name":null,"fee":"no","charge":null,"access":null,"wheelchair":"yes","opening_hours":null,"operator":"JCDecaux","description":null,"password":null}},{"type":"Feature","geometry":{"type":"Point","coordinates":[2.3427372,48.884451]},"properties":{"id":"node/506467833","source":"osm","name":null,"fee":"no","charge":null,"access":null,"wheelchair":"yes","opening_hours":null,"operator":null,"description":"Self cleaning toilet with electronic door. Cleaning cycle runs after person exits. One stall, often has a long line.","password":null}},{"type":"Feature","geometry":{"type":"Point","coordinates":[2.3433853,48.8826965]},"properties":{"id":"node/507035946","source":"osm","name":null,"fee":"no","charge":null,"access":null,"wheelchair":"yes","opening_hours":null,"operator":null,"description":null,"password":null}},{"type":"Feature","geometry":{"type":"Point","coordinates":[2.3414391,48.8823136]},"properties":{"id":"node/507035948","source":"osm","name":null,"fee":"no","charge":null,"access":null,"wheelchair":"yes","opening_hours":null,"operator":"JCDecaux","description":null,"password":null}},{"type":"Feature","geometry":{"type":"Point","coordinates":[2.3532339,48.8818089]},"properties":{"id":"node/507035952","source":"osm","name":null,"fee":"no","charge":null,"access":null,"wheelchair":"yes","opening_hours":null,"operator":"JCDecaux","description":null,"password":null}},{"type":"Feature","geometry":{"type":"Point","coordinates":[2.3551079,48.8771098]},"properties":{"id":"node/507044324","source":"osm","name":null,"fee":"no","charge":null,"access":null,"wheelchair":"yes","opening_hours":null,"operator":null,"description":null,"password":null}},{"type":"Feature","geometry":{"type":"Point","coordinates":[2.3494307,48.8884847]},"properties":{"id":"node/507685858","source":"osm","name":null,"fee":"no","charge":null,"access":null,"wheelchair":"yes","opening_hours":null,"operator":"JCDecaux","description":null,"password":null}},{"type":"Feature","geometry":{"type":"Point","coordinates":[2.3697059,48.8539775]},"properties":{"id":"node/514430582","source":"osm","name":null,"fee":"no","charge":null,"access":null,"wheelchair":"yes","opening_hours":"24/7","operator":"JCDecaux","description":null,"password":null}},{"type":"Feature","geometry":{"type":"Point","coordinates":[2.356253,48.8757728]},"properties":{"id":"node/514440836","source":"osm","name":null,"fee":"no","charge":null,"access":null,"wheelchair":"yes","opening_hours":null,"operator":"JCDecaux","description":null,"password":null}},{"type":"Feature","geometry":{"type":"Point","coordinates":[2.3158141,48.8884651]},"properties":{"id":"node/528274937","source":"osm","name":null,"fee":"no","charge":null,"access":null,"wheelchair":"yes","opening_hours":null,"operator":"JCDecaux","description":null,"password":null}},{"type":"Feature","geometry":{"type":"Point","coordinates":[2.3711593,48.8492225]},"properties":{"id":"node/529119011","source":"osm","name":null,"fee":"no","charge":null,"access":null,"wheelchair":"yes","opening_hours":"24/7","operator":null,"description":null,"password":null}},{"type":"Feature","geometry":{"type":"Point","coordinates":[2.3541182,48.8568075]},"properties":{"id":"node/529119012","source":"osm","name":null,"fee":"no","charge":null,"access":"yes","wheelchair":"yes","opening_hours":null,"operator":null,"description":null,"password":null}},{"type":"Feature","geometry":{"type":"Point","coordinates":[2.350371,48.8602055]},"properties":{"id":"node/529905872","source":"osm","name":null,"fee":"no","charge":null,"access":null,"wheelchair":"yes","opening_hours":null,"operator":null,"description":null,"password":null}},{"type":"Feature","geometry":{"type":"Point","coordinates":[2.3302688,48.8843826]},"properties":{"id":"node/532386784","source":"osm","name":null,"fee":"no","charge":null,"access":null,"wheelchair":"yes","opening_hours":null,"operator":"JCDecaux","description":null,"password":null}},{"type":"Feature","geometry":{"type":"Point","coordinates":[2.3670323,48.8460038]},"properties":{"id":"node/535927206","source":"osm","name":null,"fee":"no","charge":null,"access":null,"wheelchair":"yes","opening_hours":"24/7","operator":"JCDecaux","description":null,"password":null}},{"type":"Feature","geometry":{"type":"Point","coordinates":[2.3529245,48.8840058]},"properties":{"id":"node/538954536","source":"osm","name":null,"fee":"no","charge":null,"access":null,"wheelchair":null,"opening_hours":null,"operator":null,"description":null,"password":null}},{"type":"Feature","geometry":{"type":"Point","coordinates":[2.3535402,48.837415]},"properties":{"id":"node/538972174","source":"osm","name":null,"fee":"no","charge":null,"access":"yes","wheelchair":"yes","opening_hours":null,"operator":"Mairie de Paris","description":null,"password":null}},{"type":"Feature","geometry":{"type":"Point","coordinates":[2.3556275,48.8379023]},"properties":{"id":"node/538972180","source":"osm","name":null,"fee":"no","charge":null,"access":"yes","wheelchair":"yes","opening_hours":null,"operator":"JCDecaux","description":null,"password":null}},{"type":"Feature","geometry":{"type":"Point","coordinates":[2.3387718,48.8391878]},"properties":{"id":"node/538978000","source":"osm","name":null,"fee":"no","charge":null,"access":null,"wheelchair":"yes","opening_hours":null,"operator":"JCDecaux","description":null,"password":null}},{"type":"Feature","geometry":{"type":"Point","coordinates":[2.3418015,48.8382647]},"properties":{"id":"node/538978007","source":"osm","name":null,"fee":"no","charge":null,"access":null,"wheelchair":"yes","opening_hours":null,"operator":"Mairie de Paris","description":null,"password":null}},{"type":"Feature","geometry":{"type":"Point","coordinates":[2.36673,48.8499183]},"properties":{"id":"node/541416325","source":"osm","name":null,"fee":"no","charge":null,"access":null,"wheelchair":"yes","opening_hours":null,"operator":"Mairie de Paris","description":null,"password":null}},{"type":"Feature","geometry":{"type":"Point","coordinates":[2.337745,48.845322]},"properties":{"id":"node/549581636","source":"osm","name":null,"fee":"no","charge":null,"access":"yes","wheelchair":"limited","opening_hours":null,"operator":null,"description":"gratuit / free","password":null}},{"type":"Feature","geometry":{"type":"Point","coordinates":[2.3717917,48.8474342]},"properties":{"id":"node/558580838","source":"osm","name":null,"fee":"no","charge":null,"access":null,"wheelchair":"yes","opening_hours":null,"operator":null,"description":null,"password":null}},{"type":"Feature","geometry":{"type":"Point","coordinates":[2.3259385,48.8882284]},"properties":{"id":"node/569796080","source":"osm","name":null,"fee":"no","charge":null,"access":null,"wheelchair":null,"opening_hours":null,"operator":null,"description":null,"password":null}},{"type":"Feature","geometry":{"type":"Point","coordinates":[2.3438728,48.8862727]},"properties":{"id":"node/573456313","source":"osm","name":null,"fee":"yes","charge":"2.50 EUR","access":null,"wheelchair":"no","opening_hours":"Mo-Su 11:00-18:00","operator":null,"description":null,"password":null}},{"type":"Feature","geometry":{"type":"Point","coordinates":[2.3673212,48.8801756]},"properties":{"id":"node/597407591","source":"osm","name":null,"fee":"no","charge":null,"access":null,"wheelchair":"yes","opening_hours":"24/7","operator":null,"description":null,"password":null}},{"type":"Feature","geometry":{"type":"Point","coordinates":[2.3204594,48.874355]},"properties":{"id":"node/600147345","source":"osm","name":null,"fee":"no","charge":null,"access":null,"wheelchair":"yes","opening_hours":null,"operator":"JCDecaux","description":null,"password":null}},{"type":"Feature","geometry":{"type":"Point","coordinates":[2.3446667,48.8844916]},"properties":{"id":"node/604201364","source":"osm","name":null,"fee":"no","charge":null,"access":null,"wheelchair":"yes","opening_hours":null,"operator":"JCDecaux","description":null,"password":null}},{"type":"Feature","geometry":{"type":"Point","coordinates":[2.352188,48.8841058]},"properties":{"id":"node/604201368","source":"osm","name":null,"fee":"no","charge":null,"access":null,"wheelchair":null,"opening_hours":null,"operator":null,"description":null,"password":null}},{"type":"Feature","geometry":{"type":"Point","coordinates":[2.3758518,48.8858346]},"properties":{"id":"node/675621413","source":"osm","name":null,"fee":"no","charge":null,"access":"yes","wheelchair":"yes","opening_hours":"24/7","operator":null,"description":null,"password":null}},{"type":"Feature","geometry":{"type":"Point","coordinates":[2.3293463,48.8700485]},"properties":{"id":"node/689143311","source":"osm","name":null,"fee":"no","charge":null,"access":null,"wheelchair":"yes","opening_hours":null,"operator":null,"description":null,"password":null}},{"type":"Feature","geometry":{"type":"Point","coordinates":[2.3432394,48.8687613]},"properties":{"id":"node/689178671","source":"osm","name":null,"fee":"no","charge":null,"access":"yes","wheelchair":"yes","opening_hours":null,"operator":null,"description":null,"password":null}},{"type":"Feature","geometry":{"type":"Point","coordinates":[2.3516182,48.8648336]},"properties":{"id":"node/691721649","source":"osm","name":null,"fee":"no","charge":null,"access":"yes","wheelchair":"yes","opening_hours":"24/7","operator":"JCDecaux","description":null,"password":null}},{"type":"Feature","geometry":{"type":"Point","coordinates":[2.3484474,48.8681581]},"properties":{"id":"node/692331073","source":"osm","name":null,"fee":"no","charge":null,"access":null,"wheelchair":"yes","opening_hours":null,"operator":null,"description":null,"password":null}},{"type":"Feature","geometry":{"type":"Point","coordinates":[2.3497458,48.8914299]},"properties":{"id":"node/698282756","source":"osm","name":null,"fee":"no","charge":null,"access":null,"wheelchair":"yes","opening_hours":null,"operator":"JCDecaux","description":null,"password":null}},{"type":"Feature","geometry":{"type":"Point","coordinates":[2.384428,48.8793808]},"properties":{"id":"node/715165593","source":"osm","name":null,"fee":"no","charge":null,"access":null,"wheelchair":"yes","opening_hours":null,"operator":null,"description":null,"password":null}},{"type":"Feature","geometry":{"type":"Point","coordinates":[2.3317877,48.8839748]},"properties":{"id":"node/721552343","source":"osm","name":null,"fee":"no","charge":null,"access":null,"wheelchair":"yes","opening_hours":"24/7","operator":"JCDecaux","description":null,"password":null}},{"type":"Feature","geometry":{"type":"Point","coordinates":[2.3560326,48.8541531]},"properties":{"id":"node/721602774","source":"osm","name":null,"fee":"no","charge":null,"access":"yes","wheelchair":"yes","opening_hours":"24/7","operator":null,"description":null,"password":null}},{"type":"Feature","geometry":{"type":"Point","coordinates":[2.3605939,48.8443348]},"properties":{"id":"node/721602786","source":"osm","name":null,"fee":"no","charge":null,"access":null,"wheelchair":"yes","opening_hours":null,"operator":"JCDecaux","description":null,"password":null}},{"type":"Feature","geometry":{"type":"Point","coordinates":[2.3604924,48.8552423]},"properties":{"id":"node/721602809","source":"osm","name":null,"fee":"no","charge":null,"access":null,"wheelchair":"yes","opening_hours":"24/7","operator":"JCDecaux","description":null,"password":null}},{"type":"Feature","geometry":{"type":"Point","coordinates":[2.3329497,48.8454837]},"properties":{"id":"node/765666857","source":"osm","name":null,"fee":"no","charge":null,"access":null,"wheelchair":"no","opening_hours":null,"operator":null,"description":null,"password":null}},{"type":"Feature","geometry":{"type":"Point","coordinates":[2.3384242,48.8475206]},"properties":{"id":"node/765666860","source":"osm","name":null,"fee":"yes","charge":null,"access":null,"wheelchair":"no","opening_hours":null,"operator":null,"description":null,"password":null}},{"type":"Feature","geometry":{"type":"Point","coordinates":[2.3181803,48.8238431]},"properties":{"id":"node/770500731","source":"osm","name":null,"fee":"no","charge":null,"access":null,"wheelchair":"no","opening_hours":null,"operator":null,"description":null,"password":null}},{"type":"Feature","geometry":{"type":"Point","coordinates":[2.2951253,48.8510458]},"properties":{"id":"node/771835401","source":"osm","name":null,"fee":"no","charge":null,"access":null,"wheelchair":"yes","opening_hours":null,"operator":"JCDecaux","description":null,"password":null}},{"type":"Feature","geometry":{"type":"Point","coordinates":[2.3796219,48.8296272]},"properties":{"id":"node/810140294","source":"osm","name":null,"fee":"no","charge":null,"access":"yes","wheelchair":"yes","opening_hours":null,"operator":null,"description":null,"password":null}},{"type":"Feature","geometry":{"type":"Point","coordinates":[2.3151174,48.8754133]},"properties":{"id":"node/825260566","source":"osm","name":null,"fee":"no","charge":null,"access":null,"wheelchair":"yes","opening_hours":null,"operator":"JCDecaux","description":null,"password":null}},{"type":"Feature","geometry":{"type":"Point","coordinates":[2.3205286,48.8313505]},"properties":{"id":"node/831307122","source":"osm","name":null,"fee":"no","charge":null,"access":null,"wheelchair":"yes","opening_hours":null,"operator":null,"description":null,"password":null}},{"type":"Feature","geometry":{"type":"Point","coordinates":[2.3023714,48.8746219]},"properties":{"id":"node/838049883","source":"osm","name":null,"fee":"no","charge":null,"access":null,"wheelchair":"yes","opening_hours":null,"operator":"JCDecaux","description":null,"password":null}},{"type":"Feature","geometry":{"type":"Point","coordinates":[2.3511937,48.8379446]},"properties":{"id":"node/847219265","source":"osm","name":null,"fee":"no","charge":null,"access":null,"wheelchair":"yes","opening_hours":"24/7","operator":"JCDecaux","description":null,"password":null}},{"type":"Feature","geometry":{"type":"Point","coordinates":[2.3618618,48.819914]},"properties":{"id":"node/847714235","source":"osm","name":null,"fee":"no","charge":null,"access":null,"wheelchair":null,"opening_hours":null,"operator":null,"description":null,"password":null}},{"type":"Feature","geometry":{"type":"Point","coordinates":[2.3385565,48.8244369]},"properties":{"id":"node/875284941","source":"osm","name":null,"fee":"no","charge":null,"access":null,"wheelchair":"yes","opening_hours":null,"operator":"JCDecaux","description":null,"password":null}},{"type":"Feature","geometry":{"type":"Point","coordinates":[2.3511671,48.8605226]},"properties":{"id":"node/894543340","source":"osm","name":null,"fee":"no","charge":null,"access":null,"wheelchair":"yes","opening_hours":null,"operator":null,"description":null,"password":null}},{"type":"Feature","geometry":{"type":"Point","coordinates":[2.3513123,48.860793]},"properties":{"id":"node/894543351","source":"osm","name":null,"fee":"no","charge":null,"access":null,"wheelchair":"yes","opening_hours":"24/7","operator":null,"description":null,"password":null}},{"type":"Feature","geometry":{"type":"Point","coordinates":[2.3002794,48.8409161]},"properties":{"id":"node/913173019","source":"osm","name":null,"fee":"no","charge":null,"access":null,"wheelchair":"yes","opening_hours":"24/7","operator":"JCDecaux","description":null,"password":null}},{"type":"Feature","geometry":{"type":"Point","coordinates":[2.3616482,48.8781473]},"properties":{"id":"node/916851482","source":"osm","name":null,"fee":"no","charge":null,"access":null,"wheelchair":"yes","opening_hours":null,"operator":null,"description":null,"password":null}},{"type":"Feature","geometry":{"type":"Point","coordinates":[2.2937245,48.8683006]},"properties":{"id":"node/931732533","source":"osm","name":null,"fee":"no","charge":null,"access":"yes","wheelchair":"yes","opening_hours":null,"operator":null,"description":null,"password":null}},{"type":"Feature","geometry":{"type":"Point","coordinates":[2.2863844,48.8621546]},"properties":{"id":"node/932340033","source":"osm","name":null,"fee":"no","charge":null,"access":null,"wheelchair":"yes","opening_hours":"24/7","operator":"JCDecaux","description":null,"password":null}},{"type":"Feature","geometry":{"type":"Point","coordinates":[2.2604126,48.8484341]},"properties":{"id":"node/993882392","source":"osm","name":null,"fee":"no","charge":null,"access":null,"wheelchair":null,"opening_hours":null,"operator":null,"description":null,"password":null}},{"type":"Feature","geometry":{"type":"Point","coordinates":[2.365931,48.8878856]},"properties":{"id":"node/996760462","source":"osm","name":null,"fee":"no","charge":null,"access":null,"wheelchair":"limited","opening_hours":null,"operator":null,"description":null,"password":null}},{"type":"Feature","geometry":{"type":"Point","coordinates":[2.3584682,48.828191]},"properties":{"id":"node/1000473141","source":"osm","name":null,"fee":"no","charge":null,"access":null,"wheelchair":"yes","opening_hours":null,"operator":"JCDecaux","description":null,"password":null}},{"type":"Feature","geometry":{"type":"Point","coordinates":[2.3652192,48.829308]},"properties":{"id":"node/1000763304","source":"osm","name":null,"fee":"no","charge":null,"access":"yes","wheelchair":"yes","opening_hours":"24/7","operator":null,"description":null,"password":null}},{"type":"Feature","geometry":{"type":"Point","coordinates":[2.256179,48.8422281]},"properties":{"id":"node/1022484168","source":"osm","name":null,"fee":"no","charge":null,"access":null,"wheelchair":"yes","opening_hours":null,"operator":null,"description":null,"password":null}},{"type":"Feature","geometry":{"type":"Point","coordinates":[2.3591184,48.8846427]},"properties":{"id":"node/1030473686","source":"osm","name":null,"fee":"no","charge":null,"access":null,"wheelchair":"yes","opening_hours":null,"operator":null,"description":null,"password":null}},{"type":"Feature","geometry":{"type":"Point","coordinates":[2.3615515,48.8920738]},"properties":{"id":"node/1034380862","source":"osm","name":null,"fee":"no","charge":null,"access":null,"wheelchair":"yes","opening_hours":null,"operator":null,"description":null,"password":null}},{"type":"Feature","geometry":{"type":"Point","coordinates":[2.370418,48.8857831]},"properties":{"id":"node/1034380875","source":"osm","name":null,"fee":"no","charge":null,"access":null,"wheelchair":"yes","opening_hours":null,"operator":null,"description":null,"password":null}},{"type":"Feature","geometry":{"type":"Point","coordinates":[2.3737438,48.8881779]},"properties":{"id":"node/1034380892","source":"osm","name":null,"fee":"no","charge":null,"access":"yes","wheelchair":"yes","opening_hours":null,"operator":"Mairie de Paris","description":null,"password":null}},{"type":"Feature","geometry":{"type":"Point","coordinates":[2.3673832,48.8842516]},"properties":{"id":"node/1034380898","source":"osm","name":null,"fee":"no","charge":null,"access":null,"wheelchair":"no","opening_hours":null,"operator":null,"description":null,"password":null}},{"type":"Feature","geometry":{"type":"Point","coordinates":[2.3740545,48.8886939]},"properties":{"id":"node/1034380935","source":"osm","name":null,"fee":"no","charge":null,"access":null,"wheelchair":"yes","opening_hours":null,"operator":null,"description":null,"password":null}},{"type":"Feature","geometry":{"type":"Point","coordinates":[2.3687567,48.8835676]},"properties":{"id":"node/1036578059","source":"osm","name":null,"fee":"no","charge":null,"access":null,"wheelchair":"yes","opening_hours":null,"operator":null,"description":null,"password":null}},{"type":"Feature","geometry":{"type":"Point","coordinates":[2.3309461,48.8323294]},"properties":{"id":"node/1049759493","source":"osm","name":null,"fee":"no","charge":null,"access":null,"wheelchair":"yes","opening_hours":null,"operator":"JCDecaux","description":null,"password":null}},{"type":"Feature","geometry":{"type":"Point","coordinates":[2.343989,48.8478107]},"properties":{"id":"node/1079716406","source":"osm","name":null,"fee":"no","charge":null,"access":null,"wheelchair":"yes","opening_hours":null,"operator":null,"description":null,"password":null}},{"type":"Feature","geometry":{"type":"Point","coordinates":[2.3250769,48.865912]},"properties":{"id":"node/1114193711","source":"osm","name":null,"fee":null,"charge":null,"access":null,"wheelchair":"no","opening_hours":null,"operator":null,"description":null,"password":null}},{"type":"Feature","geometry":{"type":"Point","coordinates":[2.3962996,48.8495779]},"properties":{"id":"node/1118371558","source":"osm","name":null,"fee":"no","charge":null,"access":null,"wheelchair":"yes","opening_hours":"24/7","operator":"JCDecaux","description":null,"password":null}},{"type":"Feature","geometry":{"type":"Point","coordinates":[2.312787,48.8694477]},"properties":{"id":"node/1118492968","source":"osm","name":null,"fee":"no","charge":null,"access":null,"wheelchair":"yes","opening_hours":null,"operator":"JCDecaux","description":null,"password":null}},{"type":"Feature","geometry":{"type":"Point","coordinates":[2.3224922,48.8648961]},"properties":{"id":"node/1128854285","source":"osm","name":"Toilettes des Tuileries","fee":"no","charge":null,"access":"yes","wheelchair":"yes","opening_hours":"Mo-Su 09:30-16:30","operator":null,"description":null,"password":null}},{"type":"Feature","geometry":{"type":"Point","coordinates":[2.3201884,48.8316539]},"properties":{"id":"node/1133782592","source":"osm","name":null,"fee":"no","charge":null,"access":null,"wheelchair":"yes","opening_hours":null,"operator":"JCDecaux","description":null,"password":null}},{"type":"Feature","geometry":{"type":"Point","coordinates":[2.2957348,48.8584294]},"properties":{"id":"node/1168595158","source":"osm","name":"Toilette Tour Eiffel","fee":"no","charge":null,"access":null,"wheelchair":"yes","opening_hours":null,"operator":null,"description":null,"password":null}},{"type":"Feature","geometry":{"type":"Point","coordinates":[2.3954957,48.8474478]},"properties":{"id":"node/1193212652","source":"osm","name":null,"fee":"no","charge":null,"access":"yes","wheelchair":"yes","opening_hours":"Mo-Su 00:00-00:00","operator":null,"description":null,"password":null}},{"type":"Feature","geometry":{"type":"Point","coordinates":[2.441046,48.844149]},"properties":{"id":"node/1209143195","source":"osm","name":null,"fee":"no","charge":null,"access":null,"wheelchair":"yes","opening_hours":null,"operator":null,"description":null,"password":null}},{"type":"Feature","geometry":{"type":"Point","coordinates":[2.3891218,48.8592326]},"properties":{"id":"node/1218358494","source":"osm","name":null,"fee":"no","charge":null,"access":null,"wheelchair":"yes","opening_hours":null,"operator":"JCDecaux","description":null,"password":null}},{"type":"Feature","geometry":{"type":"Point","coordinates":[2.3652261,48.8680204]},"properties":{"id":"node/1225304390","source":"osm","name":null,"fee":"no","charge":null,"access":null,"wheelchair":"yes","opening_hours":"24/7","operator":"JCDecaux","description":null,"password":null}},{"type":"Feature","geometry":{"type":"Point","coordinates":[2.35255,48.8660214]},"properties":{"id":"node/1225461870","source":"osm","name":null,"fee":"no","charge":null,"access":"yes","wheelchair":"yes","opening_hours":null,"operator":null,"description":null,"password":null}},{"type":"Feature","geometry":{"type":"Point","coordinates":[2.3842037,48.8471278]},"properties":{"id":"node/1243135987","source":"osm","name":null,"fee":"no","charge":null,"access":null,"wheelchair":"yes","opening_hours":null,"operator":null,"description":null,"password":null}},{"type":"Feature","geometry":{"type":"Point","coordinates":[2.3895716,48.8389376]},"properties":{"id":"node/1252382503","source":"osm","name":null,"fee":"no","charge":null,"access":null,"wheelchair":"yes","opening_hours":null,"operator":null,"description":null,"password":null}},{"type":"Feature","geometry":{"type":"Point","coordinates":[2.3793497,48.8570489]},"properties":{"id":"node/1266551505","source":"osm","name":null,"fee":"no","charge":null,"access":null,"wheelchair":"yes","opening_hours":null,"operator":null,"description":null,"password":null}},{"type":"Feature","geometry":{"type":"Point","coordinates":[2.3527274,48.8630892]},"properties":{"id":"node/1268502498","source":"osm","name":null,"fee":"no","charge":null,"access":"yes","wheelchair":"yes","opening_hours":"24/7","operator":null,"description":null,"password":null}},{"type":"Feature","geometry":{"type":"Point","coordinates":[2.3909353,48.859914]},"properties":{"id":"node/1270970691","source":"osm","name":null,"fee":"no","charge":null,"access":"yes","wheelchair":"yes","opening_hours":null,"operator":null,"description":null,"password":null}},{"type":"Feature","geometry":{"type":"Point","coordinates":[2.3001932,48.8651957]},"properties":{"id":"node/1296677114","source":"osm","name":null,"fee":"no","charge":null,"access":null,"wheelchair":"yes","opening_hours":null,"operator":"JCDecaux","description":null,"password":null}},{"type":"Feature","geometry":{"type":"Point","coordinates":[2.3091521,48.880259]},"properties":{"id":"node/1297090319","source":"osm","name":null,"fee":"no","charge":null,"access":"yes","wheelchair":"no","opening_hours":null,"operator":null,"description":null,"password":null}},{"type":"Feature","geometry":{"type":"Point","coordinates":[2.3528247,48.8668874]},"properties":{"id":"node/1300177558","source":"osm","name":null,"fee":"no","charge":null,"access":"yes","wheelchair":"yes","opening_hours":"24/7","operator":null,"description":null,"password":null}},{"type":"Feature","geometry":{"type":"Point","coordinates":[2.285956,48.8769303]},"properties":{"id":"node/1300607585","source":"osm","name":null,"fee":"no","charge":null,"access":null,"wheelchair":"yes","opening_hours":null,"operator":"JCDecaux","description":null,"password":null}},{"type":"Feature","geometry":{"type":"Point","coordinates":[2.2855359,48.841271]},"properties":{"id":"node/1316137754","source":"osm","name":null,"fee":"no","charge":null,"access":null,"wheelchair":"no","opening_hours":null,"operator":null,"description":null,"password":null}},{"type":"Feature","geometry":{"type":"Point","coordinates":[2.3484456,48.8529839]},"properties":{"id":"node/1324774958","source":"osm","name":null,"fee":"yes","charge":"2 EUR","access":"no","wheelchair":"no","opening_hours":"Mo-Su 09:00-19:00","operator":null,"description":null,"password":null}},{"type":"Feature","geometry":{"type":"Point","coordinates":[2.2918824,48.8308542]},"properties":{"id":"node/1366622473","source":"osm","name":null,"fee":null,"charge":null,"access":null,"wheelchair":"yes","opening_hours":null,"operator":null,"description":null,"password":null}},{"type":"Feature","geometry":{"type":"Point","coordinates":[2.2817103,48.8362418]},"properties":{"id":"node/1369995206","source":"osm","name":null,"fee":"no","charge":null,"access":null,"wheelchair":"yes","opening_hours":"24/7","operator":"JCDecaux","description":null,"password":null}},{"type":"Feature","geometry":{"type":"Point","coordinates":[2.2571673,48.8484427]},"properties":{"id":"node/1369995224","source":"osm","name":null,"fee":"no","charge":null,"access":null,"wheelchair":"yes","opening_hours":null,"operator":"JCDecaux","description":null,"password":null}},{"type":"Feature","geometry":{"type":"Point","coordinates":[2.2667046,48.8571902]},"properties":{"id":"node/1369995231","source":"osm","name":null,"fee":"no","charge":null,"access":null,"wheelchair":"yes","opening_hours":null,"operator":"JCDecaux","description":null,"password":null}},{"type":"Feature","geometry":{"type":"Point","coordinates":[2.269084,48.8459339]},"properties":{"id":"node/1369995238","source":"osm","name":null,"fee":"no","charge":null,"access":null,"wheelchair":"yes","opening_hours":"24/7","operator":"JCDecaux","description":null,"password":null}},{"type":"Feature","geometry":{"type":"Point","coordinates":[2.2753976,48.8512735]},"properties":{"id":"node/1369995243","source":"osm","name":null,"fee":"no","charge":null,"access":null,"wheelchair":"yes","opening_hours":null,"operator":"JCDecaux","description":null,"password":null}},{"type":"Feature","geometry":{"type":"Point","coordinates":[2.2778948,48.8508296]},"properties":{"id":"node/1369995244","source":"osm","name":null,"fee":"no","charge":null,"access":null,"wheelchair":"yes","opening_hours":null,"operator":"JCDecaux","description":null,"password":null}},{"type":"Feature","geometry":{"type":"Point","coordinates":[2.2736425,48.8476769]},"properties":{"id":"node/1369995246","source":"osm","name":null,"fee":"no","charge":null,"access":null,"wheelchair":"yes","opening_hours":null,"operator":"JCDecaux","description":null,"password":null}},{"type":"Feature","geometry":{"type":"Point","coordinates":[2.3477217,48.819964]},"properties":{"id":"node/1369995267","source":"osm","name":null,"fee":"no","charge":null,"access":null,"wheelchair":"yes","opening_hours":"24/7","operator":"JCDecaux","description":null,"password":null}},{"type":"Feature","geometry":{"type":"Point","coordinates":[2.3690125,48.8212406]},"properties":{"id":"node/1369995269","source":"osm","name":null,"fee":"no","charge":null,"access":null,"wheelchair":"yes","opening_hours":null,"operator":"JCDecaux","description":null,"password":null}},{"type":"Feature","geometry":{"type":"Point","coordinates":[2.3668592,48.8226606]},"properties":{"id":"node/1369995270","source":"osm","name":null,"fee":"no","charge":null,"access":"yes","wheelchair":"yes","opening_hours":"24/7","operator":"JCDecaux","description":null,"password":null}},{"type":"Feature","geometry":{"type":"Point","coordinates":[2.3443347,48.8189882]},"properties":{"id":"node/1369995279","source":"osm","name":null,"fee":"no","charge":null,"access":null,"wheelchair":"yes","opening_hours":"24/7","operator":"JCDecaux","description":null,"password":null}},{"type":"Feature","geometry":{"type":"Point","coordinates":[2.3155753,48.8355979]},"properties":{"id":"node/1369995306","source":"osm","name":null,"fee":"no","charge":null,"access":null,"wheelchair":"yes","opening_hours":"24/7","operator":"JCDecaux","description":null,"password":null}},{"type":"Feature","geometry":{"type":"Point","coordinates":[2.3254901,48.8319381]},"properties":{"id":"node/1369995311","source":"osm","name":null,"fee":"no","charge":null,"access":null,"wheelchair":"yes","opening_hours":"Mo-Su 00:00-24:00","operator":"JCDecaux","description":null,"password":null}},{"type":"Feature","geometry":{"type":"Point","coordinates":[2.3280012,48.8289774]},"properties":{"id":"node/1369995319","source":"osm","name":null,"fee":"no","charge":null,"access":null,"wheelchair":"yes","opening_hours":null,"operator":"JCDecaux","description":null,"password":null}},{"type":"Feature","geometry":{"type":"Point","coordinates":[2.3263156,48.829607]},"properties":{"id":"node/1369995323","source":"osm","name":null,"fee":"no","charge":null,"access":null,"wheelchair":"yes","opening_hours":null,"operator":"JCDecaux","description":null,"password":null}},{"type":"Feature","geometry":{"type":"Point","coordinates":[2.2904693,48.8448084]},"properties":{"id":"node/1369995339","source":"osm","name":null,"fee":"no","charge":null,"access":null,"wheelchair":"yes","opening_hours":null,"operator":"JCDecaux","description":null,"password":null}},{"type":"Feature","geometry":{"type":"Point","coordinates":[2.3150671,48.8256834]},"properties":{"id":"node/1369995342","source":"osm","name":null,"fee":"no","charge":null,"access":null,"wheelchair":"yes","opening_hours":null,"operator":"JCDecaux","description":null,"password":null}},{"type":"Feature","geometry":{"type":"Point","coordinates":[2.3113229,48.8249787]},"properties":{"id":"node/1369995347","source":"osm","name":null,"fee":"no","charge":null,"access":null,"wheelchair":"yes","opening_hours":null,"operator":"JCDecaux","description":null,"password":null}},{"type":"Feature","geometry":{"type":"Point","coordinates":[2.3033673,48.8282846]},"properties":{"id":"node/1369995356","source":"osm","name":null,"fee":"no","charge":null,"access":null,"wheelchair":"yes","opening_hours":null,"operator":"JCDecaux","description":null,"password":null}},{"type":"Feature","geometry":{"type":"Point","coordinates":[2.3089142,48.846024]},"properties":{"id":"node/1369995368","source":"osm","name":null,"fee":"no","charge":null,"access":null,"wheelchair":"yes","opening_hours":null,"operator":"JCDecaux","description":null,"password":null}},{"type":"Feature","geometry":{"type":"Point","coordinates":[2.2979912,48.8528378]},"properties":{"id":"node/1369995383","source":"osm","name":null,"fee":"no","charge":null,"access":"yes","wheelchair":"yes","opening_hours":null,"operator":"JCDecaux","description":null,"password":null}},{"type":"Feature","geometry":{"type":"Point","coordinates":[2.2959032,48.8551025]},"properties":{"id":"node/1369995387","source":"osm","name":null,"fee":"no","charge":null,"access":"yes","wheelchair":"yes","opening_hours":"24/7","operator":"JCDecaux","description":null,"password":null}},{"type":"Feature","geometry":{"type":"Point","coordinates":[2.3311947,48.8330159]},"properties":{"id":"node/1369995406","source":"osm","name":null,"fee":"no","charge":null,"access":null,"wheelchair":"yes","opening_hours":null,"operator":"JCDecaux","description":null,"password":null}},{"type":"Feature","geometry":{"type":"Point","coordinates":[2.3368012,48.8347331]},"properties":{"id":"node/1369995425","source":"osm","name":null,"fee":"no","charge":null,"access":null,"wheelchair":"yes","opening_hours":null,"operator":"JCDecaux","description":null,"password":null}},{"type":"Feature","geometry":{"type":"Point","coordinates":[2.3321204,48.834808]},"properties":{"id":"node/1369995427","source":"osm","name":null,"fee":"no","charge":null,"access":null,"wheelchair":"yes","opening_hours":null,"operator":"JCDecaux","description":null,"password":null}},{"type":"Feature","geometry":{"type":"Point","coordinates":[2.3410587,48.8347075]},"properties":{"id":"node/1369995429","source":"osm","name":null,"fee":"no","charge":null,"access":"yes","wheelchair":"no","opening_hours":null,"operator":null,"description":null,"password":null}},{"type":"Feature","geometry":{"type":"Point","coordinates":[2.3463727,48.8349563]},"properties":{"id":"node/1369995441","source":"osm","name":null,"fee":"no","charge":null,"access":null,"wheelchair":"yes","opening_hours":null,"operator":"JCDecaux","description":null,"password":null}},{"type":"Feature","geometry":{"type":"Point","coordinates":[2.3374846,48.8417559]},"properties":{"id":"node/1369995457","source":"osm","name":null,"fee":"no","charge":null,"access":null,"wheelchair":"yes","opening_hours":"24/7","operator":"JCDecaux","description":null,"password":null}},{"type":"Feature","geometry":{"type":"Point","coordinates":[2.3486928,48.8416362]},"properties":{"id":"node/1369995461","source":"osm","name":null,"fee":"no","charge":null,"access":null,"wheelchair":"yes","opening_hours":"24/7","operator":"JCDecaux","description":null,"password":null}},{"type":"Feature","geometry":{"type":"Point","coordinates":[2.356537,48.8280544]},"properties":{"id":"node/1369995466","source":"osm","name":null,"fee":"no","charge":null,"access":"yes","wheelchair":"yes","opening_hours":null,"operator":"JCDecaux","description":null,"password":null}},{"type":"Feature","geometry":{"type":"Point","coordinates":[2.3581267,48.823936]},"properties":{"id":"node/1369995470","source":"osm","name":null,"fee":"no","charge":null,"access":null,"wheelchair":"yes","opening_hours":null,"operator":"JCDecaux","description":null,"password":null}},{"type":"Feature","geometry":{"type":"Point","coordinates":[2.3530964,48.8240641]},"properties":{"id":"node/1369995473","source":"osm","name":null,"fee":"no","charge":null,"access":"yes","wheelchair":"yes","opening_hours":"24/7","operator":"JCDecaux","description":null,"password":null}},{"type":"Feature","geometry":{"type":"Point","coordinates":[2.3689798,48.829776]},"properties":{"id":"node/1369995481","source":"osm","name":null,"fee":"no","charge":null,"access":"yes","wheelchair":"yes","opening_hours":"24/7","operator":"JCDecaux","description":null,"password":null}},{"type":"Feature","geometry":{"type":"Point","coordinates":[2.334595,48.8527306]},"properties":{"id":"node/1369995516","source":"osm","name":null,"fee":"no","charge":null,"access":null,"wheelchair":"yes","opening_hours":null,"operator":"JCDecaux","description":null,"password":null}},{"type":"Feature","geometry":{"type":"Point","coordinates":[2.3309874,48.8544394]},"properties":{"id":"node/1369995518","source":"osm","name":null,"fee":"no","charge":null,"access":null,"wheelchair":"yes","opening_hours":null,"operator":"JCDecaux","description":null,"password":null}},{"type":"Feature","geometry":{"type":"Point","coordinates":[2.3502064,48.8623093]},"properties":{"id":"node/1369995534","source":"osm","name":null,"fee":"no","charge":null,"access":"yes","wheelchair":"yes","opening_hours":null,"operator":"JCDecaux","description":null,"password":null}},{"type":"Feature","geometry":{"type":"Point","coordinates":[2.3509604,48.863662]},"properties":{"id":"node/1369995539","source":"osm","name":null,"fee":"no","charge":null,"access":"yes","wheelchair":"yes","opening_hours":"Mo-Su,PH 00:00-00:00","operator":"JCDecaux","description":null,"password":null}},{"type":"Feature","geometry":{"type":"Point","coordinates":[2.3465409,48.8579671]},"properties":{"id":"node/1369995541","source":"osm","name":null,"fee":"no","charge":null,"access":null,"wheelchair":"yes","opening_hours":"24/7","operator":"JCDecaux","description":null,"password":null}},{"type":"Feature","geometry":{"type":"Point","coordinates":[2.3418325,48.8631575]},"properties":{"id":"node/1369995560","source":"osm","name":null,"fee":"no","charge":null,"access":"yes","wheelchair":"yes","opening_hours":"24/7","operator":"JCDecaux","description":null,"password":null}},{"type":"Feature","geometry":{"type":"Point","coordinates":[2.3728528,48.854888]},"properties":{"id":"node/1369995572","source":"osm","name":null,"fee":"no","charge":null,"access":null,"wheelchair":"yes","opening_hours":"24/7","operator":"JCDecaux","description":null,"password":null}},{"type":"Feature","geometry":{"type":"Point","coordinates":[2.3693862,48.8658468]},"properties":{"id":"node/1369995583","source":"osm","name":null,"fee":"no","charge":null,"access":"yes","wheelchair":"yes","opening_hours":"24/7","operator":"JCDecaux","description":null,"password":null}},{"type":"Feature","geometry":{"type":"Point","coordinates":[2.3670401,48.8611137]},"properties":{"id":"node/1369995585","source":"osm","name":null,"fee":"no","charge":null,"access":null,"wheelchair":"yes","opening_hours":"24/7","operator":"Ville de Paris","description":null,"password":null}},{"type":"Feature","geometry":{"type":"Point","coordinates":[2.3522484,48.8655059]},"properties":{"id":"node/1369995593","source":"osm","name":null,"fee":"no","charge":null,"access":"yes","wheelchair":"yes","opening_hours":null,"operator":"JCDecaux","description":null,"password":null}},{"type":"Feature","geometry":{"type":"Point","coordinates":[2.3593611,48.8627491]},"properties":{"id":"node/1369995610","source":"osm","name":null,"fee":"no","charge":null,"access":null,"wheelchair":"yes","opening_hours":null,"operator":"JCDecaux","description":null,"password":null}},{"type":"Feature","geometry":{"type":"Point","coordinates":[2.3606992,48.8600541]},"properties":{"id":"node/1369995613","source":"osm","name":null,"fee":"no","charge":null,"access":null,"wheelchair":"yes","opening_hours":"24/7","operator":"maire de Paris","description":null,"password":null}},{"type":"Feature","geometry":{"type":"Point","coordinates":[2.3601249,48.8649727]},"properties":{"id":"node/1369995618","source":"osm","name":null,"fee":"no","charge":null,"access":null,"wheelchair":"yes","opening_hours":null,"operator":"JCDecaux","description":null,"password":null}},{"type":"Feature","geometry":{"type":"Point","coordinates":[2.4018818,48.843685]},"properties":{"id":"node/1369995621","source":"osm","name":null,"fee":"no","charge":null,"access":null,"wheelchair":"yes","opening_hours":null,"operator":"JCDecaux","description":null,"password":null}},{"type":"Feature","geometry":{"type":"Point","coordinates":[2.4046644,48.8404508]},"properties":{"id":"node/1369995628","source":"osm","name":null,"fee":"no","charge":null,"access":null,"wheelchair":"yes","opening_hours":null,"operator":"JCDecaux","description":null,"password":null}},{"type":"Feature","geometry":{"type":"Point","coordinates":[2.3782109,48.839611]},"properties":{"id":"node/1369995632","source":"osm","name":null,"fee":"no","charge":null,"access":null,"wheelchair":"yes","opening_hours":"24/7","operator":"JCDecaux","description":null,"password":null}},{"type":"Feature","geometry":{"type":"Point","coordinates":[2.3920432,48.8405214]},"properties":{"id":"node/1369995636","source":"osm","name":null,"fee":"no","charge":null,"access":null,"wheelchair":"yes","opening_hours":null,"operator":"JCDecaux","description":null,"password":null}},{"type":"Feature","geometry":{"type":"Point","coordinates":[2.3835553,48.8556466]},"properties":{"id":"node/1369995657","source":"osm","name":null,"fee":"no","charge":null,"access":null,"wheelchair":"yes","opening_hours":null,"operator":"JCDecaux","description":null,"password":null}},{"type":"Feature","geometry":{"type":"Point","coordinates":[2.3776611,48.8541239]},"properties":{"id":"node/1369995663","source":"osm","name":null,"fee":"no","charge":null,"access":null,"wheelchair":"yes","opening_hours":null,"operator":"JCDecaux","description":null,"password":null}},{"type":"Feature","geometry":{"type":"Point","coordinates":[2.3936641,48.8495772]},"properties":{"id":"node/1369995666","source":"osm","name":null,"fee":"no","charge":null,"access":null,"wheelchair":"yes","opening_hours":null,"operator":"JCDecaux","description":null,"password":null}},{"type":"Feature","geometry":{"type":"Point","coordinates":[2.3937178,48.8521401]},"properties":{"id":"node/1369995670","source":"osm","name":null,"fee":"no","charge":null,"access":null,"wheelchair":"yes","opening_hours":null,"operator":"JCDecaux","description":null,"password":null}},{"type":"Feature","geometry":{"type":"Point","coordinates":[2.3878882,48.8532863]},"properties":{"id":"node/1369995672","source":"osm","name":null,"fee":"no","charge":null,"access":null,"wheelchair":"yes","opening_hours":null,"operator":"JCDecaux","description":null,"password":null}},{"type":"Feature","geometry":{"type":"Point","coordinates":[2.3840312,48.8504197]},"properties":{"id":"node/1369995675","source":"osm","name":null,"fee":"no","charge":null,"access":null,"wheelchair":"yes","opening_hours":null,"operator":"JCDecaux","description":null,"password":null}},{"type":"Feature","geometry":{"type":"Point","coordinates":[2.3765509,48.8461069]},"properties":{"id":"node/1369995677","source":"osm","name":null,"fee":"no","charge":null,"access":"yes","wheelchair":"yes","opening_hours":"Mo-Su 00:00-00:00","operator":"JCDecaux","description":null,"password":null}},{"type":"Feature","geometry":{"type":"Point","coordinates":[2.3849035,48.8455898]},"properties":{"id":"node/1369995690","source":"osm","name":null,"fee":"no","charge":null,"access":null,"wheelchair":"yes","opening_hours":null,"operator":"JCDecaux","description":null,"password":null}},{"type":"Feature","geometry":{"type":"Point","coordinates":[2.3947167,48.864941]},"properties":{"id":"node/1369995694","source":"osm","name":null,"fee":"no","charge":null,"access":"yes","wheelchair":"yes","opening_hours":"24/7","operator":"JCDecaux","description":null,"password":null}},{"type":"Feature","geometry":{"type":"Point","coordinates":[2.3760806,48.8648882]},"properties":{"id":"node/1369995700","source":"osm","name":null,"fee":"no","charge":null,"access":null,"wheelchair":"yes","opening_hours":null,"operator":"JCDecaux","description":null,"password":null}},{"type":"Feature","geometry":{"type":"Point","coordinates":[2.38096,48.8656934]},"properties":{"id":"node/1369995703","source":"osm","name":null,"fee":"no","charge":null,"access":null,"wheelchair":"yes","opening_hours":null,"operator":"JCDecaux","description":null,"password":null}},{"type":"Feature","geometry":{"type":"Point","coordinates":[2.3924546,48.8574921]},"properties":{"id":"node/1369995706","source":"osm","name":null,"fee":"no","charge":null,"access":null,"wheelchair":"yes","opening_hours":null,"operator":"JCDecaux","description":null,"password":null}},{"type":"Feature","geometry":{"type":"Point","coordinates":[2.380956,48.8571811]},"properties":{"id":"node/1369995710","source":"osm","name":null,"fee":"no","charge":null,"access":null,"wheelchair":"yes","opening_hours":null,"operator":"JCDecaux","description":null,"password":null}},{"type":"Feature","geometry":{"type":"Point","coordinates":[2.3802421,48.8583167]},"properties":{"id":"node/1369995712","source":"osm","name":null,"fee":"no","charge":null,"access":null,"wheelchair":"yes","opening_hours":null,"operator":"JCDecaux","description":null,"password":null}},{"type":"Feature","geometry":{"type":"Point","coordinates":[2.3790692,48.8622862]},"properties":{"id":"node/1369995715","source":"osm","name":null,"fee":"no","charge":null,"access":null,"wheelchair":"yes","opening_hours":null,"operator":"JCDecaux","description":null,"password":null}},{"type":"Feature","geometry":{"type":"Point","coordinates":[2.3795196,48.8642358]},"properties":{"id":"node/1369995718","source":"osm","name":null,"fee":"no","charge":null,"access":null,"wheelchair":"yes","opening_hours":null,"operator":"JCDecaux","description":null,"password":null}},{"type":"Feature","geometry":{"type":"Point","coordinates":[2.3839351,48.8638149]},"properties":{"id":"node/1369995732","source":"osm","name":null,"fee":"no","charge":null,"access":null,"wheelchair":"no","opening_hours":null,"operator":null,"description":null,"password":null}},{"type":"Feature","geometry":{"type":"Point","coordinates":[2.3897789,48.8662941]},"properties":{"id":"node/1369995733","source":"osm","name":null,"fee":"no","charge":null,"access":null,"wheelchair":"yes","opening_hours":null,"operator":"JCDecaux","description":null,"password":null}},{"type":"Feature","geometry":{"type":"Point","coordinates":[2.4025827,48.8491002]},"properties":{"id":"node/1369995735","source":"osm","name":null,"fee":"no","charge":null,"access":null,"wheelchair":"yes","opening_hours":"24/7","operator":"JCDecaux","description":null,"password":null}},{"type":"Feature","geometry":{"type":"Point","coordinates":[2.395963,48.8547526]},"properties":{"id":"node/1369995737","source":"osm","name":null,"fee":"no","charge":null,"access":null,"wheelchair":"yes","opening_hours":null,"operator":"JCDecaux","description":null,"password":null}},{"type":"Feature","geometry":{"type":"Point","coordinates":[2.4099677,48.8555988]},"properties":{"id":"node/1369995742","source":"osm","name":null,"fee":"no","charge":null,"access":null,"wheelchair":"yes","opening_hours":null,"operator":"JCDecaux","description":null,"password":null}},{"type":"Feature","geometry":{"type":"Point","coordinates":[2.4122506,48.8544515]},"properties":{"id":"node/1369995747","source":"osm","name":null,"fee":"no","charge":null,"access":null,"wheelchair":"yes","opening_hours":null,"operator":"JCDecaux","description":null,"password":null}},{"type":"Feature","geometry":{"type":"Point","coordinates":[2.4010269,48.8600129]},"properties":{"id":"node/1369995750","source":"osm","name":null,"fee":"no","charge":null,"access":null,"wheelchair":"yes","opening_hours":null,"operator":"JCDecaux","description":null,"password":null}},{"type":"Feature","geometry":{"type":"Point","coordinates":[2.4091395,48.8641345]},"properties":{"id":"node/1369995766","source":"osm","name":null,"fee":"no","charge":null,"access":null,"wheelchair":"yes","opening_hours":null,"operator":"JCDecaux","description":null,"password":null}},{"type":"Feature","geometry":{"type":"Point","coordinates":[2.4007913,48.8648686]},"properties":{"id":"node/1369995768","source":"osm","name":null,"fee":"no","charge":null,"access":null,"wheelchair":"yes","opening_hours":null,"operator":"JCDecaux","description":null,"password":null}},{"type":"Feature","geometry":{"type":"Point","coordinates":[2.3998304,48.8649096]},"properties":{"id":"node/1369995770","source":"osm","name":null,"fee":"no","charge":null,"access":null,"wheelchair":"yes","opening_hours":null,"operator":"JCDecaux","description":null,"password":null}},{"type":"Feature","geometry":{"type":"Point","coordinates":[2.2957141,48.8749789]},"properties":{"id":"node/1369995800","source":"osm","name":null,"fee":"no","charge":null,"access":null,"wheelchair":"yes","opening_hours":null,"operator":"JCDecaux","description":null,"password":null}},{"type":"Feature","geometry":{"type":"Point","coordinates":[2.3032079,48.8747645]},"properties":{"id":"node/1369995807","source":"osm","name":null,"fee":"no","charge":null,"access":null,"wheelchair":"yes","opening_hours":null,"operator":"JCDecaux","description":null,"password":null}},{"type":"Feature","geometry":{"type":"Point","coordinates":[2.2955369,48.8814963]},"properties":{"id":"node/1369995828","source":"osm","name":null,"fee":"no","charge":null,"access":null,"wheelchair":"yes","opening_hours":null,"operator":"JCDecaux","description":null,"password":null}},{"type":"Feature","geometry":{"type":"Point","coordinates":[2.2944799,48.8789244]},"properties":{"id":"node/1369995829","source":"osm","name":null,"fee":"no","charge":null,"access":null,"wheelchair":"yes","opening_hours":null,"operator":"JCDecaux","description":null,"password":null}},{"type":"Feature","geometry":{"type":"Point","coordinates":[2.3042137,48.8840232]},"properties":{"id":"node/1369995841","source":"osm","name":null,"fee":"no","charge":null,"access":null,"wheelchair":"yes","opening_hours":"Mo-Su 00:00-24:00","operator":"JCDecaux","description":null,"password":null}},{"type":"Feature","geometry":{"type":"Point","coordinates":[2.294361,48.887541]},"properties":{"id":"node/1369995847","source":"osm","name":null,"fee":"no","charge":null,"access":null,"wheelchair":"yes","opening_hours":null,"operator":"JCDecaux","description":null,"password":null}},{"type":"Feature","geometry":{"type":"Point","coordinates":[2.3275184,48.8856655]},"properties":{"id":"node/1369995880","source":"osm","name":null,"fee":"no","charge":null,"access":null,"wheelchair":"yes","opening_hours":null,"operator":null,"description":null,"password":null}},{"type":"Feature","geometry":{"type":"Point","coordinates":[2.3280414,48.8958297]},"properties":{"id":"node/1369995899","source":"osm","name":null,"fee":"no","charge":null,"access":null,"wheelchair":"yes","opening_hours":null,"operator":"JCDecaux","description":null,"password":null}},{"type":"Feature","geometry":{"type":"Point","coordinates":[2.3196735,48.8908058]},"properties":{"id":"node/1369995901","source":"osm","name":null,"fee":"no","charge":null,"access":null,"wheelchair":"yes","opening_hours":null,"operator":"JCDecaux","description":null,"password":null}},{"type":"Feature","geometry":{"type":"Point","coordinates":[2.3271877,48.8919366]},"properties":{"id":"node/1369995903","source":"osm","name":null,"fee":"no","charge":null,"access":null,"wheelchair":"yes","opening_hours":null,"operator":"JCDecaux","description":null,"password":null}},{"type":"Feature","geometry":{"type":"Point","coordinates":[2.3189035,48.8894222]},"properties":{"id":"node/1369995906","source":"osm","name":null,"fee":"no","charge":null,"access":null,"wheelchair":"yes","opening_hours":null,"operator":"JCDecaux","description":null,"password":null}},{"type":"Feature","geometry":{"type":"Point","coordinates":[2.3142962,48.8948442]},"properties":{"id":"node/1369995921","source":"osm","name":null,"fee":"no","charge":null,"access":null,"wheelchair":"yes","opening_hours":null,"operator":"JCDecaux","description":null,"password":null}},{"type":"Feature","geometry":{"type":"Point","coordinates":[2.3406343,48.8689247]},"properties":{"id":"node/1369995930","source":"osm","name":null,"fee":"no","charge":null,"access":"yes","wheelchair":"yes","opening_hours":"24/7","operator":"JCDecaux","description":null,"password":null}},{"type":"Feature","geometry":{"type":"Point","coordinates":[2.3436533,48.8712977]},"properties":{"id":"node/1369995931","source":"osm","name":null,"fee":"no","charge":null,"access":null,"wheelchair":"yes","opening_hours":null,"operator":"JCDecaux","description":null,"password":null}},{"type":"Feature","geometry":{"type":"Point","coordinates":[2.3289709,48.8842147]},"properties":{"id":"node/1369995934","source":"osm","name":null,"fee":"no","charge":null,"access":null,"wheelchair":"yes","opening_hours":null,"operator":"JCDecaux","description":null,"password":null}},{"type":"Feature","geometry":{"type":"Point","coordinates":[2.3335018,48.8835359]},"properties":{"id":"node/1369995953","source":"osm","name":null,"fee":"no","charge":null,"access":null,"wheelchair":"yes","opening_hours":null,"operator":"JCDecaux","description":null,"password":null}},{"type":"Feature","geometry":{"type":"Point","coordinates":[2.3455193,48.8816635]},"properties":{"id":"node/1369995954","source":"osm","name":null,"fee":"no","charge":null,"access":null,"wheelchair":"yes","opening_hours":null,"operator":"JCDecaux","description":null,"password":null}},{"type":"Feature","geometry":{"type":"Point","coordinates":[2.3459028,48.8832419]},"properties":{"id":"node/1369995956","source":"osm","name":null,"fee":"no","charge":null,"access":null,"wheelchair":"yes","opening_hours":null,"operator":"JCDecaux","description":null,"password":null}},{"type":"Feature","geometry":{"type":"Point","coordinates":[2.3474397,48.8834207]},"properties":{"id":"node/1369995958","source":"osm","name":null,"fee":"no","charge":null,"access":null,"wheelchair":"yes","opening_hours":null,"operator":"JCDecaux","description":null,"password":null}},{"type":"Feature","geometry":{"type":"Point","coordinates":[2.3488122,48.8837174]},"properties":{"id":"node/1369995960","source":"osm","name":null,"fee":"no","charge":null,"access":null,"wheelchair":"yes","opening_hours":null,"operator":"JCDecaux","description":null,"password":null}},{"type":"Feature","geometry":{"type":"Point","coordinates":[2.3613951,48.8763002]},"properties":{"id":"node/1369995962","source":"osm","name":null,"fee":"no","charge":null,"access":null,"wheelchair":"yes","opening_hours":null,"operator":"JCDecaux","description":null,"password":null}},{"type":"Feature","geometry":{"type":"Point","coordinates":[2.3666005,48.8700249]},"properties":{"id":"node/1369995970","source":"osm","name":null,"fee":"no","charge":null,"access":null,"wheelchair":"yes","opening_hours":"24/7","operator":"JCDecaux","description":null,"password":null}},{"type":"Feature","geometry":{"type":"Point","coordinates":[2.3721884,48.8761921]},"properties":{"id":"node/1369995973","source":"osm","name":null,"fee":"no","charge":null,"access":null,"wheelchair":"yes","opening_hours":null,"operator":"JCDecaux","description":null,"password":null}},{"type":"Feature","geometry":{"type":"Point","coordinates":[2.3640763,48.8725749]},"properties":{"id":"node/1369995985","source":"osm","name":null,"fee":"no","charge":null,"access":null,"wheelchair":"yes","opening_hours":"24/7","operator":"JCDecaux","description":null,"password":null}},{"type":"Feature","geometry":{"type":"Point","coordinates":[2.3708968,48.8774232]},"properties":{"id":"node/1369995992","source":"osm","name":null,"fee":"no","charge":null,"access":null,"wheelchair":"yes","opening_hours":null,"operator":"JCDecaux","description":null,"password":null}},{"type":"Feature","geometry":{"type":"Point","coordinates":[2.3545652,48.870751]},"properties":{"id":"node/1369995997","source":"osm","name":null,"fee":"no","charge":null,"access":null,"wheelchair":"yes","opening_hours":null,"operator":"JCDecaux","description":null,"password":null}},{"type":"Feature","geometry":{"type":"Point","coordinates":[2.3561875,48.8689971]},"properties":{"id":"node/1369995999","source":"osm","name":null,"fee":"no","charge":null,"access":null,"wheelchair":"yes","opening_hours":null,"operator":"JCDecaux","description":null,"password":null}},{"type":"Feature","geometry":{"type":"Point","coordinates":[2.3549458,48.8850622]},"properties":{"id":"node/1369996013","source":"osm","name":null,"fee":"no","charge":null,"access":null,"wheelchair":"yes","opening_hours":null,"operator":"JCDecaux","description":null,"password":null}},{"type":"Feature","geometry":{"type":"Point","coordinates":[2.3367983,48.8934492]},"properties":{"id":"node/1369996024","source":"osm","name":null,"fee":"no","charge":null,"access":null,"wheelchair":"yes","opening_hours":"Mo-Su 00:00-00:00","operator":"JCDecaux","description":null,"password":null}},{"type":"Feature","geometry":{"type":"Point","coordinates":[2.3352157,48.8917827]},"properties":{"id":"node/1369996029","source":"osm","name":null,"fee":"no","charge":null,"access":null,"wheelchair":"yes","opening_hours":"Mo-Su 00:00-00:00","operator":"JCDecaux","description":null,"password":null}},{"type":"Feature","geometry":{"type":"Point","coordinates":[2.337703,48.899015]},"properties":{"id":"node/1369996033","source":"osm","name":null,"fee":"no","charge":null,"access":null,"wheelchair":"yes","opening_hours":null,"operator":"JCDecaux","description":null,"password":null}},{"type":"Feature","geometry":{"type":"Point","coordinates":[2.3444589,48.8993846]},"properties":{"id":"node/1369996039","source":"osm","name":null,"fee":"no","charge":null,"access":null,"wheelchair":"yes","opening_hours":null,"operator":"JCDecaux","description":null,"password":null}},{"type":"Feature","geometry":{"type":"Point","coordinates":[2.3439694,48.8991985]},"properties":{"id":"node/1369996043","source":"osm","name":null,"fee":"no","charge":null,"access":null,"wheelchair":"yes","opening_hours":null,"operator":"JCDecaux","description":null,"password":null}},{"type":"Feature","geometry":{"type":"Point","coordinates":[2.3382747,48.8965576]},"properties":{"id":"node/1369996045","source":"osm","name":null,"fee":"no","charge":null,"access":null,"wheelchair":"yes","opening_hours":"Mo-Su 00:00-24:00","operator":"JCDecaux","description":null,"password":null}},{"type":"Feature","geometry":{"type":"Point","coordinates":[2.3460043,48.8957772]},"properties":{"id":"node/1369996046","source":"osm","name":null,"fee":"no","charge":null,"access":null,"wheelchair":"yes","opening_hours":null,"operator":"JCDecaux","description":null,"password":null}},{"type":"Feature","geometry":{"type":"Point","coordinates":[2.334606,48.8964453]},"properties":{"id":"node/1369996064","source":"osm","name":null,"fee":"no","charge":null,"access":null,"wheelchair":"yes","opening_hours":"06:00-22:00","operator":"JCDecaux","description":null,"password":null}},{"type":"Feature","geometry":{"type":"Point","coordinates":[2.345165,48.8890752]},"properties":{"id":"node/1369996066","source":"osm","name":null,"fee":"no","charge":null,"access":null,"wheelchair":"yes","opening_hours":null,"operator":"JCDecaux","description":null,"password":null}},{"type":"Feature","geometry":{"type":"Point","coordinates":[2.3351104,48.9005943]},"properties":{"id":"node/1369996068","source":"osm","name":null,"fee":"no","charge":null,"access":null,"wheelchair":"yes","opening_hours":null,"operator":"JCDecaux","description":null,"password":null}},{"type":"Feature","geometry":{"type":"Point","coordinates":[2.3444409,48.9011437]},"properties":{"id":"node/1369996071","source":"osm","name":null,"fee":"no","charge":null,"access":null,"wheelchair":"yes","opening_hours":null,"operator":"JCDecaux","description":null,"password":null}},{"type":"Feature","geometry":{"type":"Point","coordinates":[2.3438045,48.9008014]},"properties":{"id":"node/1369996072","source":"osm","name":null,"fee":"no","charge":null,"access":null,"wheelchair":"yes","opening_hours":null,"operator":"JCDecaux","description":null,"password":null}},{"type":"Feature","geometry":{"type":"Point","coordinates":[2.3546149,48.890467]},"properties":{"id":"node/1369996074","source":"osm","name":null,"fee":"no","charge":null,"access":null,"wheelchair":"yes","opening_hours":null,"operator":"JCDecaux","description":null,"password":null}},{"type":"Feature","geometry":{"type":"Point","coordinates":[2.3588496,48.8950837]},"properties":{"id":"node/1369996078","source":"osm","name":null,"fee":"no","charge":null,"access":null,"wheelchair":"yes","opening_hours":null,"operator":"JCDecaux","description":null,"password":null}},{"type":"Feature","geometry":{"type":"Point","coordinates":[2.3898931,48.8684214]},"properties":{"id":"node/1369996096","source":"osm","name":null,"fee":"no","charge":null,"access":"yes","wheelchair":"yes","opening_hours":null,"operator":"JCDecaux","description":null,"password":null}},{"type":"Feature","geometry":{"type":"Point","coordinates":[2.3752897,48.8734758]},"properties":{"id":"node/1369996098","source":"osm","name":null,"fee":"no","charge":null,"access":null,"wheelchair":"yes","opening_hours":"Mo-Su,PH 00:00-24:00","operator":"JCDecaux","description":null,"password":null}},{"type":"Feature","geometry":{"type":"Point","coordinates":[2.3766303,48.872277]},"properties":{"id":"node/1369996100","source":"osm","name":null,"fee":"no","charge":null,"access":"yes","wheelchair":"yes","opening_hours":"Mo-Su,PH 00:00-23:59","operator":"JCDecaux","description":null,"password":null}},{"type":"Feature","geometry":{"type":"Point","coordinates":[2.3897544,48.8736765]},"properties":{"id":"node/1369996104","source":"osm","name":null,"fee":"no","charge":null,"access":null,"wheelchair":"yes","opening_hours":null,"operator":"JCDecaux","description":null,"password":null}},{"type":"Feature","geometry":{"type":"Point","coordinates":[2.3920585,48.8719296]},"properties":{"id":"node/1369996111","source":"osm","name":null,"fee":"no","charge":null,"access":null,"wheelchair":"yes","opening_hours":null,"operator":"JCDecaux","description":null,"password":null}},{"type":"Feature","geometry":{"type":"Point","coordinates":[2.393088,48.8889461]},"properties":{"id":"node/1369996114","source":"osm","name":null,"fee":"no","charge":null,"access":null,"wheelchair":"yes","opening_hours":"24/7","operator":"JCDecaux","description":null,"password":null}},{"type":"Feature","geometry":{"type":"Point","coordinates":[2.3758386,48.887233]},"properties":{"id":"node/1369996116","source":"osm","name":null,"fee":"no","charge":null,"access":null,"wheelchair":"yes","opening_hours":"24/7","operator":"JCDecaux","description":null,"password":null}},{"type":"Feature","geometry":{"type":"Point","coordinates":[2.3790559,48.8888226]},"properties":{"id":"node/1369996118","source":"osm","name":null,"fee":"no","charge":null,"access":null,"wheelchair":"yes","opening_hours":"Mo-Su,PH 00:00-00:00","operator":"JCDecaux","description":null,"password":null}},{"type":"Feature","geometry":{"type":"Point","coordinates":[2.3814278,48.8830276]},"properties":{"id":"node/1369996121","source":"osm","name":null,"fee":"no","charge":null,"access":"yes","wheelchair":"yes","opening_hours":"24/7","operator":"JCDecaux","description":null,"password":null}},{"type":"Feature","geometry":{"type":"Point","coordinates":[2.3782561,48.8786146]},"properties":{"id":"node/1369996123","source":"osm","name":null,"fee":"no","charge":null,"access":null,"wheelchair":"yes","opening_hours":"24/7","operator":"Mairie de Paris","description":null,"password":null}},{"type":"Feature","geometry":{"type":"Point","coordinates":[2.38103,48.8855286]},"properties":{"id":"node/1369996126","source":"osm","name":null,"fee":"no","charge":null,"access":null,"wheelchair":"yes","opening_hours":"24/7","operator":"JCDecaux","description":null,"password":null}},{"type":"Feature","geometry":{"type":"Point","coordinates":[2.3834697,48.8835072]},"properties":{"id":"node/1369996128","source":"osm","name":null,"fee":"no","charge":null,"access":null,"wheelchair":"yes","opening_hours":null,"operator":"JCDecaux","description":null,"password":null}},{"type":"Feature","geometry":{"type":"Point","coordinates":[2.4091861,48.8707346]},"properties":{"id":"node/1369996137","source":"osm","name":null,"fee":"no","charge":null,"access":null,"wheelchair":"yes","opening_hours":"06:00-22:00","operator":"JCDecaux","description":null,"password":null}},{"type":"Feature","geometry":{"type":"Point","coordinates":[2.3982036,48.8705805]},"properties":{"id":"node/1369996142","source":"osm","name":null,"fee":"no","charge":null,"access":null,"wheelchair":"yes","opening_hours":null,"operator":"JCDecaux","description":null,"password":null}},{"type":"Feature","geometry":{"type":"Point","coordinates":[2.4069542,48.8759279]},"properties":{"id":"node/1369996144","source":"osm","name":null,"fee":"no","charge":null,"access":null,"wheelchair":"yes","opening_hours":null,"operator":"JCDecaux","description":null,"password":null}},{"type":"Feature","geometry":{"type":"Point","coordinates":[2.3978501,48.8838933]},"properties":{"id":"node/1369996147","source":"osm","name":null,"fee":"no","charge":null,"access":null,"wheelchair":"yes","opening_hours":null,"operator":"JCDecaux","description":null,"password":null}},{"type":"Feature","geometry":{"type":"Point","coordinates":[2.3867765,48.898974]},"properties":{"id":"node/1369996150","source":"osm","name":null,"fee":"no","charge":null,"access":null,"wheelchair":"yes","opening_hours":null,"operator":"JCDecaux","description":null,"password":null}},{"type":"Feature","geometry":{"type":"Point","coordinates":[2.3492387,48.8538122]},"properties":{"id":"node/1381642409","source":"osm","name":null,"fee":"no","charge":null,"access":null,"wheelchair":"yes","opening_hours":"24/7","operator":"JCDecaux","description":null,"password":null}},{"type":"Feature","geometry":{"type":"Point","coordinates":[2.3198864,48.833784]},"properties":{"id":"node/1470773215","source":"osm","name":null,"fee":"no","charge":null,"access":"yes","wheelchair":"yes","opening_hours":null,"operator":null,"description":null,"password":null}},{"type":"Feature","geometry":{"type":"Point","coordinates":[2.3098354,48.8364032]},"properties":{"id":"node/1474085012","source":"osm","name":null,"fee":"no","charge":null,"access":null,"wheelchair":"yes","opening_hours":null,"operator":"JCDecaux","description":null,"password":null}},{"type":"Feature","geometry":{"type":"Point","coordinates":[2.4091489,48.8533006]},"properties":{"id":"node/1541444513","source":"osm","name":null,"fee":"no","charge":null,"access":null,"wheelchair":"limited","opening_hours":null,"operator":"JCDecaux","description":null,"password":null}},{"type":"Feature","geometry":{"type":"Point","coordinates":[2.4115258,48.8537836]},"properties":{"id":"node/1541444531","source":"osm","name":null,"fee":"no","charge":null,"access":null,"wheelchair":"yes","opening_hours":null,"operator":"JCDecaux","description":null,"password":null}},{"type":"Feature","geometry":{"type":"Point","coordinates":[2.3438221,48.8674388]},"properties":{"id":"node/1542715932","source":"osm","name":null,"fee":"no","charge":null,"access":null,"wheelchair":"yes","opening_hours":null,"operator":"JCDecaux","description":null,"password":null}},{"type":"Feature","geometry":{"type":"Point","coordinates":[2.3769797,48.84995]},"properties":{"id":"node/1672098377","source":"osm","name":null,"fee":"no","charge":null,"access":"no","wheelchair":"yes","opening_hours":null,"operator":null,"description":null,"password":null}},{"type":"Feature","geometry":{"type":"Point","coordinates":[2.4074643,48.8471069]},"properties":{"id":"node/1676570196","source":"osm","name":null,"fee":"no","charge":null,"access":null,"wheelchair":"yes","opening_hours":null,"operator":"JCDecaux","description":null,"password":null}},{"type":"Feature","geometry":{"type":"Point","coordinates":[2.2521957,48.8655973]},"properties":{"id":"node/1697395765","source":"osm","name":null,"fee":null,"charge":null,"access":null,"wheelchair":null,"opening_hours":null,"operator":null,"description":null,"password":null}},{"type":"Feature","geometry":{"type":"Point","coordinates":[2.2458347,48.8683976]},"properties":{"id":"node/1745776072","source":"osm","name":null,"fee":"no","charge":null,"access":null,"wheelchair":"yes","opening_hours":null,"operator":null,"description":null,"password":null}},{"type":"Feature","geometry":{"type":"Point","coordinates":[2.246178,48.8704442]},"properties":{"id":"node/1745776076","source":"osm","name":null,"fee":"no","charge":null,"access":null,"wheelchair":"yes","opening_hours":null,"operator":null,"description":null,"password":null}},{"type":"Feature","geometry":{"type":"Point","coordinates":[2.2477983,48.8688316]},"properties":{"id":"node/1745776092","source":"osm","name":null,"fee":"no","charge":null,"access":null,"wheelchair":"limited","opening_hours":null,"operator":null,"description":null,"password":null}},{"type":"Feature","geometry":{"type":"Point","coordinates":[2.4094142,48.8520184]},"properties":{"id":"node/1746547219","source":"osm","name":null,"fee":null,"charge":null,"access":null,"wheelchair":null,"opening_hours":null,"operator":null,"description":null,"password":null}},{"type":"Feature","geometry":{"type":"Point","coordinates":[2.2682175,48.8623378]},"properties":{"id":"node/1752811321","source":"osm","name":null,"fee":null,"charge":null,"access":null,"wheelchair":null,"opening_hours":null,"operator":null,"description":null,"password":null}},{"type":"Feature","geometry":{"type":"Point","coordinates":[2.4036764,48.8496205]},"properties":{"id":"node/1811070410","source":"osm","name":null,"fee":"no","charge":null,"access":null,"wheelchair":"no","opening_hours":null,"operator":null,"description":null,"password":null}},{"type":"Feature","geometry":{"type":"Point","coordinates":[2.3876337,48.8445744]},"properties":{"id":"node/1835798429","source":"osm","name":null,"fee":"no","charge":null,"access":null,"wheelchair":"yes","opening_hours":null,"operator":null,"description":null,"password":null}},{"type":"Feature","geometry":{"type":"Point","coordinates":[2.3142884,48.8917397]},"properties":{"id":"node/1836008625","source":"osm","name":null,"fee":"no","charge":null,"access":null,"wheelchair":"yes","opening_hours":null,"operator":null,"description":null,"password":null}},{"type":"Feature","geometry":{"type":"Point","coordinates":[2.3325703,48.8864203]},"properties":{"id":"node/1857604677","source":"osm","name":null,"fee":"no","charge":null,"access":null,"wheelchair":"no","opening_hours":null,"operator":null,"description":null,"password":null}},{"type":"Feature","geometry":{"type":"Point","coordinates":[2.3309916,48.8854403]},"properties":{"id":"node/1857604683","source":"osm","name":null,"fee":"no","charge":null,"access":null,"wheelchair":"yes","opening_hours":null,"operator":null,"description":null,"password":null}},{"type":"Feature","geometry":{"type":"Point","coordinates":[2.2975886,48.8888781]},"properties":{"id":"node/1894577601","source":"osm","name":null,"fee":"no","charge":null,"access":null,"wheelchair":"yes","opening_hours":null,"operator":"JCDecaux","description":null,"password":null}},{"type":"Feature","geometry":{"type":"Point","coordinates":[2.357567,48.8189763]},"properties":{"id":"node/1907541420","source":"osm","name":null,"fee":"yes","charge":null,"access":null,"wheelchair":null,"opening_hours":null,"operator":null,"description":null,"password":null}},{"type":"Feature","geometry":{"type":"Point","coordinates":[2.4012026,48.8539148]},"properties":{"id":"node/1951465711","source":"osm","name":null,"fee":"no","charge":null,"access":"yes","wheelchair":"no","opening_hours":null,"operator":null,"description":null,"password":null}},{"type":"Feature","geometry":{"type":"Point","coordinates":[2.3145708,48.8339267]},"properties":{"id":"node/1985749990","source":"osm","name":null,"fee":"no","charge":null,"access":null,"wheelchair":"yes","opening_hours":null,"operator":"JCDecaux","description":null,"password":null}},{"type":"Feature","geometry":{"type":"Point","coordinates":[2.3270379,48.8776071]},"properties":{"id":"node/1999330985","source":"osm","name":null,"fee":"no","charge":null,"access":"yes","wheelchair":"yes","opening_hours":null,"operator":null,"description":null,"password":null}},{"type":"Feature","geometry":{"type":"Point","coordinates":[2.3935397,48.8347428]},"properties":{"id":"node/2012779204","source":"osm","name":null,"fee":"no","charge":null,"access":"yes","wheelchair":"yes","opening_hours":"24/7","operator":"JCDecaux","description":null,"password":null}},{"type":"Feature","geometry":{"type":"Point","coordinates":[2.3748087,48.8262144]},"properties":{"id":"node/2136720444","source":"osm","name":null,"fee":"no","charge":null,"access":"yes","wheelchair":"no","opening_hours":null,"operator":"Ville de Paris","description":null,"password":null}},{"type":"Feature","geometry":{"type":"Point","coordinates":[2.3497871,48.8564832]},"properties":{"id":"node/2222201788","source":"osm","name":null,"fee":"no","charge":null,"access":"yes","wheelchair":"yes","opening_hours":null,"operator":null,"description":null,"password":null}},{"type":"Feature","geometry":{"type":"Point","coordinates":[2.3338419,48.8303611]},"properties":{"id":"node/2231076739","source":"osm","name":null,"fee":"no","charge":null,"access":null,"wheelchair":"yes","opening_hours":null,"operator":null,"description":null,"password":null}},{"type":"Feature","geometry":{"type":"Point","coordinates":[2.315805,48.825248]},"properties":{"id":"node/2252694196","source":"osm","name":null,"fee":"no","charge":null,"access":null,"wheelchair":"yes","opening_hours":"24/7","operator":"JCDecaux","description":null,"password":null}},{"type":"Feature","geometry":{"type":"Point","coordinates":[2.2841542,48.8346384]},"properties":{"id":"node/2256128300","source":"osm","name":null,"fee":"no","charge":null,"access":null,"wheelchair":"yes","opening_hours":null,"operator":null,"description":null,"password":null}},{"type":"Feature","geometry":{"type":"Point","coordinates":[2.2780055,48.8380766]},"properties":{"id":"node/2267772277","source":"osm","name":null,"fee":"no","charge":null,"access":null,"wheelchair":"yes","opening_hours":null,"operator":null,"description":null,"password":null}},{"type":"Feature","geometry":{"type":"Point","coordinates":[2.3752633,48.8302575]},"properties":{"id":"node/2282384923","source":"osm","name":null,"fee":"no","charge":null,"access":"yes","wheelchair":"yes","opening_hours":null,"operator":null,"description":null,"password":null}},{"type":"Feature","geometry":{"type":"Point","coordinates":[2.3590072,48.8972948]},"properties":{"id":"node/2329858037","source":"osm","name":null,"fee":"no","charge":null,"access":"yes","wheelchair":"yes","opening_hours":null,"operator":null,"description":null,"password":null}},{"type":"Feature","geometry":{"type":"Point","coordinates":[2.3562958,48.8859568]},"properties":{"id":"node/2349336730","source":"osm","name":null,"fee":"no","charge":null,"access":null,"wheelchair":"yes","opening_hours":null,"operator":null,"description":null,"password":null}},{"type":"Feature","geometry":{"type":"Point","coordinates":[2.3567317,48.8210556]},"properties":{"id":"node/2356190818","source":"osm","name":null,"fee":"no","charge":null,"access":null,"wheelchair":"yes","opening_hours":null,"operator":null,"description":null,"password":null}},{"type":"Feature","geometry":{"type":"Point","coordinates":[2.3634046,48.8683945]},"properties":{"id":"node/2358813312","source":"osm","name":null,"fee":"no","charge":null,"access":"yes","wheelchair":"yes","opening_hours":null,"operator":"JCDecaux","description":null,"password":null}},{"type":"Feature","geometry":{"type":"Point","coordinates":[2.4004273,48.8806519]},"properties":{"id":"node/2376344207","source":"osm","name":null,"fee":"no","charge":null,"access":null,"wheelchair":"no","opening_hours":null,"operator":null,"description":null,"password":null}},{"type":"Feature","geometry":{"type":"Point","coordinates":[2.3766535,48.8283718]},"properties":{"id":"node/2378416408","source":"osm","name":null,"fee":"no","charge":null,"access":"yes","wheelchair":"yes","opening_hours":null,"operator":"JCDecaux","description":null,"password":null}},{"type":"Feature","geometry":{"type":"Point","coordinates":[2.2911077,48.8572593]},"properties":{"id":"node/2386533041","source":"osm","name":null,"fee":"no","charge":null,"access":"yes","wheelchair":"yes","opening_hours":"24/7","operator":"JCDecaux","description":null,"password":null}},{"type":"Feature","geometry":{"type":"Point","coordinates":[2.3371911,48.8883177]},"properties":{"id":"node/2389937608","source":"osm","name":null,"fee":null,"charge":null,"access":null,"wheelchair":null,"opening_hours":null,"operator":null,"description":null,"password":null}},{"type":"Feature","geometry":{"type":"Point","coordinates":[2.3265199,48.8725355]},"properties":{"id":"node/2392183455","source":"osm","name":null,"fee":"no","charge":null,"access":"yes","wheelchair":"yes","opening_hours":null,"operator":null,"description":null,"password":null}},{"type":"Feature","geometry":{"type":"Point","coordinates":[2.326342,48.8856398]},"properties":{"id":"node/2398400526","source":"osm","name":null,"fee":"no","charge":null,"access":"yes","wheelchair":"yes","opening_hours":null,"operator":null,"description":null,"password":null}},{"type":"Feature","geometry":{"type":"Point","coordinates":[2.2690382,48.8783887]},"properties":{"id":"node/2400760006","source":"osm","name":null,"fee":null,"charge":null,"access":null,"wheelchair":"no","opening_hours":null,"operator":null,"description":null,"password":null}},{"type":"Feature","geometry":{"type":"Point","coordinates":[2.261681,48.8771774]},"properties":{"id":"node/2400762776","source":"osm","name":null,"fee":"no","charge":null,"access":null,"wheelchair":"yes","opening_hours":null,"operator":null,"description":null,"password":null}},{"type":"Feature","geometry":{"type":"Point","coordinates":[2.3777146,48.8319874]},"properties":{"id":"node/2401382061","source":"osm","name":null,"fee":"no","charge":null,"access":null,"wheelchair":null,"opening_hours":null,"operator":"Ville de Paris","description":null,"password":null}},{"type":"Feature","geometry":{"type":"Point","coordinates":[2.305356,48.8262279]},"properties":{"id":"node/2417737092","source":"osm","name":null,"fee":"no","charge":null,"access":null,"wheelchair":"yes","opening_hours":null,"operator":"JCDecaux","description":null,"password":null}},{"type":"Feature","geometry":{"type":"Point","coordinates":[2.3771585,48.8865906]},"properties":{"id":"node/2448103958","source":"osm","name":null,"fee":"no","charge":null,"access":"yes","wheelchair":"yes","opening_hours":"24/7","operator":null,"description":null,"password":null}},{"type":"Feature","geometry":{"type":"Point","coordinates":[2.3494306,48.8294779]},"properties":{"id":"node/2460488901","source":"osm","name":null,"fee":"no","charge":null,"access":null,"wheelchair":"yes","opening_hours":null,"operator":"JCDecaux","description":null,"password":null}},{"type":"Feature","geometry":{"type":"Point","coordinates":[2.3027301,48.8319261]},"properties":{"id":"node/2500391444","source":"osm","name":null,"fee":"no","charge":null,"access":null,"wheelchair":"yes","opening_hours":null,"operator":"JCDecaux","description":null,"password":null}},{"type":"Feature","geometry":{"type":"Point","coordinates":[2.2918419,48.8309535]},"properties":{"id":"node/2500908017","source":"osm","name":null,"fee":"no","charge":null,"access":null,"wheelchair":"yes","opening_hours":null,"operator":"JCDecaux","description":null,"password":null}},{"type":"Feature","geometry":{"type":"Point","coordinates":[2.3449206,48.8550315]},"properties":{"id":"node/2527147440","source":"osm","name":null,"fee":"no","charge":null,"access":null,"wheelchair":"no","opening_hours":null,"operator":null,"description":null,"password":null}},{"type":"Feature","geometry":{"type":"Point","coordinates":[2.304026,48.8792222]},"properties":{"id":"node/2557579607","source":"osm","name":null,"fee":"no","charge":null,"access":null,"wheelchair":"yes","opening_hours":null,"operator":null,"description":null,"password":null}},{"type":"Feature","geometry":{"type":"Point","coordinates":[2.3425441,48.8342486]},"properties":{"id":"node/2623490173","source":"osm","name":null,"fee":"no","charge":null,"access":null,"wheelchair":"yes","opening_hours":null,"operator":null,"description":null,"password":null}},{"type":"Feature","geometry":{"type":"Point","coordinates":[2.3041384,48.8255098]},"properties":{"id":"node/2642678159","source":"osm","name":null,"fee":"no","charge":null,"access":null,"wheelchair":"yes","opening_hours":null,"operator":null,"description":null,"password":null}},{"type":"Feature","geometry":{"type":"Point","coordinates":[2.359469,48.8483965]},"properties":{"id":"node/2695522586","source":"osm","name":"Jardin Tino Rossi","fee":"no","charge":null,"access":null,"wheelchair":"yes","opening_hours":null,"operator":null,"description":null,"password":null}},{"type":"Feature","geometry":{"type":"Point","coordinates":[2.36274,48.8745947]},"properties":{"id":"node/2750842124","source":"osm","name":null,"fee":"no","charge":null,"access":"yes","wheelchair":"yes","opening_hours":"24/7","operator":null,"description":null,"password":null}},{"type":"Feature","geometry":{"type":"Point","coordinates":[2.3616518,48.8755124]},"properties":{"id":"node/2750842126","source":"osm","name":null,"fee":"no","charge":null,"access":null,"wheelchair":"limited","opening_hours":null,"operator":null,"description":null,"password":null}},{"type":"Feature","geometry":{"type":"Point","coordinates":[2.3632117,48.8890187]},"properties":{"id":"node/2776282009","source":"osm","name":null,"fee":null,"charge":null,"access":null,"wheelchair":"yes","opening_hours":null,"operator":null,"description":null,"password":null}},{"type":"Feature","geometry":{"type":"Point","coordinates":[2.4011804,48.8362698]},"properties":{"id":"node/2797655718","source":"osm","name":null,"fee":"no","charge":null,"access":"yes","wheelchair":null,"opening_hours":null,"operator":null,"description":null,"password":null}},{"type":"Feature","geometry":{"type":"Point","coordinates":[2.382028,48.8947371]},"properties":{"id":"node/2828713315","source":"osm","name":null,"fee":"no","charge":null,"access":null,"wheelchair":"yes","opening_hours":null,"operator":null,"description":null,"password":null}},{"type":"Feature","geometry":{"type":"Point","coordinates":[2.3539258,48.895027]},"properties":{"id":"node/2829338693","source":"osm","name":null,"fee":"no","charge":null,"access":null,"wheelchair":"no","opening_hours":null,"operator":null,"description":null,"password":null}},{"type":"Feature","geometry":{"type":"Point","coordinates":[2.4200595,48.8323359]},"properties":{"id":"node/2845192504","source":"osm","name":null,"fee":null,"charge":null,"access":null,"wheelchair":null,"opening_hours":null,"operator":null,"description":null,"password":null}},{"type":"Feature","geometry":{"type":"Point","coordinates":[2.4176394,48.8322107]},"properties":{"id":"node/2845192505","source":"osm","name":null,"fee":null,"charge":null,"access":null,"wheelchair":null,"opening_hours":null,"operator":null,"description":null,"password":null}},{"type":"Feature","geometry":{"type":"Point","coordinates":[2.4147766,48.8330064]},"properties":{"id":"node/2845192521","source":"osm","name":null,"fee":"no","charge":null,"access":null,"wheelchair":"yes","opening_hours":null,"operator":null,"description":null,"password":null}},{"type":"Feature","geometry":{"type":"Point","coordinates":[2.4190611,48.8337431]},"properties":{"id":"node/2846513215","source":"osm","name":null,"fee":"no","charge":null,"access":null,"wheelchair":null,"opening_hours":null,"operator":null,"description":null,"password":null}},{"type":"Feature","geometry":{"type":"Point","coordinates":[2.3109476,48.862505]},"properties":{"id":"node/2849958601","source":"osm","name":null,"fee":"no","charge":null,"access":null,"wheelchair":"yes","opening_hours":"24/7","operator":"JCDecaux","description":null,"password":null}},{"type":"Feature","geometry":{"type":"Point","coordinates":[2.3806301,48.8894902]},"properties":{"id":"node/2869329457","source":"osm","name":null,"fee":"no","charge":null,"access":null,"wheelchair":"yes","opening_hours":null,"operator":null,"description":null,"password":null}},{"type":"Feature","geometry":{"type":"Point","coordinates":[2.357756,48.8347529]},"properties":{"id":"node/2940765605","source":"osm","name":null,"fee":"no","charge":null,"access":"yes","wheelchair":"yes","opening_hours":null,"operator":null,"description":null,"password":null}},{"type":"Feature","geometry":{"type":"Point","coordinates":[2.3676323,48.8488854]},"properties":{"id":"node/2940765615","source":"osm","name":null,"fee":"no","charge":null,"access":null,"wheelchair":"yes","opening_hours":null,"operator":null,"description":null,"password":null}},{"type":"Feature","geometry":{"type":"Point","coordinates":[2.3694355,48.8253617]},"properties":{"id":"node/2942289161","source":"osm","name":null,"fee":null,"charge":null,"access":null,"wheelchair":null,"opening_hours":null,"operator":null,"description":null,"password":null}},{"type":"Feature","geometry":{"type":"Point","coordinates":[2.3672994,48.8275031]},"properties":{"id":"node/2942289173","source":"osm","name":null,"fee":"no","charge":null,"access":null,"wheelchair":"no","opening_hours":null,"operator":null,"description":null,"password":null}},{"type":"Feature","geometry":{"type":"Point","coordinates":[2.3651195,48.8336951]},"properties":{"id":"node/2942297702","source":"osm","name":null,"fee":"no","charge":null,"access":"yes","wheelchair":"yes","opening_hours":"24/7","operator":null,"description":null,"password":null}},{"type":"Feature","geometry":{"type":"Point","coordinates":[2.3625255,48.8338003]},"properties":{"id":"node/2942297704","source":"osm","name":null,"fee":"no","charge":null,"access":null,"wheelchair":"yes","opening_hours":null,"operator":null,"description":null,"password":null}},{"type":"Feature","geometry":{"type":"Point","coordinates":[2.3633569,48.8582183]},"properties":{"id":"node/2942297717","source":"osm","name":null,"fee":"no","charge":null,"access":null,"wheelchair":"yes","opening_hours":null,"operator":null,"description":null,"password":null}},{"type":"Feature","geometry":{"type":"Point","coordinates":[2.4061466,48.8395113]},"properties":{"id":"node/2944152887","source":"osm","name":null,"fee":"no","charge":null,"access":null,"wheelchair":"limited","opening_hours":null,"operator":null,"description":null,"password":null}},{"type":"Feature","geometry":{"type":"Point","coordinates":[2.4022066,48.8409816]},"properties":{"id":"node/2944152901","source":"osm","name":null,"fee":"no","charge":null,"access":"yes","wheelchair":"yes","opening_hours":null,"operator":null,"description":null,"password":null}},{"type":"Feature","geometry":{"type":"Point","coordinates":[2.4099074,48.8419636]},"properties":{"id":"node/2944152902","source":"osm","name":null,"fee":"no","charge":null,"access":null,"wheelchair":"yes","opening_hours":null,"operator":null,"description":null,"password":null}},{"type":"Feature","geometry":{"type":"Point","coordinates":[2.3882529,48.8428499]},"properties":{"id":"node/2944152904","source":"osm","name":null,"fee":"no","charge":null,"access":null,"wheelchair":"no","opening_hours":null,"operator":null,"description":null,"password":null}},{"type":"Feature","geometry":{"type":"Point","coordinates":[2.38202,48.844338]},"properties":{"id":"node/2944152907","source":"osm","name":null,"fee":"no","charge":null,"access":"yes","wheelchair":"yes","opening_hours":null,"operator":null,"description":null,"password":null}},{"type":"Feature","geometry":{"type":"Point","coordinates":[2.4039066,48.8465345]},"properties":{"id":"node/2944152910","source":"osm","name":null,"fee":"no","charge":null,"access":null,"wheelchair":"yes","opening_hours":null,"operator":null,"description":null,"password":null}},{"type":"Feature","geometry":{"type":"Point","coordinates":[2.3809344,48.8519692]},"properties":{"id":"node/2944153739","source":"osm","name":null,"fee":"no","charge":null,"access":"yes","wheelchair":"yes","opening_hours":null,"operator":null,"description":null,"password":null}},{"type":"Feature","geometry":{"type":"Point","coordinates":[2.3853886,48.8521453]},"properties":{"id":"node/2944153740","source":"osm","name":null,"fee":"no","charge":null,"access":"no","wheelchair":"yes","opening_hours":null,"operator":null,"description":null,"password":null}},{"type":"Feature","geometry":{"type":"Point","coordinates":[2.3737503,48.8363211]},"properties":{"id":"node/2946679033","source":"osm","name":null,"fee":"no","charge":null,"access":null,"wheelchair":"no","opening_hours":null,"operator":null,"description":null,"password":null}},{"type":"Feature","geometry":{"type":"Point","coordinates":[2.3931022,48.8767105]},"properties":{"id":"node/2952450787","source":"osm","name":null,"fee":"no","charge":null,"access":null,"wheelchair":"limited","opening_hours":null,"operator":null,"description":null,"password":null}},{"type":"Feature","geometry":{"type":"Point","coordinates":[2.3969286,48.8708961]},"properties":{"id":"node/2988531206","source":"osm","name":null,"fee":null,"charge":null,"access":null,"wheelchair":null,"opening_hours":null,"operator":null,"description":null,"password":null}},{"type":"Feature","geometry":{"type":"Point","coordinates":[2.4112682,48.844097]},"properties":{"id":"node/2994567175","source":"osm","name":null,"fee":"no","charge":null,"access":"yes","wheelchair":"yes","opening_hours":null,"operator":"JCDecaux","description":null,"password":null}},{"type":"Feature","geometry":{"type":"Point","coordinates":[2.3531891,48.8454362]},"properties":{"id":"node/3032445514","source":"osm","name":null,"fee":"yes","charge":null,"access":"yes","wheelchair":"limited","opening_hours":null,"operator":null,"description":null,"password":null}},{"type":"Feature","geometry":{"type":"Point","coordinates":[2.4114608,48.8378588]},"properties":{"id":"node/3087858172","source":"osm","name":null,"fee":"no","charge":null,"access":"yes","wheelchair":"no","opening_hours":null,"operator":null,"description":null,"password":null}},{"type":"Feature","geometry":{"type":"Point","coordinates":[2.3968887,48.8327062]},"properties":{"id":"node/3102594486","source":"osm","name":null,"fee":"no","charge":null,"access":"private","wheelchair":"yes","opening_hours":"Mo-Fr 08:00-12:00,14:00-17:30; Sa 08:30-12:00,14:00-17:30; Su,PH 09:00-12:00,14:00-17:30; Mar 16-Nov 05 Mo-Fr 08:00-12:00,14:00-18:00; Mar 16-Nov 05 Sa 08:30-12:00,14:00-18:00; Mar 16-Nov 05 Su,PH 09:00-12:00,14:00-18:00","operator":null,"description":"Toilettes ouvertes sur demande auprès de l’agent d’accueil. Accès réservé aux concessionnaires, elles ne sont pas ouvertes à tout visiteur.","password":null}},{"type":"Feature","geometry":{"type":"Point","coordinates":[2.4069746,48.8623435]},"properties":{"id":"node/3118263918","source":"osm","name":null,"fee":null,"charge":null,"access":null,"wheelchair":null,"opening_hours":null,"operator":null,"description":null,"password":null}},{"type":"Feature","geometry":{"type":"Point","coordinates":[2.3787271,48.8614785]},"properties":{"id":"node/3248926519","source":"osm","name":null,"fee":"no","charge":null,"access":null,"wheelchair":"no","opening_hours":null,"operator":null,"description":null,"password":null}},{"type":"Feature","geometry":{"type":"Point","coordinates":[2.3545898,48.8470305]},"properties":{"id":"node/3285011705","source":"osm","name":null,"fee":"no","charge":null,"access":null,"wheelchair":null,"opening_hours":null,"operator":null,"description":null,"password":null}},{"type":"Feature","geometry":{"type":"Point","coordinates":[2.3606308,48.8461336]},"properties":{"id":"node/3287974161","source":"osm","name":null,"fee":"no","charge":null,"access":null,"wheelchair":"no","opening_hours":null,"operator":null,"description":null,"password":null}},{"type":"Feature","geometry":{"type":"Point","coordinates":[2.376016,48.8425014]},"properties":{"id":"node/3338698298","source":"osm","name":null,"fee":"no","charge":null,"access":"yes","wheelchair":"no","opening_hours":null,"operator":null,"description":null,"password":null}},{"type":"Feature","geometry":{"type":"Point","coordinates":[2.3719793,48.8593542]},"properties":{"id":"node/3377533824","source":"osm","name":null,"fee":"no","charge":null,"access":null,"wheelchair":"yes","opening_hours":null,"operator":null,"description":null,"password":null}},{"type":"Feature","geometry":{"type":"Point","coordinates":[2.384615,48.8599048]},"properties":{"id":"node/3382466327","source":"osm","name":null,"fee":"no","charge":null,"access":"yes","wheelchair":"yes","opening_hours":null,"operator":null,"description":null,"password":null}},{"type":"Feature","geometry":{"type":"Point","coordinates":[2.3818811,48.8683563]},"properties":{"id":"node/3388823334","source":"osm","name":null,"fee":"no","charge":null,"access":null,"wheelchair":"yes","opening_hours":null,"operator":null,"description":null,"password":null}},{"type":"Feature","geometry":{"type":"Point","coordinates":[2.3663159,48.863556]},"properties":{"id":"node/3389504241","source":"osm","name":null,"fee":"no","charge":null,"access":null,"wheelchair":"yes","opening_hours":null,"operator":"JCDecaux","description":null,"password":null}},{"type":"Feature","geometry":{"type":"Point","coordinates":[2.324143,48.8348789]},"properties":{"id":"node/3399583193","source":"osm","name":null,"fee":"no","charge":null,"access":null,"wheelchair":"yes","opening_hours":"24/7","operator":"JCDecaux","description":null,"password":null}},{"type":"Feature","geometry":{"type":"Point","coordinates":[2.2829576,48.8811232]},"properties":{"id":"node/3407568555","source":"osm","name":null,"fee":"no","charge":null,"access":null,"wheelchair":"yes","opening_hours":null,"operator":"JCDecaux","description":null,"password":null}},{"type":"Feature","geometry":{"type":"Point","coordinates":[2.3268478,48.840476]},"properties":{"id":"node/3427727193","source":"osm","name":null,"fee":"no","charge":null,"access":null,"wheelchair":"yes","opening_hours":"24/7","operator":"JCDecaux","description":null,"password":null}},{"type":"Feature","geometry":{"type":"Point","coordinates":[2.3545336,48.8614056]},"properties":{"id":"node/3523987384","source":"osm","name":null,"fee":"no","charge":null,"access":"yes","wheelchair":null,"opening_hours":null,"operator":null,"description":null,"password":null}},{"type":"Feature","geometry":{"type":"Point","coordinates":[2.3004317,48.8550071]},"properties":{"id":"node/3537909779","source":"osm","name":null,"fee":"no","charge":null,"access":"yes","wheelchair":"yes","opening_hours":"Mo-Su,PH 12:00-12:00","operator":"JCDecaux","description":null,"password":null}},{"type":"Feature","geometry":{"type":"Point","coordinates":[2.3650028,48.8662567]},"properties":{"id":"node/3563640167","source":"osm","name":null,"fee":"no","charge":null,"access":"yes","wheelchair":"yes","opening_hours":null,"operator":null,"description":null,"password":null}},{"type":"Feature","geometry":{"type":"Point","coordinates":[2.3535086,48.8694054]},"properties":{"id":"node/3567122299","source":"osm","name":null,"fee":"no","charge":null,"access":"yes","wheelchair":"yes","opening_hours":"24/7","operator":null,"description":null,"password":null}},{"type":"Feature","geometry":{"type":"Point","coordinates":[2.3654751,48.8718467]},"properties":{"id":"node/3662337245","source":"osm","name":null,"fee":"no","charge":null,"access":null,"wheelchair":"yes","opening_hours":null,"operator":null,"description":null,"password":null}},{"type":"Feature","geometry":{"type":"Point","coordinates":[2.3636604,48.8749247]},"properties":{"id":"node/3662339191","source":"osm","name":null,"fee":"no","charge":null,"access":"yes","wheelchair":"yes","opening_hours":null,"operator":null,"description":null,"password":null}},{"type":"Feature","geometry":{"type":"Point","coordinates":[2.3607784,48.8683446]},"properties":{"id":"node/3688065165","source":"osm","name":null,"fee":"no","charge":null,"access":"yes","wheelchair":"yes","opening_hours":null,"operator":null,"description":null,"password":null}},{"type":"Feature","geometry":{"type":"Point","coordinates":[2.3382475,48.8262166]},"properties":{"id":"node/3705336202","source":"osm","name":null,"fee":"no","charge":null,"access":"yes","wheelchair":"yes","opening_hours":null,"operator":null,"description":null,"password":null}},{"type":"Feature","geometry":{"type":"Point","coordinates":[2.3434946,48.8827172]},"properties":{"id":"node/3765617815","source":"osm","name":null,"fee":"no","charge":null,"access":"yes","wheelchair":"yes","opening_hours":null,"operator":null,"description":null,"password":null}},{"type":"Feature","geometry":{"type":"Point","coordinates":[2.3127592,48.8694215]},"properties":{"id":"node/3765658839","source":"osm","name":null,"fee":"no","charge":null,"access":"yes","wheelchair":"yes","opening_hours":"24/7","operator":null,"description":null,"password":null}},{"type":"Feature","geometry":{"type":"Point","coordinates":[2.3727418,48.8222832]},"properties":{"id":"node/3811940253","source":"osm","name":null,"fee":"no","charge":null,"access":null,"wheelchair":"yes","opening_hours":null,"operator":null,"description":null,"password":null}},{"type":"Feature","geometry":{"type":"Point","coordinates":[2.2776248,48.8462417]},"properties":{"id":"node/3906583847","source":"osm","name":null,"fee":"no","charge":null,"access":null,"wheelchair":"yes","opening_hours":null,"operator":"JCDecaux","description":null,"password":null}},{"type":"Feature","geometry":{"type":"Point","coordinates":[2.3468848,48.8767599]},"properties":{"id":"node/3987908787","source":"osm","name":null,"fee":"no","charge":null,"access":null,"wheelchair":"yes","opening_hours":null,"operator":"JCDecaux","description":null,"password":null}},{"type":"Feature","geometry":{"type":"Point","coordinates":[2.3488334,48.8598567]},"properties":{"id":"node/3988545266","source":"osm","name":null,"fee":"no","charge":null,"access":null,"wheelchair":"yes","opening_hours":null,"operator":"JCDecaux","description":null,"password":null}},{"type":"Feature","geometry":{"type":"Point","coordinates":[2.2761959,48.8417494]},"properties":{"id":"node/4185531399","source":"osm","name":null,"fee":"no","charge":null,"access":null,"wheelchair":"no","opening_hours":null,"operator":null,"description":null,"password":null}},{"type":"Feature","geometry":{"type":"Point","coordinates":[2.274989,48.8422165]},"properties":{"id":"node/4185531793","source":"osm","name":null,"fee":"no","charge":null,"access":null,"wheelchair":"no","opening_hours":null,"operator":null,"description":null,"password":null}},{"type":"Feature","geometry":{"type":"Point","coordinates":[2.368358,48.8526559]},"properties":{"id":"node/4212283213","source":"osm","name":null,"fee":"no","charge":null,"access":"yes","wheelchair":"yes","opening_hours":"24/7","operator":"JCDecaux","description":null,"password":null}},{"type":"Feature","geometry":{"type":"Point","coordinates":[2.4112709,48.8461901]},"properties":{"id":"node/4229001610","source":"osm","name":null,"fee":"no","charge":null,"access":null,"wheelchair":"yes","opening_hours":null,"operator":"JCDecaux","description":null,"password":null}},{"type":"Feature","geometry":{"type":"Point","coordinates":[2.3612746,48.8404034]},"properties":{"id":"node/4260550556","source":"osm","name":null,"fee":"no","charge":null,"access":null,"wheelchair":"yes","opening_hours":null,"operator":null,"description":null,"password":null}},{"type":"Feature","geometry":{"type":"Point","coordinates":[2.4131147,48.8723477]},"properties":{"id":"node/4293351119","source":"osm","name":null,"fee":"no","charge":null,"access":null,"wheelchair":"no","opening_hours":null,"operator":null,"description":null,"password":null}},{"type":"Feature","geometry":{"type":"Point","coordinates":[2.3055938,48.842111]},"properties":{"id":"node/4294842645","source":"osm","name":null,"fee":"no","charge":null,"access":null,"wheelchair":"no","opening_hours":null,"operator":null,"description":null,"password":null}},{"type":"Feature","geometry":{"type":"Point","coordinates":[2.3196159,48.8398638]},"properties":{"id":"node/4319143324","source":"osm","name":null,"fee":"no","charge":null,"access":"permissive","wheelchair":null,"opening_hours":null,"operator":null,"description":null,"password":null}},{"type":"Feature","geometry":{"type":"Point","coordinates":[2.3530123,48.8963628]},"properties":{"id":"node/4333771650","source":"osm","name":null,"fee":"no","charge":null,"access":"yes","wheelchair":"yes","opening_hours":null,"operator":null,"description":null,"password":null}},{"type":"Feature","geometry":{"type":"Point","coordinates":[2.2963476,48.8563242]},"properties":{"id":"node/4340247153","source":"osm","name":null,"fee":"no","charge":null,"access":"yes","wheelchair":"yes","opening_hours":null,"operator":null,"description":null,"password":null}},{"type":"Feature","geometry":{"type":"Point","coordinates":[2.3204967,48.8513838]},"properties":{"id":"node/4348624691","source":"osm","name":null,"fee":"no","charge":null,"access":"yes","wheelchair":"no","opening_hours":null,"operator":null,"description":null,"password":null}},{"type":"Feature","geometry":{"type":"Point","coordinates":[2.369858,48.8312179]},"properties":{"id":"node/4381939995","source":"osm","name":null,"fee":"no","charge":null,"access":"yes","wheelchair":"no","opening_hours":null,"operator":null,"description":null,"password":null}},{"type":"Feature","geometry":{"type":"Point","coordinates":[2.3688184,48.8352147]},"properties":{"id":"node/4381994209","source":"osm","name":null,"fee":"no","charge":null,"access":null,"wheelchair":"yes","opening_hours":null,"operator":"JCDecaux","description":null,"password":null}},{"type":"Feature","geometry":{"type":"Point","coordinates":[2.3522239,48.8491195]},"properties":{"id":"node/4394766604","source":"osm","name":null,"fee":"no","charge":null,"access":"yes","wheelchair":null,"opening_hours":null,"operator":null,"description":null,"password":null}},{"type":"Feature","geometry":{"type":"Point","coordinates":[2.236132,48.8690533]},"properties":{"id":"node/4398193827","source":"osm","name":null,"fee":"no","charge":null,"access":null,"wheelchair":"yes","opening_hours":null,"operator":null,"description":null,"password":null}},{"type":"Feature","geometry":{"type":"Point","coordinates":[2.2375402,48.8697079]},"properties":{"id":"node/4398193828","source":"osm","name":null,"fee":null,"charge":null,"access":null,"wheelchair":null,"opening_hours":null,"operator":null,"description":null,"password":null}},{"type":"Feature","geometry":{"type":"Point","coordinates":[2.3558096,48.8578342]},"properties":{"id":"node/4406170841","source":"osm","name":null,"fee":"no","charge":null,"access":"yes","wheelchair":"yes","opening_hours":"24/7","operator":"Mairie de Paris","description":null,"password":null}},{"type":"Feature","geometry":{"type":"Point","coordinates":[2.3157953,48.8360755]},"properties":{"id":"node/4427909522","source":"osm","name":null,"fee":"no","charge":null,"access":null,"wheelchair":"yes","opening_hours":null,"operator":null,"description":null,"password":null}},{"type":"Feature","geometry":{"type":"Point","coordinates":[2.402125,48.8715447]},"properties":{"id":"node/4497088875","source":"osm","name":null,"fee":"no","charge":null,"access":"yes","wheelchair":"yes","opening_hours":null,"operator":null,"description":null,"password":null}},{"type":"Feature","geometry":{"type":"Point","coordinates":[2.3893218,48.8588123]},"properties":{"id":"node/4638378969","source":"osm","name":null,"fee":"no","charge":null,"access":null,"wheelchair":"yes","opening_hours":null,"operator":null,"description":null,"password":null}},{"type":"Feature","geometry":{"type":"Point","coordinates":[2.3392733,48.8894099]},"properties":{"id":"node/4706517394","source":"osm","name":null,"fee":"no","charge":null,"access":null,"wheelchair":"yes","opening_hours":null,"operator":null,"description":null,"password":null}},{"type":"Feature","geometry":{"type":"Point","coordinates":[2.3546689,48.8542702]},"properties":{"id":"node/4795397255","source":"osm","name":null,"fee":"no","charge":null,"access":"yes","wheelchair":"yes","opening_hours":null,"operator":null,"description":null,"password":null}},{"type":"Feature","geometry":{"type":"Point","coordinates":[2.3631657,48.8884212]},"properties":{"id":"node/4861793884","source":"osm","name":null,"fee":"no","charge":null,"access":null,"wheelchair":null,"opening_hours":null,"operator":null,"description":null,"password":null}},{"type":"Feature","geometry":{"type":"Point","coordinates":[2.3113253,48.8536894]},"properties":{"id":"node/4868214670","source":"osm","name":null,"fee":"no","charge":null,"access":"yes","wheelchair":null,"opening_hours":null,"operator":null,"description":null,"password":null}},{"type":"Feature","geometry":{"type":"Point","coordinates":[2.3600563,48.8358197]},"properties":{"id":"node/4872467487","source":"osm","name":null,"fee":"no","charge":null,"access":null,"wheelchair":"yes","opening_hours":"24/7","operator":"JCDecaux","description":null,"password":null}},{"type":"Feature","geometry":{"type":"Point","coordinates":[2.3276082,48.836202]},"properties":{"id":"node/4885729912","source":"osm","name":null,"fee":"no","charge":null,"access":"yes","wheelchair":"yes","opening_hours":null,"operator":null,"description":null,"password":null}},{"type":"Feature","geometry":{"type":"Point","coordinates":[2.3197941,48.8625445]},"properties":{"id":"node/4900537188","source":"osm","name":null,"fee":"no","charge":null,"access":null,"wheelchair":"yes","opening_hours":null,"operator":null,"description":null,"password":null}},{"type":"Feature","geometry":{"type":"Point","coordinates":[2.2898633,48.8555313]},"properties":{"id":"node/4948589421","source":"osm","name":null,"fee":"no","charge":null,"access":"yes","wheelchair":"yes","opening_hours":"24/7","operator":null,"description":null,"password":null}},{"type":"Feature","geometry":{"type":"Point","coordinates":[2.3493799,48.8481432]},"properties":{"id":"node/4965487907","source":"osm","name":null,"fee":"no","charge":null,"access":"private","wheelchair":"yes","opening_hours":null,"operator":null,"description":null,"password":null}},{"type":"Feature","geometry":{"type":"Point","coordinates":[2.3493938,48.8540191]},"properties":{"id":"node/4979115024","source":"osm","name":null,"fee":"no","charge":null,"access":null,"wheelchair":"yes","opening_hours":"24/7","operator":null,"description":null,"password":null}},{"type":"Feature","geometry":{"type":"Point","coordinates":[2.3850381,48.8715553]},"properties":{"id":"node/4984661921","source":"osm","name":null,"fee":"no","charge":null,"access":null,"wheelchair":"yes","opening_hours":null,"operator":null,"description":null,"password":null}},{"type":"Feature","geometry":{"type":"Point","coordinates":[2.3463174,48.8573431]},"properties":{"id":"node/5003109331","source":"osm","name":null,"fee":"no","charge":null,"access":null,"wheelchair":"no","opening_hours":null,"operator":null,"description":null,"password":null}},{"type":"Feature","geometry":{"type":"Point","coordinates":[2.3818103,48.8345618]},"properties":{"id":"node/5008106761","source":"osm","name":null,"fee":"no","charge":null,"access":"yes","wheelchair":"yes","opening_hours":null,"operator":null,"description":null,"password":null}},{"type":"Feature","geometry":{"type":"Point","coordinates":[2.3339948,48.8464323]},"properties":{"id":"node/5016628324","source":"osm","name":null,"fee":"no","charge":null,"access":null,"wheelchair":"no","opening_hours":null,"operator":null,"description":null,"password":null}},{"type":"Feature","geometry":{"type":"Point","coordinates":[2.2567827,48.8476385]},"properties":{"id":"node/5071722325","source":"osm","name":null,"fee":"no","charge":null,"access":"yes","wheelchair":"no","opening_hours":null,"operator":"Paris","description":null,"password":null}},{"type":"Feature","geometry":{"type":"Point","coordinates":[2.2527784,48.84597]},"properties":{"id":"node/5071807221","source":"osm","name":null,"fee":"no","charge":null,"access":null,"wheelchair":"yes","opening_hours":null,"operator":"Paris","description":null,"password":null}},{"type":"Feature","geometry":{"type":"Point","coordinates":[2.3441458,48.8507979]},"properties":{"id":"node/5088814128","source":"osm","name":null,"fee":"no","charge":null,"access":null,"wheelchair":"yes","opening_hours":"24/7","operator":null,"description":null,"password":null}},{"type":"Feature","geometry":{"type":"Point","coordinates":[2.4142942,48.8327601]},"properties":{"id":"node/5137788874","source":"osm","name":null,"fee":"no","charge":null,"access":null,"wheelchair":"yes","opening_hours":null,"operator":null,"description":null,"password":null}},{"type":"Feature","geometry":{"type":"Point","coordinates":[2.3533433,48.8306308]},"properties":{"id":"node/5140375289","source":"osm","name":null,"fee":"no","charge":null,"access":null,"wheelchair":"yes","opening_hours":null,"operator":"Mairie de Paris","description":null,"password":null}},{"type":"Feature","geometry":{"type":"Point","coordinates":[2.3892166,48.8637734]},"properties":{"id":"node/5148552350","source":"osm","name":null,"fee":"no","charge":null,"access":"yes","wheelchair":"yes","opening_hours":null,"operator":null,"description":null,"password":null}},{"type":"Feature","geometry":{"type":"Point","coordinates":[2.3595808,48.8532056]},"properties":{"id":"node/5153654317","source":"osm","name":null,"fee":"no","charge":null,"access":"yes","wheelchair":"yes","opening_hours":null,"operator":null,"description":null,"password":null}},{"type":"Feature","geometry":{"type":"Point","coordinates":[2.3999602,48.8662172]},"properties":{"id":"node/5155507732","source":"osm","name":null,"fee":"no","charge":null,"access":"yes","wheelchair":"no","opening_hours":null,"operator":null,"description":null,"password":null}},{"type":"Feature","geometry":{"type":"Point","coordinates":[2.3726768,48.8617368]},"properties":{"id":"node/5267662885","source":"osm","name":null,"fee":"no","charge":null,"access":null,"wheelchair":"yes","opening_hours":"24/7","operator":"JCDecaux","description":null,"password":null}},{"type":"Feature","geometry":{"type":"Point","coordinates":[2.3930042,48.8762052]},"properties":{"id":"node/5267714708","source":"osm","name":null,"fee":"no","charge":null,"access":null,"wheelchair":"yes","opening_hours":"06:00-22:00","operator":"JCDecaux","description":null,"password":null}},{"type":"Feature","geometry":{"type":"Point","coordinates":[2.3405384,48.899289]},"properties":{"id":"node/5267714709","source":"osm","name":null,"fee":"no","charge":null,"access":"yes","wheelchair":"yes","opening_hours":"24/7","operator":"JCDecaux","description":null,"password":null}},{"type":"Feature","geometry":{"type":"Point","coordinates":[2.2630812,48.839853]},"properties":{"id":"node/5267714710","source":"osm","name":null,"fee":"no","charge":null,"access":"yes","wheelchair":"yes","opening_hours":"06:00-22:00","operator":"JCDecaux","description":null,"password":null}},{"type":"Feature","geometry":{"type":"Point","coordinates":[2.3500306,48.8615339]},"properties":{"id":"node/5267714711","source":"osm","name":null,"fee":"no","charge":null,"access":null,"wheelchair":"yes","opening_hours":"24/7","operator":"JCDecaux","description":null,"password":null}},{"type":"Feature","geometry":{"type":"Point","coordinates":[2.3789509,48.8954931]},"properties":{"id":"node/5267714712","source":"osm","name":null,"fee":"no","charge":null,"access":null,"wheelchair":"yes","opening_hours":"06:00-22:00","operator":"JCDecaux","description":null,"password":null}},{"type":"Feature","geometry":{"type":"Point","coordinates":[2.3698596,48.8933872]},"properties":{"id":"node/5267714713","source":"osm","name":null,"fee":"no","charge":null,"access":null,"wheelchair":"yes","opening_hours":"06:00-22:00,00:00-00:00","operator":"JCDecaux","description":null,"password":null}},{"type":"Feature","geometry":{"type":"Point","coordinates":[2.30208,48.8478374]},"properties":{"id":"node/5267714714","source":"osm","name":null,"fee":"no","charge":null,"access":null,"wheelchair":"yes","opening_hours":"24/7","operator":"JCDecaux","description":null,"password":null}},{"type":"Feature","geometry":{"type":"Point","coordinates":[2.3551515,48.8841937]},"properties":{"id":"node/5267714715","source":"osm","name":null,"fee":"no","charge":null,"access":null,"wheelchair":"yes","opening_hours":"24/7","operator":"JCDecaux","description":null,"password":null}},{"type":"Feature","geometry":{"type":"Point","coordinates":[2.3288646,48.8226285]},"properties":{"id":"node/5267714716","source":"osm","name":null,"fee":"no","charge":null,"access":"yes","wheelchair":"yes","opening_hours":"PH,Mo-Su 00:00-23:59","operator":"JCDecaux","description":null,"password":null}},{"type":"Feature","geometry":{"type":"Point","coordinates":[2.3617098,48.8325115]},"properties":{"id":"node/5267714717","source":"osm","name":null,"fee":"no","charge":null,"access":null,"wheelchair":"yes","opening_hours":"06:00-22:00","operator":"JCDecaux","description":null,"password":null}},{"type":"Feature","geometry":{"type":"Point","coordinates":[2.4040144,48.8332259]},"properties":{"id":"node/5267714718","source":"osm","name":null,"fee":"no","charge":null,"access":null,"wheelchair":"yes","opening_hours":"06:00-01:00","operator":"JCDecaux","description":null,"password":null}},{"type":"Feature","geometry":{"type":"Point","coordinates":[2.3012288,48.8688452]},"properties":{"id":"node/5267714719","source":"osm","name":null,"fee":"no","charge":null,"access":null,"wheelchair":"yes","opening_hours":"06:00-22:00","operator":"JCDecaux","description":null,"password":null}},{"type":"Feature","geometry":{"type":"Point","coordinates":[2.3323413,48.8412114]},"properties":{"id":"node/5267714720","source":"osm","name":null,"fee":"no","charge":null,"access":null,"wheelchair":"yes","opening_hours":"06:00-22:00","operator":"JCDecaux","description":null,"password":null}},{"type":"Feature","geometry":{"type":"Point","coordinates":[2.4089867,48.852734]},"properties":{"id":"node/5267714922","source":"osm","name":null,"fee":"no","charge":null,"access":null,"wheelchair":"yes","opening_hours":"06:00-22:00","operator":"JCDecaux","description":null,"password":null}},{"type":"Feature","geometry":{"type":"Point","coordinates":[2.4000316,48.8482636]},"properties":{"id":"node/5267714923","source":"osm","name":null,"fee":"no","charge":null,"access":null,"wheelchair":"yes","opening_hours":"06:00-22:00","operator":"JCDecaux","description":null,"password":null}},{"type":"Feature","geometry":{"type":"Point","coordinates":[2.3417225,48.8977615]},"properties":{"id":"node/5267714924","source":"osm","name":null,"fee":"no","charge":null,"access":null,"wheelchair":"yes","opening_hours":"06:00-22:00","operator":"JCDecaux","description":null,"password":null}},{"type":"Feature","geometry":{"type":"Point","coordinates":[2.3534008,48.8840736]},"properties":{"id":"node/5267714925","source":"osm","name":null,"fee":"no","charge":null,"access":null,"wheelchair":"yes","opening_hours":"24/7","operator":"JCDecaux","description":null,"password":null}},{"type":"Feature","geometry":{"type":"Point","coordinates":[2.3402542,48.900697]},"properties":{"id":"node/5267714927","source":"osm","name":null,"fee":"no","charge":null,"access":"yes","wheelchair":"yes","opening_hours":"06:00-22:00","operator":"JCDecaux","description":null,"password":null}},{"type":"Feature","geometry":{"type":"Point","coordinates":[2.3534216,48.8856514]},"properties":{"id":"node/5267714928","source":"osm","name":null,"fee":"no","charge":null,"access":null,"wheelchair":"yes","opening_hours":"06:00-22:00","operator":"JCDecaux","description":null,"password":null}},{"type":"Feature","geometry":{"type":"Point","coordinates":[2.2586199,48.8383971]},"properties":{"id":"node/5267714929","source":"osm","name":null,"fee":"no","charge":null,"access":"yes","wheelchair":"yes","opening_hours":"06:00-22:00","operator":"JCDecaux","description":null,"password":null}},{"type":"Feature","geometry":{"type":"Point","coordinates":[2.3164276,48.8409122]},"properties":{"id":"node/5267714930","source":"osm","name":null,"fee":"no","charge":null,"access":null,"wheelchair":"yes","opening_hours":"06:00-22:00","operator":"JCDecaux","description":null,"password":null}},{"type":"Feature","geometry":{"type":"Point","coordinates":[2.3223384,48.8381106]},"properties":{"id":"node/5267714931","source":"osm","name":null,"fee":"no","charge":null,"access":null,"wheelchair":"yes","opening_hours":"06:00-01:00","operator":"JCDecaux","description":null,"password":null}},{"type":"Feature","geometry":{"type":"Point","coordinates":[2.3444357,48.8311291]},"properties":{"id":"node/5267714932","source":"osm","name":null,"fee":"no","charge":null,"access":null,"wheelchair":"yes","opening_hours":"24/7","operator":"JCDecaux","description":null,"password":null}},{"type":"Feature","geometry":{"type":"Point","coordinates":[2.3923013,48.8391587]},"properties":{"id":"node/5267714934","source":"osm","name":null,"fee":"no","charge":null,"access":null,"wheelchair":"yes","opening_hours":"24/7","operator":"JCDecaux","description":null,"password":null}},{"type":"Feature","geometry":{"type":"Point","coordinates":[2.3391693,48.8820903]},"properties":{"id":"node/5267714935","source":"osm","name":null,"fee":"no","charge":null,"access":null,"wheelchair":"yes","opening_hours":"24/7","operator":"JCDecaux","description":null,"password":null}},{"type":"Feature","geometry":{"type":"Point","coordinates":[2.3101696,48.8701415]},"properties":{"id":"node/5267714936","source":"osm","name":null,"fee":"no","charge":null,"access":null,"wheelchair":"yes","opening_hours":"06:00-22:00","operator":"JCDecaux","description":null,"password":null}},{"type":"Feature","geometry":{"type":"Point","coordinates":[2.3548502,48.8493422]},"properties":{"id":"node/5267714937","source":"osm","name":null,"fee":"no","charge":null,"access":null,"wheelchair":"yes","opening_hours":"06:00-22:00","operator":"JCDecaux","description":null,"password":null}},{"type":"Feature","geometry":{"type":"Point","coordinates":[2.3833897,48.866755]},"properties":{"id":"node/5267714938","source":"osm","name":null,"fee":"no","charge":null,"access":"yes","wheelchair":"yes","opening_hours":"24/7","operator":"JCDecaux","description":null,"password":null}},{"type":"Feature","geometry":{"type":"Point","coordinates":[2.3772457,48.8909692]},"properties":{"id":"node/5267714939","source":"osm","name":null,"fee":"no","charge":null,"access":"yes","wheelchair":"yes","opening_hours":"06:00-22:00","operator":"JCDecaux","description":null,"password":null}},{"type":"Feature","geometry":{"type":"Point","coordinates":[2.3856514,48.8973014]},"properties":{"id":"node/5267714940","source":"osm","name":null,"fee":"no","charge":null,"access":"yes","wheelchair":"yes","opening_hours":"24/7","operator":"JCDecaux","description":null,"password":null}},{"type":"Feature","geometry":{"type":"Point","coordinates":[2.3758563,48.8959941]},"properties":{"id":"node/5267714941","source":"osm","name":null,"fee":"no","charge":null,"access":null,"wheelchair":"yes","opening_hours":"06:00-22:00","operator":"JC Decaux","description":null,"password":null}},{"type":"Feature","geometry":{"type":"Point","coordinates":[2.255987,48.8458131]},"properties":{"id":"node/5267714944","source":"osm","name":null,"fee":"no","charge":null,"access":"yes","wheelchair":"yes","opening_hours":"06:00-22:00","operator":"JC Decaux","description":null,"password":null}},{"type":"Feature","geometry":{"type":"Point","coordinates":[2.2913085,48.8394771]},"properties":{"id":"node/5267714945","source":"osm","name":null,"fee":"no","charge":null,"access":null,"wheelchair":"yes","opening_hours":"06:00-22:00","operator":"JCDecaux","description":null,"password":null}},{"type":"Feature","geometry":{"type":"Point","coordinates":[2.3211169,48.8243414]},"properties":{"id":"node/5267714946","source":"osm","name":null,"fee":"no","charge":null,"access":null,"wheelchair":"yes","opening_hours":"06:00-22:00","operator":"JCDecaux","description":null,"password":null}},{"type":"Feature","geometry":{"type":"Point","coordinates":[2.3231556,48.8421678]},"properties":{"id":"node/5267714947","source":"osm","name":null,"fee":"no","charge":null,"access":null,"wheelchair":"yes","opening_hours":"24/7","operator":"JCDecaux","description":null,"password":null}},{"type":"Feature","geometry":{"type":"Point","coordinates":[2.3711689,48.86968]},"properties":{"id":"node/5267714948","source":"osm","name":null,"fee":"no","charge":null,"access":"yes","wheelchair":"yes","opening_hours":"24/7","operator":"JCDecaux","description":null,"password":null}},{"type":"Feature","geometry":{"type":"Point","coordinates":[2.3385455,48.8721333]},"properties":{"id":"node/5267714949","source":"osm","name":"JCDecaux toilet","fee":"no","charge":null,"access":null,"wheelchair":"yes","opening_hours":"06:00-22:00","operator":"JCDecaux","description":null,"password":null}},{"type":"Feature","geometry":{"type":"Point","coordinates":[2.3180873,48.8651545]},"properties":{"id":"node/5267714950","source":"osm","name":null,"fee":"no","charge":null,"access":null,"wheelchair":"yes","opening_hours":"24/7","operator":"JCDecaux","description":null,"password":null}},{"type":"Feature","geometry":{"type":"Point","coordinates":[2.2751999,48.865215]},"properties":{"id":"node/5307379708","source":"osm","name":null,"fee":"no","charge":null,"access":null,"wheelchair":"yes","opening_hours":null,"operator":null,"description":null,"password":null}},{"type":"Feature","geometry":{"type":"Point","coordinates":[2.3752075,48.8700027]},"properties":{"id":"node/5312122465","source":"osm","name":null,"fee":"no","charge":null,"access":null,"wheelchair":"yes","opening_hours":null,"operator":null,"description":null,"password":null}},{"type":"Feature","geometry":{"type":"Point","coordinates":[2.2805931,48.8411792]},"properties":{"id":"node/5421402351","source":"osm","name":null,"fee":"no","charge":null,"access":null,"wheelchair":"yes","opening_hours":"Nov 06-Mar 15 Mo-Fr 08:00-17:30; Nov 06-Mar 15 Sa 08:30-17:30; Nov 06-Mar 15 Su 09:00-17:30; Mar 16-Nov 05 Mo-Fr 08:00-18:00; Mar 16-Nov 05 Sa 08:30-18:00; Mar 16-Nov 05 Su 09:00-18:00","operator":null,"description":null,"password":null}},{"type":"Feature","geometry":{"type":"Point","coordinates":[2.349467,48.8287604]},"properties":{"id":"node/5463169522","source":"osm","name":null,"fee":"no","charge":null,"access":"yes","wheelchair":"yes","opening_hours":null,"operator":null,"description":null,"password":null}},{"type":"Feature","geometry":{"type":"Point","coordinates":[2.3656944,48.8239122]},"properties":{"id":"node/5470693549","source":"osm","name":null,"fee":"no","charge":null,"access":"permissive","wheelchair":null,"opening_hours":null,"operator":null,"description":null,"password":null}},{"type":"Feature","geometry":{"type":"Point","coordinates":[2.2546068,48.8412229]},"properties":{"id":"node/5482507623","source":"osm","name":null,"fee":null,"charge":null,"access":null,"wheelchair":"yes","opening_hours":null,"operator":null,"description":null,"password":null}},{"type":"Feature","geometry":{"type":"Point","coordinates":[2.3661248,48.8494781]},"properties":{"id":"node/5515713259","source":"osm","name":null,"fee":"no","charge":null,"access":"yes","wheelchair":"yes","opening_hours":null,"operator":"JCDecaux","description":null,"password":null}},{"type":"Feature","geometry":{"type":"Point","coordinates":[2.3252344,48.8830989]},"properties":{"id":"node/5517283651","source":"osm","name":null,"fee":"no","charge":null,"access":"yes","wheelchair":"yes","opening_hours":null,"operator":null,"description":null,"password":null}},{"type":"Feature","geometry":{"type":"Point","coordinates":[2.278903,48.8405977]},"properties":{"id":"node/5584125822","source":"osm","name":null,"fee":"no","charge":null,"access":null,"wheelchair":"no","opening_hours":null,"operator":null,"description":null,"password":null}},{"type":"Feature","geometry":{"type":"Point","coordinates":[2.4113072,48.8514134]},"properties":{"id":"node/5584725160","source":"osm","name":null,"fee":"no","charge":null,"access":null,"wheelchair":"yes","opening_hours":null,"operator":"JCDecaux","description":null,"password":null}},{"type":"Feature","geometry":{"type":"Point","coordinates":[2.3877347,48.8659613]},"properties":{"id":"node/5586171116","source":"osm","name":null,"fee":"no","charge":null,"access":null,"wheelchair":"yes","opening_hours":"closed for renovation","operator":"JCDecaux","description":null,"password":null}},{"type":"Feature","geometry":{"type":"Point","coordinates":[2.3482533,48.8216657]},"properties":{"id":"node/5604228724","source":"osm","name":null,"fee":"no","charge":null,"access":"yes","wheelchair":"yes","opening_hours":null,"operator":null,"description":null,"password":null}},{"type":"Feature","geometry":{"type":"Point","coordinates":[2.3315758,48.8915453]},"properties":{"id":"node/5630307421","source":"osm","name":null,"fee":"no","charge":null,"access":null,"wheelchair":"yes","opening_hours":null,"operator":null,"description":null,"password":null}},{"type":"Feature","geometry":{"type":"Point","coordinates":[2.3443513,48.8851372]},"properties":{"id":"node/5632911021","source":"osm","name":null,"fee":"no","charge":null,"access":null,"wheelchair":"yes","opening_hours":"24/7","operator":null,"description":null,"password":null}},{"type":"Feature","geometry":{"type":"Point","coordinates":[2.3607208,48.8291237]},"properties":{"id":"node/5635498337","source":"osm","name":null,"fee":"no","charge":null,"access":"yes","wheelchair":"yes","opening_hours":null,"operator":"JCDecaux","description":null,"password":null}},{"type":"Feature","geometry":{"type":"Point","coordinates":[2.3726897,48.8327227]},"properties":{"id":"node/5659256293","source":"osm","name":null,"fee":"no","charge":null,"access":"permissive","wheelchair":"designated","opening_hours":"24/7","operator":null,"description":null,"password":null}},{"type":"Feature","geometry":{"type":"Point","coordinates":[2.4044005,48.8365034]},"properties":{"id":"node/5691531454","source":"osm","name":null,"fee":"no","charge":null,"access":"yes","wheelchair":"yes","opening_hours":null,"operator":"Ville de Paris","description":null,"password":null}},{"type":"Feature","geometry":{"type":"Point","coordinates":[2.3739259,48.8886912]},"properties":{"id":"node/5694829922","source":"osm","name":null,"fee":"no","charge":null,"access":null,"wheelchair":"yes","opening_hours":null,"operator":null,"description":null,"password":null}},{"type":"Feature","geometry":{"type":"Point","coordinates":[2.4067998,48.8346552]},"properties":{"id":"node/5730943727","source":"osm","name":null,"fee":"no","charge":null,"access":"yes","wheelchair":"limited","opening_hours":null,"operator":null,"description":null,"password":null}},{"type":"Feature","geometry":{"type":"Point","coordinates":[2.3764033,48.8740643]},"properties":{"id":"node/5743899830","source":"osm","name":null,"fee":"no","charge":null,"access":"yes","wheelchair":"yes","opening_hours":null,"operator":null,"description":null,"password":null}},{"type":"Feature","geometry":{"type":"Point","coordinates":[2.3774551,48.8444841]},"properties":{"id":"node/5774759984","source":"osm","name":null,"fee":"no","charge":null,"access":"yes","wheelchair":"yes","opening_hours":"24/7","operator":null,"description":null,"password":null}},{"type":"Feature","geometry":{"type":"Point","coordinates":[2.3277394,48.8399066]},"properties":{"id":"node/5796005555","source":"osm","name":null,"fee":"no","charge":null,"access":"yes","wheelchair":"yes","opening_hours":null,"operator":null,"description":null,"password":null}},{"type":"Feature","geometry":{"type":"Point","coordinates":[2.2618001,48.8792962]},"properties":{"id":"node/5796340175","source":"osm","name":null,"fee":null,"charge":null,"access":null,"wheelchair":null,"opening_hours":null,"operator":null,"description":null,"password":null}},{"type":"Feature","geometry":{"type":"Point","coordinates":[2.3338368,48.8459216]},"properties":{"id":"node/5836095135","source":"osm","name":null,"fee":"no","charge":null,"access":"customers","wheelchair":"yes","opening_hours":null,"operator":null,"description":null,"password":null}},{"type":"Feature","geometry":{"type":"Point","coordinates":[2.3435403,48.8873737]},"properties":{"id":"node/5862340272","source":"osm","name":null,"fee":"no","charge":null,"access":"yes","wheelchair":"yes","opening_hours":null,"operator":null,"description":null,"password":null}},{"type":"Feature","geometry":{"type":"Point","coordinates":[2.3440482,48.899154]},"properties":{"id":"node/5897586458","source":"osm","name":null,"fee":"yes","charge":null,"access":null,"wheelchair":null,"opening_hours":null,"operator":null,"description":null,"password":null}},{"type":"Feature","geometry":{"type":"Point","coordinates":[2.3464831,48.860272]},"properties":{"id":"node/5902138119","source":"osm","name":null,"fee":"no","charge":null,"access":null,"wheelchair":"yes","opening_hours":"24/7","operator":null,"description":null,"password":null}},{"type":"Feature","geometry":{"type":"Point","coordinates":[2.4098126,48.8662582]},"properties":{"id":"node/5907746631","source":"osm","name":null,"fee":"no","charge":null,"access":null,"wheelchair":"yes","opening_hours":null,"operator":null,"description":null,"password":null}},{"type":"Feature","geometry":{"type":"Point","coordinates":[2.3205661,48.8213809]},"properties":{"id":"node/5933586966","source":"osm","name":null,"fee":"no","charge":null,"access":"yes","wheelchair":"no","opening_hours":null,"operator":null,"description":null,"password":null}},{"type":"Feature","geometry":{"type":"Point","coordinates":[2.3527494,48.887634]},"properties":{"id":"node/5941197472","source":"osm","name":null,"fee":"no","charge":null,"access":null,"wheelchair":"yes","opening_hours":null,"operator":null,"description":null,"password":null}},{"type":"Feature","geometry":{"type":"Point","coordinates":[2.2757741,48.8397727]},"properties":{"id":"node/5959341385","source":"osm","name":null,"fee":"no","charge":null,"access":null,"wheelchair":"yes","opening_hours":null,"operator":null,"description":null,"password":null}},{"type":"Feature","geometry":{"type":"Point","coordinates":[2.3746972,48.8605897]},"properties":{"id":"node/5982967082","source":"osm","name":null,"fee":"no","charge":null,"access":null,"wheelchair":"yes","opening_hours":null,"operator":null,"description":null,"password":null}},{"type":"Feature","geometry":{"type":"Point","coordinates":[2.3329425,48.8330424]},"properties":{"id":"node/6002443808","source":"osm","name":null,"fee":"no","charge":null,"access":null,"wheelchair":"yes","opening_hours":null,"operator":null,"description":null,"password":null}},{"type":"Feature","geometry":{"type":"Point","coordinates":[2.3539614,48.8673571]},"properties":{"id":"node/6050114794","source":"osm","name":null,"fee":"no","charge":null,"access":"yes","wheelchair":"yes","opening_hours":null,"operator":null,"description":null,"password":null}},{"type":"Feature","geometry":{"type":"Point","coordinates":[2.3268708,48.832302]},"properties":{"id":"node/6058440487","source":"osm","name":null,"fee":"no","charge":null,"access":null,"wheelchair":"no","opening_hours":null,"operator":null,"description":null,"password":null}},{"type":"Feature","geometry":{"type":"Point","coordinates":[2.3871762,48.8804632]},"properties":{"id":"node/6071626126","source":"osm","name":null,"fee":"no","charge":null,"access":null,"wheelchair":"no","opening_hours":null,"operator":null,"description":null,"password":null}},{"type":"Feature","geometry":{"type":"Point","coordinates":[2.3169458,48.8465185]},"properties":{"id":"node/6346928794","source":"osm","name":null,"fee":"no","charge":null,"access":"yes","wheelchair":"yes","opening_hours":null,"operator":"JCDecaux","description":null,"password":null}},{"type":"Feature","geometry":{"type":"Point","coordinates":[2.3694031,48.8756634]},"properties":{"id":"node/6459313996","source":"osm","name":null,"fee":"no","charge":null,"access":null,"wheelchair":"limited","opening_hours":null,"operator":null,"description":null,"password":null}},{"type":"Feature","geometry":{"type":"Point","coordinates":[2.3927344,48.8541917]},"properties":{"id":"node/6531427936","source":"osm","name":null,"fee":null,"charge":null,"access":null,"wheelchair":null,"opening_hours":null,"operator":null,"description":null,"password":null}},{"type":"Feature","geometry":{"type":"Point","coordinates":[2.340721,48.8574679]},"properties":{"id":"node/6601867185","source":"osm","name":null,"fee":"no","charge":null,"access":null,"wheelchair":null,"opening_hours":null,"operator":null,"description":null,"password":null}},{"type":"Feature","geometry":{"type":"Point","coordinates":[2.3992856,48.8744444]},"properties":{"id":"node/6793596974","source":"osm","name":null,"fee":"no","charge":null,"access":"yes","wheelchair":null,"opening_hours":null,"operator":null,"description":null,"password":null}},{"type":"Feature","geometry":{"type":"Point","coordinates":[2.3517613,48.8941278]},"properties":{"id":"node/6835751312","source":"osm","name":null,"fee":"no","charge":null,"access":"yes","wheelchair":"yes","opening_hours":null,"operator":null,"description":null,"password":null}},{"type":"Feature","geometry":{"type":"Point","coordinates":[2.3377078,48.8193335]},"properties":{"id":"node/6836398757","source":"osm","name":null,"fee":"no","charge":null,"access":null,"wheelchair":"yes","opening_hours":null,"operator":null,"description":null,"password":null}},{"type":"Feature","geometry":{"type":"Point","coordinates":[2.3240117,48.8658486]},"properties":{"id":"node/6944525740","source":"osm","name":null,"fee":null,"charge":null,"access":"customers","wheelchair":"designated","opening_hours":null,"operator":null,"description":null,"password":null}},{"type":"Feature","geometry":{"type":"Point","coordinates":[2.3661183,48.8269179]},"properties":{"id":"node/6972324527","source":"osm","name":null,"fee":"no","charge":null,"access":"yes","wheelchair":"yes","opening_hours":null,"operator":null,"description":null,"password":null}},{"type":"Feature","geometry":{"type":"Point","coordinates":[2.3817576,48.8301449]},"properties":{"id":"node/7020866114","source":"osm","name":null,"fee":"no","charge":null,"access":"university","wheelchair":"yes","opening_hours":null,"operator":"Université Paris-Cité","description":null,"password":null}},{"type":"Feature","geometry":{"type":"Point","coordinates":[2.3777115,48.8452626]},"properties":{"id":"node/7026130798","source":"osm","name":null,"fee":"no","charge":null,"access":"customers","wheelchair":"yes","opening_hours":null,"operator":"Agence Nationale de la Recherche","description":null,"password":null}},{"type":"Feature","geometry":{"type":"Point","coordinates":[2.3753404,48.8324533]},"properties":{"id":"node/7058495613","source":"osm","name":null,"fee":"no","charge":null,"access":"customers","wheelchair":"designated","opening_hours":null,"operator":null,"description":null,"password":null}},{"type":"Feature","geometry":{"type":"Point","coordinates":[2.3590553,48.8552063]},"properties":{"id":"node/7098651319","source":"osm","name":null,"fee":"no","charge":null,"access":"customers","wheelchair":"no","opening_hours":null,"operator":"Maison européenne de la photographie","description":null,"password":null}},{"type":"Feature","geometry":{"type":"Point","coordinates":[2.3787104,48.8368663]},"properties":{"id":"node/7098698450","source":"osm","name":null,"fee":"no","charge":null,"access":null,"wheelchair":"yes","opening_hours":null,"operator":null,"description":null,"password":null}},{"type":"Feature","geometry":{"type":"Point","coordinates":[2.3669317,48.8331335]},"properties":{"id":"node/7111581960","source":"osm","name":null,"fee":null,"charge":null,"access":"customers","wheelchair":"no","opening_hours":null,"operator":"Piscine Dunois","description":null,"password":null}},{"type":"Feature","geometry":{"type":"Point","coordinates":[2.3547635,48.8422212]},"properties":{"id":"node/7133475331","source":"osm","name":null,"fee":"no","charge":null,"access":"permissive","wheelchair":"no","opening_hours":null,"operator":null,"description":null,"password":null}},{"type":"Feature","geometry":{"type":"Point","coordinates":[2.357195,48.8489518]},"properties":{"id":"node/7133475339","source":"osm","name":null,"fee":"no","charge":null,"access":"permissive","wheelchair":"designated","opening_hours":null,"operator":null,"description":null,"password":null}},{"type":"Feature","geometry":{"type":"Point","coordinates":[2.3293971,48.8740736]},"properties":{"id":"node/7160893720","source":"osm","name":null,"fee":"no","charge":null,"access":"yes","wheelchair":"designated","opening_hours":null,"operator":null,"description":null,"password":null}},{"type":"Feature","geometry":{"type":"Point","coordinates":[2.3532817,48.8575084]},"properties":{"id":"node/7160893729","source":"osm","name":null,"fee":"no","charge":null,"access":"customers","wheelchair":"designated","opening_hours":null,"operator":null,"description":null,"password":null}},{"type":"Feature","geometry":{"type":"Point","coordinates":[2.3273111,48.8740087]},"properties":{"id":"node/7160893738","source":"osm","name":null,"fee":"no","charge":null,"access":"yes","wheelchair":"designated","opening_hours":null,"operator":null,"description":null,"password":null}},{"type":"Feature","geometry":{"type":"Point","coordinates":[2.3544312,48.8469768]},"properties":{"id":"node/7171905317","source":"osm","name":null,"fee":"no","charge":null,"access":"customers","wheelchair":"designated","opening_hours":null,"operator":null,"description":null,"password":null}},{"type":"Feature","geometry":{"type":"Point","coordinates":[2.3543615,48.8469357]},"properties":{"id":"node/7171905318","source":"osm","name":null,"fee":"no","charge":null,"access":"customers","wheelchair":"designated","opening_hours":null,"operator":null,"description":null,"password":null}},{"type":"Feature","geometry":{"type":"Point","coordinates":[2.2557657,48.851249]},"properties":{"id":"node/7179414307","source":"osm","name":null,"fee":null,"charge":null,"access":null,"wheelchair":null,"opening_hours":null,"operator":null,"description":null,"password":null}},{"type":"Feature","geometry":{"type":"Point","coordinates":[2.3590149,48.8536786]},"properties":{"id":"node/7251079310","source":"osm","name":null,"fee":"no","charge":null,"access":"yes","wheelchair":null,"opening_hours":null,"operator":null,"description":null,"password":null}},{"type":"Feature","geometry":{"type":"Point","coordinates":[2.3614068,48.8469695]},"properties":{"id":"node/7552134619","source":"osm","name":null,"fee":"no","charge":null,"access":null,"wheelchair":"no","opening_hours":null,"operator":null,"description":"uritrottoir","password":null}},{"type":"Feature","geometry":{"type":"Point","coordinates":[2.3539021,48.8535376]},"properties":{"id":"node/7577149232","source":"osm","name":null,"fee":"no","charge":null,"access":"yes","wheelchair":"no","opening_hours":null,"operator":null,"description":null,"password":null}},{"type":"Feature","geometry":{"type":"Point","coordinates":[2.3766947,48.8560104]},"properties":{"id":"node/7618092801","source":"osm","name":null,"fee":null,"charge":null,"access":"yes","wheelchair":null,"opening_hours":null,"operator":null,"description":null,"password":null}},{"type":"Feature","geometry":{"type":"Point","coordinates":[2.4089938,48.835326]},"properties":{"id":"node/7647521696","source":"osm","name":null,"fee":"no","charge":null,"access":"yes","wheelchair":"yes","opening_hours":null,"operator":null,"description":null,"password":null}},{"type":"Feature","geometry":{"type":"Point","coordinates":[2.3758022,48.832321]},"properties":{"id":"node/7726922073","source":"osm","name":null,"fee":"no","charge":null,"access":"permissive","wheelchair":"yes","opening_hours":null,"operator":null,"description":null,"password":null}},{"type":"Feature","geometry":{"type":"Point","coordinates":[2.3844702,48.8329292]},"properties":{"id":"node/7740640976","source":"osm","name":null,"fee":"no","charge":null,"access":"yes","wheelchair":"yes","opening_hours":null,"operator":null,"description":null,"password":null}},{"type":"Feature","geometry":{"type":"Point","coordinates":[2.3703098,48.8508344]},"properties":{"id":"node/7741744488","source":"osm","name":null,"fee":"no","charge":null,"access":"yes","wheelchair":"yes","opening_hours":null,"operator":null,"description":null,"password":null}},{"type":"Feature","geometry":{"type":"Point","coordinates":[2.375329,48.832666]},"properties":{"id":"node/7799077056","source":"osm","name":null,"fee":"no","charge":null,"access":"customers","wheelchair":null,"opening_hours":null,"operator":null,"description":null,"password":null}},{"type":"Feature","geometry":{"type":"Point","coordinates":[2.3628505,48.8971333]},"properties":{"id":"node/7869710403","source":"osm","name":null,"fee":null,"charge":null,"access":null,"wheelchair":"yes","opening_hours":null,"operator":null,"description":null,"password":null}},{"type":"Feature","geometry":{"type":"Point","coordinates":[2.3636699,48.8963601]},"properties":{"id":"node/7869710431","source":"osm","name":null,"fee":null,"charge":null,"access":null,"wheelchair":"yes","opening_hours":null,"operator":null,"description":null,"password":null}},{"type":"Feature","geometry":{"type":"Point","coordinates":[2.3564247,48.8588096]},"properties":{"id":"node/7972556784","source":"osm","name":null,"fee":"no","charge":null,"access":"private","wheelchair":null,"opening_hours":null,"operator":null,"description":null,"password":null}},{"type":"Feature","geometry":{"type":"Point","coordinates":[2.3335066,48.8812216]},"properties":{"id":"node/8045152270","source":"osm","name":null,"fee":"no","charge":null,"access":null,"wheelchair":"designated","opening_hours":null,"operator":null,"description":null,"password":null}},{"type":"Feature","geometry":{"type":"Point","coordinates":[2.3384217,48.8192308]},"properties":{"id":"node/8079428200","source":"osm","name":null,"fee":"no","charge":null,"access":null,"wheelchair":"limited","opening_hours":null,"operator":null,"description":null,"password":null}},{"type":"Feature","geometry":{"type":"Point","coordinates":[2.375911,48.8362962]},"properties":{"id":"node/8116983774","source":"osm","name":null,"fee":null,"charge":null,"access":"customers","wheelchair":null,"opening_hours":null,"operator":null,"description":null,"password":null}},{"type":"Feature","geometry":{"type":"Point","coordinates":[2.3758928,48.8216212]},"properties":{"id":"node/8121124450","source":"osm","name":null,"fee":"no","charge":null,"access":"yes","wheelchair":"yes","opening_hours":null,"operator":null,"description":null,"password":null}},{"type":"Feature","geometry":{"type":"Point","coordinates":[2.458468,48.8225665]},"properties":{"id":"node/8205219122","source":"osm","name":null,"fee":"no","charge":null,"access":"yes","wheelchair":null,"opening_hours":null,"operator":null,"description":null,"password":null}},{"type":"Feature","geometry":{"type":"Point","coordinates":[2.3523876,48.8941168]},"properties":{"id":"node/8222344136","source":"osm","name":null,"fee":"no","charge":null,"access":null,"wheelchair":"yes","opening_hours":null,"operator":null,"description":null,"password":null}},{"type":"Feature","geometry":{"type":"Point","coordinates":[2.3862368,48.8941508]},"properties":{"id":"node/8224008317","source":"osm","name":null,"fee":"no","charge":null,"access":null,"wheelchair":"no","opening_hours":null,"operator":null,"description":null,"password":null}},{"type":"Feature","geometry":{"type":"Point","coordinates":[2.3156024,48.8892369]},"properties":{"id":"node/8238115788","source":"osm","name":null,"fee":null,"charge":null,"access":"customers","wheelchair":"yes","opening_hours":null,"operator":null,"description":null,"password":null}},{"type":"Feature","geometry":{"type":"Point","coordinates":[2.3697967,48.8535145]},"properties":{"id":"node/8324802477","source":"osm","name":null,"fee":"no","charge":null,"access":"yes","wheelchair":"yes","opening_hours":null,"operator":null,"description":null,"password":null}},{"type":"Feature","geometry":{"type":"Point","coordinates":[2.3521553,48.8195667]},"properties":{"id":"node/8496720050","source":"osm","name":null,"fee":null,"charge":null,"access":null,"wheelchair":null,"opening_hours":null,"operator":null,"description":null,"password":null}},{"type":"Feature","geometry":{"type":"Point","coordinates":[2.3947768,48.8754451]},"properties":{"id":"node/8703039252","source":"osm","name":null,"fee":null,"charge":null,"access":null,"wheelchair":null,"opening_hours":null,"operator":null,"description":null,"password":null}},{"type":"Feature","geometry":{"type":"Point","coordinates":[2.3605928,48.8749281]},"properties":{"id":"node/8704615042","source":"osm","name":null,"fee":"no","charge":null,"access":"private","wheelchair":"no","opening_hours":null,"operator":null,"description":null,"password":null}},{"type":"Feature","geometry":{"type":"Point","coordinates":[2.3992102,48.8587032]},"properties":{"id":"node/8850821784","source":"osm","name":null,"fee":"no","charge":null,"access":"yes","wheelchair":"no","opening_hours":null,"operator":null,"description":null,"password":null}},{"type":"Feature","geometry":{"type":"Point","coordinates":[2.3986884,48.8809736]},"properties":{"id":"node/8894402867","source":"osm","name":null,"fee":"no","charge":null,"access":null,"wheelchair":"yes","opening_hours":null,"operator":null,"description":null,"password":null}},{"type":"Feature","geometry":{"type":"Point","coordinates":[2.3875019,48.8846299]},"properties":{"id":"node/8916363321","source":"osm","name":null,"fee":null,"charge":null,"access":"permissive","wheelchair":"no","opening_hours":"08:00-18:00","operator":null,"description":null,"password":null}},{"type":"Feature","geometry":{"type":"Point","coordinates":[2.3765968,48.8977161]},"properties":{"id":"node/8927800339","source":"osm","name":null,"fee":"no","charge":null,"access":"yes","wheelchair":"limited","opening_hours":null,"operator":"Mairie de Paris","description":null,"password":null}},{"type":"Feature","geometry":{"type":"Point","coordinates":[2.3634609,48.8376481]},"properties":{"id":"node/8944210358","source":"osm","name":null,"fee":"no","charge":null,"access":"yes","wheelchair":null,"opening_hours":null,"operator":null,"description":null,"password":null}},{"type":"Feature","geometry":{"type":"Point","coordinates":[2.3776093,48.8657673]},"properties":{"id":"node/9006878977","source":"osm","name":null,"fee":"no","charge":null,"access":null,"wheelchair":"yes","opening_hours":null,"operator":null,"description":null,"password":null}},{"type":"Feature","geometry":{"type":"Point","coordinates":[2.3596771,48.8168516]},"properties":{"id":"node/9025349868","source":"osm","name":null,"fee":null,"charge":null,"access":"customers","wheelchair":"yes","opening_hours":null,"operator":null,"description":null,"password":null}},{"type":"Feature","geometry":{"type":"Point","coordinates":[2.3049552,48.8758428]},"properties":{"id":"node/9082433480","source":"osm","name":null,"fee":null,"charge":null,"access":"yes","wheelchair":null,"opening_hours":null,"operator":null,"description":null,"password":null}},{"type":"Feature","geometry":{"type":"Point","coordinates":[2.3653093,48.8218053]},"properties":{"id":"node/9089019617","source":"osm","name":null,"fee":"no","charge":null,"access":"yes","wheelchair":null,"opening_hours":null,"operator":null,"description":null,"password":null}},{"type":"Feature","geometry":{"type":"Point","coordinates":[2.3647041,48.8349724]},"properties":{"id":"node/9111205126","source":"osm","name":null,"fee":null,"charge":null,"access":"customers","wheelchair":null,"opening_hours":null,"operator":null,"description":null,"password":null}},{"type":"Feature","geometry":{"type":"Point","coordinates":[2.2886299,48.8301235]},"properties":{"id":"node/9221195731","source":"osm","name":null,"fee":null,"charge":null,"access":"customers","wheelchair":"designated","opening_hours":null,"operator":null,"description":null,"password":null}},{"type":"Feature","geometry":{"type":"Point","coordinates":[2.2886157,48.8295826]},"properties":{"id":"node/9221195738","source":"osm","name":null,"fee":null,"charge":null,"access":"customers","wheelchair":null,"opening_hours":null,"operator":null,"description":null,"password":null}},{"type":"Feature","geometry":{"type":"Point","coordinates":[2.2886132,48.8294045]},"properties":{"id":"node/9221195748","source":"osm","name":null,"fee":null,"charge":null,"access":"customers","wheelchair":"designated","opening_hours":null,"operator":null,"description":null,"password":null}},{"type":"Feature","geometry":{"type":"Point","coordinates":[2.2879428,48.8316607]},"properties":{"id":"node/9221195755","source":"osm","name":null,"fee":"no","charge":null,"access":"yes","wheelchair":"designated","opening_hours":null,"operator":null,"description":null,"password":null}},{"type":"Feature","geometry":{"type":"Point","coordinates":[2.3090247,48.8802203]},"properties":{"id":"node/9229780423","source":"osm","name":null,"fee":"no","charge":null,"access":"yes","wheelchair":"no","opening_hours":null,"operator":null,"description":null,"password":null}},{"type":"Feature","geometry":{"type":"Point","coordinates":[2.3233339,48.8666836]},"properties":{"id":"node/9247842735","source":"osm","name":null,"fee":"no","charge":null,"access":"yes","wheelchair":null,"opening_hours":null,"operator":null,"description":null,"password":null}},{"type":"Feature","geometry":{"type":"Point","coordinates":[2.3639582,48.819578]},"properties":{"id":"node/9248607764","source":"osm","name":null,"fee":"no","charge":null,"access":null,"wheelchair":"yes","opening_hours":null,"operator":null,"description":null,"password":null}},{"type":"Feature","geometry":{"type":"Point","coordinates":[2.3293839,48.8979732]},"properties":{"id":"node/9269538417","source":"osm","name":null,"fee":"no","charge":null,"access":null,"wheelchair":"yes","opening_hours":null,"operator":null,"description":null,"password":null}},{"type":"Feature","geometry":{"type":"Point","coordinates":[2.3344682,48.8295438]},"properties":{"id":"node/9269658318","source":"osm","name":null,"fee":"yes","charge":null,"access":"yes","wheelchair":"limited","opening_hours":"Tu-Su 10:00-20:30","operator":null,"description":null,"password":null}},{"type":"Feature","geometry":{"type":"Point","coordinates":[2.3621408,48.8629127]},"properties":{"id":"node/9332169824","source":"osm","name":null,"fee":"no","charge":null,"access":"yes","wheelchair":"no","opening_hours":null,"operator":null,"description":null,"password":null}},{"type":"Feature","geometry":{"type":"Point","coordinates":[2.3426655,48.8625782]},"properties":{"id":"node/9364462840","source":"osm","name":null,"fee":null,"charge":null,"access":"customers","wheelchair":"designated","opening_hours":null,"operator":null,"description":null,"password":null}},{"type":"Feature","geometry":{"type":"Point","coordinates":[2.3673574,48.8776714]},"properties":{"id":"node/9370800655","source":"osm","name":null,"fee":"no","charge":null,"access":null,"wheelchair":"no","opening_hours":"closed \"check if really unavailable outside summer\"; Jul 01-Aug 31 open \"check if really available\"","operator":null,"description":"Probablement seulement en été","password":null}},{"type":"Feature","geometry":{"type":"Point","coordinates":[2.4601795,48.824038]},"properties":{"id":"node/9386410844","source":"osm","name":null,"fee":"no","charge":null,"access":null,"wheelchair":"no","opening_hours":null,"operator":null,"description":null,"password":null}},{"type":"Feature","geometry":{"type":"Point","coordinates":[2.3891708,48.8328099]},"properties":{"id":"node/9386410854","source":"osm","name":null,"fee":"no","charge":null,"access":"customers","wheelchair":null,"opening_hours":null,"operator":null,"description":null,"password":null}},{"type":"Feature","geometry":{"type":"Point","coordinates":[2.389251,48.8327413]},"properties":{"id":"node/9386410863","source":"osm","name":null,"fee":"no","charge":null,"access":"customers","wheelchair":null,"opening_hours":null,"operator":null,"description":null,"password":null}},{"type":"Feature","geometry":{"type":"Point","coordinates":[2.3888298,48.8325253]},"properties":{"id":"node/9386410864","source":"osm","name":null,"fee":"no","charge":null,"access":"customers","wheelchair":null,"opening_hours":null,"operator":null,"description":null,"password":null}},{"type":"Feature","geometry":{"type":"Point","coordinates":[2.3548776,48.8462255]},"properties":{"id":"node/9397683803","source":"osm","name":null,"fee":"no","charge":null,"access":"yes","wheelchair":"yes","opening_hours":"24/7","operator":null,"description":null,"password":null}},{"type":"Feature","geometry":{"type":"Point","coordinates":[2.3585951,48.8787086]},"properties":{"id":"node/9527261944","source":"osm","name":null,"fee":"no","charge":null,"access":"yes","wheelchair":"yes","opening_hours":null,"operator":null,"description":null,"password":null}},{"type":"Feature","geometry":{"type":"Point","coordinates":[2.3132122,48.8319417]},"properties":{"id":"node/9530731511","source":"osm","name":null,"fee":"no","charge":null,"access":"yes","wheelchair":null,"opening_hours":null,"operator":null,"description":null,"password":null}},{"type":"Feature","geometry":{"type":"Point","coordinates":[2.380358,48.8449696]},"properties":{"id":"node/9542910717","source":"osm","name":null,"fee":"no","charge":null,"access":null,"wheelchair":"yes","opening_hours":null,"operator":null,"description":null,"password":null}},{"type":"Feature","geometry":{"type":"Point","coordinates":[2.37445,48.8992563]},"properties":{"id":"node/9557595340","source":"osm","name":null,"fee":"no","charge":null,"access":null,"wheelchair":"limited","opening_hours":null,"operator":null,"description":null,"password":null}},{"type":"Feature","geometry":{"type":"Point","coordinates":[2.3650163,48.8713659]},"properties":{"id":"node/9573818745","source":"osm","name":null,"fee":"no","charge":null,"access":null,"wheelchair":"yes","opening_hours":null,"operator":null,"description":null,"password":null}},{"type":"Feature","geometry":{"type":"Point","coordinates":[2.4060091,48.8577072]},"properties":{"id":"node/9582835680","source":"osm","name":"Toilettes","fee":"no","charge":null,"access":"yes","wheelchair":"yes","opening_hours":null,"operator":null,"description":null,"password":null}},{"type":"Feature","geometry":{"type":"Point","coordinates":[2.3507801,48.843243]},"properties":{"id":"node/9659990027","source":"osm","name":null,"fee":"no","charge":null,"access":"yes","wheelchair":"yes","opening_hours":"24/7","operator":null,"description":null,"password":null}},{"type":"Feature","geometry":{"type":"Point","coordinates":[2.3552714,48.8486334]},"properties":{"id":"node/9667186289","source":"osm","name":null,"fee":"no","charge":null,"access":"yes","wheelchair":"no","opening_hours":"24/7","operator":null,"description":null,"password":null}},{"type":"Feature","geometry":{"type":"Point","coordinates":[2.3583611,48.8581864]},"properties":{"id":"node/9691431271","source":"osm","name":null,"fee":"no","charge":null,"access":"customers","wheelchair":"no","opening_hours":null,"operator":null,"description":null,"password":null}},{"type":"Feature","geometry":{"type":"Point","coordinates":[2.3585288,48.8582786]},"properties":{"id":"node/9691431278","source":"osm","name":null,"fee":"no","charge":null,"access":"customers","wheelchair":"no","opening_hours":null,"operator":null,"description":null,"password":null}},{"type":"Feature","geometry":{"type":"Point","coordinates":[2.3101151,48.8954973]},"properties":{"id":"node/9760926600","source":"osm","name":null,"fee":"no","charge":null,"access":"yes","wheelchair":"designated","opening_hours":null,"operator":null,"description":null,"password":null}},{"type":"Feature","geometry":{"type":"Point","coordinates":[2.3890998,48.8915733]},"properties":{"id":"node/9796987230","source":"osm","name":null,"fee":"yes","charge":null,"access":null,"wheelchair":"yes","opening_hours":"Mo-Su 10:00-20:00","operator":null,"description":null,"password":null}},{"type":"Feature","geometry":{"type":"Point","coordinates":[2.2960941,48.8730993]},"properties":{"id":"node/9807240236","source":"osm","name":null,"fee":"yes","charge":null,"access":null,"wheelchair":"no","opening_hours":null,"operator":null,"description":null,"password":null}},{"type":"Feature","geometry":{"type":"Point","coordinates":[2.3771664,48.8444692]},"properties":{"id":"node/9864085795","source":"osm","name":null,"fee":"no","charge":null,"access":"yes","wheelchair":"no","opening_hours":"24/7","operator":null,"description":null,"password":null}},{"type":"Feature","geometry":{"type":"Point","coordinates":[2.360496,48.8642992]},"properties":{"id":"node/9983490388","source":"osm","name":null,"fee":"no","charge":null,"access":null,"wheelchair":"no","opening_hours":null,"operator":null,"description":null,"password":null}},{"type":"Feature","geometry":{"type":"Point","coordinates":[2.3114213,48.8276453]},"properties":{"id":"node/9997818137","source":"osm","name":null,"fee":"no","charge":null,"access":"yes","wheelchair":"yes","opening_hours":null,"operator":null,"description":null,"password":null}},{"type":"Feature","geometry":{"type":"Point","coordinates":[2.31952,48.8322443]},"properties":{"id":"node/10026861434","source":"osm","name":null,"fee":"no","charge":null,"access":"permissive","wheelchair":"no","opening_hours":null,"operator":null,"description":null,"password":null}},{"type":"Feature","geometry":{"type":"Point","coordinates":[2.3441309,48.8823852]},"properties":{"id":"node/10049129317","source":"osm","name":null,"fee":null,"charge":null,"access":null,"wheelchair":null,"opening_hours":null,"operator":null,"description":null,"password":null}},{"type":"Feature","geometry":{"type":"Point","coordinates":[2.3611019,48.8915036]},"properties":{"id":"node/10062622817","source":"osm","name":null,"fee":"no","charge":null,"access":"yes","wheelchair":"yes","opening_hours":"24/7","operator":"JCDecaux","description":null,"password":null}},{"type":"Feature","geometry":{"type":"Point","coordinates":[2.3044596,48.8714971]},"properties":{"id":"node/10102776317","source":"osm","name":null,"fee":null,"charge":null,"access":null,"wheelchair":null,"opening_hours":null,"operator":null,"description":null,"password":null}},{"type":"Feature","geometry":{"type":"Point","coordinates":[2.3281654,48.8469812]},"properties":{"id":"node/10139088027","source":"osm","name":null,"fee":"no","charge":null,"access":"yes","wheelchair":"yes","opening_hours":"24/7","operator":"JCDecaux","description":null,"password":null}},{"type":"Feature","geometry":{"type":"Point","coordinates":[2.3608024,48.8519945]},"properties":{"id":"node/10140521718","source":"osm","name":null,"fee":"no","charge":null,"access":"yes","wheelchair":"yes","opening_hours":null,"operator":null,"description":null,"password":null}},{"type":"Feature","geometry":{"type":"Point","coordinates":[2.3547761,48.8819246]},"properties":{"id":"node/10200085700","source":"osm","name":null,"fee":"no","charge":null,"access":"customers","wheelchair":"no","opening_hours":null,"operator":null,"description":null,"password":null}},{"type":"Feature","geometry":{"type":"Point","coordinates":[2.33406,48.8990446]},"properties":{"id":"node/10300404941","source":"osm","name":null,"fee":"no","charge":null,"access":"yes","wheelchair":"yes","opening_hours":null,"operator":null,"description":null,"password":null}},{"type":"Feature","geometry":{"type":"Point","coordinates":[2.3463986,48.8553777]},"properties":{"id":"node/10310751246","source":"osm","name":null,"fee":null,"charge":null,"access":null,"wheelchair":null,"opening_hours":null,"operator":null,"description":"au sous sol du parking","password":null}},{"type":"Feature","geometry":{"type":"Point","coordinates":[2.3247334,48.8694836]},"properties":{"id":"node/10687258035","source":"osm","name":"Lavatory Madeleine","fee":"yes","charge":"2.00 EUR","access":"yes","wheelchair":"no","opening_hours":"10:00-18:00","operator":null,"description":null,"password":null}},{"type":"Feature","geometry":{"type":"Point","coordinates":[2.346501,48.8441272]},"properties":{"id":"node/10688412005","source":"osm","name":null,"fee":null,"charge":null,"access":"customers","wheelchair":null,"opening_hours":null,"operator":null,"description":null,"password":null}},{"type":"Feature","geometry":{"type":"Point","coordinates":[2.381618,48.8300882]},"properties":{"id":"node/10693966635","source":"osm","name":null,"fee":"no","charge":null,"access":"university","wheelchair":"yes","opening_hours":null,"operator":"Université Paris-Cité","description":null,"password":null}},{"type":"Feature","geometry":{"type":"Point","coordinates":[2.3805835,48.8354225]},"properties":{"id":"node/10726603740","source":"osm","name":null,"fee":"no","charge":null,"access":"yes","wheelchair":null,"opening_hours":null,"operator":null,"description":null,"password":null}},{"type":"Feature","geometry":{"type":"Point","coordinates":[2.3644188,48.8353096]},"properties":{"id":"node/10733611359","source":"osm","name":"0.025","fee":"no","charge":null,"access":null,"wheelchair":"yes","opening_hours":null,"operator":null,"description":null,"password":null}},{"type":"Feature","geometry":{"type":"Point","coordinates":[2.3215882,48.8387519]},"properties":{"id":"node/10792922852","source":"osm","name":null,"fee":null,"charge":null,"access":"yes","wheelchair":null,"opening_hours":null,"operator":null,"description":null,"password":null}},{"type":"Feature","geometry":{"type":"Point","coordinates":[2.3433653,48.8442701]},"properties":{"id":"node/10836351795","source":"osm","name":null,"fee":"no","charge":null,"access":"customers","wheelchair":"designated","opening_hours":null,"operator":null,"description":null,"password":null}},{"type":"Feature","geometry":{"type":"Point","coordinates":[2.3567131,48.8462293]},"properties":{"id":"node/10842524260","source":"osm","name":null,"fee":null,"charge":null,"access":"customers","wheelchair":"designated","opening_hours":null,"operator":null,"description":null,"password":null}},{"type":"Feature","geometry":{"type":"Point","coordinates":[2.3566212,48.8468348]},"properties":{"id":"node/10842524262","source":"osm","name":null,"fee":"no","charge":null,"access":"customers","wheelchair":"designated","opening_hours":null,"operator":null,"description":null,"password":null}},{"type":"Feature","geometry":{"type":"Point","coordinates":[2.2889657,48.8628057]},"properties":{"id":"node/10855508766","source":"osm","name":null,"fee":"no","charge":null,"access":"customers","wheelchair":"designated","opening_hours":"Fr-Mo,We 11:00-19:00; Th 11:00-21:00","operator":null,"description":null,"password":null}},{"type":"Feature","geometry":{"type":"Point","coordinates":[2.3469072,48.8767828]},"properties":{"id":"node/10858565610","source":"osm","name":null,"fee":"no","charge":null,"access":null,"wheelchair":null,"opening_hours":"24/7","operator":null,"description":null,"password":null}},{"type":"Feature","geometry":{"type":"Point","coordinates":[2.3450159,48.8435418]},"properties":{"id":"node/10890448285","source":"osm","name":null,"fee":"no","charge":null,"access":null,"wheelchair":"yes","opening_hours":null,"operator":null,"description":null,"password":null}},{"type":"Feature","geometry":{"type":"Point","coordinates":[2.3404477,48.8190402]},"properties":{"id":"node/10895529280","source":"osm","name":null,"fee":"no","charge":null,"access":"customers","wheelchair":"designated","opening_hours":null,"operator":null,"description":null,"password":null}},{"type":"Feature","geometry":{"type":"Point","coordinates":[2.3916984,48.8306846]},"properties":{"id":"node/10916130847","source":"osm","name":null,"fee":"no","charge":null,"access":null,"wheelchair":"yes","opening_hours":null,"operator":null,"description":null,"password":null}},{"type":"Feature","geometry":{"type":"Point","coordinates":[2.3617521,48.8636487]},"properties":{"id":"node/10922660235","source":"osm","name":null,"fee":"no","charge":null,"access":null,"wheelchair":null,"opening_hours":null,"operator":null,"description":null,"password":null}},{"type":"Feature","geometry":{"type":"Point","coordinates":[2.3755483,48.83594]},"properties":{"id":"node/10926790837","source":"osm","name":null,"fee":null,"charge":null,"access":"yes","wheelchair":"no","opening_hours":"24/7","operator":null,"description":null,"password":null}},{"type":"Feature","geometry":{"type":"Point","coordinates":[2.3257579,48.832799]},"properties":{"id":"node/10926790839","source":"osm","name":null,"fee":"no","charge":null,"access":"customers","wheelchair":"no","opening_hours":null,"operator":null,"description":null,"password":null}},{"type":"Feature","geometry":{"type":"Point","coordinates":[2.3257339,48.8328033]},"properties":{"id":"node/10926790845","source":"osm","name":null,"fee":"no","charge":null,"access":"customers","wheelchair":"no","opening_hours":null,"operator":null,"description":null,"password":null}},{"type":"Feature","geometry":{"type":"Point","coordinates":[2.2651081,48.8380303]},"properties":{"id":"node/10936924548","source":"osm","name":null,"fee":"no","charge":null,"access":null,"wheelchair":null,"opening_hours":null,"operator":null,"description":null,"password":null}},{"type":"Feature","geometry":{"type":"Point","coordinates":[2.264239,48.8375982]},"properties":{"id":"node/10936924549","source":"osm","name":null,"fee":"no","charge":null,"access":null,"wheelchair":null,"opening_hours":null,"operator":null,"description":null,"password":null}},{"type":"Feature","geometry":{"type":"Point","coordinates":[2.2898648,48.8547606]},"properties":{"id":"node/10961456604","source":"osm","name":null,"fee":"no","charge":null,"access":"yes","wheelchair":"designated","opening_hours":null,"operator":null,"description":null,"password":null}},{"type":"Feature","geometry":{"type":"Point","coordinates":[2.3450562,48.8434396]},"properties":{"id":"node/10966406306","source":"osm","name":null,"fee":"no","charge":null,"access":null,"wheelchair":"yes","opening_hours":null,"operator":null,"description":null,"password":null}},{"type":"Feature","geometry":{"type":"Point","coordinates":[2.3450719,48.8434583]},"properties":{"id":"node/10966406307","source":"osm","name":null,"fee":"no","charge":null,"access":null,"wheelchair":"yes","opening_hours":null,"operator":null,"description":null,"password":null}},{"type":"Feature","geometry":{"type":"Point","coordinates":[2.339077,48.8205423]},"properties":{"id":"node/11004082050","source":"osm","name":null,"fee":"no","charge":null,"access":null,"wheelchair":"no","opening_hours":null,"operator":null,"description":null,"password":null}},{"type":"Feature","geometry":{"type":"Point","coordinates":[2.4476756,48.8374446]},"properties":{"id":"node/11006320008","source":"osm","name":null,"fee":"no","charge":null,"access":null,"wheelchair":"yes","opening_hours":null,"operator":null,"description":null,"password":null}},{"type":"Feature","geometry":{"type":"Point","coordinates":[2.364361,48.8354989]},"properties":{"id":"node/11081191550","source":"osm","name":"1.036","fee":"no","charge":null,"access":null,"wheelchair":null,"opening_hours":null,"operator":null,"description":null,"password":null}},{"type":"Feature","geometry":{"type":"Point","coordinates":[2.3643774,48.8354812]},"properties":{"id":"node/11081191551","source":"osm","name":"1.035","fee":"no","charge":null,"access":null,"wheelchair":null,"opening_hours":null,"operator":null,"description":null,"password":null}},{"type":"Feature","geometry":{"type":"Point","coordinates":[2.3615857,48.8445764]},"properties":{"id":"node/11090136351","source":"osm","name":null,"fee":"no","charge":null,"access":"yes","wheelchair":"designated","opening_hours":null,"operator":null,"description":null,"password":null}},{"type":"Feature","geometry":{"type":"Point","coordinates":[2.2684588,48.843873]},"properties":{"id":"node/11107592395","source":"osm","name":null,"fee":null,"charge":null,"access":"yes","wheelchair":null,"opening_hours":null,"operator":null,"description":null,"password":null}},{"type":"Feature","geometry":{"type":"Point","coordinates":[2.3551635,48.8299724]},"properties":{"id":"node/11112946994","source":"osm","name":null,"fee":"no","charge":null,"access":"yes","wheelchair":"designated","opening_hours":"Mo-Fr 08:00-20:00, Sa 08:00-21:00, Su 11:00-19:00","operator":null,"description":null,"password":null}},{"type":"Feature","geometry":{"type":"Point","coordinates":[2.3661018,48.8770602]},"properties":{"id":"node/11132470405","source":"osm","name":null,"fee":"no","charge":null,"access":"yes","wheelchair":"no","opening_hours":null,"operator":null,"description":null,"password":null}},{"type":"Feature","geometry":{"type":"Point","coordinates":[2.3661187,48.8770473]},"properties":{"id":"node/11132828130","source":"osm","name":null,"fee":"no","charge":null,"access":"yes","wheelchair":"no","opening_hours":null,"operator":null,"description":null,"password":null}},{"type":"Feature","geometry":{"type":"Point","coordinates":[2.3681844,48.8762387]},"properties":{"id":"node/11132828131","source":"osm","name":null,"fee":"no","charge":null,"access":"yes","wheelchair":"yes","opening_hours":"24/7","operator":null,"description":null,"password":null}},{"type":"Feature","geometry":{"type":"Point","coordinates":[2.3555686,48.861264]},"properties":{"id":"node/11139538123","source":"osm","name":null,"fee":"no","charge":null,"access":"customers","wheelchair":"designated","opening_hours":null,"operator":null,"description":null,"password":null}},{"type":"Feature","geometry":{"type":"Point","coordinates":[2.346603,48.8459335]},"properties":{"id":"node/11139750136","source":"osm","name":"Toilettes de la crypte du panthéon","fee":null,"charge":null,"access":"customers","wheelchair":"no","opening_hours":null,"operator":null,"description":"ferme un peu avant le panthéon, accès avec billet","password":null}},{"type":"Feature","geometry":{"type":"Point","coordinates":[2.353716,48.8759925]},"properties":{"id":"node/11165125026","source":"osm","name":null,"fee":"no","charge":null,"access":null,"wheelchair":"yes","opening_hours":null,"operator":null,"description":null,"password":null}},{"type":"Feature","geometry":{"type":"Point","coordinates":[2.3900353,48.8916071]},"properties":{"id":"node/11167727912","source":"osm","name":null,"fee":"no","charge":null,"access":"customers","wheelchair":"designated","opening_hours":null,"operator":null,"description":null,"password":null}},{"type":"Feature","geometry":{"type":"Point","coordinates":[2.358029,48.8603811]},"properties":{"id":"node/11181446435","source":"osm","name":null,"fee":"no","charge":null,"access":"customers","wheelchair":null,"opening_hours":null,"operator":null,"description":null,"password":null}},{"type":"Feature","geometry":{"type":"Point","coordinates":[2.3579984,48.8603571]},"properties":{"id":"node/11181446436","source":"osm","name":null,"fee":"no","charge":null,"access":"customers","wheelchair":null,"opening_hours":null,"operator":null,"description":null,"password":null}},{"type":"Feature","geometry":{"type":"Point","coordinates":[2.4066193,48.8789419]},"properties":{"id":"node/11260376097","source":"osm","name":null,"fee":null,"charge":null,"access":null,"wheelchair":"yes","opening_hours":null,"operator":null,"description":null,"password":null}},{"type":"Feature","geometry":{"type":"Point","coordinates":[2.4066627,48.878972]},"properties":{"id":"node/11260376098","source":"osm","name":null,"fee":null,"charge":null,"access":null,"wheelchair":"yes","opening_hours":null,"operator":null,"description":null,"password":null}},{"type":"Feature","geometry":{"type":"Point","coordinates":[2.357385,48.8765017]},"properties":{"id":"node/11294428309","source":"osm","name":null,"fee":null,"charge":null,"access":"customers","wheelchair":"yes","opening_hours":null,"operator":"KFC","description":null,"password":null}},{"type":"Feature","geometry":{"type":"Point","coordinates":[2.2957006,48.8749668]},"properties":{"id":"node/11331443569","source":"osm","name":null,"fee":null,"charge":null,"access":null,"wheelchair":null,"opening_hours":null,"operator":null,"description":null,"password":null}},{"type":"Feature","geometry":{"type":"Point","coordinates":[2.3362062,48.8174426]},"properties":{"id":"node/11377493256","source":"osm","name":null,"fee":"no","charge":null,"access":"customers","wheelchair":"designated","opening_hours":null,"operator":null,"description":null,"password":null}},{"type":"Feature","geometry":{"type":"Point","coordinates":[2.3444023,48.8311453]},"properties":{"id":"node/11492026769","source":"osm","name":null,"fee":"no","charge":null,"access":null,"wheelchair":"yes","opening_hours":null,"operator":null,"description":null,"password":null}},{"type":"Feature","geometry":{"type":"Point","coordinates":[2.2829512,48.8553655]},"properties":{"id":"node/11536640868","source":"osm","name":null,"fee":null,"charge":null,"access":null,"wheelchair":null,"opening_hours":null,"operator":null,"description":null,"password":null}},{"type":"Feature","geometry":{"type":"Point","coordinates":[2.293667,48.865406]},"properties":{"id":"node/11609774487","source":"osm","name":null,"fee":null,"charge":null,"access":"customers","wheelchair":null,"opening_hours":null,"operator":null,"description":null,"password":null}},{"type":"Feature","geometry":{"type":"Point","coordinates":[2.2847637,48.8620502]},"properties":{"id":"node/11623619264","source":"osm","name":null,"fee":"no","charge":null,"access":"yes","wheelchair":"yes","opening_hours":null,"operator":null,"description":null,"password":null}},{"type":"Feature","geometry":{"type":"Point","coordinates":[2.3143685,48.8917529]},"properties":{"id":"node/11729755812","source":"osm","name":null,"fee":"no","charge":null,"access":null,"wheelchair":"yes","opening_hours":null,"operator":null,"description":null,"password":null}},{"type":"Feature","geometry":{"type":"Point","coordinates":[2.3891584,48.8959113]},"properties":{"id":"node/11736727645","source":"osm","name":null,"fee":"no","charge":null,"access":"yes","wheelchair":"designated","opening_hours":null,"operator":null,"description":null,"password":null}},{"type":"Feature","geometry":{"type":"Point","coordinates":[2.4117201,48.8721687]},"properties":{"id":"node/11737225695","source":"osm","name":null,"fee":"no","charge":null,"access":null,"wheelchair":"yes","opening_hours":null,"operator":null,"description":null,"password":null}},{"type":"Feature","geometry":{"type":"Point","coordinates":[2.4454241,48.8364669]},"properties":{"id":"node/11773489677","source":"osm","name":null,"fee":null,"charge":null,"access":null,"wheelchair":null,"opening_hours":null,"operator":null,"description":null,"password":null}},{"type":"Feature","geometry":{"type":"Point","coordinates":[2.2935449,48.8878662]},"properties":{"id":"node/11796823019","source":"osm","name":null,"fee":"no","charge":null,"access":"yes","wheelchair":null,"opening_hours":null,"operator":null,"description":null,"password":null}},{"type":"Feature","geometry":{"type":"Point","coordinates":[2.3643998,48.8353041]},"properties":{"id":"node/11840803799","source":"osm","name":"0.024","fee":"no","charge":null,"access":null,"wheelchair":"yes","opening_hours":null,"operator":null,"description":null,"password":null}},{"type":"Feature","geometry":{"type":"Point","coordinates":[2.3445498,48.8494476]},"properties":{"id":"node/11841958476","source":"osm","name":"G-082","fee":"no","charge":null,"access":null,"wheelchair":"no","opening_hours":null,"operator":null,"description":null,"password":null}},{"type":"Feature","geometry":{"type":"Point","coordinates":[2.3754971,48.8365174]},"properties":{"id":"node/11891003666","source":"osm","name":null,"fee":"no","charge":null,"access":"yes","wheelchair":null,"opening_hours":null,"operator":null,"description":null,"password":null}},{"type":"Feature","geometry":{"type":"Point","coordinates":[2.298892,48.8610618]},"properties":{"id":"node/11902703410","source":"osm","name":null,"fee":"no","charge":null,"access":null,"wheelchair":"yes","opening_hours":null,"operator":null,"description":"Toilette du Café Jacques","password":null}},{"type":"Feature","geometry":{"type":"Point","coordinates":[2.3311604,48.8553335]},"properties":{"id":"node/11981127273","source":"osm","name":null,"fee":"no","charge":null,"access":null,"wheelchair":null,"opening_hours":null,"operator":null,"description":null,"password":null}},{"type":"Feature","geometry":{"type":"Point","coordinates":[2.3313786,48.8550321]},"properties":{"id":"node/11981127274","source":"osm","name":null,"fee":"no","charge":null,"access":null,"wheelchair":null,"opening_hours":null,"operator":null,"description":null,"password":null}},{"type":"Feature","geometry":{"type":"Point","coordinates":[2.3624379,48.8506021]},"properties":{"id":"node/11985465869","source":"osm","name":null,"fee":"no","charge":null,"access":null,"wheelchair":null,"opening_hours":"Tu-Su 11:00-19:00","operator":null,"description":null,"password":null}},{"type":"Feature","geometry":{"type":"Point","coordinates":[2.369707,48.8834746]},"properties":{"id":"node/11990747321","source":"osm","name":null,"fee":"no","charge":null,"access":"permissive","wheelchair":null,"opening_hours":null,"operator":null,"description":null,"password":null}},{"type":"Feature","geometry":{"type":"Point","coordinates":[2.3623799,48.8984132]},"properties":{"id":"node/12021739416","source":"osm","name":null,"fee":null,"charge":null,"access":null,"wheelchair":null,"opening_hours":null,"operator":null,"description":null,"password":null}},{"type":"Feature","geometry":{"type":"Point","coordinates":[2.3118676,48.8923068]},"properties":{"id":"node/12040594693","source":"osm","name":null,"fee":"no","charge":null,"access":null,"wheelchair":"yes","opening_hours":null,"operator":null,"description":null,"password":null}},{"type":"Feature","geometry":{"type":"Point","coordinates":[2.3119207,48.8923377]},"properties":{"id":"node/12040619669","source":"osm","name":null,"fee":"no","charge":null,"access":null,"wheelchair":"yes","opening_hours":null,"operator":null,"description":null,"password":null}},{"type":"Feature","geometry":{"type":"Point","coordinates":[2.2650878,48.8778665]},"properties":{"id":"node/12041979264","source":"osm","name":null,"fee":null,"charge":null,"access":null,"wheelchair":null,"opening_hours":null,"operator":null,"description":null,"password":null}},{"type":"Feature","geometry":{"type":"Point","coordinates":[2.3434417,48.863342]},"properties":{"id":"node/12046223582","source":"osm","name":null,"fee":"no","charge":null,"access":null,"wheelchair":"yes","opening_hours":null,"operator":null,"description":null,"password":null}},{"type":"Feature","geometry":{"type":"Point","coordinates":[2.380456,48.8450444]},"properties":{"id":"node/12047696561","source":"osm","name":null,"fee":"no","charge":null,"access":null,"wheelchair":"yes","opening_hours":null,"operator":null,"description":null,"password":null}},{"type":"Feature","geometry":{"type":"Point","coordinates":[2.3594446,48.8969093]},"properties":{"id":"node/12064385284","source":"osm","name":null,"fee":"no","charge":null,"access":null,"wheelchair":"yes","opening_hours":null,"operator":null,"description":null,"password":null}},{"type":"Feature","geometry":{"type":"Point","coordinates":[2.3381033,48.8825298]},"properties":{"id":"node/12162674541","source":"osm","name":null,"fee":null,"charge":null,"access":"customers","wheelchair":null,"opening_hours":null,"operator":null,"description":"Intérieur du KFC","password":null}},{"type":"Feature","geometry":{"type":"Point","coordinates":[2.3251524,48.8752175]},"properties":{"id":"node/12165999283","source":"osm","name":null,"fee":null,"charge":null,"access":"customers","wheelchair":null,"opening_hours":null,"operator":null,"description":"A l'intérieur de la Brioche Dorée","password":null}},{"type":"Feature","geometry":{"type":"Point","coordinates":[2.3142475,48.8887891]},"properties":{"id":"node/12211810393","source":"osm","name":null,"fee":null,"charge":null,"access":null,"wheelchair":null,"opening_hours":null,"operator":null,"description":null,"password":null}},{"type":"Feature","geometry":{"type":"Point","coordinates":[2.4094538,48.8649265]},"properties":{"id":"node/12216590867","source":"osm","name":null,"fee":"no","charge":null,"access":null,"wheelchair":"yes","opening_hours":null,"operator":null,"description":null,"password":null}},{"type":"Feature","geometry":{"type":"Point","coordinates":[2.3779667,48.8259161]},"properties":{"id":"node/12222354432","source":"osm","name":null,"fee":"no","charge":null,"access":"yes","wheelchair":"yes","opening_hours":null,"operator":"Cayo","description":null,"password":null}},{"type":"Feature","geometry":{"type":"Point","coordinates":[2.3425539,48.8496779]},"properties":{"id":"node/12228663141","source":"osm","name":null,"fee":"no","charge":null,"access":null,"wheelchair":"yes","opening_hours":null,"operator":"KFC","description":null,"password":null}},{"type":"Feature","geometry":{"type":"Point","coordinates":[2.3426072,48.8496895]},"properties":{"id":"node/12228663142","source":"osm","name":null,"fee":"no","charge":null,"access":null,"wheelchair":"no","opening_hours":null,"operator":"KFC","description":null,"password":null}},{"type":"Feature","geometry":{"type":"Point","coordinates":[2.3426735,48.8625867]},"properties":{"id":"node/12241997334","source":"osm","name":null,"fee":null,"charge":null,"access":"customers","wheelchair":"yes","opening_hours":null,"operator":null,"description":null,"password":null}},{"type":"Feature","geometry":{"type":"Point","coordinates":[2.3903899,48.8908823]},"properties":{"id":"node/12247788960","source":"osm","name":null,"fee":null,"charge":null,"access":"customers","wheelchair":null,"opening_hours":null,"operator":null,"description":null,"password":null}},{"type":"Feature","geometry":{"type":"Point","coordinates":[2.2898673,48.8555507]},"properties":{"id":"node/12248896576","source":"osm","name":null,"fee":"no","charge":null,"access":"yes","wheelchair":"yes","opening_hours":"24/7","operator":null,"description":null,"password":null}},{"type":"Feature","geometry":{"type":"Point","coordinates":[2.3398126,48.8241608]},"properties":{"id":"node/12276862521","source":"osm","name":null,"fee":"no","charge":null,"access":null,"wheelchair":"yes","opening_hours":null,"operator":null,"description":null,"password":null}},{"type":"Feature","geometry":{"type":"Point","coordinates":[2.3231269,48.8705994]},"properties":{"id":"node/12293861123","source":"osm","name":null,"fee":"no","charge":null,"access":"yes","wheelchair":"yes","opening_hours":null,"operator":"Sanisette JCDecaux","description":null,"password":null}},{"type":"Feature","geometry":{"type":"Point","coordinates":[2.3391775,48.8922168]},"properties":{"id":"node/12306721021","source":"osm","name":null,"fee":"no","charge":null,"access":"yes","wheelchair":"yes","opening_hours":null,"operator":null,"description":null,"password":null}},{"type":"Feature","geometry":{"type":"Point","coordinates":[2.3732943,48.8440801]},"properties":{"id":"node/12318788935","source":"osm","name":null,"fee":null,"charge":null,"access":null,"wheelchair":null,"opening_hours":null,"operator":null,"description":null,"password":null}},{"type":"Feature","geometry":{"type":"Point","coordinates":[2.3930762,48.8910004]},"properties":{"id":"node/12325636833","source":"osm","name":null,"fee":"no","charge":null,"access":"yes","wheelchair":"yes","opening_hours":null,"operator":null,"description":null,"password":null}},{"type":"Feature","geometry":{"type":"Point","coordinates":[2.2686119,48.8416697]},"properties":{"id":"node/12357799855","source":"osm","name":null,"fee":null,"charge":null,"access":null,"wheelchair":null,"opening_hours":null,"operator":null,"description":null,"password":null}},{"type":"Feature","geometry":{"type":"Point","coordinates":[2.2685308,48.8415849]},"properties":{"id":"node/12357799856","source":"osm","name":null,"fee":null,"charge":null,"access":null,"wheelchair":null,"opening_hours":null,"operator":null,"description":null,"password":null}},{"type":"Feature","geometry":{"type":"Point","coordinates":[2.268854,48.8415814]},"properties":{"id":"node/12357799857","source":"osm","name":null,"fee":null,"charge":null,"access":null,"wheelchair":null,"opening_hours":null,"operator":null,"description":null,"password":null}},{"type":"Feature","geometry":{"type":"Point","coordinates":[2.2688453,48.8415712]},"properties":{"id":"node/12357799858","source":"osm","name":null,"fee":null,"charge":null,"access":null,"wheelchair":null,"opening_hours":null,"operator":null,"description":null,"password":null}},{"type":"Feature","geometry":{"type":"Point","coordinates":[2.3205024,48.8954611]},"properties":{"id":"node/12388291734","source":"osm","name":null,"fee":"no","charge":null,"access":null,"wheelchair":null,"opening_hours":null,"operator":null,"description":null,"password":null}},{"type":"Feature","geometry":{"type":"Point","coordinates":[2.3388645,48.8670851]},"properties":{"id":"node/12430460299","source":"osm","name":null,"fee":null,"charge":null,"access":"customers","wheelchair":null,"opening_hours":null,"operator":null,"description":null,"password":null}},{"type":"Feature","geometry":{"type":"Point","coordinates":[2.340483,48.8720858]},"properties":{"id":"node/12473057255","source":"osm","name":null,"fee":null,"charge":null,"access":"customers","wheelchair":"yes","opening_hours":null,"operator":"KFC","description":null,"password":null}},{"type":"Feature","geometry":{"type":"Point","coordinates":[2.3386423,48.8675091]},"properties":{"id":"node/12486170681","source":"osm","name":null,"fee":"no","charge":null,"access":"yes","wheelchair":null,"opening_hours":null,"operator":null,"description":null,"password":null}},{"type":"Feature","geometry":{"type":"Point","coordinates":[2.331735,48.8555785]},"properties":{"id":"node/12492237106","source":"osm","name":null,"fee":"no","charge":null,"access":null,"wheelchair":null,"opening_hours":null,"operator":null,"description":null,"password":null}},{"type":"Feature","geometry":{"type":"Point","coordinates":[2.3317565,48.8556068]},"properties":{"id":"node/12492250126","source":"osm","name":null,"fee":"no","charge":null,"access":null,"wheelchair":null,"opening_hours":null,"operator":null,"description":null,"password":null}},{"type":"Feature","geometry":{"type":"Point","coordinates":[2.3625687,48.8382685]},"properties":{"id":"node/12501966524","source":"osm","name":null,"fee":"no","charge":null,"access":"yes","wheelchair":"yes","opening_hours":null,"operator":null,"description":null,"password":null}},{"type":"Feature","geometry":{"type":"Point","coordinates":[2.3623765,48.8374788]},"properties":{"id":"node/12501966532","source":"osm","name":null,"fee":"no","charge":null,"access":"yes","wheelchair":"yes","opening_hours":null,"operator":null,"description":null,"password":null}},{"type":"Feature","geometry":{"type":"Point","coordinates":[2.3625945,48.8644663]},"properties":{"id":"node/12512978533","source":"osm","name":null,"fee":"no","charge":null,"access":null,"wheelchair":null,"opening_hours":null,"operator":null,"description":null,"password":null}},{"type":"Feature","geometry":{"type":"Point","coordinates":[2.3646163,48.8295186]},"properties":{"id":"node/12521028437","source":"osm","name":null,"fee":"no","charge":null,"access":"customers","wheelchair":"yes","opening_hours":null,"operator":null,"description":null,"password":null}},{"type":"Feature","geometry":{"type":"Point","coordinates":[2.2686153,48.830745]},"properties":{"id":"node/12573946551","source":"osm","name":null,"fee":null,"charge":null,"access":null,"wheelchair":null,"opening_hours":null,"operator":null,"description":null,"password":null}},{"type":"Feature","geometry":{"type":"Point","coordinates":[2.3772368,48.8866617]},"properties":{"id":"node/12579164085","source":"osm","name":null,"fee":"no","charge":null,"access":"yes","wheelchair":"yes","opening_hours":null,"operator":null,"description":null,"password":null}},{"type":"Feature","geometry":{"type":"Point","coordinates":[2.3870682,48.8938523]},"properties":{"id":"node/12579164086","source":"osm","name":null,"fee":"no","charge":null,"access":null,"wheelchair":"limited","opening_hours":null,"operator":null,"description":null,"password":null}},{"type":"Feature","geometry":{"type":"Point","coordinates":[2.344553,48.8494539]},"properties":{"id":"node/12598624547","source":"osm","name":"G-040","fee":"no","charge":null,"access":null,"wheelchair":"no","opening_hours":null,"operator":null,"description":null,"password":null}},{"type":"Feature","geometry":{"type":"Point","coordinates":[2.3445873,48.8615905]},"properties":{"id":"node/12621299736","source":"osm","name":null,"fee":"no","charge":null,"access":null,"wheelchair":"yes","opening_hours":null,"operator":null,"description":null,"password":null}},{"type":"Feature","geometry":{"type":"Point","coordinates":[2.3760656,48.8360132]},"properties":{"id":"node/12644373840","source":"osm","name":null,"fee":"no","charge":null,"access":"yes","wheelchair":null,"opening_hours":null,"operator":null,"description":null,"password":null}},{"type":"Feature","geometry":{"type":"Point","coordinates":[2.3526963,48.8559073]},"properties":{"id":"node/12744920515","source":"osm","name":null,"fee":"no","charge":null,"access":null,"wheelchair":null,"opening_hours":null,"operator":null,"description":null,"password":null}},{"type":"Feature","geometry":{"type":"Point","coordinates":[2.4096924,48.8351242]},"properties":{"id":"node/12752742243","source":"osm","name":null,"fee":"no","charge":null,"access":"yes","wheelchair":"yes","opening_hours":null,"operator":null,"description":null,"password":null}},{"type":"Feature","geometry":{"type":"Point","coordinates":[2.3320082,48.8554837]},"properties":{"id":"node/12759317028","source":"osm","name":null,"fee":null,"charge":null,"access":null,"wheelchair":null,"opening_hours":null,"operator":null,"description":null,"password":null}},{"type":"Feature","geometry":{"type":"Point","coordinates":[2.2888725,48.862818]},"properties":{"id":"node/12766444254","source":"osm","name":null,"fee":"no","charge":null,"access":null,"wheelchair":null,"opening_hours":null,"operator":null,"description":null,"password":null}},{"type":"Feature","geometry":{"type":"Point","coordinates":[2.3410114,48.8289325]},"properties":{"id":"node/12785250594","source":"osm","name":null,"fee":null,"charge":null,"access":"yes","wheelchair":null,"opening_hours":null,"operator":null,"description":null,"password":null}},{"type":"Feature","geometry":{"type":"Point","coordinates":[2.358142,48.8464815]},"properties":{"id":"node/12785764855","source":"osm","name":null,"fee":"no","charge":null,"access":"yes","wheelchair":null,"opening_hours":null,"operator":null,"description":null,"password":null}},{"type":"Feature","geometry":{"type":"Point","coordinates":[2.358092,48.846474]},"properties":{"id":"node/12785764857","source":"osm","name":null,"fee":"no","charge":null,"access":"yes","wheelchair":null,"opening_hours":null,"operator":null,"description":null,"password":null}},{"type":"Feature","geometry":{"type":"Point","coordinates":[2.360245,48.8576211]},"properties":{"id":"node/12789644424","source":"osm","name":null,"fee":"no","charge":null,"access":"permissive","wheelchair":"yes","opening_hours":null,"operator":null,"description":null,"password":null}},{"type":"Feature","geometry":{"type":"Point","coordinates":[2.3061958,48.8795281]},"properties":{"id":"node/12821126525","source":"osm","name":null,"fee":"no","charge":null,"access":"yes","wheelchair":null,"opening_hours":null,"operator":null,"description":null,"password":null}},{"type":"Feature","geometry":{"type":"Point","coordinates":[2.252273,48.8729241]},"properties":{"id":"node/12844368161","source":"osm","name":null,"fee":"no","charge":null,"access":"customers","wheelchair":null,"opening_hours":null,"operator":null,"description":null,"password":null}},{"type":"Feature","geometry":{"type":"Point","coordinates":[2.3128753,48.8672696]},"properties":{"id":"node/12853255990","source":"osm","name":null,"fee":null,"charge":null,"access":"customers","wheelchair":null,"opening_hours":null,"operator":null,"description":null,"password":null}},{"type":"Feature","geometry":{"type":"Point","coordinates":[2.3772072,48.8344401]},"properties":{"id":"node/12861557461","source":"osm","name":null,"fee":"no","charge":null,"access":"yes","wheelchair":null,"opening_hours":null,"operator":null,"description":null,"password":null}},{"type":"Feature","geometry":{"type":"Point","coordinates":[2.3762141,48.8352895]},"properties":{"id":"node/12861557463","source":"osm","name":null,"fee":"no","charge":null,"access":"yes","wheelchair":"no","opening_hours":"24/7","operator":null,"description":null,"password":null}},{"type":"Feature","geometry":{"type":"Point","coordinates":[2.3678114,48.8421992]},"properties":{"id":"node/12861557464","source":"osm","name":null,"fee":"no","charge":null,"access":"yes","wheelchair":"no","opening_hours":"24/7","operator":null,"description":null,"password":null}},{"type":"Feature","geometry":{"type":"Point","coordinates":[2.3751323,48.8363282]},"properties":{"id":"node/12861557465","source":"osm","name":null,"fee":null,"charge":null,"access":"yes","wheelchair":"no","opening_hours":"24/7","operator":null,"description":null,"password":null}},{"type":"Feature","geometry":{"type":"Point","coordinates":[2.3783976,48.833439]},"properties":{"id":"node/12861557467","source":"osm","name":null,"fee":"no","charge":null,"access":"yes","wheelchair":"no","opening_hours":"24/7","operator":null,"description":null,"password":null}},{"type":"Feature","geometry":{"type":"Point","coordinates":[2.3762487,48.8352578]},"properties":{"id":"node/12861557469","source":"osm","name":null,"fee":null,"charge":null,"access":"yes","wheelchair":"no","opening_hours":"24/7","operator":null,"description":null,"password":null}},{"type":"Feature","geometry":{"type":"Point","coordinates":[2.3556887,48.8499686]},"properties":{"id":"node/12873974225","source":"osm","name":null,"fee":"no","charge":null,"access":"yes","wheelchair":"no","opening_hours":"24/7","operator":null,"description":null,"password":null}},{"type":"Feature","geometry":{"type":"Point","coordinates":[2.3557006,48.8499663]},"properties":{"id":"node/12873974235","source":"osm","name":null,"fee":"no","charge":null,"access":"yes","wheelchair":"no","opening_hours":"24/7","operator":null,"description":null,"password":null}},{"type":"Feature","geometry":{"type":"Point","coordinates":[2.3557108,48.849962]},"properties":{"id":"node/12873974236","source":"osm","name":null,"fee":"no","charge":null,"access":"yes","wheelchair":"no","opening_hours":"24/7","operator":null,"description":null,"password":null}},{"type":"Feature","geometry":{"type":"Point","coordinates":[2.4113394,48.8624048]},"properties":{"id":"node/12894457032","source":"osm","name":null,"fee":null,"charge":null,"access":null,"wheelchair":null,"opening_hours":null,"operator":null,"description":null,"password":null}},{"type":"Feature","geometry":{"type":"Point","coordinates":[2.3539149,48.8402633]},"properties":{"id":"node/12897694647","source":"osm","name":null,"fee":"no","charge":null,"access":"yes","wheelchair":null,"opening_hours":null,"operator":null,"description":null,"password":null}},{"type":"Feature","geometry":{"type":"Point","coordinates":[2.379553,48.8887659]},"properties":{"id":"node/12908253410","source":"osm","name":null,"fee":"no","charge":null,"access":"yes","wheelchair":"no","opening_hours":null,"operator":null,"description":"Urinoirs masculin et féminin","password":null}},{"type":"Feature","geometry":{"type":"Point","coordinates":[2.3658543,48.8702239]},"properties":{"id":"node/12919026361","source":"osm","name":null,"fee":"no","charge":null,"access":null,"wheelchair":"yes","opening_hours":null,"operator":"JCDecaux","description":null,"password":null}},{"type":"Feature","geometry":{"type":"Point","coordinates":[2.3737834,48.8849117]},"properties":{"id":"node/12995065967","source":"osm","name":null,"fee":"no","charge":null,"access":"yes","wheelchair":null,"opening_hours":null,"operator":null,"description":null,"password":null}},{"type":"Feature","geometry":{"type":"Point","coordinates":[2.3776964,48.898323]},"properties":{"id":"node/12995065972","source":"osm","name":null,"fee":"no","charge":null,"access":"customers","wheelchair":"yes","opening_hours":null,"operator":"Leroy Merlin","description":null,"password":null}},{"type":"Feature","geometry":{"type":"Point","coordinates":[2.3783612,48.8361872]},"properties":{"id":"node/12995733350","source":"osm","name":null,"fee":"no","charge":null,"access":"customers","wheelchair":"yes","opening_hours":null,"operator":null,"description":null,"password":null}},{"type":"Feature","geometry":{"type":"Point","coordinates":[2.3979865,48.855339]},"properties":{"id":"node/12997987431","source":"osm","name":null,"fee":"no","charge":null,"access":null,"wheelchair":"yes","opening_hours":null,"operator":null,"description":null,"password":null}},{"type":"Feature","geometry":{"type":"Point","coordinates":[2.3255929,48.8703603]},"properties":{"id":"node/13018259413","source":"osm","name":null,"fee":"no","charge":null,"access":"yes","wheelchair":"yes","opening_hours":null,"operator":"RATP","description":null,"password":null}},{"type":"Feature","geometry":{"type":"Point","coordinates":[2.3775667,48.8281027]},"properties":{"id":"node/13038867929","source":"osm","name":null,"fee":null,"charge":null,"access":"yes","wheelchair":null,"opening_hours":null,"operator":null,"description":null,"password":null}},{"type":"Feature","geometry":{"type":"Point","coordinates":[2.3539668,48.8389587]},"properties":{"id":"node/13089406797","source":"osm","name":null,"fee":"no","charge":null,"access":"yes","wheelchair":"no","opening_hours":null,"operator":null,"description":null,"password":null}},{"type":"Feature","geometry":{"type":"Point","coordinates":[2.3214193,48.8435844]},"properties":{"id":"node/13107824308","source":"osm","name":null,"fee":null,"charge":null,"access":null,"wheelchair":null,"opening_hours":null,"operator":null,"description":null,"password":null}},{"type":"Feature","geometry":{"type":"Point","coordinates":[2.3184445,48.8432746]},"properties":{"id":"node/13108549421","source":"osm","name":null,"fee":null,"charge":null,"access":null,"wheelchair":null,"opening_hours":null,"operator":null,"description":null,"password":null}},{"type":"Feature","geometry":{"type":"Point","coordinates":[2.367585,48.8375771]},"properties":{"id":"node/13127471626","source":"osm","name":null,"fee":"no","charge":null,"access":"yes","wheelchair":"yes","opening_hours":null,"operator":null,"description":null,"password":null}},{"type":"Feature","geometry":{"type":"Point","coordinates":[2.2582706,48.8717964]},"properties":{"id":"node/13156072163","source":"osm","name":null,"fee":"no","charge":null,"access":null,"wheelchair":null,"opening_hours":null,"operator":null,"description":null,"password":null}},{"type":"Feature","geometry":{"type":"Point","coordinates":[2.3937714,48.8902524]},"properties":{"id":"node/13157780781","source":"osm","name":null,"fee":"no","charge":null,"access":null,"wheelchair":"yes","opening_hours":null,"operator":null,"description":null,"password":null}},{"type":"Feature","geometry":{"type":"Point","coordinates":[2.3312945,48.8768451]},"properties":{"id":"node/13159748801","source":"osm","name":null,"fee":"no","charge":null,"access":null,"wheelchair":null,"opening_hours":"24/7","operator":null,"description":null,"password":null}},{"type":"Feature","geometry":{"type":"Point","coordinates":[2.2648435,48.8476637]},"properties":{"id":"node/13184767629","source":"osm","name":null,"fee":"no","charge":null,"access":"customers","wheelchair":"no","opening_hours":null,"operator":null,"description":null,"password":null}},{"type":"Feature","geometry":{"type":"Point","coordinates":[2.2652024,48.8475405]},"properties":{"id":"node/13184767632","source":"osm","name":null,"fee":"no","charge":null,"access":"customers","wheelchair":"no","opening_hours":null,"operator":null,"description":null,"password":null}},{"type":"Feature","geometry":{"type":"Point","coordinates":[2.3339453,48.8638198]},"properties":{"id":"node/13208352860","source":"osm","name":null,"fee":"no","charge":null,"access":null,"wheelchair":null,"opening_hours":null,"operator":null,"description":null,"password":null}},{"type":"Feature","geometry":{"type":"Point","coordinates":[2.2916327,48.8589587]},"properties":{"id":"node/13228253626","source":"osm","name":null,"fee":"yes","charge":null,"access":null,"wheelchair":null,"opening_hours":null,"operator":null,"description":null,"password":null}},{"type":"Feature","geometry":{"type":"Point","coordinates":[2.3959268,48.8623537]},"properties":{"id":"node/13279417452","source":"osm","name":null,"fee":"no","charge":null,"access":"permissive","wheelchair":"no","opening_hours":null,"operator":null,"description":null,"password":null}},{"type":"Feature","geometry":{"type":"Point","coordinates":[2.3958124,48.8622765]},"properties":{"id":"node/13279417453","source":"osm","name":null,"fee":"no","charge":null,"access":"permissive","wheelchair":"yes","opening_hours":null,"operator":null,"description":null,"password":null}},{"type":"Feature","geometry":{"type":"Point","coordinates":[2.3445236,48.8618906]},"properties":{"id":"node/13355060417","source":"osm","name":null,"fee":null,"charge":null,"access":null,"wheelchair":null,"opening_hours":null,"operator":null,"description":null,"password":null}},{"type":"Feature","geometry":{"type":"Point","coordinates":[2.3357906,48.8433586]},"properties":{"id":"node/13453761637","source":"osm","name":null,"fee":"no","charge":null,"access":null,"wheelchair":null,"opening_hours":null,"operator":null,"description":null,"password":null}},{"type":"Feature","geometry":{"type":"Point","coordinates":[2.3353416,48.8431955]},"properties":{"id":"node/13453761639","source":"osm","name":null,"fee":"no","charge":null,"access":null,"wheelchair":"yes","opening_hours":null,"operator":null,"description":null,"password":null}},{"type":"Feature","geometry":{"type":"Point","coordinates":[2.3690563,48.854771]},"properties":{"id":"node/13534641640","source":"osm","name":null,"fee":"no","charge":null,"access":"permissive","wheelchair":null,"opening_hours":null,"operator":null,"description":null,"password":null}},{"type":"Feature","geometry":{"type":"Point","coordinates":[2.2822112,48.8801049]},"properties":{"id":"node/13545593653","source":"osm","name":null,"fee":"no","charge":null,"access":null,"wheelchair":"yes","opening_hours":null,"operator":null,"description":null,"password":null}},{"type":"Feature","geometry":{"type":"Point","coordinates":[2.298737,48.8364088]},"properties":{"id":"node/13604866125","source":"osm","name":null,"fee":"no","charge":null,"access":"customers","wheelchair":"yes","opening_hours":null,"operator":null,"description":null,"password":null}},{"type":"Feature","geometry":{"type":"Point","coordinates":[2.3595905,48.8952332]},"properties":{"id":"node/13635164847","source":"osm","name":null,"fee":"no","charge":null,"access":"yes","wheelchair":"designated","opening_hours":"24/7","operator":null,"description":null,"password":null}},{"type":"Feature","geometry":{"type":"Point","coordinates":[2.3041329,48.891903]},"properties":{"id":"node/13669245668","source":"osm","name":null,"fee":"no","charge":null,"access":null,"wheelchair":null,"opening_hours":null,"operator":null,"description":null,"password":null}},{"type":"Feature","geometry":{"type":"Point","coordinates":[2.2917829,48.8617327]},"properties":{"id":"node/13701579401","source":"osm","name":null,"fee":"no","charge":null,"access":null,"wheelchair":null,"opening_hours":null,"operator":null,"description":null,"password":null}},{"type":"Feature","geometry":{"type":"Point","coordinates":[2.345139,48.8619408]},"properties":{"id":"node/13740817402","source":"osm","name":null,"fee":"no","charge":null,"access":null,"wheelchair":"yes","opening_hours":null,"operator":null,"description":null,"password":null}},{"type":"Feature","geometry":{"type":"Point","coordinates":[2.3440588,48.897733]},"properties":{"id":"node/13740818701","source":"osm","name":null,"fee":"no","charge":null,"access":null,"wheelchair":null,"opening_hours":null,"operator":null,"description":null,"password":null}},{"type":"Feature","geometry":{"type":"Point","coordinates":[2.4434444,48.8326209]},"properties":{"id":"node/13745002444","source":"osm","name":null,"fee":null,"charge":null,"access":"customers","wheelchair":null,"opening_hours":null,"operator":null,"description":null,"password":null}},{"type":"Feature","geometry":{"type":"Point","coordinates":[2.3275876,48.8427768]},"properties":{"id":"node/13755120204","source":"osm","name":null,"fee":"no","charge":null,"access":"yes","wheelchair":"yes","opening_hours":null,"operator":"JCDecaux","description":null,"password":null}},{"type":"Feature","geometry":{"type":"Point","coordinates":[2.328416,48.8836075]},"properties":{"id":"node/13819048846","source":"osm","name":null,"fee":"no","charge":null,"access":null,"wheelchair":null,"opening_hours":null,"operator":null,"description":null,"password":null}},{"type":"Feature","geometry":{"type":"Point","coordinates":[2.3060827,48.87941]},"properties":{"id":"node/13877614905","source":"osm","name":"Toilettes publiques","fee":null,"charge":null,"access":null,"wheelchair":null,"opening_hours":null,"operator":null,"description":null,"password":null}},{"type":"Feature","geometry":{"type":"Point","coordinates":[2.3195672,48.8591718]},"properties":{"id":"node/13914560257","source":"osm","name":null,"fee":"no","charge":null,"access":"yes","wheelchair":null,"opening_hours":null,"operator":null,"description":null,"password":null}},{"type":"Feature","geometry":{"type":"Point","coordinates":[2.329868,48.8642212]},"properties":{"id":"node/13935455673","source":"osm","name":null,"fee":null,"charge":null,"access":null,"wheelchair":null,"opening_hours":null,"operator":null,"description":null,"password":null}},{"type":"Feature","geometry":{"type":"Point","coordinates":[2.34226,48.8594325]},"properties":{"id":"node/13943664586","source":"osm","name":null,"fee":"no","charge":null,"access":"yes","wheelchair":"yes","opening_hours":null,"operator":null,"description":null,"password":null}},{"type":"Feature","geometry":{"type":"Point","coordinates":[2.342157,48.8590881]},"properties":{"id":"node/13943664587","source":"osm","name":null,"fee":"no","charge":null,"access":"customers","wheelchair":"yes","opening_hours":null,"operator":null,"description":null,"password":null}},{"type":"Feature","geometry":{"type":"Point","coordinates":[2.329868,48.8642212]},"properties":{"id":"node/13947227078","source":"osm","name":null,"fee":"no","charge":null,"access":null,"wheelchair":"no","opening_hours":null,"operator":null,"description":null,"password":null}},{"type":"Feature","geometry":{"type":"Point","coordinates":[2.3736722,48.8506105]},"properties":{"id":"node/13976349825","source":"osm","name":null,"fee":"no","charge":null,"access":null,"wheelchair":"yes","opening_hours":null,"operator":null,"description":null,"password":null}},{"type":"Feature","geometry":{"type":"Point","coordinates":[2.3634725,48.8454869]},"properties":{"id":"node/13983951801","source":"osm","name":null,"fee":null,"charge":null,"access":null,"wheelchair":null,"opening_hours":null,"operator":null,"description":null,"password":null}},{"type":"Feature","geometry":{"type":"Point","coordinates":[2.3405316,48.8466094]},"properties":{"id":"node/13992420310","source":"osm","name":null,"fee":null,"charge":null,"access":null,"wheelchair":"designated","opening_hours":null,"operator":"RATP","description":null,"password":null}},{"type":"Feature","geometry":{"type":"Point","coordinates":[2.3593954,48.8482675]},"properties":{"id":"node/14055965804","source":"osm","name":null,"fee":null,"charge":null,"access":"yes","wheelchair":null,"opening_hours":null,"operator":null,"description":null,"password":null}},{"type":"Feature","geometry":{"type":"Point","coordinates":[2.3513701,48.8704731]},"properties":{"id":"node/14070685001","source":"osm","name":null,"fee":null,"charge":null,"access":"yes","wheelchair":"yes","opening_hours":"24/7","operator":"JCDecaux","description":null,"password":null}},{"type":"Feature","geometry":{"type":"Point","coordinates":[2.3845533,48.890708]},"properties":{"id":"node/14079799894","source":"osm","name":null,"fee":null,"charge":null,"access":"yes","wheelchair":"no","opening_hours":null,"operator":null,"description":null,"password":null}},{"type":"Feature","geometry":{"type":"Point","coordinates":[2.384522,48.8911344]},"properties":{"id":"node/14079827433","source":"osm","name":null,"fee":null,"charge":null,"access":"yes","wheelchair":"no","opening_hours":null,"operator":null,"description":null,"password":null}},{"type":"Feature","geometry":{"type":"Point","coordinates":[2.3659714,48.8560249]},"properties":{"id":"way/49824138","source":"osm","name":null,"fee":"no","charge":null,"access":"yes","wheelchair":"limited","opening_hours":null,"operator":null,"description":null,"password":null}},{"type":"Feature","geometry":{"type":"Point","coordinates":[2.3603132,48.8187381]},"properties":{"id":"way/62376396","source":"osm","name":null,"fee":"no","charge":null,"access":null,"wheelchair":"yes","opening_hours":null,"operator":null,"description":null,"password":null}},{"type":"Feature","geometry":{"type":"Point","coordinates":[2.4446399,48.8382417]},"properties":{"id":"way/62819410","source":"osm","name":null,"fee":null,"charge":null,"access":null,"wheelchair":null,"opening_hours":null,"operator":null,"description":null,"password":null}},{"type":"Feature","geometry":{"type":"Point","coordinates":[2.4407658,48.8399256]},"properties":{"id":"way/62820081","source":"osm","name":null,"fee":"no","charge":null,"access":"yes","wheelchair":"designated","opening_hours":null,"operator":null,"description":null,"password":null}},{"type":"Feature","geometry":{"type":"Point","coordinates":[2.3335577,48.8480294]},"properties":{"id":"way/62848444","source":"osm","name":null,"fee":"no","charge":null,"access":"yes","wheelchair":"yes","opening_hours":null,"operator":null,"description":null,"password":null}},{"type":"Feature","geometry":{"type":"Point","coordinates":[2.3807858,48.8768991]},"properties":{"id":"way/63212128","source":"osm","name":null,"fee":"no","charge":null,"access":null,"wheelchair":"no","opening_hours":null,"operator":null,"description":null,"password":null}},{"type":"Feature","geometry":{"type":"Point","coordinates":[2.3827729,48.8823771]},"properties":{"id":"way/63236208","source":"osm","name":null,"fee":"no","charge":null,"access":"yes","wheelchair":"yes","opening_hours":null,"operator":null,"description":null,"password":null}},{"type":"Feature","geometry":{"type":"Point","coordinates":[2.3875022,48.8609577]},"properties":{"id":"way/63643690","source":"osm","name":null,"fee":"no","charge":null,"access":"yes","wheelchair":"no","opening_hours":null,"operator":null,"description":null,"password":null}},{"type":"Feature","geometry":{"type":"Point","coordinates":[2.3152237,48.8549798]},"properties":{"id":"way/68568683","source":"osm","name":null,"fee":"no","charge":null,"access":"customers","wheelchair":"designated","opening_hours":null,"operator":null,"description":null,"password":null}},{"type":"Feature","geometry":{"type":"Point","coordinates":[2.3289091,48.8833037]},"properties":{"id":"way/69257274","source":"osm","name":null,"fee":null,"charge":null,"access":null,"wheelchair":null,"opening_hours":null,"operator":null,"description":null,"password":null}},{"type":"Feature","geometry":{"type":"Point","coordinates":[2.3367197,48.8785861]},"properties":{"id":"way/69562785","source":"osm","name":null,"fee":"no","charge":null,"access":"yes","wheelchair":"no","opening_hours":null,"operator":null,"description":null,"password":null}},{"type":"Feature","geometry":{"type":"Point","coordinates":[2.4110592,48.8699177]},"properties":{"id":"way/70002464","source":"osm","name":null,"fee":"no","charge":null,"access":"yes","wheelchair":"yes","opening_hours":null,"operator":null,"description":null,"password":null}},{"type":"Feature","geometry":{"type":"Point","coordinates":[2.404529,48.8570435]},"properties":{"id":"way/70145465","source":"osm","name":null,"fee":"no","charge":null,"access":null,"wheelchair":"yes","opening_hours":null,"operator":"JCDecaux","description":null,"password":null}},{"type":"Feature","geometry":{"type":"Point","coordinates":[2.3141172,48.8964366]},"properties":{"id":"way/75748709","source":"osm","name":null,"fee":"no","charge":null,"access":null,"wheelchair":null,"opening_hours":null,"operator":null,"description":null,"password":null}},{"type":"Feature","geometry":{"type":"Point","coordinates":[2.3481369,48.8313426]},"properties":{"id":"way/78406548","source":"osm","name":null,"fee":"no","charge":null,"access":"yes","wheelchair":"yes","opening_hours":null,"operator":null,"description":null,"password":null}},{"type":"Feature","geometry":{"type":"Point","coordinates":[2.354064,48.8281466]},"properties":{"id":"way/78470548","source":"osm","name":null,"fee":"no","charge":null,"access":"private","wheelchair":null,"opening_hours":null,"operator":null,"description":null,"password":null}},{"type":"Feature","geometry":{"type":"Point","coordinates":[2.34852,48.8230296]},"properties":{"id":"way/78493720","source":"osm","name":null,"fee":"no","charge":null,"access":"yes","wheelchair":"no","opening_hours":null,"operator":null,"description":null,"password":null}},{"type":"Feature","geometry":{"type":"Point","coordinates":[2.3513599,48.8226569]},"properties":{"id":"way/78493728","source":"osm","name":null,"fee":null,"charge":null,"access":null,"wheelchair":null,"opening_hours":null,"operator":null,"description":null,"password":null}},{"type":"Feature","geometry":{"type":"Point","coordinates":[2.3617839,48.8359212]},"properties":{"id":"way/78534604","source":"osm","name":null,"fee":null,"charge":null,"access":"private","wheelchair":null,"opening_hours":null,"operator":null,"description":null,"password":null}},{"type":"Feature","geometry":{"type":"Point","coordinates":[2.361746,48.827825]},"properties":{"id":"way/79083344","source":"osm","name":null,"fee":"no","charge":null,"access":null,"wheelchair":"yes","opening_hours":null,"operator":null,"description":null,"password":null}},{"type":"Feature","geometry":{"type":"Point","coordinates":[2.3236025,48.8222645]},"properties":{"id":"way/79717548","source":"osm","name":null,"fee":"no","charge":null,"access":"yes","wheelchair":"designated","opening_hours":null,"operator":null,"description":null,"password":null}},{"type":"Feature","geometry":{"type":"Point","coordinates":[2.3365889,48.8222813]},"properties":{"id":"way/79805104","source":"osm","name":null,"fee":"no","charge":null,"access":null,"wheelchair":"yes","opening_hours":null,"operator":null,"description":null,"password":null}},{"type":"Feature","geometry":{"type":"Point","coordinates":[2.3063309,48.8392273]},"properties":{"id":"way/80236016","source":"osm","name":null,"fee":"no","charge":null,"access":"yes","wheelchair":"yes","opening_hours":"24/7","operator":null,"description":null,"password":null}},{"type":"Feature","geometry":{"type":"Point","coordinates":[2.2810065,48.8762424]},"properties":{"id":"way/80536753","source":"osm","name":null,"fee":"no","charge":null,"access":"yes","wheelchair":null,"opening_hours":null,"operator":null,"description":null,"password":null}},{"type":"Feature","geometry":{"type":"Point","coordinates":[2.2634314,48.8791228]},"properties":{"id":"way/83059125","source":"osm","name":null,"fee":null,"charge":null,"access":null,"wheelchair":null,"opening_hours":null,"operator":null,"description":null,"password":null}},{"type":"Feature","geometry":{"type":"Point","coordinates":[2.2671376,48.8786255]},"properties":{"id":"way/83059137","source":"osm","name":null,"fee":"no","charge":null,"access":null,"wheelchair":"yes","opening_hours":null,"operator":null,"description":null,"password":null}},{"type":"Feature","geometry":{"type":"Point","coordinates":[2.2906191,48.8821612]},"properties":{"id":"way/84330473","source":"osm","name":null,"fee":null,"charge":null,"access":null,"wheelchair":null,"opening_hours":null,"operator":null,"description":null,"password":null}},{"type":"Feature","geometry":{"type":"Point","coordinates":[2.2683212,48.8582512]},"properties":{"id":"way/158177850","source":"osm","name":null,"fee":"no","charge":null,"access":"yes","wheelchair":"no","opening_hours":null,"operator":null,"description":null,"password":null}},{"type":"Feature","geometry":{"type":"Point","coordinates":[2.4016502,48.8558748]},"properties":{"id":"way/170151938","source":"osm","name":null,"fee":null,"charge":null,"access":null,"wheelchair":null,"opening_hours":null,"operator":null,"description":null,"password":null}},{"type":"Feature","geometry":{"type":"Point","coordinates":[2.3549387,48.8185812]},"properties":{"id":"way/180322910","source":"osm","name":null,"fee":"no","charge":null,"access":"yes","wheelchair":"yes","opening_hours":null,"operator":null,"description":null,"password":null}},{"type":"Feature","geometry":{"type":"Point","coordinates":[2.3056545,48.8279383]},"properties":{"id":"way/197717521","source":"osm","name":null,"fee":"no","charge":null,"access":null,"wheelchair":"yes","opening_hours":null,"operator":"JCDecaux","description":null,"password":null}},{"type":"Feature","geometry":{"type":"Point","coordinates":[2.3572924,48.8668277]},"properties":{"id":"way/202790748","source":"osm","name":null,"fee":null,"charge":null,"access":"private","wheelchair":null,"opening_hours":null,"operator":null,"description":null,"password":null}},{"type":"Feature","geometry":{"type":"Point","coordinates":[2.2871068,48.8516547]},"properties":{"id":"way/250866742","source":"osm","name":null,"fee":null,"charge":null,"access":"private","wheelchair":null,"opening_hours":null,"operator":null,"description":null,"password":null}},{"type":"Feature","geometry":{"type":"Point","coordinates":[2.2870709,48.8516812]},"properties":{"id":"way/250866744","source":"osm","name":null,"fee":null,"charge":null,"access":null,"wheelchair":null,"opening_hours":null,"operator":null,"description":null,"password":null}},{"type":"Feature","geometry":{"type":"Point","coordinates":[2.2871226,48.8517036]},"properties":{"id":"way/250866747","source":"osm","name":null,"fee":null,"charge":null,"access":null,"wheelchair":null,"opening_hours":null,"operator":null,"description":null,"password":null}},{"type":"Feature","geometry":{"type":"Point","coordinates":[2.2871185,48.8516646]},"properties":{"id":"way/250866750","source":"osm","name":null,"fee":null,"charge":null,"access":"private","wheelchair":null,"opening_hours":null,"operator":null,"description":null,"password":null}},{"type":"Feature","geometry":{"type":"Point","coordinates":[2.2871002,48.851683]},"properties":{"id":"way/250866760","source":"osm","name":null,"fee":null,"charge":null,"access":null,"wheelchair":null,"opening_hours":null,"operator":null,"description":null,"password":null}},{"type":"Feature","geometry":{"type":"Point","coordinates":[2.2870911,48.8516712]},"properties":{"id":"way/250866762","source":"osm","name":null,"fee":null,"charge":null,"access":null,"wheelchair":null,"opening_hours":null,"operator":null,"description":null,"password":null}},{"type":"Feature","geometry":{"type":"Point","coordinates":[2.2866142,48.8519081]},"properties":{"id":"way/250866769","source":"osm","name":null,"fee":null,"charge":null,"access":null,"wheelchair":null,"opening_hours":null,"operator":null,"description":null,"password":null}},{"type":"Feature","geometry":{"type":"Point","coordinates":[2.2866092,48.8518766]},"properties":{"id":"way/250866775","source":"osm","name":null,"fee":null,"charge":null,"access":null,"wheelchair":null,"opening_hours":null,"operator":null,"description":null,"password":null}},{"type":"Feature","geometry":{"type":"Point","coordinates":[2.2866142,48.8519081]},"properties":{"id":"way/250866776","source":"osm","name":null,"fee":null,"charge":null,"access":null,"wheelchair":null,"opening_hours":null,"operator":null,"description":null,"password":null}},{"type":"Feature","geometry":{"type":"Point","coordinates":[2.2865522,48.8519156]},"properties":{"id":"way/250866789","source":"osm","name":null,"fee":null,"charge":null,"access":null,"wheelchair":null,"opening_hours":null,"operator":null,"description":null,"password":null}},{"type":"Feature","geometry":{"type":"Point","coordinates":[2.2865522,48.8519156]},"properties":{"id":"way/250866791","source":"osm","name":null,"fee":null,"charge":null,"access":null,"wheelchair":null,"opening_hours":null,"operator":null,"description":null,"password":null}},{"type":"Feature","geometry":{"type":"Point","coordinates":[2.2871987,48.8517799]},"properties":{"id":"way/260305609","source":"osm","name":null,"fee":null,"charge":null,"access":null,"wheelchair":null,"opening_hours":null,"operator":null,"description":null,"password":null}},{"type":"Feature","geometry":{"type":"Point","coordinates":[2.3880332,48.8917953]},"properties":{"id":"way/284036312","source":"osm","name":null,"fee":"no","charge":null,"access":"yes","wheelchair":"yes","opening_hours":null,"operator":null,"description":null,"password":null}},{"type":"Feature","geometry":{"type":"Point","coordinates":[2.3520747,48.8431233]},"properties":{"id":"way/288880389","source":"osm","name":null,"fee":"no","charge":null,"access":null,"wheelchair":"yes","opening_hours":null,"operator":"JCDecaux","description":null,"password":null}},{"type":"Feature","geometry":{"type":"Point","coordinates":[2.3450638,48.8423552]},"properties":{"id":"way/304437680","source":"osm","name":null,"fee":"no","charge":null,"access":null,"wheelchair":"yes","opening_hours":null,"operator":null,"description":null,"password":null}},{"type":"Feature","geometry":{"type":"Point","coordinates":[2.3453568,48.8420396]},"properties":{"id":"way/304437690","source":"osm","name":null,"fee":"no","charge":null,"access":null,"wheelchair":"no","opening_hours":null,"operator":null,"description":null,"password":null}},{"type":"Feature","geometry":{"type":"Point","coordinates":[2.3444687,48.8424163]},"properties":{"id":"way/304455868","source":"osm","name":null,"fee":"no","charge":null,"access":null,"wheelchair":null,"opening_hours":null,"operator":null,"description":null,"password":null}},{"type":"Feature","geometry":{"type":"Point","coordinates":[2.3449983,48.8414901]},"properties":{"id":"way/304455873","source":"osm","name":null,"fee":"no","charge":null,"access":null,"wheelchair":"yes","opening_hours":null,"operator":null,"description":null,"password":null}},{"type":"Feature","geometry":{"type":"Point","coordinates":[2.377478,48.8298558]},"properties":{"id":"way/337133434","source":"osm","name":null,"fee":"no","charge":null,"access":null,"wheelchair":"yes","opening_hours":null,"operator":"SNCF","description":null,"password":null}},{"type":"Feature","geometry":{"type":"Point","coordinates":[2.3148416,48.8661245]},"properties":{"id":"way/338452513","source":"osm","name":null,"fee":"no","charge":null,"access":null,"wheelchair":"yes","opening_hours":null,"operator":null,"description":null,"password":null}},{"type":"Feature","geometry":{"type":"Point","coordinates":[2.3741621,48.8963103]},"properties":{"id":"way/385426395","source":"osm","name":null,"fee":"no","charge":null,"access":"customers","wheelchair":"yes","opening_hours":"Mo-Su 08:00-18:00","operator":"SNCF","description":null,"password":null}},{"type":"Feature","geometry":{"type":"Point","coordinates":[2.3173303,48.8394775]},"properties":{"id":"way/399959728","source":"osm","name":null,"fee":"yes","charge":null,"access":"yes","wheelchair":"yes","opening_hours":null,"operator":null,"description":null,"password":null}},{"type":"Feature","geometry":{"type":"Point","coordinates":[2.3574275,48.8805809]},"properties":{"id":"way/401355358","source":"osm","name":"2theloo","fee":"yes","charge":null,"access":null,"wheelchair":"yes","opening_hours":"Mo-Su 06:00-21:00","operator":null,"description":null,"password":null}},{"type":"Feature","geometry":{"type":"Point","coordinates":[2.3589765,48.8770142]},"properties":{"id":"way/402687316","source":"osm","name":null,"fee":"yes","charge":"1 EUR","access":"yes","wheelchair":"yes","opening_hours":"06:00-24:00","operator":null,"description":null,"password":null}},{"type":"Feature","geometry":{"type":"Point","coordinates":[2.3269396,48.8752475]},"properties":{"id":"way/403821984","source":"osm","name":null,"fee":null,"charge":null,"access":"no","wheelchair":"yes","opening_hours":null,"operator":null,"description":null,"password":null}},{"type":"Feature","geometry":{"type":"Point","coordinates":[2.3543034,48.881268]},"properties":{"id":"way/403883854","source":"osm","name":null,"fee":"no","charge":null,"access":"customers","wheelchair":"yes","opening_hours":null,"operator":null,"description":null,"password":null}},{"type":"Feature","geometry":{"type":"Point","coordinates":[2.355252,48.8803989]},"properties":{"id":"way/403889816","source":"osm","name":null,"fee":"yes","charge":null,"access":null,"wheelchair":"yes","opening_hours":"Mo-Su 06:00-24:00","operator":null,"description":null,"password":null}},{"type":"Feature","geometry":{"type":"Point","coordinates":[2.3576059,48.8799865]},"properties":{"id":"way/403889835","source":"osm","name":null,"fee":null,"charge":null,"access":null,"wheelchair":"yes","opening_hours":null,"operator":null,"description":null,"password":null}},{"type":"Feature","geometry":{"type":"Point","coordinates":[2.3574472,48.8823089]},"properties":{"id":"way/404083568","source":"osm","name":null,"fee":"no","charge":null,"access":"customers","wheelchair":"yes","opening_hours":null,"operator":null,"description":null,"password":null}},{"type":"Feature","geometry":{"type":"Point","coordinates":[2.3725332,48.8443829]},"properties":{"id":"way/406611127","source":"osm","name":null,"fee":null,"charge":null,"access":null,"wheelchair":"yes","opening_hours":null,"operator":null,"description":null,"password":null}},{"type":"Feature","geometry":{"type":"Point","coordinates":[2.3269072,48.875248]},"properties":{"id":"way/407976791","source":"osm","name":null,"fee":null,"charge":null,"access":"no","wheelchair":"yes","opening_hours":null,"operator":null,"description":null,"password":null}},{"type":"Feature","geometry":{"type":"Point","coordinates":[2.3264938,48.8770608]},"properties":{"id":"way/408292842","source":"osm","name":null,"fee":"yes","charge":"1 EUR","access":"customers","wheelchair":"yes","opening_hours":null,"operator":"2theloo","description":null,"password":null}},{"type":"Feature","geometry":{"type":"Point","coordinates":[2.3739801,48.8451149]},"properties":{"id":"way/408863779","source":"osm","name":null,"fee":"yes","charge":null,"access":null,"wheelchair":null,"opening_hours":"Mo-Su 06:30-22:30","operator":"2theloo","description":null,"password":null}},{"type":"Feature","geometry":{"type":"Point","coordinates":[2.3160085,48.8386273]},"properties":{"id":"way/409836230","source":"osm","name":null,"fee":"yes","charge":null,"access":"yes","wheelchair":"yes","opening_hours":null,"operator":null,"description":null,"password":null}},{"type":"Feature","geometry":{"type":"Point","coordinates":[2.3769095,48.8444567]},"properties":{"id":"way/410313227","source":"osm","name":"2theloo","fee":"yes","charge":"1 EUR","access":"yes","wheelchair":"yes","opening_hours":null,"operator":"2theloo","description":null,"password":null}},{"type":"Feature","geometry":{"type":"Point","coordinates":[2.3360467,48.8621818]},"properties":{"id":"way/446688174","source":"osm","name":null,"fee":null,"charge":null,"access":"permissive","wheelchair":null,"opening_hours":null,"operator":null,"description":null,"password":null}},{"type":"Feature","geometry":{"type":"Point","coordinates":[2.3360256,48.8616321]},"properties":{"id":"way/448927502","source":"osm","name":null,"fee":"no","charge":null,"access":"permissive","wheelchair":"yes","opening_hours":null,"operator":null,"description":null,"password":null}},{"type":"Feature","geometry":{"type":"Point","coordinates":[2.3375346,48.8613194]},"properties":{"id":"way/449948163","source":"osm","name":null,"fee":"no","charge":null,"access":"permissive","wheelchair":null,"opening_hours":null,"operator":null,"description":null,"password":null}},{"type":"Feature","geometry":{"type":"Point","coordinates":[2.3357068,48.8606447]},"properties":{"id":"way/451560036","source":"osm","name":null,"fee":"no","charge":null,"access":null,"wheelchair":null,"opening_hours":null,"operator":null,"description":null,"password":null}},{"type":"Feature","geometry":{"type":"Point","coordinates":[2.3356028,48.8606687]},"properties":{"id":"way/451560037","source":"osm","name":null,"fee":"no","charge":null,"access":null,"wheelchair":null,"opening_hours":null,"operator":null,"description":null,"password":null}},{"type":"Feature","geometry":{"type":"Point","coordinates":[2.3354972,48.8606119]},"properties":{"id":"way/451568299","source":"osm","name":null,"fee":"no","charge":null,"access":null,"wheelchair":null,"opening_hours":null,"operator":null,"description":null,"password":null}},{"type":"Feature","geometry":{"type":"Point","coordinates":[2.3357292,48.8605564]},"properties":{"id":"way/451568300","source":"osm","name":null,"fee":"no","charge":null,"access":null,"wheelchair":null,"opening_hours":null,"operator":null,"description":null,"password":null}},{"type":"Feature","geometry":{"type":"Point","coordinates":[2.3320317,48.8606734]},"properties":{"id":"way/451577017","source":"osm","name":null,"fee":"no","charge":null,"access":null,"wheelchair":"yes","opening_hours":null,"operator":null,"description":null,"password":null}},{"type":"Feature","geometry":{"type":"Point","coordinates":[2.3319584,48.8606989]},"properties":{"id":"way/451577021","source":"osm","name":null,"fee":null,"charge":null,"access":null,"wheelchair":"yes","opening_hours":null,"operator":null,"description":null,"password":null}},{"type":"Feature","geometry":{"type":"Point","coordinates":[2.334278,48.8602207]},"properties":{"id":"way/452151618","source":"osm","name":null,"fee":"no","charge":null,"access":"permissive","wheelchair":"yes","opening_hours":null,"operator":null,"description":null,"password":null}},{"type":"Feature","geometry":{"type":"Point","coordinates":[2.3326899,48.8606241]},"properties":{"id":"way/452314943","source":"osm","name":null,"fee":null,"charge":null,"access":"permissive","wheelchair":"yes","opening_hours":null,"operator":null,"description":null,"password":null}},{"type":"Feature","geometry":{"type":"Point","coordinates":[2.3327384,48.8606128]},"properties":{"id":"way/452314944","source":"osm","name":null,"fee":null,"charge":null,"access":"permissive","wheelchair":"yes","opening_hours":null,"operator":null,"description":null,"password":null}},{"type":"Feature","geometry":{"type":"Point","coordinates":[2.3346522,48.8627325]},"properties":{"id":"way/452685616","source":"osm","name":null,"fee":"yes","charge":null,"access":null,"wheelchair":null,"opening_hours":null,"operator":null,"description":null,"password":null}},{"type":"Feature","geometry":{"type":"Point","coordinates":[2.3346123,48.8627479]},"properties":{"id":"way/452685622","source":"osm","name":null,"fee":"yes","charge":null,"access":null,"wheelchair":null,"opening_hours":null,"operator":null,"description":null,"password":null}},{"type":"Feature","geometry":{"type":"Point","coordinates":[2.3392104,48.8595097]},"properties":{"id":"way/454347265","source":"osm","name":null,"fee":null,"charge":null,"access":null,"wheelchair":null,"opening_hours":null,"operator":null,"description":null,"password":null}},{"type":"Feature","geometry":{"type":"Point","coordinates":[2.3381501,48.8598493]},"properties":{"id":"way/455700708","source":"osm","name":null,"fee":"yes","charge":null,"access":null,"wheelchair":null,"opening_hours":null,"operator":null,"description":null,"password":null}},{"type":"Feature","geometry":{"type":"Point","coordinates":[2.3390444,48.8609245]},"properties":{"id":"way/457696553","source":"osm","name":null,"fee":null,"charge":null,"access":null,"wheelchair":"yes","opening_hours":null,"operator":null,"description":null,"password":null}},{"type":"Feature","geometry":{"type":"Point","coordinates":[2.338115,48.8598676]},"properties":{"id":"way/458968330","source":"osm","name":null,"fee":null,"charge":null,"access":null,"wheelchair":null,"opening_hours":null,"operator":null,"description":null,"password":null}},{"type":"Feature","geometry":{"type":"Point","coordinates":[2.3380705,48.8598209]},"properties":{"id":"way/458968332","source":"osm","name":null,"fee":null,"charge":null,"access":null,"wheelchair":null,"opening_hours":null,"operator":null,"description":null,"password":null}},{"type":"Feature","geometry":{"type":"Point","coordinates":[2.3393717,48.8600876]},"properties":{"id":"way/459012887","source":"osm","name":null,"fee":"no","charge":null,"access":null,"wheelchair":null,"opening_hours":null,"operator":null,"description":null,"password":null}},{"type":"Feature","geometry":{"type":"Point","coordinates":[2.3358954,48.8597613]},"properties":{"id":"way/459448904","source":"osm","name":null,"fee":null,"charge":null,"access":"permissive","wheelchair":null,"opening_hours":null,"operator":null,"description":null,"password":null}},{"type":"Feature","geometry":{"type":"Point","coordinates":[2.3827749,48.8389012]},"properties":{"id":"way/479520399","source":"osm","name":null,"fee":"yes","charge":null,"access":null,"wheelchair":"yes","opening_hours":"06:00-22:30","operator":null,"description":null,"password":null}},{"type":"Feature","geometry":{"type":"Point","coordinates":[2.3616807,48.8911691]},"properties":{"id":"way/480240548","source":"osm","name":null,"fee":"no","charge":null,"access":"no","wheelchair":"yes","opening_hours":null,"operator":null,"description":null,"password":null}},{"type":"Feature","geometry":{"type":"Point","coordinates":[2.3387703,48.8610556]},"properties":{"id":"way/484181197","source":"osm","name":null,"fee":null,"charge":null,"access":null,"wheelchair":"designated","opening_hours":null,"operator":null,"description":null,"password":null}},{"type":"Feature","geometry":{"type":"Point","coordinates":[2.3359226,48.8614313]},"properties":{"id":"way/491908160","source":"osm","name":null,"fee":"no","charge":null,"access":null,"wheelchair":"yes","opening_hours":null,"operator":null,"description":null,"password":null}},{"type":"Feature","geometry":{"type":"Point","coordinates":[2.3362131,48.8613561]},"properties":{"id":"way/491908161","source":"osm","name":null,"fee":"no","charge":null,"access":null,"wheelchair":"yes","opening_hours":null,"operator":null,"description":null,"password":null}},{"type":"Feature","geometry":{"type":"Point","coordinates":[2.3320185,48.8606557]},"properties":{"id":"way/492639653","source":"osm","name":null,"fee":"no","charge":null,"access":null,"wheelchair":"designated","opening_hours":null,"operator":null,"description":null,"password":null}},{"type":"Feature","geometry":{"type":"Point","coordinates":[2.3757385,48.8343332]},"properties":{"id":"way/493219724","source":"osm","name":null,"fee":"no","charge":null,"access":null,"wheelchair":"yes","opening_hours":null,"operator":null,"description":null,"password":null}},{"type":"Feature","geometry":{"type":"Point","coordinates":[2.3764467,48.8337926]},"properties":{"id":"way/493219725","source":"osm","name":null,"fee":"no","charge":null,"access":null,"wheelchair":"yes","opening_hours":null,"operator":null,"description":null,"password":null}},{"type":"Feature","geometry":{"type":"Point","coordinates":[2.3767027,48.8335959]},"properties":{"id":"way/493219728","source":"osm","name":null,"fee":"no","charge":null,"access":null,"wheelchair":"yes","opening_hours":null,"operator":null,"description":null,"password":null}},{"type":"Feature","geometry":{"type":"Point","coordinates":[2.3766141,48.8327257]},"properties":{"id":"way/493219730","source":"osm","name":null,"fee":"no","charge":null,"access":null,"wheelchair":"yes","opening_hours":null,"operator":null,"description":null,"password":null}},{"type":"Feature","geometry":{"type":"Point","coordinates":[2.376049,48.8341224]},"properties":{"id":"way/493219733","source":"osm","name":null,"fee":"no","charge":null,"access":null,"wheelchair":"yes","opening_hours":null,"operator":null,"description":null,"password":null}},{"type":"Feature","geometry":{"type":"Point","coordinates":[2.3749339,48.8345873]},"properties":{"id":"way/493220888","source":"osm","name":null,"fee":"no","charge":null,"access":null,"wheelchair":"yes","opening_hours":null,"operator":null,"description":null,"password":null}},{"type":"Feature","geometry":{"type":"Point","coordinates":[2.375026,48.8335199]},"properties":{"id":"way/493226746","source":"osm","name":null,"fee":"no","charge":null,"access":null,"wheelchair":"yes","opening_hours":null,"operator":null,"description":null,"password":null}},{"type":"Feature","geometry":{"type":"Point","coordinates":[2.374711,48.8337784]},"properties":{"id":"way/493226752","source":"osm","name":null,"fee":"no","charge":null,"access":null,"wheelchair":"yes","opening_hours":null,"operator":null,"description":null,"password":null}},{"type":"Feature","geometry":{"type":"Point","coordinates":[2.3757155,48.8329866]},"properties":{"id":"way/493256794","source":"osm","name":null,"fee":"no","charge":null,"access":null,"wheelchair":"yes","opening_hours":null,"operator":null,"description":null,"password":null}},{"type":"Feature","geometry":{"type":"Point","coordinates":[2.339003,48.8609366]},"properties":{"id":"way/499491662","source":"osm","name":null,"fee":null,"charge":null,"access":null,"wheelchair":"yes","opening_hours":null,"operator":null,"description":null,"password":null}},{"type":"Feature","geometry":{"type":"Point","coordinates":[2.3372576,48.8422144]},"properties":{"id":"way/606501332","source":"osm","name":null,"fee":"no","charge":null,"access":"yes","wheelchair":"yes","opening_hours":null,"operator":null,"description":null,"password":null}},{"type":"Feature","geometry":{"type":"Point","coordinates":[2.3434606,48.8633384]},"properties":{"id":"way/626406814","source":"osm","name":null,"fee":"no","charge":null,"access":"yes","wheelchair":"yes","opening_hours":null,"operator":null,"description":null,"password":null}},{"type":"Feature","geometry":{"type":"Point","coordinates":[2.3460348,48.8627432]},"properties":{"id":"way/626649153","source":"osm","name":null,"fee":"no","charge":null,"access":"yes","wheelchair":"yes","opening_hours":null,"operator":null,"description":null,"password":null}},{"type":"Feature","geometry":{"type":"Point","coordinates":[2.3495766,48.8667884]},"properties":{"id":"way/627175844","source":"osm","name":null,"fee":"no","charge":null,"access":"yes","wheelchair":"yes","opening_hours":null,"operator":null,"description":null,"password":null}},{"type":"Feature","geometry":{"type":"Point","coordinates":[2.3424667,48.8635489]},"properties":{"id":"way/630955155","source":"osm","name":null,"fee":"no","charge":null,"access":"yes","wheelchair":"yes","opening_hours":null,"operator":null,"description":null,"password":null}},{"type":"Feature","geometry":{"type":"Point","coordinates":[2.367656,48.8415531]},"properties":{"id":"way/638289487","source":"osm","name":null,"fee":"yes","charge":"1 EUR","access":"yes","wheelchair":"yes","opening_hours":"06:00-24:00","operator":"2theloo","description":null,"password":null}},{"type":"Feature","geometry":{"type":"Point","coordinates":[2.3251556,48.8604718]},"properties":{"id":"way/641900007","source":"osm","name":null,"fee":null,"charge":null,"access":null,"wheelchair":null,"opening_hours":null,"operator":null,"description":null,"password":null}},{"type":"Feature","geometry":{"type":"Point","coordinates":[2.297922,48.8854796]},"properties":{"id":"way/650590591","source":"osm","name":null,"fee":"no","charge":null,"access":"customers","wheelchair":"yes","opening_hours":null,"operator":null,"description":null,"password":null}},{"type":"Feature","geometry":{"type":"Point","coordinates":[2.3270042,48.8751678]},"properties":{"id":"way/654550837","source":"osm","name":null,"fee":null,"charge":null,"access":null,"wheelchair":null,"opening_hours":null,"operator":null,"description":null,"password":null}},{"type":"Feature","geometry":{"type":"Point","coordinates":[2.3186039,48.8410336]},"properties":{"id":"way/703982861","source":"osm","name":"2theloo","fee":"yes","charge":null,"access":"yes","wheelchair":"designated","opening_hours":null,"operator":"2theloo","description":null,"password":null}},{"type":"Feature","geometry":{"type":"Point","coordinates":[2.3751884,48.8700062]},"properties":{"id":"way/708322549","source":"osm","name":null,"fee":"no","charge":null,"access":null,"wheelchair":"limited","opening_hours":null,"operator":null,"description":null,"password":null}},{"type":"Feature","geometry":{"type":"Point","coordinates":[2.3780894,48.8292044]},"properties":{"id":"way/709248224","source":"osm","name":null,"fee":"no","charge":null,"access":"customers","wheelchair":"yes","opening_hours":null,"operator":"SNCF","description":null,"password":null}},{"type":"Feature","geometry":{"type":"Point","coordinates":[2.3767365,48.8442621]},"properties":{"id":"way/720257338","source":"osm","name":null,"fee":"yes","charge":null,"access":null,"wheelchair":null,"opening_hours":null,"operator":"2theloo","description":null,"password":null}},{"type":"Feature","geometry":{"type":"Point","coordinates":[2.3157018,48.8554077]},"properties":{"id":"way/725062226","source":"osm","name":null,"fee":null,"charge":null,"access":null,"wheelchair":null,"opening_hours":null,"operator":null,"description":null,"password":null}},{"type":"Feature","geometry":{"type":"Point","coordinates":[2.3156415,48.8554151]},"properties":{"id":"way/725062227","source":"osm","name":null,"fee":null,"charge":null,"access":null,"wheelchair":null,"opening_hours":null,"operator":null,"description":null,"password":null}},{"type":"Feature","geometry":{"type":"Point","coordinates":[2.3170121,48.8672839]},"properties":{"id":"way/733698531","source":"osm","name":null,"fee":"yes","charge":"2 EUR","access":null,"wheelchair":"yes","opening_hours":"Mo-Su 11:00-19:00","operator":null,"description":null,"password":null}},{"type":"Feature","geometry":{"type":"Point","coordinates":[2.3855626,48.8704379]},"properties":{"id":"way/779942796","source":"osm","name":null,"fee":null,"charge":null,"access":"yes","wheelchair":"yes","opening_hours":null,"operator":null,"description":null,"password":null}},{"type":"Feature","geometry":{"type":"Point","coordinates":[2.3155077,48.8898671]},"properties":{"id":"way/885039249","source":"osm","name":null,"fee":"no","charge":null,"access":null,"wheelchair":"yes","opening_hours":null,"operator":null,"description":null,"password":null}},{"type":"Feature","geometry":{"type":"Point","coordinates":[2.3354057,48.9010132]},"properties":{"id":"way/962267887","source":"osm","name":null,"fee":"no","charge":null,"access":"yes","wheelchair":"yes","opening_hours":"06:00-22:00","operator":"JCDecaux","description":null,"password":null}},{"type":"Feature","geometry":{"type":"Point","coordinates":[2.3268636,48.8947794]},"properties":{"id":"way/964355492","source":"osm","name":null,"fee":"no","charge":null,"access":null,"wheelchair":"yes","opening_hours":null,"operator":null,"description":null,"password":null}},{"type":"Feature","geometry":{"type":"Point","coordinates":[2.3539122,48.8281077]},"properties":{"id":"way/996371586","source":"osm","name":null,"fee":"no","charge":null,"access":"private","wheelchair":null,"opening_hours":null,"operator":null,"description":null,"password":null}},{"type":"Feature","geometry":{"type":"Point","coordinates":[2.3225453,48.8279501]},"properties":{"id":"way/996489019","source":"osm","name":null,"fee":"no","charge":null,"access":null,"wheelchair":"yes","opening_hours":null,"operator":null,"description":null,"password":null}},{"type":"Feature","geometry":{"type":"Point","coordinates":[2.2945015,48.8582646]},"properties":{"id":"way/997725860","source":"osm","name":null,"fee":"no","charge":null,"access":"customers","wheelchair":"yes","opening_hours":null,"operator":null,"description":null,"password":null}},{"type":"Feature","geometry":{"type":"Point","coordinates":[2.3422056,48.8623389]},"properties":{"id":"way/1022723577","source":"osm","name":null,"fee":"no","charge":null,"access":"yes","wheelchair":"yes","opening_hours":null,"operator":"JCDecaux","description":null,"password":null}},{"type":"Feature","geometry":{"type":"Point","coordinates":[2.347328,48.8617209]},"properties":{"id":"way/1036323742","source":"osm","name":null,"fee":"yes","charge":"1 EUR","access":null,"wheelchair":"yes","opening_hours":null,"operator":null,"description":null,"password":null}},{"type":"Feature","geometry":{"type":"Point","coordinates":[2.3462629,48.8622309]},"properties":{"id":"way/1041199621","source":"osm","name":null,"fee":"no","charge":null,"access":null,"wheelchair":"yes","opening_hours":null,"operator":null,"description":null,"password":null}},{"type":"Feature","geometry":{"type":"Point","coordinates":[2.3009885,48.8625371]},"properties":{"id":"way/1057258637","source":"osm","name":null,"fee":null,"charge":null,"access":"customers","wheelchair":"yes","opening_hours":null,"operator":"SNCF","description":null,"password":null}},{"type":"Feature","geometry":{"type":"Point","coordinates":[2.3195495,48.8413848]},"properties":{"id":"way/1059633625","source":"osm","name":null,"fee":"yes","charge":null,"access":null,"wheelchair":"yes","opening_hours":null,"operator":null,"description":null,"password":null}},{"type":"Feature","geometry":{"type":"Point","coordinates":[2.3967251,48.8637854]},"properties":{"id":"way/1083551543","source":"osm","name":null,"fee":"no","charge":null,"access":"yes","wheelchair":"designated","opening_hours":null,"operator":"Cimetière du Père Lachaise","description":null,"password":null}},{"type":"Feature","geometry":{"type":"Point","coordinates":[2.3404356,48.8587392]},"properties":{"id":"way/1108444448","source":"osm","name":null,"fee":"no","charge":null,"access":null,"wheelchair":"no","opening_hours":null,"operator":null,"description":null,"password":null}},{"type":"Feature","geometry":{"type":"Point","coordinates":[2.3513284,48.8268987]},"properties":{"id":"way/1115592246","source":"osm","name":null,"fee":"no","charge":null,"access":null,"wheelchair":"yes","opening_hours":null,"operator":"JCDecaux","description":null,"password":null}},{"type":"Feature","geometry":{"type":"Point","coordinates":[2.3893468,48.8598671]},"properties":{"id":"way/1132034464","source":"osm","name":null,"fee":"no","charge":null,"access":"yes","wheelchair":"no","opening_hours":"Mo-Su,PH 08:00-20:00","operator":null,"description":null,"password":null}},{"type":"Feature","geometry":{"type":"Point","coordinates":[2.3481,48.8188408]},"properties":{"id":"way/1132763617","source":"osm","name":null,"fee":"no","charge":null,"access":null,"wheelchair":"yes","opening_hours":null,"operator":null,"description":null,"password":null}},{"type":"Feature","geometry":{"type":"Point","coordinates":[2.3395205,48.8245442]},"properties":{"id":"way/1151911882","source":"osm","name":null,"fee":"no","charge":null,"access":null,"wheelchair":"yes","opening_hours":null,"operator":null,"description":null,"password":null}},{"type":"Feature","geometry":{"type":"Point","coordinates":[2.3493124,48.8577565]},"properties":{"id":"way/1186447685","source":"osm","name":null,"fee":"no","charge":null,"access":null,"wheelchair":"yes","opening_hours":null,"operator":null,"description":null,"password":null}},{"type":"Feature","geometry":{"type":"Point","coordinates":[2.270933,48.8393828]},"properties":{"id":"way/1187809727","source":"osm","name":null,"fee":"no","charge":null,"access":"customers","wheelchair":"yes","opening_hours":null,"operator":"SNCF","description":null,"password":null}},{"type":"Feature","geometry":{"type":"Point","coordinates":[2.3604494,48.8757396]},"properties":{"id":"way/1197454379","source":"osm","name":null,"fee":"no","charge":null,"access":null,"wheelchair":"yes","opening_hours":null,"operator":null,"description":null,"password":null}},{"type":"Feature","geometry":{"type":"Point","coordinates":[2.3497994,48.8582034]},"properties":{"id":"way/1205245704","source":"osm","name":null,"fee":"no","charge":null,"access":null,"wheelchair":"yes","opening_hours":null,"operator":"JCDecaux","description":null,"password":null}},{"type":"Feature","geometry":{"type":"Point","coordinates":[2.2857476,48.8818364]},"properties":{"id":"way/1221268690","source":"osm","name":null,"fee":"no","charge":null,"access":null,"wheelchair":"yes","opening_hours":null,"operator":"JCDecaux","description":null,"password":null}},{"type":"Feature","geometry":{"type":"Point","coordinates":[2.389514,48.8962091]},"properties":{"id":"way/1242464926","source":"osm","name":null,"fee":"no","charge":null,"access":null,"wheelchair":null,"opening_hours":null,"operator":null,"description":null,"password":null}},{"type":"Feature","geometry":{"type":"Point","coordinates":[2.3183942,48.8354101]},"properties":{"id":"way/1265862932","source":"osm","name":null,"fee":null,"charge":null,"access":"private","wheelchair":"limited","opening_hours":null,"operator":null,"description":null,"password":null}},{"type":"Feature","geometry":{"type":"Point","coordinates":[2.3291377,48.8751747]},"properties":{"id":"way/1300608338","source":"osm","name":null,"fee":null,"charge":null,"access":null,"wheelchair":"yes","opening_hours":null,"operator":null,"description":null,"password":null}},{"type":"Feature","geometry":{"type":"Point","coordinates":[2.3566024,48.8808848]},"properties":{"id":"way/1308836753","source":"osm","name":null,"fee":"no","charge":null,"access":"customers","wheelchair":"yes","opening_hours":null,"operator":null,"description":null,"password":null}},{"type":"Feature","geometry":{"type":"Point","coordinates":[2.3566107,48.8809019]},"properties":{"id":"way/1308836754","source":"osm","name":null,"fee":"no","charge":null,"access":"customers","wheelchair":"yes","opening_hours":null,"operator":null,"description":null,"password":null}},{"type":"Feature","geometry":{"type":"Point","coordinates":[2.2830708,48.8781278]},"properties":{"id":"way/1318510995","source":"osm","name":null,"fee":"no","charge":null,"access":"customers","wheelchair":"yes","opening_hours":null,"operator":null,"description":null,"password":null}},{"type":"Feature","geometry":{"type":"Point","coordinates":[2.2831043,48.8781178]},"properties":{"id":"way/1318510996","source":"osm","name":null,"fee":"no","charge":null,"access":"customers","wheelchair":"yes","opening_hours":null,"operator":null,"description":null,"password":null}},{"type":"Feature","geometry":{"type":"Point","coordinates":[2.2840524,48.8774882]},"properties":{"id":"way/1318830934","source":"osm","name":null,"fee":"no","charge":null,"access":"customers","wheelchair":"yes","opening_hours":null,"operator":null,"description":null,"password":null}},{"type":"Feature","geometry":{"type":"Point","coordinates":[2.2841957,48.877687]},"properties":{"id":"way/1318830935","source":"osm","name":null,"fee":"no","charge":null,"access":"customers","wheelchair":"yes","opening_hours":null,"operator":null,"description":null,"password":null}},{"type":"Feature","geometry":{"type":"Point","coordinates":[2.3140431,48.8876614]},"properties":{"id":"way/1335351521","source":"osm","name":null,"fee":"no","charge":null,"access":"customers","wheelchair":"yes","opening_hours":null,"operator":null,"description":null,"password":null}},{"type":"Feature","geometry":{"type":"Point","coordinates":[2.3026061,48.8356717]},"properties":{"id":"way/1378271509","source":"osm","name":null,"fee":"no","charge":null,"access":"yes","wheelchair":"yes","opening_hours":null,"operator":null,"description":null,"password":null}},{"type":"Feature","geometry":{"type":"Point","coordinates":[2.3434763,48.8512149]},"properties":{"id":"way/1410043927","source":"osm","name":null,"fee":"unknown","charge":null,"access":null,"wheelchair":"no","opening_hours":null,"operator":null,"description":null,"password":null}},{"type":"Feature","geometry":{"type":"Point","coordinates":[2.3597499,48.8455897]},"properties":{"id":"way/1447668245","source":"osm","name":null,"fee":null,"charge":null,"access":"customers","wheelchair":"designated","opening_hours":null,"operator":null,"description":null,"password":null}},{"type":"Feature","geometry":{"type":"Point","coordinates":[2.3455779,48.8623461]},"properties":{"id":"way/1474782547","source":"osm","name":null,"fee":null,"charge":null,"access":null,"wheelchair":null,"opening_hours":null,"operator":null,"description":null,"password":null}},{"type":"Feature","geometry":{"type":"Point","coordinates":[2.3146085,48.8624589]},"properties":{"id":"way/1483469745","source":"osm","name":null,"fee":"no","charge":null,"access":"yes","wheelchair":"yes","opening_hours":null,"operator":null,"description":null,"password":null}},{"type":"Feature","geometry":{"type":"Point","coordinates":[2.333468,48.867454]},"properties":{"id":"xhs/pr-t-manger-op-ra","source":"xhs","name":"Prêt à Manger (Opéra)","fee":"yes","charge":null,"access":null,"wheelchair":null,"opening_hours":null,"operator":null,"description":"连锁轻食店，需消费","password":"CB 2024","code_confirmed_at":null,"cleanliness":null,"city":"france/paris"}},{"type":"Feature","geometry":{"type":"Point","coordinates":[2.341475,48.861912]},"properties":{"id":"xhs/pr-t-manger-louvre","source":"xhs","name":"Prêt à Manger (Louvre)","fee":"yes","charge":null,"access":null,"wheelchair":null,"opening_hours":null,"operator":null,"description":"连锁轻食店","password":"C1705","code_confirmed_at":null,"cleanliness":null,"city":"france/paris"}},{"type":"Feature","geometry":{"type":"Point","coordinates":[2.341005,48.84711]},"properties":{"id":"xhs/mcdonald-s-panth-on","source":"xhs","name":"McDonald's (Panthéon)","fee":"yes","charge":null,"access":null,"wheelchair":null,"opening_hours":null,"operator":null,"description":"","password":"45A69","code_confirmed_at":null,"cleanliness":null,"city":"france/paris"}},{"type":"Feature","geometry":{"type":"Point","coordinates":[2.333698,48.863425]},"properties":{"id":"xhs/mcdonald-s-louvre","source":"xhs","name":"McDonald's (Louvre)","fee":"yes","charge":null,"access":null,"wheelchair":null,"opening_hours":null,"operator":null,"description":"2026-07 小红书评论称门锁损坏可直接进，卫生一般","password":"C2358","code_confirmed_at":null,"cleanliness":null,"city":"france/paris"}},{"type":"Feature","geometry":{"type":"Point","coordinates":[2.324733,48.844502]},"properties":{"id":"xhs/mcdonald-s-rue-de-rennes","source":"xhs","name":"McDonald's (Rue de Rennes)","fee":"yes","charge":null,"access":null,"wheelchair":null,"opening_hours":null,"operator":null,"description":"","password":"07213","code_confirmed_at":null,"cleanliness":null,"city":"france/paris"}},{"type":"Feature","geometry":{"type":"Point","coordinates":[2.2932,48.8576]},"properties":{"id":"xhs/starbucks-near-eiffel-tower","source":"xhs","name":"Starbucks (near Eiffel Tower)","fee":"yes","charge":null,"access":null,"wheelchair":null,"opening_hours":null,"operator":null,"description":"","password":"272437","code_confirmed_at":null,"cleanliness":null,"city":"france/paris"}},{"type":"Feature","geometry":{"type":"Point","coordinates":[2.325,48.876]},"properties":{"id":"xhs/starbucks-saint-lazare","source":"xhs","name":"Starbucks (Saint-Lazare)","fee":"yes","charge":null,"access":null,"wheelchair":null,"opening_hours":null,"operator":null,"description":"","password":"C6789","code_confirmed_at":null,"cleanliness":null,"city":"france/paris"}},{"type":"Feature","geometry":{"type":"Point","coordinates":[2.354881,48.856836]},"properties":{"id":"xhs/starbucks-saint-paul","source":"xhs","name":"Starbucks (Saint-Paul)","fee":"yes","charge":null,"access":null,"wheelchair":null,"opening_hours":null,"operator":null,"description":"近 Saint-Paul 地铁 1 号线，小红书评论 2026-07-24 提供","password":"1627","code_confirmed_at":null,"cleanliness":null,"city":"france/paris"}},{"type":"Feature","geometry":{"type":"Point","coordinates":[2.3025,48.8718]},"properties":{"id":"xhs/burger-king-champs-lys-es","source":"xhs","name":"Burger King (Champs-Élysées)","fee":"yes","charge":null,"access":null,"wheelchair":null,"opening_hours":null,"operator":null,"description":"香街 Tiffany 后身；密码多次轮换，网友另记录 A3791B / BA9731AB","password":"AA25","code_confirmed_at":null,"cleanliness":null,"city":"france/paris"}},{"type":"Feature","geometry":{"type":"Point","coordinates":[2.3254,48.8766]},"properties":{"id":"xhs/burger-king-saint-lazare","source":"xhs","name":"Burger King (Saint-Lazare)","fee":"yes","charge":null,"access":null,"wheelchair":null,"opening_hours":null,"operator":null,"description":"","password":"0122","code_confirmed_at":null,"cleanliness":null,"city":"france/paris"}},{"type":"Feature","geometry":{"type":"Point","coordinates":[2.353207,48.861405]},"properties":{"id":"xhs/exki-near-centre-pompidou","source":"xhs","name":"EXKi (near Centre Pompidou)","fee":"yes","charge":null,"access":null,"wheelchair":null,"opening_hours":null,"operator":null,"description":"","password":"C25780","code_confirmed_at":null,"cleanliness":null,"city":"france/paris"}},{"type":"Feature","geometry":{"type":"Point","coordinates":[2.332127,48.873646]},"properties":{"id":"xhs/galeries-lafayette-6f","source":"xhs","name":"Galeries Lafayette (6F)","fee":"no","charge":null,"access":null,"wheelchair":null,"opening_hours":null,"operator":null,"description":"商场 6 楼免费厕所","password":null,"code_confirmed_at":null,"cleanliness":null,"city":"france/paris"}},{"type":"Feature","geometry":{"type":"Point","coordinates":[2.329051,48.873887]},"properties":{"id":"xhs/printemps-1f","source":"xhs","name":"Printemps (1F)","fee":"no","charge":null,"access":null,"wheelchair":null,"opening_hours":null,"operator":null,"description":"商场 1 楼免费厕所","password":null,"code_confirmed_at":null,"cleanliness":null,"city":"france/paris"}},{"type":"Feature","geometry":{"type":"Point","coordinates":[2.3245,48.8464]},"properties":{"id":"xhs/le-bon-march","source":"xhs","name":"Le Bon Marché","fee":"no","charge":null,"access":null,"wheelchair":null,"opening_hours":null,"operator":null,"description":"商场免费厕所","password":null,"code_confirmed_at":null,"cleanliness":null,"city":"france/paris"}},{"type":"Feature","geometry":{"type":"Point","coordinates":[2.3533,48.8569]},"properties":{"id":"xhs/bhv-marais-5f","source":"xhs","name":"BHV Marais (5F)","fee":"no","charge":null,"access":null,"wheelchair":null,"opening_hours":null,"operator":null,"description":"商场 5 楼免费厕所","password":null,"code_confirmed_at":null,"cleanliness":null,"city":"france/paris"}},{"type":"Feature","geometry":{"type":"Point","coordinates":[2.342353,48.859206]},"properties":{"id":"xhs/la-samaritaine","source":"xhs","name":"La Samaritaine","fee":"no","charge":null,"access":null,"wheelchair":null,"opening_hours":null,"operator":null,"description":"商场免费厕所","password":null,"code_confirmed_at":null,"cleanliness":null,"city":"france/paris"}},{"type":"Feature","geometry":{"type":"Point","coordinates":[2.2985,48.8724]},"properties":{"id":"xhs/pierre-herm-champs-lys-es","source":"xhs","name":"Pierre Hermé (Champs-Élysées)","fee":"yes","charge":null,"access":null,"wheelchair":null,"opening_hours":null,"operator":null,"description":"","password":"男 C3586 / 女 C2386","code_confirmed_at":null,"cleanliness":null,"city":"france/paris"}},{"type":"Feature","geometry":{"type":"Point","coordinates":[2.31535,48.866042]},"properties":{"id":"xhs/petit-palais-b1","source":"xhs","name":"Petit Palais (B1)","fee":"no","charge":null,"access":null,"wheelchair":null,"opening_hours":null,"operator":null,"description":"美术馆 -1 楼免费厕所","password":null,"code_confirmed_at":null,"cleanliness":null,"city":"france/paris"}}]}