{"type":"FeatureCollection","attribution":"© OpenStreetMap contributors (ODbL)","generated_at":"2026-08-21T08:44:40.567Z","features":[{"type":"Feature","geometry":{"type":"Point","coordinates":[19.0663638,47.4957895]},"properties":{"id":"node/260300936","source":"osm","name":null,"fee":"yes","charge":null,"access":null,"wheelchair":"no","opening_hours":"24/7","operator":"FCSM Zrt.","description":null,"password":null}},{"type":"Feature","geometry":{"type":"Point","coordinates":[19.0468845,47.5107364]},"properties":{"id":"node/260300939","source":"osm","name":null,"fee":"no","charge":null,"access":"yes","wheelchair":"yes","opening_hours":"24/7","operator":"Fővárosi Csatornázási Művek","description":null,"password":null}},{"type":"Feature","geometry":{"type":"Point","coordinates":[19.0509949,47.50945]},"properties":{"id":"node/263960784","source":"osm","name":null,"fee":"yes","charge":"250 HUF","access":"yes","wheelchair":"yes","opening_hours":"24/7","operator":"FCSM Zrt.","description":null,"password":null}},{"type":"Feature","geometry":{"type":"Point","coordinates":[19.0543717,47.5003104]},"properties":{"id":"node/263960791","source":"osm","name":null,"fee":"yes","charge":null,"access":null,"wheelchair":"yes","opening_hours":"24/7","operator":"Fővárosi Csatornázási Művek","description":null,"password":null}},{"type":"Feature","geometry":{"type":"Point","coordinates":[19.0397781,47.4978125]},"properties":{"id":"node/280179038","source":"osm","name":null,"fee":"yes","charge":null,"access":null,"wheelchair":"no","opening_hours":"Mo-Su 07:00-19:00","operator":"Fővárosi Csatornázási Művek","description":null,"password":null}},{"type":"Feature","geometry":{"type":"Point","coordinates":[19.0349193,47.5015885]},"properties":{"id":"node/280179039","source":"osm","name":null,"fee":"yes","charge":"250 HUF","access":null,"wheelchair":"yes","opening_hours":"Mo-Su 07:00-22:00","operator":"FCSM Zrt.","description":null,"password":null}},{"type":"Feature","geometry":{"type":"Point","coordinates":[19.0355196,47.498604]},"properties":{"id":"node/738424761","source":"osm","name":null,"fee":"yes","charge":null,"access":null,"wheelchair":"yes","opening_hours":"Mo-Su 08:00-20:00","operator":"FCSM Zrt.","description":null,"password":null}},{"type":"Feature","geometry":{"type":"Point","coordinates":[19.0793874,47.520395]},"properties":{"id":"node/800040806","source":"osm","name":null,"fee":"no","charge":null,"access":"customers","wheelchair":null,"opening_hours":null,"operator":null,"description":null,"password":null}},{"type":"Feature","geometry":{"type":"Point","coordinates":[19.0791231,47.5192649]},"properties":{"id":"node/800040818","source":"osm","name":null,"fee":"no","charge":null,"access":"customers","wheelchair":"no","opening_hours":"Mo-Su 08:00-20:00","operator":"Fővárosi Csatornázási Művek","description":null,"password":null}},{"type":"Feature","geometry":{"type":"Point","coordinates":[19.1269844,47.4654087]},"properties":{"id":"node/939520137","source":"osm","name":null,"fee":"yes","charge":null,"access":null,"wheelchair":"yes","opening_hours":"Mo-Su 06:00-18:00","operator":null,"description":null,"password":null}},{"type":"Feature","geometry":{"type":"Point","coordinates":[19.025002,47.5006811]},"properties":{"id":"node/1223384064","source":"osm","name":null,"fee":"yes","charge":"250 HUF","access":null,"wheelchair":"yes","opening_hours":"24/7","operator":"FCSM Zrt.","description":null,"password":null}},{"type":"Feature","geometry":{"type":"Point","coordinates":[19.0594866,47.4860932]},"properties":{"id":"node/1312666494","source":"osm","name":null,"fee":"yes","charge":"1 EUR, 300 fuf","access":"yes","wheelchair":"no","opening_hours":null,"operator":null,"description":null,"password":null}},{"type":"Feature","geometry":{"type":"Point","coordinates":[19.1253673,47.4559332]},"properties":{"id":"node/1319245428","source":"osm","name":null,"fee":"no","charge":null,"access":"yes","wheelchair":"yes","opening_hours":"Nov-Mar Mo-Su,PH 06:00-21:00; Apr-Oct Mo-Su,PH 06:00-22:00","operator":null,"description":null,"password":null}},{"type":"Feature","geometry":{"type":"Point","coordinates":[19.1825211,47.4547543]},"properties":{"id":"node/1319965798","source":"osm","name":null,"fee":null,"charge":null,"access":null,"wheelchair":"no","opening_hours":null,"operator":null,"description":null,"password":null}},{"type":"Feature","geometry":{"type":"Point","coordinates":[19.0422841,47.4351506]},"properties":{"id":"node/1449173366","source":"osm","name":null,"fee":null,"charge":null,"access":null,"wheelchair":"yes","opening_hours":null,"operator":null,"description":null,"password":null}},{"type":"Feature","geometry":{"type":"Point","coordinates":[19.0513933,47.5185058]},"properties":{"id":"node/1472407290","source":"osm","name":null,"fee":null,"charge":null,"access":null,"wheelchair":null,"opening_hours":"Mo-Su 08:00-19:30","operator":"BKM FŐKERT","description":null,"password":null}},{"type":"Feature","geometry":{"type":"Point","coordinates":[19.0472531,47.4776729]},"properties":{"id":"node/1473287089","source":"osm","name":null,"fee":"yes","charge":null,"access":null,"wheelchair":"no","opening_hours":"Mo-Su 07:00-19:00","operator":"Fővárosi Csatornázási Művek","description":null,"password":null}},{"type":"Feature","geometry":{"type":"Point","coordinates":[19.0441958,47.4396288]},"properties":{"id":"node/1507045809","source":"osm","name":null,"fee":null,"charge":null,"access":null,"wheelchair":"yes","opening_hours":null,"operator":null,"description":null,"password":null}},{"type":"Feature","geometry":{"type":"Point","coordinates":[19.0460694,47.4412207]},"properties":{"id":"node/1507046067","source":"osm","name":null,"fee":null,"charge":null,"access":null,"wheelchair":"yes","opening_hours":null,"operator":null,"description":null,"password":null}},{"type":"Feature","geometry":{"type":"Point","coordinates":[19.0418999,47.4369075]},"properties":{"id":"node/1507052353","source":"osm","name":null,"fee":"no","charge":null,"access":null,"wheelchair":"yes","opening_hours":null,"operator":null,"description":null,"password":null}},{"type":"Feature","geometry":{"type":"Point","coordinates":[19.0401741,47.4359187]},"properties":{"id":"node/1507052356","source":"osm","name":null,"fee":"no","charge":null,"access":null,"wheelchair":"yes","opening_hours":null,"operator":null,"description":null,"password":null}},{"type":"Feature","geometry":{"type":"Point","coordinates":[19.1071075,47.50071]},"properties":{"id":"node/1696450536","source":"osm","name":null,"fee":"yes","charge":null,"access":"yes","wheelchair":"yes","opening_hours":"Mo-Su 05:00-22:00","operator":null,"description":null,"password":null}},{"type":"Feature","geometry":{"type":"Point","coordinates":[19.033121,47.4966769]},"properties":{"id":"node/1815563250","source":"osm","name":null,"fee":"yes","charge":"300 HUF","access":null,"wheelchair":"no","opening_hours":null,"operator":"Dobay Cukrászda","description":"Kulcsot a Dobay cukrászdában kell elkérni","password":null}},{"type":"Feature","geometry":{"type":"Point","coordinates":[19.0178414,47.4075461]},"properties":{"id":"node/1869312533","source":"osm","name":null,"fee":"no","charge":null,"access":null,"wheelchair":"yes","opening_hours":null,"operator":null,"description":null,"password":null}},{"type":"Feature","geometry":{"type":"Point","coordinates":[19.1692842,47.5155537]},"properties":{"id":"node/1948723101","source":"osm","name":null,"fee":null,"charge":null,"access":null,"wheelchair":null,"opening_hours":null,"operator":null,"description":null,"password":null}},{"type":"Feature","geometry":{"type":"Point","coordinates":[19.0572899,47.4728698]},"properties":{"id":"node/1956875630","source":"osm","name":null,"fee":null,"charge":null,"access":"customers","wheelchair":"no","opening_hours":null,"operator":null,"description":null,"password":null}},{"type":"Feature","geometry":{"type":"Point","coordinates":[18.9661473,47.5376555]},"properties":{"id":"node/1962347752","source":"osm","name":null,"fee":"no","charge":null,"access":null,"wheelchair":"no","opening_hours":null,"operator":null,"description":null,"password":null}},{"type":"Feature","geometry":{"type":"Point","coordinates":[19.2044842,47.5099534]},"properties":{"id":"node/2126526332","source":"osm","name":null,"fee":null,"charge":null,"access":null,"wheelchair":null,"opening_hours":null,"operator":null,"description":null,"password":null}},{"type":"Feature","geometry":{"type":"Point","coordinates":[19.2034229,47.5131609]},"properties":{"id":"node/2126526345","source":"osm","name":null,"fee":null,"charge":null,"access":null,"wheelchair":"limited","opening_hours":null,"operator":null,"description":null,"password":null}},{"type":"Feature","geometry":{"type":"Point","coordinates":[19.2009652,47.5134318]},"properties":{"id":"node/2126526355","source":"osm","name":null,"fee":null,"charge":null,"access":null,"wheelchair":null,"opening_hours":null,"operator":null,"description":null,"password":null}},{"type":"Feature","geometry":{"type":"Point","coordinates":[19.0989389,47.4756058]},"properties":{"id":"node/2306721400","source":"osm","name":null,"fee":"yes","charge":null,"access":null,"wheelchair":"no","opening_hours":"Mo-Su 06:00-22:00","operator":"FCSM Zrt.","description":null,"password":null}},{"type":"Feature","geometry":{"type":"Point","coordinates":[19.0666703,47.4796431]},"properties":{"id":"node/2306721402","source":"osm","name":null,"fee":"yes","charge":"250 HUF","access":"yes","wheelchair":"limited","opening_hours":"Mo-Su 06:00-18:00","operator":"Fővárosi Csatornázási Művek","description":"Használati díj: 250 Ft (2018.03.19.)","password":null}},{"type":"Feature","geometry":{"type":"Point","coordinates":[19.0702976,47.4860094]},"properties":{"id":"node/2306721403","source":"osm","name":null,"fee":"yes","charge":"1.00 EUR; 250 HUF","access":null,"wheelchair":"no","opening_hours":"Mo-Su 06:00-22:00","operator":"Fővárosi Csatornázási Művek","description":null,"password":null}},{"type":"Feature","geometry":{"type":"Point","coordinates":[19.0503175,47.4936034]},"properties":{"id":"node/2306721404","source":"osm","name":null,"fee":"yes","charge":null,"access":"no","wheelchair":"no","opening_hours":null,"operator":"Fővárosi Csatornázási Művek","description":null,"password":null}},{"type":"Feature","geometry":{"type":"Point","coordinates":[19.0552888,47.4971231]},"properties":{"id":"node/2306721405","source":"osm","name":null,"fee":"yes","charge":null,"access":null,"wheelchair":"no","opening_hours":"Mo-Su 07:00-19:00","operator":"Fővárosi Csatornázási Művek","description":null,"password":null}},{"type":"Feature","geometry":{"type":"Point","coordinates":[19.0617071,47.502536]},"properties":{"id":"node/2306721407","source":"osm","name":null,"fee":"yes","charge":null,"access":"no","wheelchair":"no","opening_hours":null,"operator":"Fővárosi Csatornázási Művek","description":null,"password":null}},{"type":"Feature","geometry":{"type":"Point","coordinates":[19.1369271,47.503843]},"properties":{"id":"node/2306721408","source":"osm","name":null,"fee":"yes","charge":null,"access":"yes","wheelchair":"no","opening_hours":"Mo-Su 06:00-20:00","operator":"Fővárosi Csatornázási Művek","description":null,"password":null}},{"type":"Feature","geometry":{"type":"Point","coordinates":[19.0282539,47.5054468]},"properties":{"id":"node/2306721410","source":"osm","name":null,"fee":"yes","charge":"250 HUF","access":null,"wheelchair":"no","opening_hours":"24/7","operator":"FCSM Zrt.","description":null,"password":null}},{"type":"Feature","geometry":{"type":"Point","coordinates":[19.0719318,47.5072789]},"properties":{"id":"node/2306721412","source":"osm","name":null,"fee":"yes","charge":null,"access":null,"wheelchair":"no","opening_hours":"24/7","operator":"Terézváros Önkormányzat","description":null,"password":null}},{"type":"Feature","geometry":{"type":"Point","coordinates":[19.0092459,47.5091531]},"properties":{"id":"node/2306721413","source":"osm","name":null,"fee":"yes","charge":null,"access":"no","wheelchair":"no","opening_hours":null,"operator":"FCSM Zrt.","description":null,"password":null}},{"type":"Feature","geometry":{"type":"Point","coordinates":[19.0312704,47.51164]},"properties":{"id":"node/2306721414","source":"osm","name":null,"fee":"yes","charge":"250 HUF; 1 EUR","access":"yes","wheelchair":"yes","opening_hours":"24/7","operator":"FCsM","description":"automata illemhely, pénzérme bedobással; üzemeltető: Fővárosi Csatornázási Művek Zrt.","password":null}},{"type":"Feature","geometry":{"type":"Point","coordinates":[19.0800459,47.5136688]},"properties":{"id":"node/2306721415","source":"osm","name":null,"fee":"yes","charge":"250 HUF","access":"yes","wheelchair":"no","opening_hours":"Mo-Su 06:00-18:00","operator":"Fővárosi Csatornázási Művek","description":null,"password":null}},{"type":"Feature","geometry":{"type":"Point","coordinates":[19.0244529,47.5216907]},"properties":{"id":"node/2306721422","source":"osm","name":null,"fee":"yes","charge":null,"access":null,"wheelchair":"yes","opening_hours":"24/7","operator":"FCSM Zrt.","description":null,"password":null}},{"type":"Feature","geometry":{"type":"Point","coordinates":[19.0631895,47.5246484]},"properties":{"id":"node/2306721424","source":"osm","name":null,"fee":null,"charge":null,"access":null,"wheelchair":"no","opening_hours":"24/7","operator":"Fővárosi Csatornázási Művek","description":null,"password":null}},{"type":"Feature","geometry":{"type":"Point","coordinates":[19.0507996,47.5300298]},"properties":{"id":"node/2306721425","source":"osm","name":null,"fee":"yes","charge":"250 Ft","access":null,"wheelchair":"no","opening_hours":"Mo-Su 08:00-20:00","operator":"FCSM Zrt.","description":null,"password":null}},{"type":"Feature","geometry":{"type":"Point","coordinates":[19.0665389,47.5327388]},"properties":{"id":"node/2306721426","source":"osm","name":null,"fee":"yes","charge":null,"access":null,"wheelchair":"no","opening_hours":"Mo-Su 06:00-22:00","operator":"Fővárosi Csatornázási Művek","description":null,"password":null}},{"type":"Feature","geometry":{"type":"Point","coordinates":[18.9771378,47.4938946]},"properties":{"id":"node/2315294650","source":"osm","name":null,"fee":"no","charge":null,"access":null,"wheelchair":"limited","opening_hours":null,"operator":null,"description":null,"password":null}},{"type":"Feature","geometry":{"type":"Point","coordinates":[19.0467069,47.5198368]},"properties":{"id":"node/2315294773","source":"osm","name":null,"fee":"no","charge":null,"access":"customers","wheelchair":"yes","opening_hours":null,"operator":null,"description":null,"password":null}},{"type":"Feature","geometry":{"type":"Point","coordinates":[19.0503515,47.5262932]},"properties":{"id":"node/2315294903","source":"osm","name":null,"fee":"yes","charge":null,"access":null,"wheelchair":null,"opening_hours":null,"operator":null,"description":null,"password":null}},{"type":"Feature","geometry":{"type":"Point","coordinates":[19.0613471,47.5394615]},"properties":{"id":"node/2394561215","source":"osm","name":null,"fee":null,"charge":null,"access":"customers","wheelchair":null,"opening_hours":null,"operator":null,"description":null,"password":null}},{"type":"Feature","geometry":{"type":"Point","coordinates":[18.960418,47.5157505]},"properties":{"id":"node/2425964012","source":"osm","name":null,"fee":"yes","charge":null,"access":null,"wheelchair":"no","opening_hours":null,"operator":null,"description":null,"password":null}},{"type":"Feature","geometry":{"type":"Point","coordinates":[18.9555449,47.5282797]},"properties":{"id":"node/2425964017","source":"osm","name":null,"fee":"no","charge":null,"access":null,"wheelchair":"limited","opening_hours":null,"operator":null,"description":null,"password":null}},{"type":"Feature","geometry":{"type":"Point","coordinates":[19.0802895,47.4919749]},"properties":{"id":"node/2538101398","source":"osm","name":null,"fee":"yes","charge":"10 HUF","access":null,"wheelchair":"yes","opening_hours":"Mo-Su 07:00-21:00","operator":null,"description":null,"password":null}},{"type":"Feature","geometry":{"type":"Point","coordinates":[19.0656495,47.4863419]},"properties":{"id":"node/2795507955","source":"osm","name":null,"fee":"yes","charge":null,"access":"yes","wheelchair":"yes","opening_hours":null,"operator":null,"description":null,"password":null}},{"type":"Feature","geometry":{"type":"Point","coordinates":[19.0984574,47.4746095]},"properties":{"id":"node/2971804881","source":"osm","name":null,"fee":"yes","charge":null,"access":"yes","wheelchair":"yes","opening_hours":"Mo-Su 05:00-22:45","operator":null,"description":null,"password":null}},{"type":"Feature","geometry":{"type":"Point","coordinates":[19.043788,47.5735191]},"properties":{"id":"node/2973838866","source":"osm","name":null,"fee":"no","charge":null,"access":null,"wheelchair":"yes","opening_hours":null,"operator":null,"description":null,"password":null}},{"type":"Feature","geometry":{"type":"Point","coordinates":[19.0049561,47.4833024]},"properties":{"id":"node/3060714233","source":"osm","name":null,"fee":"no","charge":null,"access":null,"wheelchair":"no","opening_hours":null,"operator":null,"description":null,"password":null}},{"type":"Feature","geometry":{"type":"Point","coordinates":[19.0295712,47.4656757]},"properties":{"id":"node/3136661463","source":"osm","name":null,"fee":"yes","charge":"200 HUF","access":null,"wheelchair":"yes","opening_hours":"Mo-Fr,Su 08:00-20:00; Sa 06:00-20:00","operator":null,"description":null,"password":null}},{"type":"Feature","geometry":{"type":"Point","coordinates":[18.9447587,47.5607708]},"properties":{"id":"node/3151740633","source":"osm","name":null,"fee":"Adomány","charge":null,"access":"permissive","wheelchair":null,"opening_hours":null,"operator":null,"description":null,"password":null}},{"type":"Feature","geometry":{"type":"Point","coordinates":[19.1360393,47.5017611]},"properties":{"id":"node/3153722561","source":"osm","name":null,"fee":"yes","charge":null,"access":null,"wheelchair":"yes","opening_hours":null,"operator":null,"description":null,"password":null}},{"type":"Feature","geometry":{"type":"Point","coordinates":[19.1793246,47.4720687]},"properties":{"id":"node/3163213161","source":"osm","name":null,"fee":null,"charge":null,"access":null,"wheelchair":"no","opening_hours":null,"operator":null,"description":null,"password":null}},{"type":"Feature","geometry":{"type":"Point","coordinates":[19.1349858,47.5520931]},"properties":{"id":"node/3259887061","source":"osm","name":null,"fee":null,"charge":null,"access":null,"wheelchair":"no","opening_hours":null,"operator":null,"description":null,"password":null}},{"type":"Feature","geometry":{"type":"Point","coordinates":[19.1282165,47.4933906]},"properties":{"id":"node/3383000896","source":"osm","name":null,"fee":null,"charge":null,"access":null,"wheelchair":"yes","opening_hours":null,"operator":null,"description":null,"password":null}},{"type":"Feature","geometry":{"type":"Point","coordinates":[19.1256791,47.4939561]},"properties":{"id":"node/3383011893","source":"osm","name":null,"fee":null,"charge":null,"access":null,"wheelchair":"yes","opening_hours":null,"operator":null,"description":null,"password":null}},{"type":"Feature","geometry":{"type":"Point","coordinates":[19.0672028,47.5054869]},"properties":{"id":"node/3532726178","source":"osm","name":null,"fee":null,"charge":null,"access":null,"wheelchair":null,"opening_hours":null,"operator":null,"description":null,"password":null}},{"type":"Feature","geometry":{"type":"Point","coordinates":[19.0283733,47.5038447]},"properties":{"id":"node/3585886927","source":"osm","name":null,"fee":"no","charge":null,"access":null,"wheelchair":"no","opening_hours":null,"operator":null,"description":null,"password":null}},{"type":"Feature","geometry":{"type":"Point","coordinates":[19.0777174,47.4673698]},"properties":{"id":"node/3605384036","source":"osm","name":null,"fee":"no","charge":null,"access":"customers","wheelchair":null,"opening_hours":null,"operator":null,"description":null,"password":null}},{"type":"Feature","geometry":{"type":"Point","coordinates":[19.0776638,47.4674431]},"properties":{"id":"node/3605384037","source":"osm","name":null,"fee":"no","charge":null,"access":"customers","wheelchair":null,"opening_hours":null,"operator":null,"description":null,"password":null}},{"type":"Feature","geometry":{"type":"Point","coordinates":[19.0608772,47.4836966]},"properties":{"id":"node/3715907725","source":"osm","name":null,"fee":"no","charge":null,"access":"yes","wheelchair":null,"opening_hours":null,"operator":null,"description":null,"password":null}},{"type":"Feature","geometry":{"type":"Point","coordinates":[19.0228343,47.462163]},"properties":{"id":"node/3757609002","source":"osm","name":null,"fee":null,"charge":null,"access":null,"wheelchair":"no","opening_hours":null,"operator":null,"description":null,"password":null}},{"type":"Feature","geometry":{"type":"Point","coordinates":[19.0228105,47.4638999]},"properties":{"id":"node/3761719669","source":"osm","name":null,"fee":"yes","charge":null,"access":"yes","wheelchair":"yes","opening_hours":"Mo-Su 05:00-23:30","operator":"Volánbusz","description":null,"password":null}},{"type":"Feature","geometry":{"type":"Point","coordinates":[19.0852599,47.4840128]},"properties":{"id":"node/3772984212","source":"osm","name":null,"fee":"no","charge":null,"access":null,"wheelchair":"yes","opening_hours":null,"operator":null,"description":null,"password":null}},{"type":"Feature","geometry":{"type":"Point","coordinates":[19.0702762,47.4739416]},"properties":{"id":"node/3783170507","source":"osm","name":null,"fee":"no","charge":null,"access":"customers","wheelchair":"yes","opening_hours":null,"operator":null,"description":null,"password":null}},{"type":"Feature","geometry":{"type":"Point","coordinates":[19.0463038,47.5086914]},"properties":{"id":"node/4007460923","source":"osm","name":null,"fee":"no","charge":null,"access":"yes","wheelchair":"yes","opening_hours":"Apr-Oct 08:00-18:00; Nov-Mar 08:00-16:00","operator":"Országgyűlés Hivatala","description":null,"password":null}},{"type":"Feature","geometry":{"type":"Point","coordinates":[19.0538386,47.4979241]},"properties":{"id":"node/4018983613","source":"osm","name":null,"fee":"yes","charge":null,"access":null,"wheelchair":"no","opening_hours":null,"operator":null,"description":null,"password":null}},{"type":"Feature","geometry":{"type":"Point","coordinates":[18.9617803,47.5352613]},"properties":{"id":"node/4069962774","source":"osm","name":null,"fee":"no","charge":null,"access":null,"wheelchair":"no","opening_hours":null,"operator":null,"description":null,"password":null}},{"type":"Feature","geometry":{"type":"Point","coordinates":[18.95052,47.514281]},"properties":{"id":"node/4069962782","source":"osm","name":null,"fee":null,"charge":null,"access":"private","wheelchair":null,"opening_hours":null,"operator":null,"description":null,"password":null}},{"type":"Feature","geometry":{"type":"Point","coordinates":[18.9802028,47.5650394]},"properties":{"id":"node/4172690887","source":"osm","name":null,"fee":"no","charge":null,"access":null,"wheelchair":"no","opening_hours":null,"operator":null,"description":null,"password":null}},{"type":"Feature","geometry":{"type":"Point","coordinates":[19.0464032,47.4896508]},"properties":{"id":"node/4194026558","source":"osm","name":null,"fee":"yes","charge":null,"access":"yes","wheelchair":"no","opening_hours":"Tu, Th 10:00-14:00","operator":"Ivócsarnok","description":"100 Ft (2020-09-14)","password":null}},{"type":"Feature","geometry":{"type":"Point","coordinates":[19.1938963,47.5289047]},"properties":{"id":"node/4216837550","source":"osm","name":null,"fee":"no","charge":null,"access":null,"wheelchair":null,"opening_hours":null,"operator":null,"description":null,"password":null}},{"type":"Feature","geometry":{"type":"Point","coordinates":[19.0421544,47.4954308]},"properties":{"id":"node/4303441596","source":"osm","name":null,"fee":null,"charge":null,"access":null,"wheelchair":"yes","opening_hours":null,"operator":null,"description":null,"password":null}},{"type":"Feature","geometry":{"type":"Point","coordinates":[19.1069762,47.3974768]},"properties":{"id":"node/4400892023","source":"osm","name":null,"fee":"yes","charge":"50 Ft","access":null,"wheelchair":"yes","opening_hours":"Mo-Su 07:00-21:00","operator":null,"description":null,"password":null}},{"type":"Feature","geometry":{"type":"Point","coordinates":[19.051305,47.459866]},"properties":{"id":"node/4430636290","source":"osm","name":null,"fee":"no","charge":null,"access":null,"wheelchair":"yes","opening_hours":null,"operator":null,"description":null,"password":null}},{"type":"Feature","geometry":{"type":"Point","coordinates":[19.0154479,47.4927614]},"properties":{"id":"node/4583706896","source":"osm","name":null,"fee":"no","charge":null,"access":"yes","wheelchair":"yes","opening_hours":null,"operator":null,"description":null,"password":null}},{"type":"Feature","geometry":{"type":"Point","coordinates":[18.9634539,47.5413902]},"properties":{"id":"node/4732493251","source":"osm","name":null,"fee":"no","charge":null,"access":"customers","wheelchair":"no","opening_hours":null,"operator":"MÁV","description":null,"password":null}},{"type":"Feature","geometry":{"type":"Point","coordinates":[18.9635534,47.5414131]},"properties":{"id":"node/4732493252","source":"osm","name":null,"fee":"no","charge":null,"access":"customers","wheelchair":"no","opening_hours":null,"operator":"MÁV","description":null,"password":null}},{"type":"Feature","geometry":{"type":"Point","coordinates":[19.0555998,47.5107838]},"properties":{"id":"node/4787020322","source":"osm","name":null,"fee":"yes","charge":null,"access":null,"wheelchair":null,"opening_hours":null,"operator":null,"description":null,"password":null}},{"type":"Feature","geometry":{"type":"Point","coordinates":[19.0378126,47.5282241]},"properties":{"id":"node/4848257787","source":"osm","name":null,"fee":"yes","charge":null,"access":"customers","wheelchair":null,"opening_hours":null,"operator":null,"description":null,"password":null}},{"type":"Feature","geometry":{"type":"Point","coordinates":[19.1644979,47.4683376]},"properties":{"id":"node/4857673122","source":"osm","name":null,"fee":"yes","charge":"100 HUF","access":null,"wheelchair":"yes","opening_hours":null,"operator":"Kőkert Kft.","description":"Pénzt nem ad vissza. Az ajtó 20 perc után automatikusan kinyílik, és nem csukható vissza.","password":null}},{"type":"Feature","geometry":{"type":"Point","coordinates":[19.1298835,47.4847062]},"properties":{"id":"node/4857694422","source":"osm","name":null,"fee":"yes","charge":null,"access":null,"wheelchair":"yes","opening_hours":"24/7","operator":null,"description":null,"password":null}},{"type":"Feature","geometry":{"type":"Point","coordinates":[19.1514899,47.469484]},"properties":{"id":"node/4894501144","source":"osm","name":null,"fee":"no","charge":null,"access":null,"wheelchair":null,"opening_hours":null,"operator":null,"description":null,"password":null}},{"type":"Feature","geometry":{"type":"Point","coordinates":[19.1513255,47.4685678]},"properties":{"id":"node/4894501145","source":"osm","name":null,"fee":"no","charge":null,"access":null,"wheelchair":null,"opening_hours":null,"operator":null,"description":null,"password":null}},{"type":"Feature","geometry":{"type":"Point","coordinates":[19.1509282,47.4688579]},"properties":{"id":"node/4894501146","source":"osm","name":null,"fee":"no","charge":null,"access":null,"wheelchair":null,"opening_hours":null,"operator":null,"description":null,"password":null}},{"type":"Feature","geometry":{"type":"Point","coordinates":[19.1497671,47.4693359]},"properties":{"id":"node/4894501147","source":"osm","name":null,"fee":"no","charge":null,"access":null,"wheelchair":null,"opening_hours":null,"operator":null,"description":null,"password":null}},{"type":"Feature","geometry":{"type":"Point","coordinates":[19.1524963,47.469383]},"properties":{"id":"node/4894501148","source":"osm","name":null,"fee":"no","charge":null,"access":null,"wheelchair":null,"opening_hours":null,"operator":null,"description":null,"password":null}},{"type":"Feature","geometry":{"type":"Point","coordinates":[19.1519038,47.469669]},"properties":{"id":"node/4894501149","source":"osm","name":null,"fee":"no","charge":null,"access":null,"wheelchair":null,"opening_hours":null,"operator":null,"description":null,"password":null}},{"type":"Feature","geometry":{"type":"Point","coordinates":[19.1332426,47.5197797]},"properties":{"id":"node/4909620122","source":"osm","name":null,"fee":null,"charge":null,"access":null,"wheelchair":null,"opening_hours":null,"operator":null,"description":null,"password":null}},{"type":"Feature","geometry":{"type":"Point","coordinates":[19.0948033,47.4946121]},"properties":{"id":"node/5117941061","source":"osm","name":null,"fee":"no","charge":null,"access":null,"wheelchair":"yes","opening_hours":null,"operator":null,"description":null,"password":null}},{"type":"Feature","geometry":{"type":"Point","coordinates":[19.0926558,47.505232]},"properties":{"id":"node/5137524932","source":"osm","name":null,"fee":"no","charge":null,"access":"yes","wheelchair":"yes","opening_hours":null,"operator":null,"description":null,"password":null}},{"type":"Feature","geometry":{"type":"Point","coordinates":[19.0103795,47.4696807]},"properties":{"id":"node/5180160975","source":"osm","name":null,"fee":null,"charge":null,"access":"yes","wheelchair":null,"opening_hours":null,"operator":null,"description":null,"password":null}},{"type":"Feature","geometry":{"type":"Point","coordinates":[19.0390911,47.5147789]},"properties":{"id":"node/5208385101","source":"osm","name":null,"fee":"yes","charge":null,"access":null,"wheelchair":"yes","opening_hours":"06:00-18:00","operator":"FCSM Zrt.","description":null,"password":null}},{"type":"Feature","geometry":{"type":"Point","coordinates":[19.0267821,47.5092246]},"properties":{"id":"node/5300101218","source":"osm","name":null,"fee":null,"charge":null,"access":"customers","wheelchair":null,"opening_hours":null,"operator":null,"description":null,"password":null}},{"type":"Feature","geometry":{"type":"Point","coordinates":[19.0258574,47.510804]},"properties":{"id":"node/5300101219","source":"osm","name":null,"fee":null,"charge":null,"access":"customers","wheelchair":null,"opening_hours":null,"operator":null,"description":null,"password":null}},{"type":"Feature","geometry":{"type":"Point","coordinates":[19.189083,47.4063192]},"properties":{"id":"node/5301448805","source":"osm","name":null,"fee":null,"charge":null,"access":null,"wheelchair":null,"opening_hours":null,"operator":null,"description":null,"password":null}},{"type":"Feature","geometry":{"type":"Point","coordinates":[19.0579228,47.5111619]},"properties":{"id":"node/5303802439","source":"osm","name":null,"fee":"yes","charge":null,"access":"yes","wheelchair":"yes","opening_hours":null,"operator":"MÁV","description":null,"password":null}},{"type":"Feature","geometry":{"type":"Point","coordinates":[19.2230669,47.4378726]},"properties":{"id":"node/5327572979","source":"osm","name":null,"fee":null,"charge":null,"access":null,"wheelchair":null,"opening_hours":null,"operator":"MÁV","description":null,"password":null}},{"type":"Feature","geometry":{"type":"Point","coordinates":[19.0241648,47.5078365]},"properties":{"id":"node/5370739734","source":"osm","name":null,"fee":null,"charge":null,"access":"customers","wheelchair":"no","opening_hours":null,"operator":null,"description":null,"password":null}},{"type":"Feature","geometry":{"type":"Point","coordinates":[19.1473711,47.4626559]},"properties":{"id":"node/5383449023","source":"osm","name":null,"fee":"yes","charge":"200 HUF","access":null,"wheelchair":null,"opening_hours":"06:00-22:00","operator":null,"description":null,"password":null}},{"type":"Feature","geometry":{"type":"Point","coordinates":[19.0061638,47.4667829]},"properties":{"id":"node/5446366149","source":"osm","name":null,"fee":null,"charge":null,"access":null,"wheelchair":null,"opening_hours":null,"operator":null,"description":null,"password":null}},{"type":"Feature","geometry":{"type":"Point","coordinates":[19.0063192,47.466744]},"properties":{"id":"node/5446366154","source":"osm","name":null,"fee":null,"charge":null,"access":null,"wheelchair":null,"opening_hours":null,"operator":null,"description":null,"password":null}},{"type":"Feature","geometry":{"type":"Point","coordinates":[19.0494746,47.4609273]},"properties":{"id":"node/5475921862","source":"osm","name":null,"fee":"no","charge":null,"access":null,"wheelchair":null,"opening_hours":null,"operator":null,"description":null,"password":null}},{"type":"Feature","geometry":{"type":"Point","coordinates":[19.0483327,47.4603714]},"properties":{"id":"node/5478144792","source":"osm","name":null,"fee":"no","charge":null,"access":null,"wheelchair":"no","opening_hours":null,"operator":null,"description":null,"password":null}},{"type":"Feature","geometry":{"type":"Point","coordinates":[19.048341,47.4604019]},"properties":{"id":"node/5518413896","source":"osm","name":null,"fee":"no","charge":null,"access":null,"wheelchair":"no","opening_hours":null,"operator":null,"description":null,"password":null}},{"type":"Feature","geometry":{"type":"Point","coordinates":[19.0484256,47.4604019]},"properties":{"id":"node/5518413897","source":"osm","name":null,"fee":"no","charge":null,"access":null,"wheelchair":"yes","opening_hours":null,"operator":null,"description":null,"password":null}},{"type":"Feature","geometry":{"type":"Point","coordinates":[19.0474984,47.5276415]},"properties":{"id":"node/5598389353","source":"osm","name":null,"fee":"yes","charge":"200 HUF","access":"yes","wheelchair":"yes","opening_hours":null,"operator":null,"description":null,"password":null}},{"type":"Feature","geometry":{"type":"Point","coordinates":[19.0217564,47.4893539]},"properties":{"id":"node/5701903658","source":"osm","name":null,"fee":null,"charge":null,"access":"customers","wheelchair":null,"opening_hours":null,"operator":null,"description":null,"password":null}},{"type":"Feature","geometry":{"type":"Point","coordinates":[19.0460252,47.4871329]},"properties":{"id":"node/5813404989","source":"osm","name":null,"fee":"yes","charge":"350 HUF;1 EUR","access":null,"wheelchair":"yes","opening_hours":"Nov-Mar: Mo-Su 08:00-22:00; Apr-Oct: Mo-Su 06:00-24:00","operator":null,"description":null,"password":null}},{"type":"Feature","geometry":{"type":"Point","coordinates":[19.0388936,47.496833]},"properties":{"id":"node/5842060852","source":"osm","name":null,"fee":"no","charge":null,"access":null,"wheelchair":"no","opening_hours":null,"operator":null,"description":null,"password":null}},{"type":"Feature","geometry":{"type":"Point","coordinates":[19.0393589,47.4965095]},"properties":{"id":"node/5842060853","source":"osm","name":null,"fee":"no","charge":null,"access":null,"wheelchair":"no","opening_hours":null,"operator":null,"description":null,"password":null}},{"type":"Feature","geometry":{"type":"Point","coordinates":[19.0403554,47.4957103]},"properties":{"id":"node/5842060857","source":"osm","name":null,"fee":"no","charge":null,"access":null,"wheelchair":"no","opening_hours":null,"operator":null,"description":null,"password":null}},{"type":"Feature","geometry":{"type":"Point","coordinates":[19.039536,47.4963736]},"properties":{"id":"node/5842060881","source":"osm","name":null,"fee":"no","charge":null,"access":null,"wheelchair":"no","opening_hours":null,"operator":null,"description":null,"password":null}},{"type":"Feature","geometry":{"type":"Point","coordinates":[19.022647,47.4688589]},"properties":{"id":"node/5850944550","source":"osm","name":null,"fee":null,"charge":null,"access":null,"wheelchair":null,"opening_hours":null,"operator":null,"description":null,"password":null}},{"type":"Feature","geometry":{"type":"Point","coordinates":[19.0963586,47.5425155]},"properties":{"id":"node/5856086443","source":"osm","name":null,"fee":null,"charge":null,"access":"customers","wheelchair":null,"opening_hours":null,"operator":null,"description":null,"password":null}},{"type":"Feature","geometry":{"type":"Point","coordinates":[19.0985163,47.5421935]},"properties":{"id":"node/5857332921","source":"osm","name":null,"fee":"no","charge":null,"access":"customers","wheelchair":null,"opening_hours":null,"operator":null,"description":null,"password":null}},{"type":"Feature","geometry":{"type":"Point","coordinates":[19.1110718,47.5726416]},"properties":{"id":"node/5928718698","source":"osm","name":null,"fee":null,"charge":null,"access":null,"wheelchair":"yes","opening_hours":null,"operator":null,"description":null,"password":null}},{"type":"Feature","geometry":{"type":"Point","coordinates":[19.0585495,47.4871962]},"properties":{"id":"node/5998693751","source":"osm","name":null,"fee":"yes","charge":null,"access":null,"wheelchair":null,"opening_hours":null,"operator":null,"description":null,"password":null}},{"type":"Feature","geometry":{"type":"Point","coordinates":[19.0896032,47.4257054]},"properties":{"id":"node/6009578476","source":"osm","name":null,"fee":"yes","charge":null,"access":"yes","wheelchair":null,"opening_hours":null,"operator":null,"description":null,"password":null}},{"type":"Feature","geometry":{"type":"Point","coordinates":[19.0237682,47.5071993]},"properties":{"id":"node/6032624207","source":"osm","name":null,"fee":"yes","charge":null,"access":null,"wheelchair":"yes","opening_hours":null,"operator":null,"description":null,"password":null}},{"type":"Feature","geometry":{"type":"Point","coordinates":[19.0148849,47.5226146]},"properties":{"id":"node/6165979802","source":"osm","name":null,"fee":null,"charge":null,"access":null,"wheelchair":null,"opening_hours":null,"operator":null,"description":null,"password":null}},{"type":"Feature","geometry":{"type":"Point","coordinates":[19.0056929,47.5290464]},"properties":{"id":"node/6178713345","source":"osm","name":null,"fee":null,"charge":null,"access":null,"wheelchair":null,"opening_hours":null,"operator":null,"description":null,"password":null}},{"type":"Feature","geometry":{"type":"Point","coordinates":[19.0056839,47.5290425]},"properties":{"id":"node/6178713354","source":"osm","name":null,"fee":null,"charge":null,"access":null,"wheelchair":null,"opening_hours":null,"operator":null,"description":null,"password":null}},{"type":"Feature","geometry":{"type":"Point","coordinates":[19.261472,47.4334099]},"properties":{"id":"node/6298792770","source":"osm","name":null,"fee":"no","charge":null,"access":null,"wheelchair":"yes","opening_hours":null,"operator":null,"description":null,"password":null}},{"type":"Feature","geometry":{"type":"Point","coordinates":[19.2603772,47.4318743]},"properties":{"id":"node/6298798888","source":"osm","name":null,"fee":null,"charge":null,"access":null,"wheelchair":"yes","opening_hours":null,"operator":null,"description":null,"password":null}},{"type":"Feature","geometry":{"type":"Point","coordinates":[19.0108343,47.4742511]},"properties":{"id":"node/6315532430","source":"osm","name":null,"fee":"no","charge":null,"access":null,"wheelchair":"yes","opening_hours":"Apr 01-Nov 15: Mo-Su 08:00-sunset","operator":null,"description":"téli időszakban zárva","password":null}},{"type":"Feature","geometry":{"type":"Point","coordinates":[19.0858586,47.4945819]},"properties":{"id":"node/6374369985","source":"osm","name":null,"fee":"no","charge":null,"access":null,"wheelchair":"yes","opening_hours":null,"operator":null,"description":null,"password":null}},{"type":"Feature","geometry":{"type":"Point","coordinates":[19.0610508,47.5389448]},"properties":{"id":"node/6383020176","source":"osm","name":null,"fee":null,"charge":null,"access":"customers","wheelchair":"yes","opening_hours":null,"operator":null,"description":null,"password":null}},{"type":"Feature","geometry":{"type":"Point","coordinates":[18.958874,47.5058472]},"properties":{"id":"node/6388733205","source":"osm","name":null,"fee":"no","charge":null,"access":"yes","wheelchair":"limited","opening_hours":null,"operator":null,"description":null,"password":null}},{"type":"Feature","geometry":{"type":"Point","coordinates":[18.9615006,47.498022]},"properties":{"id":"node/6388741489","source":"osm","name":null,"fee":null,"charge":null,"access":"yes","wheelchair":null,"opening_hours":null,"operator":null,"description":null,"password":null}},{"type":"Feature","geometry":{"type":"Point","coordinates":[19.0816567,47.5195246]},"properties":{"id":"node/6432091521","source":"osm","name":null,"fee":null,"charge":null,"access":"customers","wheelchair":"yes","opening_hours":null,"operator":null,"description":null,"password":null}},{"type":"Feature","geometry":{"type":"Point","coordinates":[19.0812745,47.5198621]},"properties":{"id":"node/6432139213","source":"osm","name":null,"fee":null,"charge":null,"access":"customers","wheelchair":"yes","opening_hours":null,"operator":null,"description":null,"password":null}},{"type":"Feature","geometry":{"type":"Point","coordinates":[19.0811369,47.5202365]},"properties":{"id":"node/6432139261","source":"osm","name":null,"fee":null,"charge":null,"access":"customers","wheelchair":"yes","opening_hours":null,"operator":null,"description":null,"password":null}},{"type":"Feature","geometry":{"type":"Point","coordinates":[19.079276,47.5150682]},"properties":{"id":"node/6432151724","source":"osm","name":null,"fee":"yes","charge":"1 EUR","access":"yes","wheelchair":"limited","opening_hours":null,"operator":null,"description":null,"password":null}},{"type":"Feature","geometry":{"type":"Point","coordinates":[19.0773629,47.5179109]},"properties":{"id":"node/6432254403","source":"osm","name":null,"fee":"no","charge":null,"access":"customers","wheelchair":"no","opening_hours":null,"operator":null,"description":null,"password":null}},{"type":"Feature","geometry":{"type":"Point","coordinates":[19.1023556,47.4367197]},"properties":{"id":"node/6434552638","source":"osm","name":null,"fee":"no","charge":null,"access":"yes","wheelchair":"no","opening_hours":"Mo-Fr 08:00-19:00; Fr-Su 08:00-20:00","operator":"Pesterzsébet Önkormányzata","description":null,"password":null}},{"type":"Feature","geometry":{"type":"Point","coordinates":[19.0478966,47.4745386]},"properties":{"id":"node/6442051756","source":"osm","name":null,"fee":null,"charge":null,"access":"yes","wheelchair":"yes","opening_hours":null,"operator":null,"description":null,"password":null}},{"type":"Feature","geometry":{"type":"Point","coordinates":[19.0461242,47.5081313]},"properties":{"id":"node/6584757242","source":"osm","name":null,"fee":null,"charge":null,"access":null,"wheelchair":null,"opening_hours":null,"operator":null,"description":null,"password":null}},{"type":"Feature","geometry":{"type":"Point","coordinates":[19.033497,47.4235915]},"properties":{"id":"node/6635923416","source":"osm","name":null,"fee":"no","charge":null,"access":"customers","wheelchair":"no","opening_hours":null,"operator":null,"description":null,"password":null}},{"type":"Feature","geometry":{"type":"Point","coordinates":[19.032117,47.4646262]},"properties":{"id":"node/6744119438","source":"osm","name":null,"fee":"yes","charge":null,"access":null,"wheelchair":null,"opening_hours":"Mo 07:00-17:00; Tu-Fr 07:00-18:00; Sa 07:00-13:00","operator":null,"description":null,"password":null}},{"type":"Feature","geometry":{"type":"Point","coordinates":[19.029697,47.499419]},"properties":{"id":"node/6853181889","source":"osm","name":null,"fee":"no","charge":null,"access":"yes","wheelchair":"yes","opening_hours":"Mo-Su 08:00-19:30","operator":"BKM FŐKERT","description":"Vérmező park és játszótér köztéri illemhely","password":null}},{"type":"Feature","geometry":{"type":"Point","coordinates":[19.2584444,47.4328335]},"properties":{"id":"node/6854285053","source":"osm","name":null,"fee":"no","charge":null,"access":null,"wheelchair":null,"opening_hours":null,"operator":null,"description":null,"password":null}},{"type":"Feature","geometry":{"type":"Point","coordinates":[19.2629764,47.4335235]},"properties":{"id":"node/6895096765","source":"osm","name":null,"fee":"no","charge":null,"access":null,"wheelchair":"yes","opening_hours":null,"operator":null,"description":null,"password":null}},{"type":"Feature","geometry":{"type":"Point","coordinates":[19.137878,47.5039746]},"properties":{"id":"node/6977522275","source":"osm","name":null,"fee":"yes","charge":null,"access":null,"wheelchair":null,"opening_hours":"Mo-Sa 08:00-20:00; Su 09:00-18:00","operator":null,"description":null,"password":null}},{"type":"Feature","geometry":{"type":"Point","coordinates":[19.0721114,47.5495003]},"properties":{"id":"node/7115123346","source":"osm","name":null,"fee":"no","charge":null,"access":"yes","wheelchair":"yes","opening_hours":"08:00-22:00","operator":null,"description":null,"password":null}},{"type":"Feature","geometry":{"type":"Point","coordinates":[19.0722565,47.5496541]},"properties":{"id":"node/7116114122","source":"osm","name":null,"fee":"no","charge":null,"access":"yes","wheelchair":"yes","opening_hours":null,"operator":null,"description":null,"password":null}},{"type":"Feature","geometry":{"type":"Point","coordinates":[19.026656,47.5513197]},"properties":{"id":"node/7126222750","source":"osm","name":null,"fee":null,"charge":null,"access":"customers","wheelchair":null,"opening_hours":null,"operator":null,"description":null,"password":null}},{"type":"Feature","geometry":{"type":"Point","coordinates":[19.0231259,47.5534295]},"properties":{"id":"node/7126334995","source":"osm","name":null,"fee":null,"charge":null,"access":"customers","wheelchair":null,"opening_hours":null,"operator":null,"description":null,"password":null}},{"type":"Feature","geometry":{"type":"Point","coordinates":[19.0723206,47.5494659]},"properties":{"id":"node/7132962973","source":"osm","name":null,"fee":"no","charge":null,"access":null,"wheelchair":"yes","opening_hours":null,"operator":null,"description":null,"password":null}},{"type":"Feature","geometry":{"type":"Point","coordinates":[19.0477434,47.474691]},"properties":{"id":"node/7141759015","source":"osm","name":null,"fee":"yes","charge":null,"access":null,"wheelchair":"no","opening_hours":null,"operator":null,"description":null,"password":null}},{"type":"Feature","geometry":{"type":"Point","coordinates":[19.2637725,47.4352104]},"properties":{"id":"node/7182466732","source":"osm","name":null,"fee":"no","charge":null,"access":null,"wheelchair":"yes","opening_hours":null,"operator":null,"description":null,"password":null}},{"type":"Feature","geometry":{"type":"Point","coordinates":[19.0672362,47.478819]},"properties":{"id":"node/7184520185","source":"osm","name":null,"fee":"no","charge":null,"access":null,"wheelchair":null,"opening_hours":null,"operator":null,"description":null,"password":null}},{"type":"Feature","geometry":{"type":"Point","coordinates":[18.9395062,47.5473343]},"properties":{"id":"node/7252365414","source":"osm","name":null,"fee":"yes","charge":null,"access":null,"wheelchair":"yes","opening_hours":"24/7","operator":"FCSM Zrt.","description":null,"password":null}},{"type":"Feature","geometry":{"type":"Point","coordinates":[19.043398,47.4302431]},"properties":{"id":"node/7494697444","source":"osm","name":null,"fee":"yes","charge":null,"access":"customers","wheelchair":null,"opening_hours":"Mo-Su 08:00-20:00","operator":null,"description":null,"password":null}},{"type":"Feature","geometry":{"type":"Point","coordinates":[19.1617461,47.4180209]},"properties":{"id":"node/7538623427","source":"osm","name":null,"fee":null,"charge":null,"access":null,"wheelchair":null,"opening_hours":null,"operator":null,"description":null,"password":null}},{"type":"Feature","geometry":{"type":"Point","coordinates":[19.0383156,47.4261357]},"properties":{"id":"node/7700141331","source":"osm","name":null,"fee":null,"charge":null,"access":null,"wheelchair":"no","opening_hours":null,"operator":null,"description":null,"password":null}},{"type":"Feature","geometry":{"type":"Point","coordinates":[19.0380668,47.4261307]},"properties":{"id":"node/7700658644","source":"osm","name":null,"fee":null,"charge":null,"access":null,"wheelchair":"yes","opening_hours":null,"operator":null,"description":null,"password":null}},{"type":"Feature","geometry":{"type":"Point","coordinates":[18.9985602,47.4813532]},"properties":{"id":"node/7721675385","source":"osm","name":null,"fee":null,"charge":null,"access":"customers","wheelchair":null,"opening_hours":null,"operator":null,"description":null,"password":null}},{"type":"Feature","geometry":{"type":"Point","coordinates":[18.9997129,47.4817546]},"properties":{"id":"node/7721767113","source":"osm","name":null,"fee":null,"charge":null,"access":"customers","wheelchair":"no","opening_hours":null,"operator":null,"description":null,"password":null}},{"type":"Feature","geometry":{"type":"Point","coordinates":[19.2621905,47.4334527]},"properties":{"id":"node/7728901382","source":"osm","name":null,"fee":"no","charge":null,"access":null,"wheelchair":"yes","opening_hours":null,"operator":null,"description":null,"password":null}},{"type":"Feature","geometry":{"type":"Point","coordinates":[19.0652181,47.5733166]},"properties":{"id":"node/7734625140","source":"osm","name":null,"fee":"yes","charge":null,"access":null,"wheelchair":"no","opening_hours":null,"operator":null,"description":null,"password":null}},{"type":"Feature","geometry":{"type":"Point","coordinates":[19.0621195,47.5717581]},"properties":{"id":"node/7734625146","source":"osm","name":null,"fee":null,"charge":null,"access":"customers","wheelchair":"no","opening_hours":null,"operator":null,"description":"paper dispenser, infrared","password":null}},{"type":"Feature","geometry":{"type":"Point","coordinates":[19.0621208,47.5717748]},"properties":{"id":"node/7734625154","source":"osm","name":null,"fee":null,"charge":null,"access":"customers","wheelchair":"no","opening_hours":null,"operator":null,"description":null,"password":null}},{"type":"Feature","geometry":{"type":"Point","coordinates":[19.0628611,47.465187]},"properties":{"id":"node/7785785670","source":"osm","name":null,"fee":null,"charge":null,"access":"customers","wheelchair":null,"opening_hours":null,"operator":null,"description":null,"password":null}},{"type":"Feature","geometry":{"type":"Point","coordinates":[18.9628402,47.5003003]},"properties":{"id":"node/7800956508","source":"osm","name":null,"fee":"no","charge":null,"access":"customers","wheelchair":null,"opening_hours":null,"operator":null,"description":"Látogatóközpont mosdó","password":null}},{"type":"Feature","geometry":{"type":"Point","coordinates":[19.0753582,47.5173615]},"properties":{"id":"node/7823758943","source":"osm","name":null,"fee":"no","charge":null,"access":"customers","wheelchair":"no","opening_hours":null,"operator":null,"description":null,"password":null}},{"type":"Feature","geometry":{"type":"Point","coordinates":[19.0504583,47.5336797]},"properties":{"id":"node/7878660301","source":"osm","name":null,"fee":null,"charge":null,"access":null,"wheelchair":null,"opening_hours":null,"operator":null,"description":null,"password":null}},{"type":"Feature","geometry":{"type":"Point","coordinates":[19.0499121,47.5301765]},"properties":{"id":"node/7878666468","source":"osm","name":null,"fee":"yes","charge":"400 HUF","access":null,"wheelchair":null,"opening_hours":null,"operator":null,"description":null,"password":null}},{"type":"Feature","geometry":{"type":"Point","coordinates":[19.044895,47.5231275]},"properties":{"id":"node/7878666469","source":"osm","name":null,"fee":"yes","charge":null,"access":null,"wheelchair":null,"opening_hours":null,"operator":null,"description":null,"password":null}},{"type":"Feature","geometry":{"type":"Point","coordinates":[19.0438622,47.5197743]},"properties":{"id":"node/7878666482","source":"osm","name":null,"fee":"yes","charge":null,"access":null,"wheelchair":"yes","opening_hours":null,"operator":null,"description":null,"password":null}},{"type":"Feature","geometry":{"type":"Point","coordinates":[19.0831397,47.5007792]},"properties":{"id":"node/8073869528","source":"osm","name":null,"fee":"yes","charge":"350 HUF","access":null,"wheelchair":"limited","opening_hours":"05:00-22:00","operator":null,"description":null,"password":null}},{"type":"Feature","geometry":{"type":"Point","coordinates":[19.1853457,47.4722672]},"properties":{"id":"node/8090820326","source":"osm","name":null,"fee":null,"charge":null,"access":null,"wheelchair":null,"opening_hours":null,"operator":null,"description":null,"password":null}},{"type":"Feature","geometry":{"type":"Point","coordinates":[19.1370318,47.5038496]},"properties":{"id":"node/8173504483","source":"osm","name":null,"fee":"yes","charge":null,"access":"yes","wheelchair":"no","opening_hours":"Mo-Su 06:00-20:00","operator":"Fővárosi Csatornázási Művek","description":null,"password":null}},{"type":"Feature","geometry":{"type":"Point","coordinates":[19.0840128,47.5088778]},"properties":{"id":"node/8286656803","source":"osm","name":null,"fee":null,"charge":null,"access":"customers","wheelchair":"yes","opening_hours":null,"operator":null,"description":null,"password":null}},{"type":"Feature","geometry":{"type":"Point","coordinates":[19.0895942,47.5110963]},"properties":{"id":"node/8293055283","source":"osm","name":null,"fee":"yes","charge":null,"access":"customers","wheelchair":"yes","opening_hours":null,"operator":null,"description":null,"password":null}},{"type":"Feature","geometry":{"type":"Point","coordinates":[19.041653,47.4918563]},"properties":{"id":"node/8300228392","source":"osm","name":null,"fee":"yes","charge":null,"access":"yes","wheelchair":"yes","opening_hours":"24/7","operator":"BKM FŐKERT","description":null,"password":null}},{"type":"Feature","geometry":{"type":"Point","coordinates":[19.0617941,47.4723336]},"properties":{"id":"node/8322578424","source":"osm","name":null,"fee":"no","charge":null,"access":"permissive","wheelchair":"yes","opening_hours":"Mo-Fr 07:00-22:00","operator":null,"description":null,"password":null}},{"type":"Feature","geometry":{"type":"Point","coordinates":[18.9851728,47.5110292]},"properties":{"id":"node/8403351541","source":"osm","name":null,"fee":"no","charge":null,"access":"yes","wheelchair":"yes","opening_hours":null,"operator":null,"description":null,"password":null}},{"type":"Feature","geometry":{"type":"Point","coordinates":[19.0028603,47.4671914]},"properties":{"id":"node/8505817518","source":"osm","name":null,"fee":"yes","charge":null,"access":null,"wheelchair":"yes","opening_hours":"Mo-Su,PH 00:00-24:00","operator":null,"description":null,"password":null}},{"type":"Feature","geometry":{"type":"Point","coordinates":[18.9938418,47.4683072]},"properties":{"id":"node/8707553187","source":"osm","name":null,"fee":"no","charge":null,"access":null,"wheelchair":"no","opening_hours":null,"operator":null,"description":null,"password":null}},{"type":"Feature","geometry":{"type":"Point","coordinates":[19.0431997,47.5314795]},"properties":{"id":"node/8715494574","source":"osm","name":null,"fee":null,"charge":null,"access":"customers","wheelchair":null,"opening_hours":null,"operator":null,"description":null,"password":null}},{"type":"Feature","geometry":{"type":"Point","coordinates":[18.9959457,47.4839741]},"properties":{"id":"node/8756447170","source":"osm","name":null,"fee":null,"charge":null,"access":"yes","wheelchair":null,"opening_hours":null,"operator":null,"description":null,"password":null}},{"type":"Feature","geometry":{"type":"Point","coordinates":[18.9941433,47.4722808]},"properties":{"id":"node/8766003490","source":"osm","name":null,"fee":null,"charge":null,"access":null,"wheelchair":null,"opening_hours":null,"operator":null,"description":null,"password":null}},{"type":"Feature","geometry":{"type":"Point","coordinates":[18.9981699,47.4692897]},"properties":{"id":"node/8815779075","source":"osm","name":null,"fee":"no","charge":null,"access":"yes","wheelchair":null,"opening_hours":null,"operator":null,"description":null,"password":null}},{"type":"Feature","geometry":{"type":"Point","coordinates":[19.0478295,47.4364687]},"properties":{"id":"node/8827986155","source":"osm","name":null,"fee":null,"charge":null,"access":null,"wheelchair":"no","opening_hours":null,"operator":null,"description":null,"password":null}},{"type":"Feature","geometry":{"type":"Point","coordinates":[18.9962591,47.5482505]},"properties":{"id":"node/8891161865","source":"osm","name":null,"fee":null,"charge":null,"access":"private","wheelchair":null,"opening_hours":null,"operator":null,"description":null,"password":null}},{"type":"Feature","geometry":{"type":"Point","coordinates":[19.1431018,47.5534799]},"properties":{"id":"node/8947045301","source":"osm","name":null,"fee":null,"charge":null,"access":null,"wheelchair":null,"opening_hours":null,"operator":null,"description":null,"password":null}},{"type":"Feature","geometry":{"type":"Point","coordinates":[19.0498668,47.5691928]},"properties":{"id":"node/8953007843","source":"osm","name":null,"fee":null,"charge":null,"access":"customers","wheelchair":"no","opening_hours":null,"operator":"Don Bosco Cukrászda","description":null,"password":null}},{"type":"Feature","geometry":{"type":"Point","coordinates":[19.0314698,47.4623219]},"properties":{"id":"node/8963773281","source":"osm","name":null,"fee":"no","charge":null,"access":"yes","wheelchair":null,"opening_hours":null,"operator":null,"description":null,"password":null}},{"type":"Feature","geometry":{"type":"Point","coordinates":[19.1003545,47.4391015]},"properties":{"id":"node/8972109789","source":"osm","name":null,"fee":"no","charge":null,"access":"yes","wheelchair":"yes","opening_hours":"Mo-Sa 06:00-21:00; Su 07:00-19:00","operator":null,"description":null,"password":null}},{"type":"Feature","geometry":{"type":"Point","coordinates":[19.0272952,47.4440495]},"properties":{"id":"node/8990230229","source":"osm","name":null,"fee":"no","charge":null,"access":"yes","wheelchair":"no","opening_hours":null,"operator":null,"description":null,"password":null}},{"type":"Feature","geometry":{"type":"Point","coordinates":[19.0402189,47.477072]},"properties":{"id":"node/8994431052","source":"osm","name":null,"fee":null,"charge":null,"access":null,"wheelchair":"no","opening_hours":null,"operator":null,"description":null,"password":null}},{"type":"Feature","geometry":{"type":"Point","coordinates":[19.0429879,47.5169302]},"properties":{"id":"node/9002091935","source":"osm","name":null,"fee":"yes","charge":"300 HUF","access":null,"wheelchair":"no","opening_hours":null,"operator":null,"description":null,"password":null}},{"type":"Feature","geometry":{"type":"Point","coordinates":[19.0925835,47.581354]},"properties":{"id":"node/9010343993","source":"osm","name":null,"fee":null,"charge":null,"access":"yes","wheelchair":null,"opening_hours":"24/7","operator":null,"description":null,"password":null}},{"type":"Feature","geometry":{"type":"Point","coordinates":[19.0389978,47.5066197]},"properties":{"id":"node/9077604509","source":"osm","name":null,"fee":"yes","charge":"250 HUF","access":null,"wheelchair":"no","opening_hours":"Mo-Su 06:00-22:00","operator":null,"description":null,"password":null}},{"type":"Feature","geometry":{"type":"Point","coordinates":[19.0376813,47.446696]},"properties":{"id":"node/9103978642","source":"osm","name":null,"fee":"no","charge":null,"access":"yes","wheelchair":"no","opening_hours":null,"operator":null,"description":null,"password":null}},{"type":"Feature","geometry":{"type":"Point","coordinates":[19.2431017,47.5085137]},"properties":{"id":"node/9108335235","source":"osm","name":null,"fee":"no","charge":null,"access":"yes","wheelchair":"limited","opening_hours":null,"operator":null,"description":null,"password":null}},{"type":"Feature","geometry":{"type":"Point","coordinates":[19.0259924,47.4638993]},"properties":{"id":"node/9111802136","source":"osm","name":null,"fee":"no","charge":null,"access":null,"wheelchair":"yes","opening_hours":null,"operator":null,"description":null,"password":null}},{"type":"Feature","geometry":{"type":"Point","coordinates":[19.0358942,47.5120447]},"properties":{"id":"node/9130297943","source":"osm","name":null,"fee":"yes","charge":"100","access":null,"wheelchair":null,"opening_hours":null,"operator":null,"description":null,"password":null}},{"type":"Feature","geometry":{"type":"Point","coordinates":[19.0376857,47.4646378]},"properties":{"id":"node/9165884894","source":"osm","name":null,"fee":"no","charge":null,"access":"yes","wheelchair":"no","opening_hours":null,"operator":null,"description":null,"password":null}},{"type":"Feature","geometry":{"type":"Point","coordinates":[19.0003875,47.5163113]},"properties":{"id":"node/9175268319","source":"osm","name":null,"fee":"no","charge":null,"access":null,"wheelchair":null,"opening_hours":null,"operator":null,"description":null,"password":null}},{"type":"Feature","geometry":{"type":"Point","coordinates":[19.0844756,47.4711126]},"properties":{"id":"node/9225890463","source":"osm","name":null,"fee":"yes","charge":null,"access":null,"wheelchair":null,"opening_hours":"Mo-Su 06:00-22:00","operator":null,"description":null,"password":null}},{"type":"Feature","geometry":{"type":"Point","coordinates":[19.0847279,47.4703063]},"properties":{"id":"node/9225890464","source":"osm","name":null,"fee":"yes","charge":"200 HUF","access":null,"wheelchair":"yes","opening_hours":"Mo-Su 06:00-22:00","operator":null,"description":null,"password":null}},{"type":"Feature","geometry":{"type":"Point","coordinates":[19.0598571,47.4703344]},"properties":{"id":"node/9225984602","source":"osm","name":null,"fee":"no","charge":null,"access":null,"wheelchair":null,"opening_hours":null,"operator":null,"description":null,"password":null}},{"type":"Feature","geometry":{"type":"Point","coordinates":[19.0624094,47.4744069]},"properties":{"id":"node/9225984603","source":"osm","name":null,"fee":"no","charge":null,"access":null,"wheelchair":"yes","opening_hours":null,"operator":null,"description":null,"password":null}},{"type":"Feature","geometry":{"type":"Point","coordinates":[19.0623859,47.474526]},"properties":{"id":"node/9225984604","source":"osm","name":null,"fee":"no","charge":null,"access":null,"wheelchair":"yes","opening_hours":null,"operator":null,"description":null,"password":null}},{"type":"Feature","geometry":{"type":"Point","coordinates":[19.0049219,47.4834781]},"properties":{"id":"node/9248841992","source":"osm","name":null,"fee":null,"charge":null,"access":null,"wheelchair":null,"opening_hours":null,"operator":null,"description":null,"password":null}},{"type":"Feature","geometry":{"type":"Point","coordinates":[19.1206575,47.5059076]},"properties":{"id":"node/9267737387","source":"osm","name":null,"fee":null,"charge":null,"access":"customers","wheelchair":"limited","opening_hours":null,"operator":null,"description":null,"password":null}},{"type":"Feature","geometry":{"type":"Point","coordinates":[19.0907917,47.582031]},"properties":{"id":"node/9270354497","source":"osm","name":null,"fee":"no","charge":null,"access":"customers","wheelchair":"limited","opening_hours":null,"operator":null,"description":"Megyeri Temtő WC","password":null}},{"type":"Feature","geometry":{"type":"Point","coordinates":[19.0371592,47.5182165]},"properties":{"id":"node/9357920281","source":"osm","name":null,"fee":"no","charge":null,"access":"customers","wheelchair":null,"opening_hours":null,"operator":null,"description":null,"password":null}},{"type":"Feature","geometry":{"type":"Point","coordinates":[19.0666706,47.4300114]},"properties":{"id":"node/9362789221","source":"osm","name":null,"fee":null,"charge":null,"access":null,"wheelchair":null,"opening_hours":null,"operator":null,"description":null,"password":null}},{"type":"Feature","geometry":{"type":"Point","coordinates":[19.024528,47.5088966]},"properties":{"id":"node/9370525922","source":"osm","name":null,"fee":"no","charge":null,"access":"yes","wheelchair":null,"opening_hours":null,"operator":null,"description":null,"password":null}},{"type":"Feature","geometry":{"type":"Point","coordinates":[19.0385459,47.4910386]},"properties":{"id":"node/9502912009","source":"osm","name":null,"fee":"yes","charge":"250 Ft","access":"yes","wheelchair":"yes","opening_hours":"24/7","operator":"BKM FŐKERT","description":null,"password":null}},{"type":"Feature","geometry":{"type":"Point","coordinates":[19.0679718,47.4233663]},"properties":{"id":"node/9530301135","source":"osm","name":null,"fee":"no","charge":null,"access":"yes","wheelchair":"yes","opening_hours":null,"operator":null,"description":null,"password":null}},{"type":"Feature","geometry":{"type":"Point","coordinates":[19.0546279,47.4144401]},"properties":{"id":"node/9537313899","source":"osm","name":null,"fee":null,"charge":null,"access":"yes","wheelchair":null,"opening_hours":null,"operator":null,"description":null,"password":null}},{"type":"Feature","geometry":{"type":"Point","coordinates":[19.0801861,47.4659757]},"properties":{"id":"node/9549842366","source":"osm","name":null,"fee":"no","charge":null,"access":null,"wheelchair":"yes","opening_hours":null,"operator":null,"description":null,"password":null}},{"type":"Feature","geometry":{"type":"Point","coordinates":[19.0820215,47.5157997]},"properties":{"id":"node/9560240282","source":"osm","name":null,"fee":"yes","charge":"350 HUF;1 EUR","access":"yes","wheelchair":"no","opening_hours":"10:00-20:00","operator":null,"description":null,"password":null}},{"type":"Feature","geometry":{"type":"Point","coordinates":[19.0843671,47.5141686]},"properties":{"id":"node/9562357182","source":"osm","name":null,"fee":"yes","charge":null,"access":"customers","wheelchair":"limited","opening_hours":null,"operator":null,"description":null,"password":null}},{"type":"Feature","geometry":{"type":"Point","coordinates":[19.0155199,47.45894]},"properties":{"id":"node/9664314980","source":"osm","name":null,"fee":"no","charge":null,"access":"yes","wheelchair":null,"opening_hours":null,"operator":null,"description":null,"password":null}},{"type":"Feature","geometry":{"type":"Point","coordinates":[19.0452608,47.4716729]},"properties":{"id":"node/9690322905","source":"osm","name":null,"fee":"no","charge":null,"access":"yes","wheelchair":"no","opening_hours":null,"operator":null,"description":null,"password":null}},{"type":"Feature","geometry":{"type":"Point","coordinates":[19.044264,47.5457321]},"properties":{"id":"node/9705836470","source":"osm","name":null,"fee":null,"charge":null,"access":"customers","wheelchair":null,"opening_hours":null,"operator":null,"description":null,"password":null}},{"type":"Feature","geometry":{"type":"Point","coordinates":[19.0978821,47.5693621]},"properties":{"id":"node/9724698464","source":"osm","name":null,"fee":"no","charge":null,"access":"private","wheelchair":null,"opening_hours":null,"operator":null,"description":null,"password":null}},{"type":"Feature","geometry":{"type":"Point","coordinates":[19.0404997,47.4615083]},"properties":{"id":"node/9762496123","source":"osm","name":null,"fee":"no","charge":null,"access":"yes","wheelchair":"no","opening_hours":null,"operator":null,"description":null,"password":null}},{"type":"Feature","geometry":{"type":"Point","coordinates":[18.9672196,47.501665]},"properties":{"id":"node/9776627465","source":"osm","name":null,"fee":null,"charge":null,"access":null,"wheelchair":null,"opening_hours":null,"operator":null,"description":null,"password":null}},{"type":"Feature","geometry":{"type":"Point","coordinates":[19.0663702,47.4957869]},"properties":{"id":"node/9790163030","source":"osm","name":null,"fee":"yes","charge":"250 HUF;1 EUR","access":"yes","wheelchair":"yes","opening_hours":"24/7","operator":null,"description":null,"password":null}},{"type":"Feature","geometry":{"type":"Point","coordinates":[19.0630294,47.4722978]},"properties":{"id":"node/9810927964","source":"osm","name":null,"fee":"no","charge":null,"access":null,"wheelchair":"yes","opening_hours":null,"operator":null,"description":null,"password":null}},{"type":"Feature","geometry":{"type":"Point","coordinates":[19.0625739,47.4722309]},"properties":{"id":"node/9810927965","source":"osm","name":null,"fee":"no","charge":null,"access":null,"wheelchair":"yes","opening_hours":null,"operator":null,"description":null,"password":null}},{"type":"Feature","geometry":{"type":"Point","coordinates":[19.0618609,47.4744641]},"properties":{"id":"node/9810927966","source":"osm","name":null,"fee":"no","charge":null,"access":null,"wheelchair":"limited","opening_hours":null,"operator":null,"description":null,"password":null}},{"type":"Feature","geometry":{"type":"Point","coordinates":[19.0613331,47.4746013]},"properties":{"id":"node/9810927967","source":"osm","name":null,"fee":"no","charge":null,"access":null,"wheelchair":"no","opening_hours":null,"operator":null,"description":null,"password":null}},{"type":"Feature","geometry":{"type":"Point","coordinates":[18.9992211,47.4461461]},"properties":{"id":"node/9837112276","source":"osm","name":null,"fee":"no","charge":null,"access":"yes","wheelchair":null,"opening_hours":null,"operator":null,"description":null,"password":null}},{"type":"Feature","geometry":{"type":"Point","coordinates":[19.0425965,47.4939686]},"properties":{"id":"node/9867815831","source":"osm","name":null,"fee":null,"charge":null,"access":null,"wheelchair":null,"opening_hours":null,"operator":null,"description":null,"password":null}},{"type":"Feature","geometry":{"type":"Point","coordinates":[19.0318181,47.4579791]},"properties":{"id":"node/9870472605","source":"osm","name":null,"fee":"no","charge":null,"access":"yes","wheelchair":null,"opening_hours":null,"operator":null,"description":null,"password":null}},{"type":"Feature","geometry":{"type":"Point","coordinates":[19.0351549,47.4673199]},"properties":{"id":"node/9875373412","source":"osm","name":null,"fee":"no","charge":null,"access":"yes","wheelchair":"no","opening_hours":null,"operator":null,"description":null,"password":null}},{"type":"Feature","geometry":{"type":"Point","coordinates":[19.036592,47.4492743]},"properties":{"id":"node/9876678550","source":"osm","name":null,"fee":"no","charge":null,"access":"yes","wheelchair":"no","opening_hours":null,"operator":null,"description":null,"password":null}},{"type":"Feature","geometry":{"type":"Point","coordinates":[19.0169466,47.462698]},"properties":{"id":"node/9877044103","source":"osm","name":null,"fee":"no","charge":null,"access":"yes","wheelchair":null,"opening_hours":null,"operator":null,"description":null,"password":null}},{"type":"Feature","geometry":{"type":"Point","coordinates":[19.0379761,47.441671]},"properties":{"id":"node/9893421208","source":"osm","name":null,"fee":"no","charge":null,"access":"yes","wheelchair":"no","opening_hours":null,"operator":null,"description":null,"password":null}},{"type":"Feature","geometry":{"type":"Point","coordinates":[19.0354515,47.4417965]},"properties":{"id":"node/9893913181","source":"osm","name":null,"fee":"no","charge":null,"access":"yes","wheelchair":"no","opening_hours":null,"operator":null,"description":null,"password":null}},{"type":"Feature","geometry":{"type":"Point","coordinates":[19.0775556,47.4673388]},"properties":{"id":"node/9905658757","source":"osm","name":null,"fee":"no","charge":null,"access":"customers","wheelchair":null,"opening_hours":null,"operator":null,"description":null,"password":null}},{"type":"Feature","geometry":{"type":"Point","coordinates":[19.0776183,47.4678889]},"properties":{"id":"node/9905658775","source":"osm","name":null,"fee":"no","charge":null,"access":"customers","wheelchair":null,"opening_hours":null,"operator":null,"description":null,"password":null}},{"type":"Feature","geometry":{"type":"Point","coordinates":[19.0775702,47.467842]},"properties":{"id":"node/9905658776","source":"osm","name":null,"fee":"no","charge":null,"access":"customers","wheelchair":null,"opening_hours":null,"operator":null,"description":null,"password":null}},{"type":"Feature","geometry":{"type":"Point","coordinates":[19.0385923,47.4549372]},"properties":{"id":"node/9908296204","source":"osm","name":null,"fee":"no","charge":null,"access":"yes","wheelchair":"no","opening_hours":null,"operator":null,"description":null,"password":null}},{"type":"Feature","geometry":{"type":"Point","coordinates":[19.0422951,47.4409061]},"properties":{"id":"node/9941029217","source":"osm","name":null,"fee":"no","charge":null,"access":"yes","wheelchair":"no","opening_hours":null,"operator":null,"description":null,"password":null}},{"type":"Feature","geometry":{"type":"Point","coordinates":[19.0603868,47.4759188]},"properties":{"id":"node/9950762173","source":"osm","name":null,"fee":"yes","charge":null,"access":null,"wheelchair":"yes","opening_hours":null,"operator":null,"description":null,"password":null}},{"type":"Feature","geometry":{"type":"Point","coordinates":[19.0410632,47.4429692]},"properties":{"id":"node/10040434207","source":"osm","name":null,"fee":"no","charge":null,"access":"yes","wheelchair":null,"opening_hours":null,"operator":null,"description":null,"password":null}},{"type":"Feature","geometry":{"type":"Point","coordinates":[19.0277653,47.510577]},"properties":{"id":"node/10050859355","source":"osm","name":null,"fee":"yes","charge":null,"access":null,"wheelchair":"yes","opening_hours":null,"operator":null,"description":null,"password":null}},{"type":"Feature","geometry":{"type":"Point","coordinates":[19.0367732,47.5000728]},"properties":{"id":"node/10053249832","source":"osm","name":null,"fee":"no","charge":null,"access":null,"wheelchair":"limited","opening_hours":null,"operator":null,"description":null,"password":null}},{"type":"Feature","geometry":{"type":"Point","coordinates":[19.0364505,47.5052145]},"properties":{"id":"node/10100781882","source":"osm","name":null,"fee":"no","charge":null,"access":null,"wheelchair":"yes","opening_hours":null,"operator":null,"description":null,"password":null}},{"type":"Feature","geometry":{"type":"Point","coordinates":[19.1202387,47.4170596]},"properties":{"id":"node/10154772606","source":"osm","name":null,"fee":null,"charge":null,"access":"yes","wheelchair":"no","opening_hours":null,"operator":null,"description":null,"password":null}},{"type":"Feature","geometry":{"type":"Point","coordinates":[19.0275172,47.5463664]},"properties":{"id":"node/10170137384","source":"osm","name":null,"fee":null,"charge":null,"access":null,"wheelchair":"designated","opening_hours":null,"operator":null,"description":null,"password":null}},{"type":"Feature","geometry":{"type":"Point","coordinates":[19.0274754,47.5463627]},"properties":{"id":"node/10170137385","source":"osm","name":null,"fee":null,"charge":null,"access":null,"wheelchair":null,"opening_hours":null,"operator":null,"description":null,"password":null}},{"type":"Feature","geometry":{"type":"Point","coordinates":[19.0275612,47.5463703]},"properties":{"id":"node/10170137386","source":"osm","name":null,"fee":null,"charge":null,"access":null,"wheelchair":null,"opening_hours":null,"operator":null,"description":null,"password":null}},{"type":"Feature","geometry":{"type":"Point","coordinates":[19.0274255,47.5465738]},"properties":{"id":"node/10170137402","source":"osm","name":null,"fee":null,"charge":null,"access":null,"wheelchair":"designated","opening_hours":null,"operator":null,"description":null,"password":null}},{"type":"Feature","geometry":{"type":"Point","coordinates":[19.0273837,47.5465702]},"properties":{"id":"node/10170137403","source":"osm","name":null,"fee":null,"charge":null,"access":null,"wheelchair":null,"opening_hours":null,"operator":null,"description":null,"password":null}},{"type":"Feature","geometry":{"type":"Point","coordinates":[19.0274695,47.5465777]},"properties":{"id":"node/10170137404","source":"osm","name":null,"fee":null,"charge":null,"access":null,"wheelchair":null,"opening_hours":null,"operator":null,"description":null,"password":null}},{"type":"Feature","geometry":{"type":"Point","coordinates":[19.0407192,47.5424495]},"properties":{"id":"node/10175530932","source":"osm","name":null,"fee":"yes","charge":null,"access":"yes","wheelchair":null,"opening_hours":null,"operator":null,"description":null,"password":null}},{"type":"Feature","geometry":{"type":"Point","coordinates":[19.1483124,47.4691483]},"properties":{"id":"node/10258511501","source":"osm","name":null,"fee":"no","charge":null,"access":null,"wheelchair":null,"opening_hours":null,"operator":null,"description":null,"password":null}},{"type":"Feature","geometry":{"type":"Point","coordinates":[19.0847462,47.470289]},"properties":{"id":"node/10555613329","source":"osm","name":null,"fee":"yes","charge":"200 HUF","access":null,"wheelchair":"yes","opening_hours":"Mo-Su 06:00-22:00","operator":null,"description":null,"password":null}},{"type":"Feature","geometry":{"type":"Point","coordinates":[19.0160021,47.5723775]},"properties":{"id":"node/10573465783","source":"osm","name":null,"fee":null,"charge":null,"access":"customers","wheelchair":"limited","opening_hours":null,"operator":"Emil Cukrászda","description":null,"password":null}},{"type":"Feature","geometry":{"type":"Point","coordinates":[19.0159981,47.5723845]},"properties":{"id":"node/10573465784","source":"osm","name":null,"fee":null,"charge":null,"access":"customers","wheelchair":null,"opening_hours":null,"operator":"Emil Cukrászda","description":null,"password":null}},{"type":"Feature","geometry":{"type":"Point","coordinates":[18.9657323,47.5379706]},"properties":{"id":"node/10573526897","source":"osm","name":null,"fee":"no","charge":null,"access":null,"wheelchair":null,"opening_hours":null,"operator":null,"description":null,"password":null}},{"type":"Feature","geometry":{"type":"Point","coordinates":[18.9659301,47.5377502]},"properties":{"id":"node/10573614421","source":"osm","name":null,"fee":"no","charge":null,"access":null,"wheelchair":"yes","opening_hours":null,"operator":null,"description":null,"password":null}},{"type":"Feature","geometry":{"type":"Point","coordinates":[19.0781043,47.5114473]},"properties":{"id":"node/10575017914","source":"osm","name":null,"fee":null,"charge":null,"access":"yes","wheelchair":"yes","opening_hours":"May-Sep 07:00-21:00; Oct-Apr 07:00-19:00","operator":null,"description":null,"password":null}},{"type":"Feature","geometry":{"type":"Point","coordinates":[19.1602038,47.4116523]},"properties":{"id":"node/10731094334","source":"osm","name":null,"fee":"no","charge":null,"access":"yes","wheelchair":"yes","opening_hours":"Mo-Sa 9:30-20:00; Su 9:30-19:00; PH off","operator":"IKEA","description":null,"password":null}},{"type":"Feature","geometry":{"type":"Point","coordinates":[19.1008847,47.5015973]},"properties":{"id":"node/10744711028","source":"osm","name":null,"fee":null,"charge":null,"access":"customers","wheelchair":null,"opening_hours":null,"operator":null,"description":null,"password":null}},{"type":"Feature","geometry":{"type":"Point","coordinates":[19.1470693,47.4808073]},"properties":{"id":"node/10759587062","source":"osm","name":null,"fee":"no","charge":null,"access":"yes","wheelchair":"yes","opening_hours":null,"operator":null,"description":null,"password":null}},{"type":"Feature","geometry":{"type":"Point","coordinates":[19.079644,47.5559419]},"properties":{"id":"node/10771356384","source":"osm","name":null,"fee":"yes","charge":"200 HUF","access":"yes","wheelchair":"yes","opening_hours":null,"operator":null,"description":null,"password":null}},{"type":"Feature","geometry":{"type":"Point","coordinates":[19.1169461,47.5044463]},"properties":{"id":"node/10779581447","source":"osm","name":null,"fee":"no","charge":null,"access":"yes","wheelchair":"yes","opening_hours":null,"operator":null,"description":null,"password":null}},{"type":"Feature","geometry":{"type":"Point","coordinates":[19.0167573,47.406535]},"properties":{"id":"node/10785019620","source":"osm","name":null,"fee":"no","charge":null,"access":null,"wheelchair":null,"opening_hours":null,"operator":null,"description":null,"password":null}},{"type":"Feature","geometry":{"type":"Point","coordinates":[19.0760208,47.4668049]},"properties":{"id":"node/10791115756","source":"osm","name":null,"fee":"yes","charge":"150","access":null,"wheelchair":null,"opening_hours":null,"operator":null,"description":null,"password":null}},{"type":"Feature","geometry":{"type":"Point","coordinates":[19.0621583,47.531526]},"properties":{"id":"node/10860411360","source":"osm","name":null,"fee":"no","charge":null,"access":null,"wheelchair":"yes","opening_hours":null,"operator":null,"description":null,"password":null}},{"type":"Feature","geometry":{"type":"Point","coordinates":[19.1064194,47.5803761]},"properties":{"id":"node/10896227612","source":"osm","name":null,"fee":"no","charge":null,"access":"yes","wheelchair":null,"opening_hours":"24/7","operator":null,"description":null,"password":null}},{"type":"Feature","geometry":{"type":"Point","coordinates":[19.0379575,47.4962925]},"properties":{"id":"node/10922185404","source":"osm","name":null,"fee":"no","charge":null,"access":null,"wheelchair":"yes","opening_hours":null,"operator":null,"description":null,"password":null}},{"type":"Feature","geometry":{"type":"Point","coordinates":[19.13129,47.4720097]},"properties":{"id":"node/10930014285","source":"osm","name":null,"fee":null,"charge":null,"access":"customers","wheelchair":null,"opening_hours":null,"operator":null,"description":null,"password":null}},{"type":"Feature","geometry":{"type":"Point","coordinates":[19.1981973,47.5176372]},"properties":{"id":"node/10932401152","source":"osm","name":null,"fee":"no","charge":null,"access":null,"wheelchair":"limited","opening_hours":null,"operator":null,"description":null,"password":null}},{"type":"Feature","geometry":{"type":"Point","coordinates":[19.1983555,47.5170589]},"properties":{"id":"node/10932401153","source":"osm","name":null,"fee":null,"charge":null,"access":"customers","wheelchair":"limited","opening_hours":null,"operator":null,"description":null,"password":null}},{"type":"Feature","geometry":{"type":"Point","coordinates":[19.0801857,47.512361]},"properties":{"id":"node/10943670682","source":"osm","name":null,"fee":"yes","charge":null,"access":"permissive","wheelchair":null,"opening_hours":null,"operator":null,"description":null,"password":null}},{"type":"Feature","geometry":{"type":"Point","coordinates":[18.9997942,47.5204114]},"properties":{"id":"node/10948972690","source":"osm","name":null,"fee":"yes","charge":"250 HUF","access":"yes","wheelchair":"yes","opening_hours":"24/7","operator":"FCSM Zrt.","description":null,"password":null}},{"type":"Feature","geometry":{"type":"Point","coordinates":[19.1773768,47.4360643]},"properties":{"id":"node/11035738179","source":"osm","name":null,"fee":null,"charge":null,"access":"yes","wheelchair":null,"opening_hours":null,"operator":null,"description":null,"password":null}},{"type":"Feature","geometry":{"type":"Point","coordinates":[19.2574823,47.4334221]},"properties":{"id":"node/11067331559","source":"osm","name":null,"fee":"no","charge":null,"access":"yes","wheelchair":null,"opening_hours":null,"operator":null,"description":null,"password":null}},{"type":"Feature","geometry":{"type":"Point","coordinates":[19.0486893,47.5632972]},"properties":{"id":"node/11073465377","source":"osm","name":null,"fee":null,"charge":null,"access":"customers","wheelchair":null,"opening_hours":null,"operator":null,"description":null,"password":null}},{"type":"Feature","geometry":{"type":"Point","coordinates":[19.0223812,47.4898218]},"properties":{"id":"node/11091091449","source":"osm","name":null,"fee":null,"charge":null,"access":null,"wheelchair":null,"opening_hours":null,"operator":null,"description":null,"password":null}},{"type":"Feature","geometry":{"type":"Point","coordinates":[19.0653858,47.5786192]},"properties":{"id":"node/11103232288","source":"osm","name":null,"fee":null,"charge":null,"access":null,"wheelchair":null,"opening_hours":null,"operator":null,"description":null,"password":null}},{"type":"Feature","geometry":{"type":"Point","coordinates":[19.0654582,47.5786119]},"properties":{"id":"node/11103232289","source":"osm","name":null,"fee":null,"charge":null,"access":null,"wheelchair":null,"opening_hours":null,"operator":null,"description":null,"password":null}},{"type":"Feature","geometry":{"type":"Point","coordinates":[19.0623374,47.5710202]},"properties":{"id":"node/11104023079","source":"osm","name":null,"fee":null,"charge":null,"access":null,"wheelchair":null,"opening_hours":null,"operator":null,"description":null,"password":null}},{"type":"Feature","geometry":{"type":"Point","coordinates":[19.0651704,47.5742519]},"properties":{"id":"node/11147122904","source":"osm","name":null,"fee":"no","charge":null,"access":"yes","wheelchair":null,"opening_hours":null,"operator":null,"description":null,"password":null}},{"type":"Feature","geometry":{"type":"Point","coordinates":[19.1549278,47.4001825]},"properties":{"id":"node/11172706832","source":"osm","name":null,"fee":"no","charge":null,"access":null,"wheelchair":null,"opening_hours":null,"operator":null,"description":null,"password":null}},{"type":"Feature","geometry":{"type":"Point","coordinates":[19.1548793,47.4001568]},"properties":{"id":"node/11172706833","source":"osm","name":null,"fee":"no","charge":null,"access":null,"wheelchair":null,"opening_hours":null,"operator":null,"description":null,"password":null}},{"type":"Feature","geometry":{"type":"Point","coordinates":[19.1783785,47.4325899]},"properties":{"id":"node/11207495886","source":"osm","name":null,"fee":"no","charge":null,"access":"customers","wheelchair":null,"opening_hours":null,"operator":"Sallai Center","description":null,"password":null}},{"type":"Feature","geometry":{"type":"Point","coordinates":[19.072816,47.4857886]},"properties":{"id":"node/11219330563","source":"osm","name":null,"fee":"yes","charge":null,"access":null,"wheelchair":null,"opening_hours":null,"operator":null,"description":null,"password":null}},{"type":"Feature","geometry":{"type":"Point","coordinates":[19.0284931,47.5443562]},"properties":{"id":"node/11237846304","source":"osm","name":null,"fee":"no","charge":null,"access":null,"wheelchair":null,"opening_hours":null,"operator":null,"description":null,"password":null}},{"type":"Feature","geometry":{"type":"Point","coordinates":[19.0771851,47.484914]},"properties":{"id":"node/11251893345","source":"osm","name":null,"fee":null,"charge":null,"access":"customers","wheelchair":null,"opening_hours":null,"operator":null,"description":null,"password":null}},{"type":"Feature","geometry":{"type":"Point","coordinates":[19.0759346,47.4448666]},"properties":{"id":"node/11262036228","source":"osm","name":null,"fee":null,"charge":null,"access":"customers","wheelchair":null,"opening_hours":null,"operator":null,"description":null,"password":null}},{"type":"Feature","geometry":{"type":"Point","coordinates":[19.0970957,47.4910379]},"properties":{"id":"node/11281221697","source":"osm","name":null,"fee":null,"charge":null,"access":null,"wheelchair":"no","opening_hours":null,"operator":null,"description":null,"password":null}},{"type":"Feature","geometry":{"type":"Point","coordinates":[19.0510466,47.4995935]},"properties":{"id":"node/11304782900","source":"osm","name":null,"fee":"no","charge":null,"access":"customers","wheelchair":"yes","opening_hours":"Mo-Su 08:00-18:00","operator":null,"description":null,"password":null}},{"type":"Feature","geometry":{"type":"Point","coordinates":[19.0768051,47.515908]},"properties":{"id":"node/11323235632","source":"osm","name":null,"fee":"no","charge":null,"access":"customers","wheelchair":"yes","opening_hours":null,"operator":null,"description":null,"password":null}},{"type":"Feature","geometry":{"type":"Point","coordinates":[19.027012,47.5093334]},"properties":{"id":"node/11356472849","source":"osm","name":null,"fee":null,"charge":null,"access":null,"wheelchair":null,"opening_hours":null,"operator":null,"description":null,"password":null}},{"type":"Feature","geometry":{"type":"Point","coordinates":[19.123671,47.4938656]},"properties":{"id":"node/11360428936","source":"osm","name":null,"fee":null,"charge":null,"access":null,"wheelchair":null,"opening_hours":null,"operator":null,"description":null,"password":null}},{"type":"Feature","geometry":{"type":"Point","coordinates":[19.0456316,47.5251232]},"properties":{"id":"node/11453488681","source":"osm","name":null,"fee":null,"charge":null,"access":"customers","wheelchair":null,"opening_hours":null,"operator":null,"description":null,"password":null}},{"type":"Feature","geometry":{"type":"Point","coordinates":[19.0465589,47.5293327]},"properties":{"id":"node/11453488685","source":"osm","name":null,"fee":null,"charge":null,"access":"customers","wheelchair":null,"opening_hours":null,"operator":null,"description":null,"password":null}},{"type":"Feature","geometry":{"type":"Point","coordinates":[19.0467472,47.5276215]},"properties":{"id":"node/11455418751","source":"osm","name":null,"fee":null,"charge":null,"access":"customers","wheelchair":null,"opening_hours":null,"operator":null,"description":null,"password":null}},{"type":"Feature","geometry":{"type":"Point","coordinates":[19.045646,47.5251559]},"properties":{"id":"node/11455470578","source":"osm","name":null,"fee":null,"charge":null,"access":"customers","wheelchair":null,"opening_hours":null,"operator":null,"description":null,"password":null}},{"type":"Feature","geometry":{"type":"Point","coordinates":[19.0161853,47.5329662]},"properties":{"id":"node/11486630232","source":"osm","name":null,"fee":null,"charge":null,"access":null,"wheelchair":null,"opening_hours":null,"operator":null,"description":null,"password":null}},{"type":"Feature","geometry":{"type":"Point","coordinates":[19.089132,47.5613863]},"properties":{"id":"node/11516335298","source":"osm","name":null,"fee":"yes","charge":null,"access":"yes","wheelchair":null,"opening_hours":"Mo-Su 07:00-19:00","operator":"Fővárosi Csatornázási Művek Zrt.","description":null,"password":null}},{"type":"Feature","geometry":{"type":"Point","coordinates":[19.0757584,47.4892398]},"properties":{"id":"node/11530795703","source":"osm","name":null,"fee":"yes","charge":null,"access":"yes","wheelchair":null,"opening_hours":"Mo-Su 07:00-23:00","operator":null,"description":"Díj 10 forint","password":null}},{"type":"Feature","geometry":{"type":"Point","coordinates":[19.0838195,47.487539]},"properties":{"id":"node/11530810139","source":"osm","name":null,"fee":"yes","charge":null,"access":"yes","wheelchair":null,"opening_hours":"Mo-Su 07:00-21:00","operator":null,"description":"Díj 10 forint","password":null}},{"type":"Feature","geometry":{"type":"Point","coordinates":[18.9973171,47.5572117]},"properties":{"id":"node/11660873982","source":"osm","name":null,"fee":"no","charge":null,"access":"yes","wheelchair":null,"opening_hours":null,"operator":null,"description":null,"password":null}},{"type":"Feature","geometry":{"type":"Point","coordinates":[19.0445564,47.4641248]},"properties":{"id":"node/11694431934","source":"osm","name":null,"fee":"yes","charge":null,"access":null,"wheelchair":"yes","opening_hours":null,"operator":null,"description":null,"password":null}},{"type":"Feature","geometry":{"type":"Point","coordinates":[19.0901111,47.4814402]},"properties":{"id":"node/11734278208","source":"osm","name":null,"fee":"no","charge":null,"access":"yes","wheelchair":"yes","opening_hours":null,"operator":null,"description":null,"password":null}},{"type":"Feature","geometry":{"type":"Point","coordinates":[19.0364818,47.5186085]},"properties":{"id":"node/11765998760","source":"osm","name":null,"fee":null,"charge":null,"access":null,"wheelchair":null,"opening_hours":null,"operator":null,"description":null,"password":null}},{"type":"Feature","geometry":{"type":"Point","coordinates":[19.0850701,47.473814]},"properties":{"id":"node/11788083766","source":"osm","name":null,"fee":null,"charge":null,"access":"permissive","wheelchair":null,"opening_hours":null,"operator":null,"description":null,"password":null}},{"type":"Feature","geometry":{"type":"Point","coordinates":[19.0850622,47.473824]},"properties":{"id":"node/11788083767","source":"osm","name":null,"fee":null,"charge":null,"access":"permissive","wheelchair":null,"opening_hours":null,"operator":null,"description":null,"password":null}},{"type":"Feature","geometry":{"type":"Point","coordinates":[19.0500845,47.4985935]},"properties":{"id":"node/11813826207","source":"osm","name":null,"fee":"yes","charge":null,"access":null,"wheelchair":"yes","opening_hours":"24/7","operator":"JN Parkoló Kft.","description":null,"password":null}},{"type":"Feature","geometry":{"type":"Point","coordinates":[19.0374411,47.4518892]},"properties":{"id":"node/11816169779","source":"osm","name":null,"fee":"yes","charge":"200 HUF","access":"yes","wheelchair":"yes","opening_hours":null,"operator":"ETICON Kft.","description":null,"password":null}},{"type":"Feature","geometry":{"type":"Point","coordinates":[19.0721847,47.6040277]},"properties":{"id":"node/11832603710","source":"osm","name":null,"fee":"yes","charge":null,"access":"yes","wheelchair":"yes","opening_hours":"24/7","operator":"Fővárosi Csatornázási Művek","description":null,"password":null}},{"type":"Feature","geometry":{"type":"Point","coordinates":[19.0997045,47.5119013]},"properties":{"id":"node/11841044625","source":"osm","name":null,"fee":"yes","charge":"1 EUR, 250 HUF","access":"yes","wheelchair":"yes","opening_hours":"24/7","operator":"Fővárosi Csatornázási Művek Zrt.","description":null,"password":null}},{"type":"Feature","geometry":{"type":"Point","coordinates":[19.1498289,47.5011226]},"properties":{"id":"node/11879527417","source":"osm","name":null,"fee":null,"charge":null,"access":null,"wheelchair":null,"opening_hours":null,"operator":null,"description":null,"password":null}},{"type":"Feature","geometry":{"type":"Point","coordinates":[19.1688678,47.4636293]},"properties":{"id":"node/11896603469","source":"osm","name":null,"fee":"yes","charge":"100 HUF","access":"yes","wheelchair":"yes","opening_hours":null,"operator":null,"description":null,"password":null}},{"type":"Feature","geometry":{"type":"Point","coordinates":[19.0616402,47.5186168]},"properties":{"id":"node/11909228318","source":"osm","name":null,"fee":"yes","charge":null,"access":"yes","wheelchair":"no","opening_hours":null,"operator":null,"description":null,"password":null}},{"type":"Feature","geometry":{"type":"Point","coordinates":[19.0403866,47.4158581]},"properties":{"id":"node/11934714529","source":"osm","name":null,"fee":null,"charge":null,"access":null,"wheelchair":null,"opening_hours":null,"operator":null,"description":null,"password":null}},{"type":"Feature","geometry":{"type":"Point","coordinates":[19.0400308,47.4158965]},"properties":{"id":"node/11934714530","source":"osm","name":null,"fee":null,"charge":null,"access":null,"wheelchair":null,"opening_hours":null,"operator":null,"description":null,"password":null}},{"type":"Feature","geometry":{"type":"Point","coordinates":[19.056422,47.4959016]},"properties":{"id":"node/11956073616","source":"osm","name":null,"fee":null,"charge":null,"access":null,"wheelchair":null,"opening_hours":null,"operator":null,"description":null,"password":null}},{"type":"Feature","geometry":{"type":"Point","coordinates":[19.1064983,47.5008904]},"properties":{"id":"node/11958632142","source":"osm","name":null,"fee":"no","charge":null,"access":"customers","wheelchair":"no","opening_hours":null,"operator":null,"description":null,"password":null}},{"type":"Feature","geometry":{"type":"Point","coordinates":[19.0693199,47.5231435]},"properties":{"id":"node/12036534339","source":"osm","name":null,"fee":null,"charge":null,"access":"customers","wheelchair":null,"opening_hours":null,"operator":null,"description":null,"password":null}},{"type":"Feature","geometry":{"type":"Point","coordinates":[19.0713882,47.5620021]},"properties":{"id":"node/12120712945","source":"osm","name":null,"fee":"yes","charge":null,"access":null,"wheelchair":"no","opening_hours":null,"operator":null,"description":null,"password":null}},{"type":"Feature","geometry":{"type":"Point","coordinates":[19.0704075,47.5607979]},"properties":{"id":"node/12120766364","source":"osm","name":null,"fee":"yes","charge":null,"access":null,"wheelchair":"no","opening_hours":null,"operator":null,"description":null,"password":null}},{"type":"Feature","geometry":{"type":"Point","coordinates":[19.0716295,47.5620263]},"properties":{"id":"node/12120783744","source":"osm","name":null,"fee":null,"charge":null,"access":null,"wheelchair":"no","opening_hours":null,"operator":null,"description":null,"password":null}},{"type":"Feature","geometry":{"type":"Point","coordinates":[19.072114,47.5626153]},"properties":{"id":"node/12120787316","source":"osm","name":null,"fee":null,"charge":null,"access":"customers","wheelchair":"no","opening_hours":null,"operator":null,"description":null,"password":null}},{"type":"Feature","geometry":{"type":"Point","coordinates":[19.0665922,47.5525352]},"properties":{"id":"node/12155407571","source":"osm","name":null,"fee":null,"charge":null,"access":null,"wheelchair":null,"opening_hours":null,"operator":null,"description":null,"password":null}},{"type":"Feature","geometry":{"type":"Point","coordinates":[18.9593191,47.5182306]},"properties":{"id":"node/12240915341","source":"osm","name":null,"fee":"no","charge":null,"access":null,"wheelchair":"no","opening_hours":null,"operator":null,"description":null,"password":null}},{"type":"Feature","geometry":{"type":"Point","coordinates":[19.1871179,47.4738074]},"properties":{"id":"node/12252447074","source":"osm","name":null,"fee":null,"charge":null,"access":null,"wheelchair":null,"opening_hours":null,"operator":null,"description":null,"password":null}},{"type":"Feature","geometry":{"type":"Point","coordinates":[19.0493074,47.5594163]},"properties":{"id":"node/12388674759","source":"osm","name":null,"fee":"no","charge":null,"access":null,"wheelchair":"yes","opening_hours":null,"operator":null,"description":null,"password":null}},{"type":"Feature","geometry":{"type":"Point","coordinates":[19.0831998,47.4937483]},"properties":{"id":"node/12401012940","source":"osm","name":null,"fee":"yes","charge":null,"access":"yes","wheelchair":"yes","opening_hours":null,"operator":null,"description":null,"password":null}},{"type":"Feature","geometry":{"type":"Point","coordinates":[19.0527979,47.5218122]},"properties":{"id":"node/12423087434","source":"osm","name":null,"fee":null,"charge":null,"access":null,"wheelchair":null,"opening_hours":null,"operator":null,"description":null,"password":null}},{"type":"Feature","geometry":{"type":"Point","coordinates":[19.0365966,47.5176182]},"properties":{"id":"node/12432844366","source":"osm","name":null,"fee":null,"charge":null,"access":"customers","wheelchair":null,"opening_hours":null,"operator":null,"description":null,"password":null}},{"type":"Feature","geometry":{"type":"Point","coordinates":[19.0366464,47.5183715]},"properties":{"id":"node/12432844367","source":"osm","name":null,"fee":null,"charge":null,"access":"customers","wheelchair":null,"opening_hours":null,"operator":null,"description":null,"password":null}},{"type":"Feature","geometry":{"type":"Point","coordinates":[19.0612802,47.5392817]},"properties":{"id":"node/12471821645","source":"osm","name":null,"fee":null,"charge":null,"access":"customers","wheelchair":null,"opening_hours":null,"operator":null,"description":null,"password":null}},{"type":"Feature","geometry":{"type":"Point","coordinates":[19.1692261,47.4363927]},"properties":{"id":"node/12517988498","source":"osm","name":null,"fee":null,"charge":null,"access":null,"wheelchair":null,"opening_hours":null,"operator":null,"description":null,"password":null}},{"type":"Feature","geometry":{"type":"Point","coordinates":[19.0713976,47.4623502]},"properties":{"id":"node/12551153969","source":"osm","name":null,"fee":"no","charge":null,"access":"yes","wheelchair":"yes","opening_hours":null,"operator":null,"description":null,"password":null}},{"type":"Feature","geometry":{"type":"Point","coordinates":[19.2603099,47.4324777]},"properties":{"id":"node/12568293996","source":"osm","name":null,"fee":"no","charge":null,"access":null,"wheelchair":"limited","opening_hours":null,"operator":null,"description":null,"password":null}},{"type":"Feature","geometry":{"type":"Point","coordinates":[19.0748088,47.5406419]},"properties":{"id":"node/12571175138","source":"osm","name":null,"fee":"no","charge":null,"access":"yes","wheelchair":"designated","opening_hours":null,"operator":null,"description":null,"password":null}},{"type":"Feature","geometry":{"type":"Point","coordinates":[19.0704496,47.4622856]},"properties":{"id":"node/12571206499","source":"osm","name":null,"fee":null,"charge":null,"access":null,"wheelchair":null,"opening_hours":null,"operator":null,"description":null,"password":null}},{"type":"Feature","geometry":{"type":"Point","coordinates":[19.0482181,47.4664062]},"properties":{"id":"node/12576999858","source":"osm","name":null,"fee":null,"charge":null,"access":"customers","wheelchair":"yes","opening_hours":null,"operator":null,"description":null,"password":null}},{"type":"Feature","geometry":{"type":"Point","coordinates":[19.0388257,47.5434486]},"properties":{"id":"node/12634133190","source":"osm","name":null,"fee":"yes","charge":null,"access":"yes","wheelchair":null,"opening_hours":null,"operator":null,"description":null,"password":null}},{"type":"Feature","geometry":{"type":"Point","coordinates":[19.0934484,47.5077675]},"properties":{"id":"node/12695464643","source":"osm","name":null,"fee":"no","charge":null,"access":"customers","wheelchair":"no","opening_hours":null,"operator":null,"description":null,"password":null}},{"type":"Feature","geometry":{"type":"Point","coordinates":[19.0936059,47.5078771]},"properties":{"id":"node/12695464644","source":"osm","name":null,"fee":"no","charge":null,"access":"customers","wheelchair":"no","opening_hours":null,"operator":null,"description":null,"password":null}},{"type":"Feature","geometry":{"type":"Point","coordinates":[19.1106281,47.5783237]},"properties":{"id":"node/12708043145","source":"osm","name":null,"fee":"yes","charge":"100 HUF","access":"yes","wheelchair":"yes","opening_hours":"24/7","operator":"Újpesti Városgondnokság Kft.","description":"Automatic, self-cleaning public restroom.","password":null}},{"type":"Feature","geometry":{"type":"Point","coordinates":[19.1011923,47.5033167]},"properties":{"id":"node/12752490959","source":"osm","name":null,"fee":null,"charge":null,"access":null,"wheelchair":null,"opening_hours":null,"operator":null,"description":null,"password":null}},{"type":"Feature","geometry":{"type":"Point","coordinates":[19.0591744,47.4884949]},"properties":{"id":"node/12778940599","source":"osm","name":null,"fee":null,"charge":null,"access":null,"wheelchair":null,"opening_hours":null,"operator":null,"description":null,"password":null}},{"type":"Feature","geometry":{"type":"Point","coordinates":[19.0468914,47.5202303]},"properties":{"id":"node/12787885641","source":"osm","name":null,"fee":null,"charge":null,"access":"permissive","wheelchair":null,"opening_hours":null,"operator":null,"description":null,"password":null}},{"type":"Feature","geometry":{"type":"Point","coordinates":[18.9940577,47.5214386]},"properties":{"id":"node/12794693062","source":"osm","name":null,"fee":null,"charge":null,"access":"customers","wheelchair":null,"opening_hours":null,"operator":null,"description":null,"password":null}},{"type":"Feature","geometry":{"type":"Point","coordinates":[19.1239563,47.4818686]},"properties":{"id":"node/12824026649","source":"osm","name":null,"fee":"no","charge":null,"access":null,"wheelchair":"no","opening_hours":null,"operator":null,"description":null,"password":null}},{"type":"Feature","geometry":{"type":"Point","coordinates":[19.0746828,47.5619927]},"properties":{"id":"node/12830070096","source":"osm","name":null,"fee":null,"charge":null,"access":null,"wheelchair":null,"opening_hours":null,"operator":null,"description":null,"password":null}},{"type":"Feature","geometry":{"type":"Point","coordinates":[19.0703164,47.4794181]},"properties":{"id":"node/12856887116","source":"osm","name":null,"fee":"no","charge":null,"access":"yes","wheelchair":"yes","opening_hours":null,"operator":null,"description":null,"password":null}},{"type":"Feature","geometry":{"type":"Point","coordinates":[19.0608809,47.499401]},"properties":{"id":"node/12858340536","source":"osm","name":null,"fee":"no","charge":null,"access":null,"wheelchair":null,"opening_hours":null,"operator":null,"description":null,"password":null}},{"type":"Feature","geometry":{"type":"Point","coordinates":[19.1155673,47.4646655]},"properties":{"id":"node/12873449009","source":"osm","name":null,"fee":"no","charge":null,"access":null,"wheelchair":"no","opening_hours":null,"operator":null,"description":null,"password":null}},{"type":"Feature","geometry":{"type":"Point","coordinates":[19.2617139,47.4748252]},"properties":{"id":"node/12875041167","source":"osm","name":null,"fee":"no","charge":null,"access":null,"wheelchair":"no","opening_hours":null,"operator":null,"description":null,"password":null}},{"type":"Feature","geometry":{"type":"Point","coordinates":[19.2454827,47.4723284]},"properties":{"id":"node/12877078732","source":"osm","name":null,"fee":"no","charge":null,"access":null,"wheelchair":"no","opening_hours":null,"operator":null,"description":null,"password":null}},{"type":"Feature","geometry":{"type":"Point","coordinates":[19.2334557,47.468442]},"properties":{"id":"node/12882178540","source":"osm","name":null,"fee":"no","charge":null,"access":null,"wheelchair":"no","opening_hours":null,"operator":null,"description":null,"password":null}},{"type":"Feature","geometry":{"type":"Point","coordinates":[19.0386156,47.4262909]},"properties":{"id":"node/12886935098","source":"osm","name":null,"fee":"yes","charge":null,"access":null,"wheelchair":null,"opening_hours":"Mo 06:00-18:30; We 06:00-19:30; Tu, Th, Fr 06:00-18:00; Sa 06:00-14:00","operator":null,"description":null,"password":null}},{"type":"Feature","geometry":{"type":"Point","coordinates":[19.0513198,47.4835002]},"properties":{"id":"node/12902187383","source":"osm","name":null,"fee":null,"charge":null,"access":"customers","wheelchair":null,"opening_hours":null,"operator":null,"description":null,"password":null}},{"type":"Feature","geometry":{"type":"Point","coordinates":[19.0512534,47.4838421]},"properties":{"id":"node/12902192713","source":"osm","name":null,"fee":null,"charge":null,"access":"customers","wheelchair":null,"opening_hours":null,"operator":null,"description":null,"password":null}},{"type":"Feature","geometry":{"type":"Point","coordinates":[19.097137,47.562915]},"properties":{"id":"node/12943458581","source":"osm","name":null,"fee":"yes","charge":"100 HUF","access":"yes","wheelchair":"yes","opening_hours":"24/7","operator":"Újpesti Városgondnokság Kft.","description":"Automatic, self-cleaning public restroom.","password":null}},{"type":"Feature","geometry":{"type":"Point","coordinates":[19.2450227,47.48064]},"properties":{"id":"node/12944658437","source":"osm","name":null,"fee":"no","charge":null,"access":null,"wheelchair":"no","opening_hours":null,"operator":null,"description":null,"password":null}},{"type":"Feature","geometry":{"type":"Point","coordinates":[19.2486504,47.4804823]},"properties":{"id":"node/12946644861","source":"osm","name":null,"fee":"no","charge":null,"access":null,"wheelchair":"no","opening_hours":null,"operator":null,"description":null,"password":null}},{"type":"Feature","geometry":{"type":"Point","coordinates":[19.2624503,47.4945079]},"properties":{"id":"node/12951644147","source":"osm","name":null,"fee":null,"charge":null,"access":null,"wheelchair":null,"opening_hours":null,"operator":null,"description":null,"password":null}},{"type":"Feature","geometry":{"type":"Point","coordinates":[19.0037452,47.5149091]},"properties":{"id":"node/12973739408","source":"osm","name":null,"fee":"yes","charge":"250 HUF","access":"yes","wheelchair":null,"opening_hours":"24/7","operator":"Fővárosi Csatornázási Művek","description":null,"password":null}},{"type":"Feature","geometry":{"type":"Point","coordinates":[19.2412327,47.4667416]},"properties":{"id":"node/12978479501","source":"osm","name":null,"fee":"no","charge":null,"access":null,"wheelchair":"no","opening_hours":null,"operator":null,"description":null,"password":null}},{"type":"Feature","geometry":{"type":"Point","coordinates":[19.2367668,47.4619201]},"properties":{"id":"node/12978479506","source":"osm","name":null,"fee":"no","charge":null,"access":null,"wheelchair":"no","opening_hours":null,"operator":null,"description":null,"password":null}},{"type":"Feature","geometry":{"type":"Point","coordinates":[19.1764007,47.4464902]},"properties":{"id":"node/12978727299","source":"osm","name":null,"fee":null,"charge":null,"access":null,"wheelchair":null,"opening_hours":null,"operator":null,"description":null,"password":null}},{"type":"Feature","geometry":{"type":"Point","coordinates":[19.1376533,47.5379845]},"properties":{"id":"node/13001708181","source":"osm","name":null,"fee":null,"charge":"200 HUF","access":"yes","wheelchair":"yes","opening_hours":null,"operator":"Palota-15 Nonprofit kft.","description":null,"password":null}},{"type":"Feature","geometry":{"type":"Point","coordinates":[19.0788516,47.5037182]},"properties":{"id":"node/13018866233","source":"osm","name":null,"fee":"yes","charge":"1 EUR, 250 HUF","access":"yes","wheelchair":null,"opening_hours":null,"operator":null,"description":null,"password":null}},{"type":"Feature","geometry":{"type":"Point","coordinates":[18.9835408,47.4474976]},"properties":{"id":"node/13023016211","source":"osm","name":null,"fee":null,"charge":null,"access":"customers","wheelchair":null,"opening_hours":null,"operator":null,"description":null,"password":null}},{"type":"Feature","geometry":{"type":"Point","coordinates":[19.1153343,47.5207373]},"properties":{"id":"node/13042530489","source":"osm","name":null,"fee":"yes","charge":"230 HUF","access":"yes","wheelchair":null,"opening_hours":null,"operator":null,"description":null,"password":null}},{"type":"Feature","geometry":{"type":"Point","coordinates":[19.0373952,47.5059769]},"properties":{"id":"node/13086916808","source":"osm","name":null,"fee":null,"charge":null,"access":null,"wheelchair":"yes","opening_hours":null,"operator":null,"description":null,"password":null}},{"type":"Feature","geometry":{"type":"Point","coordinates":[19.0351224,47.5066487]},"properties":{"id":"node/13087195766","source":"osm","name":null,"fee":null,"charge":null,"access":null,"wheelchair":null,"opening_hours":null,"operator":null,"description":null,"password":null}},{"type":"Feature","geometry":{"type":"Point","coordinates":[19.2601948,47.4317674]},"properties":{"id":"node/13111703580","source":"osm","name":null,"fee":"no","charge":null,"access":null,"wheelchair":null,"opening_hours":null,"operator":null,"description":null,"password":null}},{"type":"Feature","geometry":{"type":"Point","coordinates":[19.0574722,47.5187764]},"properties":{"id":"node/13119078689","source":"osm","name":null,"fee":null,"charge":null,"access":"yes","wheelchair":null,"opening_hours":null,"operator":null,"description":null,"password":null}},{"type":"Feature","geometry":{"type":"Point","coordinates":[18.9986329,47.5167808]},"properties":{"id":"node/13123182698","source":"osm","name":null,"fee":"yes","charge":null,"access":null,"wheelchair":"no","opening_hours":"Mo-Su,PH 06:00-22:00","operator":null,"description":null,"password":null}},{"type":"Feature","geometry":{"type":"Point","coordinates":[19.2594623,47.4322972]},"properties":{"id":"node/13130592168","source":"osm","name":null,"fee":"no","charge":null,"access":null,"wheelchair":null,"opening_hours":null,"operator":null,"description":null,"password":null}},{"type":"Feature","geometry":{"type":"Point","coordinates":[19.0565648,47.4599214]},"properties":{"id":"node/13179796520","source":"osm","name":null,"fee":null,"charge":null,"access":null,"wheelchair":null,"opening_hours":null,"operator":null,"description":null,"password":null}},{"type":"Feature","geometry":{"type":"Point","coordinates":[19.0233843,47.491081]},"properties":{"id":"node/13199902786","source":"osm","name":null,"fee":"no","charge":null,"access":"yes","wheelchair":"yes","opening_hours":null,"operator":null,"description":null,"password":null}},{"type":"Feature","geometry":{"type":"Point","coordinates":[19.1159526,47.5217815]},"properties":{"id":"node/13238677761","source":"osm","name":null,"fee":"yes","charge":"200 HUF","access":null,"wheelchair":null,"opening_hours":null,"operator":null,"description":null,"password":null}},{"type":"Feature","geometry":{"type":"Point","coordinates":[19.0374576,47.5090254]},"properties":{"id":"node/13251777550","source":"osm","name":null,"fee":"yes","charge":null,"access":"yes","wheelchair":"yes","opening_hours":null,"operator":"Fővárosi Csatornázási Művek Zrt.","description":null,"password":null}},{"type":"Feature","geometry":{"type":"Point","coordinates":[19.1951889,47.4420466]},"properties":{"id":"node/13273090866","source":"osm","name":null,"fee":null,"charge":null,"access":null,"wheelchair":null,"opening_hours":null,"operator":null,"description":null,"password":null}},{"type":"Feature","geometry":{"type":"Point","coordinates":[19.1929464,47.4437393]},"properties":{"id":"node/13273090867","source":"osm","name":null,"fee":null,"charge":null,"access":null,"wheelchair":null,"opening_hours":null,"operator":null,"description":null,"password":null}},{"type":"Feature","geometry":{"type":"Point","coordinates":[19.084059,47.5462299]},"properties":{"id":"node/13306280587","source":"osm","name":null,"fee":"no","charge":null,"access":"permissive","wheelchair":"yes","opening_hours":null,"operator":null,"description":null,"password":null}},{"type":"Feature","geometry":{"type":"Point","coordinates":[19.0323453,47.4932739]},"properties":{"id":"node/13326963642","source":"osm","name":null,"fee":"no","charge":null,"access":null,"wheelchair":"yes","opening_hours":null,"operator":null,"description":null,"password":null}},{"type":"Feature","geometry":{"type":"Point","coordinates":[19.1407065,47.5031686]},"properties":{"id":"node/13344090507","source":"osm","name":null,"fee":"yes","charge":null,"access":"yes","wheelchair":"yes","opening_hours":null,"operator":"Complex Higi Kft.","description":null,"password":null}},{"type":"Feature","geometry":{"type":"Point","coordinates":[19.0686784,47.5227631]},"properties":{"id":"node/13391594701","source":"osm","name":null,"fee":null,"charge":null,"access":"customers","wheelchair":null,"opening_hours":null,"operator":null,"description":null,"password":null}},{"type":"Feature","geometry":{"type":"Point","coordinates":[19.0715569,47.4633905]},"properties":{"id":"node/13426698698","source":"osm","name":null,"fee":"no","charge":null,"access":null,"wheelchair":"no","opening_hours":null,"operator":null,"description":null,"password":null}},{"type":"Feature","geometry":{"type":"Point","coordinates":[19.0714147,47.4623652]},"properties":{"id":"node/13426773043","source":"osm","name":null,"fee":null,"charge":null,"access":null,"wheelchair":null,"opening_hours":null,"operator":null,"description":null,"password":null}},{"type":"Feature","geometry":{"type":"Point","coordinates":[19.0713063,47.4694689]},"properties":{"id":"node/13483437599","source":"osm","name":null,"fee":"no","charge":null,"access":"yes","wheelchair":"yes","opening_hours":null,"operator":null,"description":null,"password":null}},{"type":"Feature","geometry":{"type":"Point","coordinates":[19.145573,47.469317]},"properties":{"id":"node/13495009023","source":"osm","name":null,"fee":"no","charge":null,"access":null,"wheelchair":null,"opening_hours":null,"operator":null,"description":null,"password":null}},{"type":"Feature","geometry":{"type":"Point","coordinates":[19.0986281,47.4747711]},"properties":{"id":"node/13514357807","source":"osm","name":null,"fee":"yes","charge":null,"access":"yes","wheelchair":"yes","opening_hours":"05:00-22:45","operator":null,"description":null,"password":null}},{"type":"Feature","geometry":{"type":"Point","coordinates":[19.0784448,47.5581676]},"properties":{"id":"node/13566617531","source":"osm","name":null,"fee":"yes","charge":"200 HUF","access":"yes","wheelchair":"no","opening_hours":null,"operator":null,"description":null,"password":null}},{"type":"Feature","geometry":{"type":"Point","coordinates":[19.1286977,47.4931465]},"properties":{"id":"node/13597628468","source":"osm","name":null,"fee":null,"charge":null,"access":null,"wheelchair":null,"opening_hours":null,"operator":null,"description":null,"password":null}},{"type":"Feature","geometry":{"type":"Point","coordinates":[19.1288347,47.4931449]},"properties":{"id":"node/13597628469","source":"osm","name":null,"fee":null,"charge":null,"access":null,"wheelchair":null,"opening_hours":null,"operator":null,"description":null,"password":null}},{"type":"Feature","geometry":{"type":"Point","coordinates":[19.2308603,47.4732]},"properties":{"id":"node/13641010434","source":"osm","name":null,"fee":"no","charge":null,"access":null,"wheelchair":"no","opening_hours":null,"operator":null,"description":null,"password":null}},{"type":"Feature","geometry":{"type":"Point","coordinates":[19.2205462,47.4811472]},"properties":{"id":"node/13653354268","source":"osm","name":null,"fee":"no","charge":null,"access":null,"wheelchair":"no","opening_hours":null,"operator":null,"description":null,"password":null}},{"type":"Feature","geometry":{"type":"Point","coordinates":[19.0901352,47.560589]},"properties":{"id":"node/13667819375","source":"osm","name":null,"fee":"yes","charge":"400 HUF","access":"yes","wheelchair":null,"opening_hours":null,"operator":null,"description":null,"password":null}},{"type":"Feature","geometry":{"type":"Point","coordinates":[19.1057394,47.5811968]},"properties":{"id":"node/13684902610","source":"osm","name":null,"fee":null,"charge":null,"access":null,"wheelchair":null,"opening_hours":null,"operator":null,"description":null,"password":null}},{"type":"Feature","geometry":{"type":"Point","coordinates":[19.2835613,47.4748389]},"properties":{"id":"node/13706435076","source":"osm","name":null,"fee":null,"charge":null,"access":null,"wheelchair":null,"opening_hours":null,"operator":null,"description":null,"password":null}},{"type":"Feature","geometry":{"type":"Point","coordinates":[19.0406829,47.4618854]},"properties":{"id":"node/13713263101","source":"osm","name":null,"fee":null,"charge":null,"access":null,"wheelchair":null,"opening_hours":null,"operator":null,"description":null,"password":null}},{"type":"Feature","geometry":{"type":"Point","coordinates":[19.0619743,47.4904065]},"properties":{"id":"node/13729717465","source":"osm","name":null,"fee":"yes","charge":"250 HUF","access":"yes","wheelchair":"no","opening_hours":"08:00-21:00","operator":null,"description":null,"password":null}},{"type":"Feature","geometry":{"type":"Point","coordinates":[19.0373531,47.5182393]},"properties":{"id":"node/13762395080","source":"osm","name":null,"fee":"no","charge":null,"access":null,"wheelchair":"yes","opening_hours":null,"operator":null,"description":null,"password":null}},{"type":"Feature","geometry":{"type":"Point","coordinates":[19.1014134,47.4120897]},"properties":{"id":"node/13773900073","source":"osm","name":null,"fee":"no","charge":null,"access":"yes","wheelchair":null,"opening_hours":null,"operator":null,"description":null,"password":null}},{"type":"Feature","geometry":{"type":"Point","coordinates":[19.0591882,47.5130283]},"properties":{"id":"node/13817136201","source":"osm","name":null,"fee":"yes","charge":"200 HUF","access":null,"wheelchair":null,"opening_hours":null,"operator":null,"description":null,"password":null}},{"type":"Feature","geometry":{"type":"Point","coordinates":[19.0520627,47.4935006]},"properties":{"id":"node/13821279008","source":"osm","name":null,"fee":null,"charge":null,"access":null,"wheelchair":null,"opening_hours":null,"operator":null,"description":null,"password":null}},{"type":"Feature","geometry":{"type":"Point","coordinates":[19.2471556,47.4830641]},"properties":{"id":"node/13850662282","source":"osm","name":null,"fee":"no","charge":null,"access":null,"wheelchair":"no","opening_hours":null,"operator":null,"description":null,"password":null}},{"type":"Feature","geometry":{"type":"Point","coordinates":[19.2370944,47.4809911]},"properties":{"id":"node/13871958576","source":"osm","name":null,"fee":"no","charge":null,"access":null,"wheelchair":"no","opening_hours":null,"operator":null,"description":null,"password":null}},{"type":"Feature","geometry":{"type":"Point","coordinates":[19.2127974,47.4728999]},"properties":{"id":"node/13912437370","source":"osm","name":null,"fee":"no","charge":null,"access":"yes","wheelchair":null,"opening_hours":"24/7","operator":null,"description":null,"password":null}},{"type":"Feature","geometry":{"type":"Point","coordinates":[19.0672392,47.511063]},"properties":{"id":"node/13925945302","source":"osm","name":null,"fee":null,"charge":null,"access":"permissive","wheelchair":null,"opening_hours":null,"operator":null,"description":null,"password":null}},{"type":"Feature","geometry":{"type":"Point","coordinates":[19.2518989,47.4817057]},"properties":{"id":"node/13928669014","source":"osm","name":null,"fee":"no","charge":null,"access":null,"wheelchair":"no","opening_hours":null,"operator":null,"description":null,"password":null}},{"type":"Feature","geometry":{"type":"Point","coordinates":[19.0279141,47.4630003]},"properties":{"id":"node/13934893150","source":"osm","name":null,"fee":null,"charge":null,"access":"private","wheelchair":"yes","opening_hours":null,"operator":null,"description":null,"password":null}},{"type":"Feature","geometry":{"type":"Point","coordinates":[19.109202,47.3995707]},"properties":{"id":"node/13954397313","source":"osm","name":null,"fee":"no","charge":null,"access":"customers","wheelchair":null,"opening_hours":null,"operator":null,"description":null,"password":null}},{"type":"Feature","geometry":{"type":"Point","coordinates":[19.2194185,47.4707113]},"properties":{"id":"node/13960966277","source":"osm","name":null,"fee":"no","charge":null,"access":null,"wheelchair":"no","opening_hours":null,"operator":null,"description":null,"password":null}},{"type":"Feature","geometry":{"type":"Point","coordinates":[19.0742182,47.4905968]},"properties":{"id":"node/13977160041","source":"osm","name":null,"fee":null,"charge":null,"access":"customers","wheelchair":"no","opening_hours":null,"operator":null,"description":null,"password":null}},{"type":"Feature","geometry":{"type":"Point","coordinates":[19.0776884,47.4952934]},"properties":{"id":"node/13981348312","source":"osm","name":null,"fee":"yes","charge":null,"access":null,"wheelchair":"yes","opening_hours":null,"operator":null,"description":null,"password":null}},{"type":"Feature","geometry":{"type":"Point","coordinates":[19.245519,47.4696764]},"properties":{"id":"node/13981356027","source":"osm","name":null,"fee":"no","charge":null,"access":"yes","wheelchair":"no","opening_hours":"24/7","operator":null,"description":null,"password":null}},{"type":"Feature","geometry":{"type":"Point","coordinates":[19.0496182,47.4479157]},"properties":{"id":"node/13982375976","source":"osm","name":null,"fee":null,"charge":null,"access":null,"wheelchair":null,"opening_hours":"Jul 1-Aug 20","operator":"Budapest Gyógyfürdői és Hévizei Zrt.;Budapest XI. Kerület Újbuda Önkormányzat;VALYO Egyesület","description":null,"password":null}},{"type":"Feature","geometry":{"type":"Point","coordinates":[19.2702803,47.4791601]},"properties":{"id":"node/13982924712","source":"osm","name":null,"fee":"no","charge":null,"access":"yes","wheelchair":"no","opening_hours":"24/7","operator":null,"description":null,"password":null}},{"type":"Feature","geometry":{"type":"Point","coordinates":[19.1941123,47.5288917]},"properties":{"id":"node/14010838330","source":"osm","name":null,"fee":null,"charge":null,"access":null,"wheelchair":"no","opening_hours":null,"operator":null,"description":null,"password":null}},{"type":"Feature","geometry":{"type":"Point","coordinates":[19.0536891,47.4975448]},"properties":{"id":"node/14053924601","source":"osm","name":null,"fee":null,"charge":null,"access":null,"wheelchair":null,"opening_hours":null,"operator":null,"description":null,"password":null}},{"type":"Feature","geometry":{"type":"Point","coordinates":[19.0487928,47.5627216]},"properties":{"id":"node/14064033649","source":"osm","name":null,"fee":"no","charge":null,"access":"customers","wheelchair":null,"opening_hours":null,"operator":null,"description":null,"password":null}},{"type":"Feature","geometry":{"type":"Point","coordinates":[19.0637306,47.4655749]},"properties":{"id":"way/231326285","source":"osm","name":null,"fee":"no","charge":null,"access":"yes","wheelchair":"yes","opening_hours":null,"operator":null,"description":null,"password":null}},{"type":"Feature","geometry":{"type":"Point","coordinates":[19.0186863,47.5069052]},"properties":{"id":"way/250716923","source":"osm","name":null,"fee":"yes","charge":null,"access":"no","wheelchair":"yes","opening_hours":"07:00-19:00","operator":"FCSM Zrt.","description":null,"password":null}},{"type":"Feature","geometry":{"type":"Point","coordinates":[19.0406864,47.4132575]},"properties":{"id":"way/287938685","source":"osm","name":null,"fee":null,"charge":null,"access":null,"wheelchair":null,"opening_hours":null,"operator":null,"description":null,"password":null}},{"type":"Feature","geometry":{"type":"Point","coordinates":[18.9596318,47.4968171]},"properties":{"id":"way/304418464","source":"osm","name":null,"fee":null,"charge":null,"access":null,"wheelchair":null,"opening_hours":null,"operator":null,"description":null,"password":null}},{"type":"Feature","geometry":{"type":"Point","coordinates":[18.9789322,47.4945565]},"properties":{"id":"way/317775551","source":"osm","name":null,"fee":null,"charge":null,"access":null,"wheelchair":null,"opening_hours":null,"operator":null,"description":null,"password":null}},{"type":"Feature","geometry":{"type":"Point","coordinates":[18.9668984,47.5025924]},"properties":{"id":"way/318786504","source":"osm","name":null,"fee":"no","charge":null,"access":"yes","wheelchair":"yes","opening_hours":null,"operator":null,"description":null,"password":null}},{"type":"Feature","geometry":{"type":"Point","coordinates":[19.0869507,47.4888147]},"properties":{"id":"way/324752427","source":"osm","name":null,"fee":"no","charge":null,"access":null,"wheelchair":"yes","opening_hours":"07:00-20:00","operator":null,"description":null,"password":null}},{"type":"Feature","geometry":{"type":"Point","coordinates":[19.0610793,47.4622978]},"properties":{"id":"way/361527638","source":"osm","name":null,"fee":"no","charge":null,"access":"yes","wheelchair":null,"opening_hours":null,"operator":null,"description":null,"password":null}},{"type":"Feature","geometry":{"type":"Point","coordinates":[19.0804241,47.5181972]},"properties":{"id":"way/364803265","source":"osm","name":null,"fee":"yes","charge":null,"access":"yes","wheelchair":"limited","opening_hours":"07:00-19:00","operator":null,"description":null,"password":null}},{"type":"Feature","geometry":{"type":"Point","coordinates":[18.9856639,47.5170344]},"properties":{"id":"way/367264062","source":"osm","name":null,"fee":"no","charge":null,"access":"yes","wheelchair":"yes","opening_hours":null,"operator":"XII. kerületi Önkormányzat","description":null,"password":null}},{"type":"Feature","geometry":{"type":"Point","coordinates":[19.0712335,47.501635]},"properties":{"id":"way/374679511","source":"osm","name":null,"fee":"no","charge":null,"access":"yes","wheelchair":null,"opening_hours":"Mo-Su 08:00-18:00","operator":null,"description":null,"password":null}},{"type":"Feature","geometry":{"type":"Point","coordinates":[19.0753695,47.5015318]},"properties":{"id":"way/374844687","source":"osm","name":null,"fee":"yes","charge":null,"access":"yes","wheelchair":null,"opening_hours":null,"operator":null,"description":null,"password":null}},{"type":"Feature","geometry":{"type":"Point","coordinates":[19.0454154,47.5219079]},"properties":{"id":"way/515321329","source":"osm","name":null,"fee":"yes","charge":"250ft, 1eur","access":null,"wheelchair":"no","opening_hours":"Mo-Su 08:00-20:00","operator":"FCSM Zrt.","description":null,"password":null}},{"type":"Feature","geometry":{"type":"Point","coordinates":[19.0460706,47.519523]},"properties":{"id":"way/515321348","source":"osm","name":null,"fee":"yes","charge":"250 HUF;1 EUR","access":null,"wheelchair":"yes","opening_hours":"24/7","operator":"FCSM Zrt.","description":null,"password":null}},{"type":"Feature","geometry":{"type":"Point","coordinates":[19.0436746,47.5183471]},"properties":{"id":"way/515321349","source":"osm","name":null,"fee":"yes","charge":"250 HUF;1 EUR","access":null,"wheelchair":"yes","opening_hours":"Mo-Su 20:00-08:00","operator":"FCSM Zrt.","description":null,"password":null}},{"type":"Feature","geometry":{"type":"Point","coordinates":[19.0438216,47.5183269]},"properties":{"id":"way/515321350","source":"osm","name":null,"fee":"yes","charge":"250 HUF;1 EUR","access":"yes","wheelchair":"no","opening_hours":"week 09-43 Mo-Su 07:00-19:00","operator":"FCSM Zrt.","description":null,"password":null}},{"type":"Feature","geometry":{"type":"Point","coordinates":[19.0547034,47.548672]},"properties":{"id":"way/531189153","source":"osm","name":null,"fee":"yes","charge":null,"access":null,"wheelchair":null,"opening_hours":null,"operator":null,"description":null,"password":null}},{"type":"Feature","geometry":{"type":"Point","coordinates":[19.1871148,47.4738112]},"properties":{"id":"way/536856535","source":"osm","name":null,"fee":null,"charge":null,"access":null,"wheelchair":null,"opening_hours":null,"operator":null,"description":null,"password":null}},{"type":"Feature","geometry":{"type":"Point","coordinates":[18.9986331,47.481889]},"properties":{"id":"way/570356487","source":"osm","name":null,"fee":null,"charge":null,"access":null,"wheelchair":null,"opening_hours":null,"operator":null,"description":null,"password":null}},{"type":"Feature","geometry":{"type":"Point","coordinates":[19.0631809,47.4996061]},"properties":{"id":"way/581675726","source":"osm","name":null,"fee":"yes","charge":null,"access":"yes","wheelchair":"yes","opening_hours":"Mo-Su 08:00-18:00","operator":null,"description":null,"password":null}},{"type":"Feature","geometry":{"type":"Point","coordinates":[19.0737398,47.4928283]},"properties":{"id":"way/631407536","source":"osm","name":null,"fee":"yes","charge":null,"access":"yes","wheelchair":"yes","opening_hours":null,"operator":null,"description":null,"password":null}},{"type":"Feature","geometry":{"type":"Point","coordinates":[19.1268525,47.5222878]},"properties":{"id":"way/652234493","source":"osm","name":null,"fee":null,"charge":null,"access":"customers","wheelchair":null,"opening_hours":null,"operator":null,"description":null,"password":null}},{"type":"Feature","geometry":{"type":"Point","coordinates":[19.0354885,47.4464875]},"properties":{"id":"way/667274380","source":"osm","name":null,"fee":"no","charge":null,"access":null,"wheelchair":"yes","opening_hours":null,"operator":null,"description":null,"password":null}},{"type":"Feature","geometry":{"type":"Point","coordinates":[19.0888363,47.480791]},"properties":{"id":"way/675503145","source":"osm","name":null,"fee":"no","charge":null,"access":"yes","wheelchair":"yes","opening_hours":"08:00-18:00","operator":null,"description":null,"password":null}},{"type":"Feature","geometry":{"type":"Point","coordinates":[19.0914722,47.4812961]},"properties":{"id":"way/675503146","source":"osm","name":null,"fee":"yes","charge":null,"access":"yes","wheelchair":"yes","opening_hours":null,"operator":null,"description":null,"password":null}},{"type":"Feature","geometry":{"type":"Point","coordinates":[19.0362901,47.4782328]},"properties":{"id":"way/696159437","source":"osm","name":null,"fee":"no","charge":null,"access":"yes","wheelchair":"yes","opening_hours":"08:00-sunset","operator":null,"description":null,"password":null}},{"type":"Feature","geometry":{"type":"Point","coordinates":[19.0427738,47.4869076]},"properties":{"id":"way/737062726","source":"osm","name":null,"fee":"yes","charge":"250 HUF;1 EUR;1.25 USD","access":"yes","wheelchair":"no","opening_hours":"Mo-Su 08:00-20:00","operator":null,"description":null,"password":null}},{"type":"Feature","geometry":{"type":"Point","coordinates":[19.0402187,47.4282353]},"properties":{"id":"way/786903979","source":"osm","name":null,"fee":"no","charge":null,"access":"customers","wheelchair":"yes","opening_hours":null,"operator":null,"description":null,"password":null}},{"type":"Feature","geometry":{"type":"Point","coordinates":[18.9611393,47.5063784]},"properties":{"id":"way/837536667","source":"osm","name":null,"fee":"no","charge":null,"access":"yes","wheelchair":"yes","opening_hours":null,"operator":null,"description":null,"password":null}},{"type":"Feature","geometry":{"type":"Point","coordinates":[19.0906808,47.51273]},"properties":{"id":"way/861206427","source":"osm","name":null,"fee":"yes","charge":"100 HUF","access":"yes","wheelchair":"designated","opening_hours":"Mo-Su,PH 08:00-20:00","operator":null,"description":null,"password":null}},{"type":"Feature","geometry":{"type":"Point","coordinates":[19.0858826,47.5088368]},"properties":{"id":"way/861206455","source":"osm","name":null,"fee":"yes","charge":null,"access":"yes","wheelchair":"designated","opening_hours":"08:00-20:00","operator":null,"description":null,"password":null}},{"type":"Feature","geometry":{"type":"Point","coordinates":[19.0853034,47.5101443]},"properties":{"id":"way/861214061","source":"osm","name":null,"fee":"yes","charge":null,"access":"yes","wheelchair":"yes","opening_hours":null,"operator":"Liget Budapest","description":null,"password":null}},{"type":"Feature","geometry":{"type":"Point","coordinates":[19.1657477,47.5167424]},"properties":{"id":"way/871661461","source":"osm","name":null,"fee":null,"charge":null,"access":"yes","wheelchair":null,"opening_hours":null,"operator":null,"description":null,"password":null}},{"type":"Feature","geometry":{"type":"Point","coordinates":[19.0495773,47.4745394]},"properties":{"id":"way/877702761","source":"osm","name":null,"fee":"no","charge":null,"access":null,"wheelchair":"yes","opening_hours":null,"operator":null,"description":null,"password":null}},{"type":"Feature","geometry":{"type":"Point","coordinates":[19.0494687,47.4745566]},"properties":{"id":"way/877702762","source":"osm","name":null,"fee":"no","charge":null,"access":null,"wheelchair":"yes","opening_hours":null,"operator":null,"description":null,"password":null}},{"type":"Feature","geometry":{"type":"Point","coordinates":[19.0331934,47.4768845]},"properties":{"id":"way/946125352","source":"osm","name":null,"fee":"yes","charge":null,"access":null,"wheelchair":"yes","opening_hours":null,"operator":null,"description":null,"password":null}},{"type":"Feature","geometry":{"type":"Point","coordinates":[19.0807006,47.423291]},"properties":{"id":"way/965431708","source":"osm","name":null,"fee":"no","charge":null,"access":"yes","wheelchair":null,"opening_hours":null,"operator":null,"description":null,"password":null}},{"type":"Feature","geometry":{"type":"Point","coordinates":[19.0346578,47.4361576]},"properties":{"id":"way/970703041","source":"osm","name":null,"fee":"yes","charge":null,"access":"yes","wheelchair":"yes","opening_hours":null,"operator":null,"description":null,"password":null}},{"type":"Feature","geometry":{"type":"Point","coordinates":[19.0347024,47.4361332]},"properties":{"id":"way/970751861","source":"osm","name":null,"fee":"yes","charge":null,"access":"yes","wheelchair":"yes","opening_hours":null,"operator":null,"description":null,"password":null}},{"type":"Feature","geometry":{"type":"Point","coordinates":[18.9598715,47.5160325]},"properties":{"id":"way/992523732","source":"osm","name":null,"fee":"no","charge":null,"access":null,"wheelchair":"yes","opening_hours":"08:00-20:00","operator":null,"description":null,"password":null}},{"type":"Feature","geometry":{"type":"Point","coordinates":[19.1054187,47.3991971]},"properties":{"id":"way/997218118","source":"osm","name":null,"fee":"no","charge":null,"access":null,"wheelchair":"yes","opening_hours":null,"operator":null,"description":null,"password":null}},{"type":"Feature","geometry":{"type":"Point","coordinates":[19.0688114,47.4048486]},"properties":{"id":"way/997487985","source":"osm","name":null,"fee":"no","charge":null,"access":"yes","wheelchair":"no","opening_hours":"Mo-Su 09:00-17:00","operator":null,"description":null,"password":null}},{"type":"Feature","geometry":{"type":"Point","coordinates":[19.0860961,47.5173805]},"properties":{"id":"way/1037809036","source":"osm","name":null,"fee":"yes","charge":"200 HUF","access":"yes","wheelchair":"yes","opening_hours":null,"operator":null,"description":null,"password":null}},{"type":"Feature","geometry":{"type":"Point","coordinates":[19.0963211,47.5416039]},"properties":{"id":"way/1039703030","source":"osm","name":null,"fee":"no","charge":null,"access":"customers","wheelchair":null,"opening_hours":null,"operator":null,"description":null,"password":null}},{"type":"Feature","geometry":{"type":"Point","coordinates":[19.0294829,47.4889857]},"properties":{"id":"way/1055547289","source":"osm","name":null,"fee":"no","charge":null,"access":"yes","wheelchair":"yes","opening_hours":null,"operator":null,"description":null,"password":null}},{"type":"Feature","geometry":{"type":"Point","coordinates":[19.0370744,47.5231098]},"properties":{"id":"way/1106761573","source":"osm","name":null,"fee":"yes","charge":null,"access":null,"wheelchair":"yes","opening_hours":"24/7","operator":"Fővárosi Csatornázási Művek Zrt.","description":null,"password":null}},{"type":"Feature","geometry":{"type":"Point","coordinates":[19.036923,47.5029576]},"properties":{"id":"way/1117760652","source":"osm","name":null,"fee":"no","charge":null,"access":null,"wheelchair":"yes","opening_hours":null,"operator":null,"description":null,"password":null}},{"type":"Feature","geometry":{"type":"Point","coordinates":[19.0684569,47.49633]},"properties":{"id":"way/1135689855","source":"osm","name":null,"fee":"yes","charge":null,"access":"yes","wheelchair":"yes","opening_hours":"24/7","operator":null,"description":null,"password":null}},{"type":"Feature","geometry":{"type":"Point","coordinates":[19.0421133,47.5580271]},"properties":{"id":"way/1210774012","source":"osm","name":null,"fee":"yes","charge":"1 EUR;250 FT","access":"yes","wheelchair":null,"opening_hours":null,"operator":null,"description":null,"password":null}},{"type":"Feature","geometry":{"type":"Point","coordinates":[19.0625992,47.4990143]},"properties":{"id":"way/1212201733","source":"osm","name":null,"fee":"yes","charge":"250 HUF;1 EUR","access":null,"wheelchair":"yes","opening_hours":null,"operator":null,"description":null,"password":null}},{"type":"Feature","geometry":{"type":"Point","coordinates":[19.0917983,47.4785457]},"properties":{"id":"way/1220162973","source":"osm","name":null,"fee":"no","charge":null,"access":"customers","wheelchair":null,"opening_hours":null,"operator":null,"description":null,"password":null}},{"type":"Feature","geometry":{"type":"Point","coordinates":[19.0076774,47.5045464]},"properties":{"id":"way/1224972787","source":"osm","name":null,"fee":"no","charge":null,"access":"yes","wheelchair":"yes","opening_hours":null,"operator":null,"description":null,"password":null}},{"type":"Feature","geometry":{"type":"Point","coordinates":[19.0564309,47.4095743]},"properties":{"id":"way/1229552181","source":"osm","name":null,"fee":"yes","charge":"250 HUF","access":"yes","wheelchair":null,"opening_hours":null,"operator":"FCSM Zrt.","description":null,"password":null}},{"type":"Feature","geometry":{"type":"Point","coordinates":[18.9773299,47.3970644]},"properties":{"id":"way/1252133973","source":"osm","name":null,"fee":"yes","charge":null,"access":"customers","wheelchair":"yes","opening_hours":null,"operator":null,"description":null,"password":null}},{"type":"Feature","geometry":{"type":"Point","coordinates":[19.1138835,47.5203783]},"properties":{"id":"way/1265060379","source":"osm","name":null,"fee":"yes","charge":null,"access":"yes","wheelchair":"yes","opening_hours":"off","operator":null,"description":null,"password":null}},{"type":"Feature","geometry":{"type":"Point","coordinates":[18.9639305,47.5447621]},"properties":{"id":"way/1272429859","source":"osm","name":null,"fee":"yes","charge":null,"access":"yes","wheelchair":"yes","opening_hours":"24/7","operator":null,"description":null,"password":null}},{"type":"Feature","geometry":{"type":"Point","coordinates":[19.0403315,47.4781771]},"properties":{"id":"way/1279854427","source":"osm","name":null,"fee":"yes","charge":"250 HUF;1 EUR","access":"yes","wheelchair":"yes","opening_hours":"24/7","operator":"Fővárosi Csatornázási Művek","description":null,"password":null}},{"type":"Feature","geometry":{"type":"Point","coordinates":[19.039713,47.4867842]},"properties":{"id":"way/1280032982","source":"osm","name":null,"fee":"no","charge":null,"access":"yes","wheelchair":null,"opening_hours":null,"operator":null,"description":null,"password":null}},{"type":"Feature","geometry":{"type":"Point","coordinates":[19.0421348,47.5309148]},"properties":{"id":"way/1284443741","source":"osm","name":null,"fee":null,"charge":null,"access":"yes","wheelchair":null,"opening_hours":null,"operator":null,"description":null,"password":null}},{"type":"Feature","geometry":{"type":"Point","coordinates":[19.1254938,47.4810984]},"properties":{"id":"way/1299174726","source":"osm","name":null,"fee":null,"charge":null,"access":null,"wheelchair":null,"opening_hours":null,"operator":null,"description":null,"password":null}},{"type":"Feature","geometry":{"type":"Point","coordinates":[19.0601719,47.4919399]},"properties":{"id":"way/1305434785","source":"osm","name":null,"fee":"no","charge":null,"access":"yes","wheelchair":"limited","opening_hours":null,"operator":null,"description":null,"password":null}},{"type":"Feature","geometry":{"type":"Point","coordinates":[18.9603349,47.5161425]},"properties":{"id":"way/1315211414","source":"osm","name":null,"fee":"no","charge":null,"access":null,"wheelchair":"no","opening_hours":null,"operator":null,"description":null,"password":null}},{"type":"Feature","geometry":{"type":"Point","coordinates":[18.959986,47.560919]},"properties":{"id":"way/1319008663","source":"osm","name":null,"fee":"yes","charge":null,"access":"yes","wheelchair":"yes","opening_hours":null,"operator":"WC","description":null,"password":null}},{"type":"Feature","geometry":{"type":"Point","coordinates":[19.0699433,47.4958079]},"properties":{"id":"way/1334009239","source":"osm","name":null,"fee":"yes","charge":null,"access":"yes","wheelchair":null,"opening_hours":null,"operator":null,"description":null,"password":null}},{"type":"Feature","geometry":{"type":"Point","coordinates":[19.0698812,47.4957966]},"properties":{"id":"way/1334009240","source":"osm","name":null,"fee":"yes","charge":null,"access":"yes","wheelchair":null,"opening_hours":null,"operator":null,"description":null,"password":null}},{"type":"Feature","geometry":{"type":"Point","coordinates":[19.0795164,47.4753061]},"properties":{"id":"way/1374435775","source":"osm","name":null,"fee":"no","charge":null,"access":"yes","wheelchair":"yes","opening_hours":"Mo-Su 09:00-21:00","operator":"Feszofe Nonprofit Kft.","description":null,"password":null}},{"type":"Feature","geometry":{"type":"Point","coordinates":[19.0340674,47.464509]},"properties":{"id":"way/1383221471","source":"osm","name":null,"fee":"yes","charge":null,"access":null,"wheelchair":"yes","opening_hours":null,"operator":null,"description":null,"password":null}},{"type":"Feature","geometry":{"type":"Point","coordinates":[19.0887293,47.4688173]},"properties":{"id":"way/1417667983","source":"osm","name":null,"fee":"no","charge":null,"access":"yes","wheelchair":"no","opening_hours":"Mo-Su 04:45-22:30","operator":null,"description":null,"password":null}},{"type":"Feature","geometry":{"type":"Point","coordinates":[19.0982693,47.4141541]},"properties":{"id":"way/1426104228","source":"osm","name":null,"fee":null,"charge":null,"access":"yes","wheelchair":null,"opening_hours":null,"operator":null,"description":null,"password":null}},{"type":"Feature","geometry":{"type":"Point","coordinates":[19.0951513,47.5021452]},"properties":{"id":"way/1432712790","source":"osm","name":null,"fee":null,"charge":null,"access":null,"wheelchair":null,"opening_hours":null,"operator":null,"description":null,"password":null}},{"type":"Feature","geometry":{"type":"Point","coordinates":[19.0603771,47.4729453]},"properties":{"id":"way/1452811604","source":"osm","name":null,"fee":null,"charge":null,"access":null,"wheelchair":null,"opening_hours":null,"operator":null,"description":null,"password":null}},{"type":"Feature","geometry":{"type":"Point","coordinates":[19.0599153,47.4727378]},"properties":{"id":"way/1452811609","source":"osm","name":null,"fee":null,"charge":null,"access":"private","wheelchair":null,"opening_hours":null,"operator":null,"description":null,"password":null}},{"type":"Feature","geometry":{"type":"Point","coordinates":[19.0598305,47.4727726]},"properties":{"id":"way/1452818036","source":"osm","name":null,"fee":"no","charge":null,"access":null,"wheelchair":null,"opening_hours":null,"operator":null,"description":null,"password":null}},{"type":"Feature","geometry":{"type":"Point","coordinates":[19.0598401,47.4727374]},"properties":{"id":"way/1452818037","source":"osm","name":null,"fee":"no","charge":null,"access":null,"wheelchair":"yes","opening_hours":null,"operator":null,"description":null,"password":null}},{"type":"Feature","geometry":{"type":"Point","coordinates":[19.0597842,47.472758]},"properties":{"id":"way/1452818058","source":"osm","name":null,"fee":"no","charge":null,"access":null,"wheelchair":null,"opening_hours":null,"operator":null,"description":null,"password":null}},{"type":"Feature","geometry":{"type":"Point","coordinates":[19.0596851,47.4725819]},"properties":{"id":"way/1452818068","source":"osm","name":null,"fee":null,"charge":null,"access":"private","wheelchair":null,"opening_hours":null,"operator":null,"description":null,"password":null}},{"type":"Feature","geometry":{"type":"Point","coordinates":[19.0598092,47.4732627]},"properties":{"id":"way/1452821580","source":"osm","name":null,"fee":"no","charge":null,"access":"yes","wheelchair":"no","opening_hours":null,"operator":null,"description":null,"password":null}},{"type":"Feature","geometry":{"type":"Point","coordinates":[19.0598251,47.4732477]},"properties":{"id":"way/1452821590","source":"osm","name":null,"fee":"no","charge":null,"access":null,"wheelchair":"yes","opening_hours":null,"operator":null,"description":null,"password":null}},{"type":"Feature","geometry":{"type":"Point","coordinates":[19.0598655,47.4732733]},"properties":{"id":"way/1452821591","source":"osm","name":null,"fee":"no","charge":null,"access":null,"wheelchair":"no","opening_hours":null,"operator":null,"description":null,"password":null}},{"type":"Feature","geometry":{"type":"Point","coordinates":[19.0595282,47.4735642]},"properties":{"id":"way/1452841583","source":"osm","name":null,"fee":"no","charge":null,"access":null,"wheelchair":"no","opening_hours":null,"operator":null,"description":null,"password":null}},{"type":"Feature","geometry":{"type":"Point","coordinates":[19.0598276,47.4735329]},"properties":{"id":"way/1452843588","source":"osm","name":null,"fee":"no","charge":null,"access":null,"wheelchair":"no","opening_hours":null,"operator":null,"description":null,"password":null}},{"type":"Feature","geometry":{"type":"Point","coordinates":[19.0598589,47.4735317]},"properties":{"id":"way/1452843591","source":"osm","name":null,"fee":"no","charge":null,"access":null,"wheelchair":"no","opening_hours":null,"operator":null,"description":null,"password":null}},{"type":"Feature","geometry":{"type":"Point","coordinates":[19.0592383,47.4785976]},"properties":{"id":"way/1452848056","source":"osm","name":null,"fee":"no","charge":null,"access":"permissive","wheelchair":"no","opening_hours":null,"operator":null,"description":null,"password":null}},{"type":"Feature","geometry":{"type":"Point","coordinates":[19.0592838,47.4785677]},"properties":{"id":"way/1452848057","source":"osm","name":null,"fee":"no","charge":null,"access":"permissive","wheelchair":"no","opening_hours":null,"operator":null,"description":null,"password":null}},{"type":"Feature","geometry":{"type":"Point","coordinates":[19.0592941,47.4786084]},"properties":{"id":"way/1452848058","source":"osm","name":null,"fee":"no","charge":null,"access":"permissive","wheelchair":"yes","opening_hours":null,"operator":null,"description":null,"password":null}},{"type":"Feature","geometry":{"type":"Point","coordinates":[19.0763414,47.4931762]},"properties":{"id":"way/1453933320","source":"osm","name":null,"fee":null,"charge":null,"access":null,"wheelchair":null,"opening_hours":null,"operator":null,"description":null,"password":null}},{"type":"Feature","geometry":{"type":"Point","coordinates":[19.1288898,47.4636389]},"properties":{"id":"way/1457022190","source":"osm","name":null,"fee":"no","charge":null,"access":"yes","wheelchair":"yes","opening_hours":"Mo-Sa 07:00-21:00; Su 08:30-19:30","operator":null,"description":null,"password":null}},{"type":"Feature","geometry":{"type":"Point","coordinates":[19.1293147,47.4634076]},"properties":{"id":"way/1457451642","source":"osm","name":null,"fee":"no","charge":null,"access":"yes","wheelchair":"yes","opening_hours":"Mo-Sa 09:00-19:00; Su 09:00-18:00","operator":null,"description":null,"password":null}},{"type":"Feature","geometry":{"type":"Point","coordinates":[19.0599865,47.4723673]},"properties":{"id":"way/1475014117","source":"osm","name":null,"fee":"no","charge":null,"access":null,"wheelchair":"no","opening_hours":null,"operator":null,"description":null,"password":null}},{"type":"Feature","geometry":{"type":"Point","coordinates":[19.0600055,47.4723843]},"properties":{"id":"way/1475014118","source":"osm","name":null,"fee":"no","charge":null,"access":null,"wheelchair":"no","opening_hours":null,"operator":null,"description":null,"password":null}},{"type":"Feature","geometry":{"type":"Point","coordinates":[19.0605292,47.4727233]},"properties":{"id":"way/1475021997","source":"osm","name":null,"fee":null,"charge":null,"access":null,"wheelchair":null,"opening_hours":null,"operator":null,"description":null,"password":null}},{"type":"Feature","geometry":{"type":"Point","coordinates":[19.0605567,47.4727364]},"properties":{"id":"way/1475021998","source":"osm","name":null,"fee":null,"charge":null,"access":null,"wheelchair":"no","opening_hours":null,"operator":null,"description":null,"password":null}},{"type":"Feature","geometry":{"type":"Point","coordinates":[19.0597822,47.4727648]},"properties":{"id":"way/1478422995","source":"osm","name":null,"fee":null,"charge":null,"access":null,"wheelchair":"no","opening_hours":null,"operator":null,"description":null,"password":null}},{"type":"Feature","geometry":{"type":"Point","coordinates":[19.0598327,47.4727811]},"properties":{"id":"way/1478422996","source":"osm","name":null,"fee":null,"charge":null,"access":null,"wheelchair":"no","opening_hours":null,"operator":null,"description":null,"password":null}},{"type":"Feature","geometry":{"type":"Point","coordinates":[19.0600024,47.4723853]},"properties":{"id":"way/1478423012","source":"osm","name":null,"fee":null,"charge":null,"access":null,"wheelchair":"no","opening_hours":null,"operator":null,"description":null,"password":null}},{"type":"Feature","geometry":{"type":"Point","coordinates":[19.0599881,47.4723676]},"properties":{"id":"way/1478423013","source":"osm","name":null,"fee":null,"charge":null,"access":null,"wheelchair":"no","opening_hours":null,"operator":null,"description":null,"password":null}},{"type":"Feature","geometry":{"type":"Point","coordinates":[19.0599881,47.4723652]},"properties":{"id":"way/1479236220","source":"osm","name":null,"fee":null,"charge":null,"access":null,"wheelchair":null,"opening_hours":null,"operator":null,"description":null,"password":null}},{"type":"Feature","geometry":{"type":"Point","coordinates":[19.0600056,47.472381]},"properties":{"id":"way/1479236221","source":"osm","name":null,"fee":null,"charge":null,"access":null,"wheelchair":"no","opening_hours":null,"operator":null,"description":null,"password":null}},{"type":"Feature","geometry":{"type":"Point","coordinates":[19.0605331,47.4727218]},"properties":{"id":"way/1479236254","source":"osm","name":null,"fee":null,"charge":null,"access":null,"wheelchair":"no","opening_hours":null,"operator":null,"description":null,"password":null}},{"type":"Feature","geometry":{"type":"Point","coordinates":[19.0605606,47.4727328]},"properties":{"id":"way/1479236256","source":"osm","name":null,"fee":null,"charge":null,"access":null,"wheelchair":null,"opening_hours":null,"operator":null,"description":null,"password":null}},{"type":"Feature","geometry":{"type":"Point","coordinates":[19.0727122,47.4857084]},"properties":{"id":"way/1494748156","source":"osm","name":null,"fee":null,"charge":null,"access":null,"wheelchair":null,"opening_hours":null,"operator":null,"description":null,"password":null}},{"type":"Feature","geometry":{"type":"Point","coordinates":[19.035202,47.5028882]},"properties":{"id":"way/1497436965","source":"osm","name":null,"fee":"yes","charge":null,"access":null,"wheelchair":"no","opening_hours":null,"operator":"FCSM Zrt.","description":null,"password":null}},{"type":"Feature","geometry":{"type":"Point","coordinates":[19.0550132,47.4811065]},"properties":{"id":"way/1499430861","source":"osm","name":null,"fee":null,"charge":null,"access":null,"wheelchair":null,"opening_hours":null,"operator":null,"description":null,"password":null}},{"type":"Feature","geometry":{"type":"Point","coordinates":[19.0549101,47.4812121]},"properties":{"id":"way/1499430862","source":"osm","name":null,"fee":null,"charge":null,"access":null,"wheelchair":null,"opening_hours":null,"operator":null,"description":null,"password":null}},{"type":"Feature","geometry":{"type":"Point","coordinates":[19.0598276,47.47278]},"properties":{"id":"way/1499955590","source":"osm","name":null,"fee":null,"charge":null,"access":null,"wheelchair":null,"opening_hours":null,"operator":null,"description":null,"password":null}},{"type":"Feature","geometry":{"type":"Point","coordinates":[19.0597789,47.4727652]},"properties":{"id":"way/1499955591","source":"osm","name":null,"fee":null,"charge":null,"access":null,"wheelchair":null,"opening_hours":null,"operator":null,"description":null,"password":null}},{"type":"Feature","geometry":{"type":"Point","coordinates":[19.0598275,47.472779]},"properties":{"id":"way/1499988159","source":"osm","name":null,"fee":null,"charge":null,"access":null,"wheelchair":null,"opening_hours":null,"operator":null,"description":null,"password":null}},{"type":"Feature","geometry":{"type":"Point","coordinates":[19.0597789,47.4727644]},"properties":{"id":"way/1499988160","source":"osm","name":null,"fee":null,"charge":null,"access":null,"wheelchair":null,"opening_hours":null,"operator":null,"description":null,"password":null}},{"type":"Feature","geometry":{"type":"Point","coordinates":[19.0558992,47.4814144]},"properties":{"id":"way/1500234646","source":"osm","name":null,"fee":null,"charge":null,"access":null,"wheelchair":null,"opening_hours":null,"operator":null,"description":null,"password":null}},{"type":"Feature","geometry":{"type":"Point","coordinates":[19.0559225,47.4814267]},"properties":{"id":"way/1500234647","source":"osm","name":null,"fee":null,"charge":null,"access":null,"wheelchair":null,"opening_hours":null,"operator":null,"description":null,"password":null}},{"type":"Feature","geometry":{"type":"Point","coordinates":[19.0547666,47.4820225]},"properties":{"id":"way/1500234668","source":"osm","name":null,"fee":null,"charge":null,"access":null,"wheelchair":null,"opening_hours":null,"operator":null,"description":null,"password":null}},{"type":"Feature","geometry":{"type":"Point","coordinates":[19.0549262,47.4821046]},"properties":{"id":"way/1500234669","source":"osm","name":null,"fee":null,"charge":null,"access":null,"wheelchair":null,"opening_hours":null,"operator":null,"description":null,"password":null}},{"type":"Feature","geometry":{"type":"Point","coordinates":[19.0554732,47.4816373]},"properties":{"id":"way/1500234670","source":"osm","name":null,"fee":null,"charge":null,"access":null,"wheelchair":null,"opening_hours":null,"operator":null,"description":null,"password":null}},{"type":"Feature","geometry":{"type":"Point","coordinates":[19.0554859,47.4816703]},"properties":{"id":"way/1500234671","source":"osm","name":null,"fee":null,"charge":null,"access":null,"wheelchair":null,"opening_hours":null,"operator":null,"description":null,"password":null}},{"type":"Feature","geometry":{"type":"Point","coordinates":[19.0598567,47.4735319]},"properties":{"id":"way/1502518677","source":"osm","name":null,"fee":null,"charge":null,"access":null,"wheelchair":null,"opening_hours":null,"operator":null,"description":null,"password":null}},{"type":"Feature","geometry":{"type":"Point","coordinates":[19.0598251,47.4735332]},"properties":{"id":"way/1502518678","source":"osm","name":null,"fee":null,"charge":null,"access":null,"wheelchair":null,"opening_hours":null,"operator":null,"description":null,"password":null}},{"type":"Feature","geometry":{"type":"Point","coordinates":[19.0598646,47.4732741]},"properties":{"id":"way/1503321677","source":"osm","name":null,"fee":null,"charge":null,"access":null,"wheelchair":null,"opening_hours":null,"operator":null,"description":null,"password":null}},{"type":"Feature","geometry":{"type":"Point","coordinates":[19.059824,47.4732492]},"properties":{"id":"way/1503321678","source":"osm","name":null,"fee":null,"charge":null,"access":null,"wheelchair":null,"opening_hours":null,"operator":null,"description":null,"password":null}},{"type":"Feature","geometry":{"type":"Point","coordinates":[19.0598083,47.4732635]},"properties":{"id":"way/1503321679","source":"osm","name":null,"fee":null,"charge":null,"access":null,"wheelchair":null,"opening_hours":null,"operator":null,"description":null,"password":null}},{"type":"Feature","geometry":{"type":"Point","coordinates":[19.0165302,47.4943671]},"properties":{"id":"way/1512021637","source":"osm","name":null,"fee":null,"charge":null,"access":"yes","wheelchair":null,"opening_hours":null,"operator":null,"description":null,"password":null}},{"type":"Feature","geometry":{"type":"Point","coordinates":[19.0574825,47.4778248]},"properties":{"id":"way/1512101406","source":"osm","name":null,"fee":null,"charge":null,"access":null,"wheelchair":null,"opening_hours":null,"operator":null,"description":null,"password":null}},{"type":"Feature","geometry":{"type":"Point","coordinates":[19.0573745,47.4777855]},"properties":{"id":"way/1512101409","source":"osm","name":null,"fee":null,"charge":null,"access":null,"wheelchair":null,"opening_hours":null,"operator":null,"description":null,"password":null}},{"type":"Feature","geometry":{"type":"Point","coordinates":[19.0575323,47.4775738]},"properties":{"id":"way/1512101423","source":"osm","name":null,"fee":null,"charge":null,"access":null,"wheelchair":null,"opening_hours":null,"operator":null,"description":null,"password":null}},{"type":"Feature","geometry":{"type":"Point","coordinates":[19.0576511,47.4776347]},"properties":{"id":"way/1512101424","source":"osm","name":null,"fee":null,"charge":null,"access":null,"wheelchair":null,"opening_hours":null,"operator":null,"description":null,"password":null}},{"type":"Feature","geometry":{"type":"Point","coordinates":[19.0573986,47.4776279]},"properties":{"id":"way/1512663659","source":"osm","name":null,"fee":null,"charge":null,"access":null,"wheelchair":null,"opening_hours":null,"operator":null,"description":null,"password":null}},{"type":"Feature","geometry":{"type":"Point","coordinates":[19.057651,47.4776346]},"properties":{"id":"way/1512672919","source":"osm","name":null,"fee":null,"charge":null,"access":null,"wheelchair":null,"opening_hours":null,"operator":null,"description":null,"password":null}},{"type":"Feature","geometry":{"type":"Point","coordinates":[19.0575321,47.477574]},"properties":{"id":"way/1512672920","source":"osm","name":null,"fee":null,"charge":null,"access":null,"wheelchair":null,"opening_hours":null,"operator":null,"description":null,"password":null}},{"type":"Feature","geometry":{"type":"Point","coordinates":[19.0576493,47.477839]},"properties":{"id":"way/1512672923","source":"osm","name":null,"fee":"no","charge":null,"access":null,"wheelchair":null,"opening_hours":null,"operator":null,"description":null,"password":null}},{"type":"Feature","geometry":{"type":"Point","coordinates":[19.0576776,47.4778231]},"properties":{"id":"way/1512672924","source":"osm","name":null,"fee":"no","charge":null,"access":null,"wheelchair":null,"opening_hours":null,"operator":null,"description":null,"password":null}},{"type":"Feature","geometry":{"type":"Point","coordinates":[19.0576858,47.4778158]},"properties":{"id":"way/1512672926","source":"osm","name":null,"fee":"no","charge":null,"access":null,"wheelchair":null,"opening_hours":null,"operator":null,"description":null,"password":null}},{"type":"Feature","geometry":{"type":"Point","coordinates":[19.057651,47.4776346]},"properties":{"id":"way/1512912372","source":"osm","name":null,"fee":null,"charge":null,"access":null,"wheelchair":null,"opening_hours":null,"operator":null,"description":null,"password":null}},{"type":"Feature","geometry":{"type":"Point","coordinates":[19.0575321,47.477574]},"properties":{"id":"way/1512912373","source":"osm","name":null,"fee":null,"charge":null,"access":null,"wheelchair":null,"opening_hours":null,"operator":null,"description":null,"password":null}},{"type":"Feature","geometry":{"type":"Point","coordinates":[19.057651,47.4776346]},"properties":{"id":"way/1512912374","source":"osm","name":null,"fee":null,"charge":null,"access":null,"wheelchair":null,"opening_hours":null,"operator":null,"description":null,"password":null}},{"type":"Feature","geometry":{"type":"Point","coordinates":[19.0575321,47.477574]},"properties":{"id":"way/1512912375","source":"osm","name":null,"fee":null,"charge":null,"access":null,"wheelchair":null,"opening_hours":null,"operator":null,"description":null,"password":null}},{"type":"Feature","geometry":{"type":"Point","coordinates":[19.057651,47.4776346]},"properties":{"id":"way/1512912376","source":"osm","name":null,"fee":null,"charge":null,"access":null,"wheelchair":null,"opening_hours":null,"operator":null,"description":null,"password":null}},{"type":"Feature","geometry":{"type":"Point","coordinates":[19.0575321,47.477574]},"properties":{"id":"way/1512912377","source":"osm","name":null,"fee":null,"charge":null,"access":null,"wheelchair":null,"opening_hours":null,"operator":null,"description":null,"password":null}},{"type":"Feature","geometry":{"type":"Point","coordinates":[19.057651,47.4776346]},"properties":{"id":"way/1512912378","source":"osm","name":null,"fee":null,"charge":null,"access":null,"wheelchair":null,"opening_hours":null,"operator":null,"description":null,"password":null}},{"type":"Feature","geometry":{"type":"Point","coordinates":[19.0575321,47.477574]},"properties":{"id":"way/1512912379","source":"osm","name":null,"fee":null,"charge":null,"access":null,"wheelchair":null,"opening_hours":null,"operator":null,"description":null,"password":null}},{"type":"Feature","geometry":{"type":"Point","coordinates":[19.057651,47.4776346]},"properties":{"id":"way/1512912380","source":"osm","name":null,"fee":null,"charge":null,"access":null,"wheelchair":null,"opening_hours":null,"operator":null,"description":null,"password":null}},{"type":"Feature","geometry":{"type":"Point","coordinates":[19.0575321,47.477574]},"properties":{"id":"way/1512912381","source":"osm","name":null,"fee":null,"charge":null,"access":null,"wheelchair":null,"opening_hours":null,"operator":null,"description":null,"password":null}},{"type":"Feature","geometry":{"type":"Point","coordinates":[19.057651,47.4776346]},"properties":{"id":"way/1512912384","source":"osm","name":null,"fee":null,"charge":null,"access":null,"wheelchair":null,"opening_hours":null,"operator":null,"description":null,"password":null}},{"type":"Feature","geometry":{"type":"Point","coordinates":[19.0575321,47.477574]},"properties":{"id":"way/1512912385","source":"osm","name":null,"fee":null,"charge":null,"access":null,"wheelchair":null,"opening_hours":null,"operator":null,"description":null,"password":null}},{"type":"Feature","geometry":{"type":"Point","coordinates":[19.057651,47.4776346]},"properties":{"id":"way/1512912386","source":"osm","name":null,"fee":null,"charge":null,"access":null,"wheelchair":null,"opening_hours":null,"operator":null,"description":null,"password":null}},{"type":"Feature","geometry":{"type":"Point","coordinates":[19.0575321,47.477574]},"properties":{"id":"way/1512912387","source":"osm","name":null,"fee":null,"charge":null,"access":null,"wheelchair":null,"opening_hours":null,"operator":null,"description":null,"password":null}},{"type":"Feature","geometry":{"type":"Point","coordinates":[19.057651,47.4776346]},"properties":{"id":"way/1512912388","source":"osm","name":null,"fee":null,"charge":null,"access":null,"wheelchair":null,"opening_hours":null,"operator":null,"description":null,"password":null}},{"type":"Feature","geometry":{"type":"Point","coordinates":[19.0575321,47.477574]},"properties":{"id":"way/1512912389","source":"osm","name":null,"fee":null,"charge":null,"access":null,"wheelchair":null,"opening_hours":null,"operator":null,"description":null,"password":null}},{"type":"Feature","geometry":{"type":"Point","coordinates":[19.057651,47.4776346]},"properties":{"id":"way/1512912390","source":"osm","name":null,"fee":null,"charge":null,"access":null,"wheelchair":null,"opening_hours":null,"operator":null,"description":null,"password":null}},{"type":"Feature","geometry":{"type":"Point","coordinates":[19.0575321,47.477574]},"properties":{"id":"way/1512912391","source":"osm","name":null,"fee":null,"charge":null,"access":null,"wheelchair":null,"opening_hours":null,"operator":null,"description":null,"password":null}},{"type":"Feature","geometry":{"type":"Point","coordinates":[19.0546549,47.4806286]},"properties":{"id":"way/1528733100","source":"osm","name":"Mosdó","fee":null,"charge":null,"access":null,"wheelchair":null,"opening_hours":null,"operator":null,"description":null,"password":null}},{"type":"Feature","geometry":{"type":"Point","coordinates":[19.0542358,47.4808286]},"properties":{"id":"way/1528788201","source":"osm","name":"Mosdó","fee":null,"charge":null,"access":null,"wheelchair":null,"opening_hours":null,"operator":null,"description":null,"password":null}},{"type":"Feature","geometry":{"type":"Point","coordinates":[19.0599935,47.4723712]},"properties":{"id":"way/1529326865","source":"osm","name":null,"fee":null,"charge":null,"access":null,"wheelchair":null,"opening_hours":null,"operator":null,"description":null,"password":null}},{"type":"Feature","geometry":{"type":"Point","coordinates":[19.0600095,47.4723865]},"properties":{"id":"way/1529326867","source":"osm","name":null,"fee":null,"charge":null,"access":null,"wheelchair":null,"opening_hours":null,"operator":null,"description":null,"password":null}},{"type":"Feature","geometry":{"type":"Point","coordinates":[19.0605261,47.4727271]},"properties":{"id":"way/1529333966","source":"osm","name":null,"fee":null,"charge":null,"access":null,"wheelchair":null,"opening_hours":null,"operator":null,"description":null,"password":null}},{"type":"Feature","geometry":{"type":"Point","coordinates":[19.0605542,47.4727406]},"properties":{"id":"way/1529333968","source":"osm","name":null,"fee":null,"charge":null,"access":null,"wheelchair":null,"opening_hours":null,"operator":null,"description":null,"password":null}},{"type":"Feature","geometry":{"type":"Point","coordinates":[19.0599809,47.4723679]},"properties":{"id":"way/1529350822","source":"osm","name":null,"fee":null,"charge":null,"access":null,"wheelchair":null,"opening_hours":null,"operator":null,"description":null,"password":null}},{"type":"Feature","geometry":{"type":"Point","coordinates":[19.0600015,47.4723863]},"properties":{"id":"way/1529350824","source":"osm","name":null,"fee":null,"charge":null,"access":null,"wheelchair":null,"opening_hours":null,"operator":null,"description":null,"password":null}},{"type":"Feature","geometry":{"type":"Point","coordinates":[19.0605284,47.4727234]},"properties":{"id":"way/1529350859","source":"osm","name":null,"fee":null,"charge":null,"access":null,"wheelchair":null,"opening_hours":null,"operator":null,"description":null,"password":null}},{"type":"Feature","geometry":{"type":"Point","coordinates":[19.0605557,47.4727362]},"properties":{"id":"way/1529350861","source":"osm","name":null,"fee":null,"charge":null,"access":null,"wheelchair":null,"opening_hours":null,"operator":null,"description":null,"password":null}},{"type":"Feature","geometry":{"type":"Point","coordinates":[19.0547667,47.4820226]},"properties":{"id":"way/1529355249","source":"osm","name":null,"fee":null,"charge":null,"access":null,"wheelchair":null,"opening_hours":null,"operator":null,"description":null,"password":null}},{"type":"Feature","geometry":{"type":"Point","coordinates":[19.0549253,47.4821047]},"properties":{"id":"way/1529355250","source":"osm","name":null,"fee":null,"charge":null,"access":null,"wheelchair":null,"opening_hours":null,"operator":null,"description":null,"password":null}},{"type":"Feature","geometry":{"type":"Point","coordinates":[19.0552815,47.4818554]},"properties":{"id":"way/1529355257","source":"osm","name":null,"fee":null,"charge":null,"access":null,"wheelchair":null,"opening_hours":null,"operator":null,"description":null,"password":null}},{"type":"Feature","geometry":{"type":"Point","coordinates":[19.055232,47.4819006]},"properties":{"id":"way/1529355258","source":"osm","name":null,"fee":null,"charge":null,"access":null,"wheelchair":null,"opening_hours":null,"operator":null,"description":null,"password":null}},{"type":"Feature","geometry":{"type":"Point","coordinates":[19.0551801,47.4819444]},"properties":{"id":"way/1529355259","source":"osm","name":null,"fee":null,"charge":null,"access":null,"wheelchair":null,"opening_hours":null,"operator":null,"description":null,"password":null}},{"type":"Feature","geometry":{"type":"Point","coordinates":[19.0554863,47.4816706]},"properties":{"id":"way/1529355260","source":"osm","name":null,"fee":null,"charge":null,"access":null,"wheelchair":null,"opening_hours":null,"operator":null,"description":null,"password":null}},{"type":"Feature","geometry":{"type":"Point","coordinates":[19.0554736,47.4816371]},"properties":{"id":"way/1529355261","source":"osm","name":null,"fee":null,"charge":null,"access":null,"wheelchair":null,"opening_hours":null,"operator":null,"description":null,"password":null}},{"type":"Feature","geometry":{"type":"Point","coordinates":[19.0563066,47.4808921]},"properties":{"id":"way/1529355365","source":"osm","name":null,"fee":null,"charge":null,"access":null,"wheelchair":null,"opening_hours":null,"operator":null,"description":null,"password":null}},{"type":"Feature","geometry":{"type":"Point","coordinates":[19.0561478,47.4808097]},"properties":{"id":"way/1529355366","source":"osm","name":null,"fee":null,"charge":null,"access":null,"wheelchair":null,"opening_hours":null,"operator":null,"description":null,"password":null}},{"type":"Feature","geometry":{"type":"Point","coordinates":[19.0554638,47.4811926]},"properties":{"id":"way/1529355385","source":"osm","name":null,"fee":null,"charge":null,"access":null,"wheelchair":null,"opening_hours":null,"operator":null,"description":null,"password":null}},{"type":"Feature","geometry":{"type":"Point","coordinates":[19.0593207,47.4785378]},"properties":{"id":"way/1529368353","source":"osm","name":null,"fee":null,"charge":null,"access":null,"wheelchair":null,"opening_hours":null,"operator":null,"description":null,"password":null}},{"type":"Feature","geometry":{"type":"Point","coordinates":[19.0592991,47.4785542]},"properties":{"id":"way/1529368354","source":"osm","name":null,"fee":null,"charge":null,"access":null,"wheelchair":null,"opening_hours":null,"operator":null,"description":null,"password":null}},{"type":"Feature","geometry":{"type":"Point","coordinates":[19.0600474,47.4728597]},"properties":{"id":"way/1529368456","source":"osm","name":null,"fee":null,"charge":null,"access":null,"wheelchair":null,"opening_hours":null,"operator":null,"description":null,"password":null}},{"type":"Feature","geometry":{"type":"Point","coordinates":[19.0600803,47.4728377]},"properties":{"id":"way/1529368457","source":"osm","name":null,"fee":null,"charge":null,"access":null,"wheelchair":null,"opening_hours":null,"operator":null,"description":null,"password":null}},{"type":"Feature","geometry":{"type":"Point","coordinates":[19.054656,47.4806278]},"properties":{"id":"way/1529371338","source":"osm","name":"Mosdó","fee":null,"charge":null,"access":null,"wheelchair":null,"opening_hours":null,"operator":null,"description":null,"password":null}},{"type":"Feature","geometry":{"type":"Point","coordinates":[19.0593017,47.4785552]},"properties":{"id":"way/1529401455","source":"osm","name":null,"fee":null,"charge":null,"access":null,"wheelchair":null,"opening_hours":null,"operator":null,"description":null,"password":null}},{"type":"Feature","geometry":{"type":"Point","coordinates":[19.0593198,47.4785354]},"properties":{"id":"way/1529401456","source":"osm","name":null,"fee":null,"charge":null,"access":null,"wheelchair":null,"opening_hours":null,"operator":null,"description":null,"password":null}},{"type":"Feature","geometry":{"type":"Point","coordinates":[19.054412,47.4801267]},"properties":{"id":"way/1529408752","source":"osm","name":null,"fee":null,"charge":null,"access":null,"wheelchair":null,"opening_hours":null,"operator":null,"description":null,"password":null}},{"type":"Feature","geometry":{"type":"Point","coordinates":[19.0543781,47.4797546]},"properties":{"id":"way/1529408753","source":"osm","name":null,"fee":null,"charge":null,"access":null,"wheelchair":null,"opening_hours":null,"operator":null,"description":null,"password":null}},{"type":"Feature","geometry":{"type":"Point","coordinates":[19.0543877,47.4797119]},"properties":{"id":"way/1529408754","source":"osm","name":null,"fee":null,"charge":null,"access":null,"wheelchair":null,"opening_hours":null,"operator":null,"description":null,"password":null}},{"type":"Feature","geometry":{"type":"Point","coordinates":[19.0544109,47.4801047]},"properties":{"id":"way/1529408755","source":"osm","name":null,"fee":null,"charge":null,"access":null,"wheelchair":null,"opening_hours":null,"operator":null,"description":null,"password":null}},{"type":"Feature","geometry":{"type":"Point","coordinates":[19.0545333,47.4798727]},"properties":{"id":"way/1529408777","source":"osm","name":null,"fee":null,"charge":null,"access":null,"wheelchair":null,"opening_hours":null,"operator":null,"description":null,"password":null}},{"type":"Feature","geometry":{"type":"Point","coordinates":[19.0545378,47.4799544]},"properties":{"id":"way/1529408778","source":"osm","name":null,"fee":null,"charge":null,"access":null,"wheelchair":null,"opening_hours":null,"operator":null,"description":null,"password":null}},{"type":"Feature","geometry":{"type":"Point","coordinates":[19.057651,47.4776346]},"properties":{"id":"way/1530538053","source":"osm","name":null,"fee":null,"charge":null,"access":null,"wheelchair":null,"opening_hours":null,"operator":null,"description":null,"password":null}},{"type":"Feature","geometry":{"type":"Point","coordinates":[19.0575321,47.477574]},"properties":{"id":"way/1530538054","source":"osm","name":null,"fee":null,"charge":null,"access":null,"wheelchair":null,"opening_hours":null,"operator":null,"description":null,"password":null}},{"type":"Feature","geometry":{"type":"Point","coordinates":[19.0860566,47.5087275]},"properties":{"id":"way/1532381741","source":"osm","name":null,"fee":null,"charge":null,"access":"yes","wheelchair":"no","opening_hours":"Mo-Su 08:00-20:00","operator":null,"description":"Férfi illemhely. Liget plusz tagsággal ingyenes: https://ligetplusz.hu/news/ligetplus-illemhely","password":null}},{"type":"Feature","geometry":{"type":"Point","coordinates":[19.0860241,47.5088513]},"properties":{"id":"way/1532381744","source":"osm","name":null,"fee":null,"charge":null,"access":"yes","wheelchair":"no","opening_hours":"Mo-Su 08:00-20:00","operator":null,"description":"Női illemhely. Liget plusz tagsággal ingyenes: https://ligetplusz.hu/news/ligetplus-illemhely","password":null}},{"type":"Feature","geometry":{"type":"Point","coordinates":[19.0542542,47.4808977]},"properties":{"id":"way/1543974883","source":"osm","name":null,"fee":null,"charge":null,"access":null,"wheelchair":null,"opening_hours":null,"operator":null,"description":null,"password":null}},{"type":"Feature","geometry":{"type":"Point","coordinates":[19.0542819,47.480925]},"properties":{"id":"way/1543974884","source":"osm","name":null,"fee":null,"charge":null,"access":null,"wheelchair":null,"opening_hours":null,"operator":null,"description":null,"password":null}}]}