{"type":"FeatureCollection","attribution":"© OpenStreetMap contributors (ODbL)","generated_at":"2026-08-21T08:43:27.757Z","features":[{"type":"Feature","geometry":{"type":"Point","coordinates":[14.5159366,50.0763149]},"properties":{"id":"node/282973258","source":"osm","name":null,"fee":"yes","charge":null,"access":null,"wheelchair":"yes","opening_hours":null,"operator":null,"description":null,"password":null}},{"type":"Feature","geometry":{"type":"Point","coordinates":[14.4168886,50.0646173]},"properties":{"id":"node/289506229","source":"osm","name":null,"fee":"yes","charge":null,"access":null,"wheelchair":"yes","opening_hours":null,"operator":null,"description":null,"password":null}},{"type":"Feature","geometry":{"type":"Point","coordinates":[14.4140805,50.0812085]},"properties":{"id":"node/290616683","source":"osm","name":null,"fee":"yes","charge":null,"access":"yes","wheelchair":"no","opening_hours":null,"operator":null,"description":null,"password":null}},{"type":"Feature","geometry":{"type":"Point","coordinates":[14.4129605,50.0784828]},"properties":{"id":"node/292721418","source":"osm","name":null,"fee":"yes","charge":null,"access":null,"wheelchair":null,"opening_hours":"Mo-Su 10:00-17:00","operator":null,"description":null,"password":null}},{"type":"Feature","geometry":{"type":"Point","coordinates":[14.3999705,50.0905129]},"properties":{"id":"node/295168428","source":"osm","name":null,"fee":"no","charge":null,"access":"yes","wheelchair":"yes","opening_hours":"Mo-Su 07:30-20:00","operator":null,"description":null,"password":null}},{"type":"Feature","geometry":{"type":"Point","coordinates":[14.5672578,50.0514359]},"properties":{"id":"node/296763678","source":"osm","name":null,"fee":null,"charge":null,"access":"customers","wheelchair":"yes","opening_hours":null,"operator":null,"description":null,"password":null}},{"type":"Feature","geometry":{"type":"Point","coordinates":[14.404824,50.0881429]},"properties":{"id":"node/303442820","source":"osm","name":null,"fee":"yes","charge":"20 CZK","access":null,"wheelchair":"no","opening_hours":"Mo-Su 09:00-19:00","operator":null,"description":null,"password":null}},{"type":"Feature","geometry":{"type":"Point","coordinates":[14.4375221,50.0751353]},"properties":{"id":"node/305817287","source":"osm","name":null,"fee":"yes","charge":null,"access":null,"wheelchair":"no","opening_hours":"Mo-Fr 07:00-20:00; Sa,Su,PH 08:00-20:00","operator":null,"description":null,"password":null}},{"type":"Feature","geometry":{"type":"Point","coordinates":[14.461086,50.0780567]},"properties":{"id":"node/306044560","source":"osm","name":null,"fee":null,"charge":null,"access":"yes","wheelchair":null,"opening_hours":"Mo-Fr 06:00-21:00; Sa,Su,PH 08:00-21:00","operator":null,"description":null,"password":null}},{"type":"Feature","geometry":{"type":"Point","coordinates":[14.4228965,50.0822908]},"properties":{"id":"node/306362863","source":"osm","name":null,"fee":"yes","charge":null,"access":null,"wheelchair":"no","opening_hours":"Apr 15-Sep 14: Mo-Su 09:00-21:00; Sep 15-Oct 14: Mo-Su 09:00-20:00; Oct 15-Apr 14: Mo-Su 09:00-19:00","operator":null,"description":null,"password":null}},{"type":"Feature","geometry":{"type":"Point","coordinates":[14.4289083,50.0806623]},"properties":{"id":"node/320808286","source":"osm","name":null,"fee":"yes","charge":null,"access":"yes","wheelchair":"no","opening_hours":"24/7","operator":"JCDecaux","description":"wc v sloupu","password":null}},{"type":"Feature","geometry":{"type":"Point","coordinates":[14.4558877,50.1247405]},"properties":{"id":"node/321225830","source":"osm","name":null,"fee":"yes","charge":null,"access":null,"wheelchair":"no","opening_hours":null,"operator":null,"description":null,"password":null}},{"type":"Feature","geometry":{"type":"Point","coordinates":[14.461581,50.0785884]},"properties":{"id":"node/323138068","source":"osm","name":null,"fee":"no","charge":null,"access":"customers","wheelchair":"yes","opening_hours":null,"operator":"OC Flóra","description":null,"password":null}},{"type":"Feature","geometry":{"type":"Point","coordinates":[14.4315151,50.0857368]},"properties":{"id":"node/330269390","source":"osm","name":null,"fee":"yes","charge":"20 CZK","access":null,"wheelchair":"limited","opening_hours":null,"operator":null,"description":null,"password":null}},{"type":"Feature","geometry":{"type":"Point","coordinates":[14.4187513,50.0757505]},"properties":{"id":"node/331960311","source":"osm","name":"Veřejné WC","fee":"yes","charge":"10 CZK or 0.50 EUR","access":null,"wheelchair":"yes","opening_hours":null,"operator":null,"description":null,"password":null}},{"type":"Feature","geometry":{"type":"Point","coordinates":[14.5076249,50.0680629]},"properties":{"id":"node/355624092","source":"osm","name":null,"fee":"yes","charge":null,"access":"yes","wheelchair":"yes","opening_hours":"Mo-Fr 06:00-20:00; PH,Sa,Su 08:00-20:00","operator":"DJ Praha, s. r. o.","description":null,"password":null}},{"type":"Feature","geometry":{"type":"Point","coordinates":[14.4917599,50.0311724]},"properties":{"id":"node/363485036","source":"osm","name":"Veřejné WC","fee":"yes","charge":null,"access":null,"wheelchair":"yes","opening_hours":"Mo-Fr 06:00-21:00; Sa,Su,PH 08:00-21:00","operator":null,"description":null,"password":null}},{"type":"Feature","geometry":{"type":"Point","coordinates":[14.4386436,50.0909233]},"properties":{"id":"node/366415690","source":"osm","name":null,"fee":"yes","charge":null,"access":"yes","wheelchair":"yes","opening_hours":"24/7","operator":"JCDecaux","description":"wc v sloupu","password":null}},{"type":"Feature","geometry":{"type":"Point","coordinates":[14.3884757,50.0863369]},"properties":{"id":"node/403652840","source":"osm","name":null,"fee":"yes","charge":null,"access":"yes","wheelchair":"limited","opening_hours":"Mo-Su 09:00-18:00","operator":null,"description":null,"password":null}},{"type":"Feature","geometry":{"type":"Point","coordinates":[14.4197843,50.0704425]},"properties":{"id":"node/418869527","source":"osm","name":null,"fee":"yes","charge":null,"access":null,"wheelchair":"yes","opening_hours":null,"operator":null,"description":null,"password":null}},{"type":"Feature","geometry":{"type":"Point","coordinates":[14.5349582,50.0400351]},"properties":{"id":"node/470449374","source":"osm","name":null,"fee":null,"charge":null,"access":null,"wheelchair":null,"opening_hours":null,"operator":null,"description":null,"password":null}},{"type":"Feature","geometry":{"type":"Point","coordinates":[14.4052073,50.0971588]},"properties":{"id":"node/619170327","source":"osm","name":"Veřejné WC","fee":null,"charge":null,"access":null,"wheelchair":null,"opening_hours":"Mo-Fr 06:00-21:00; Sa,Su,PH 08:00-21:00","operator":null,"description":null,"password":null}},{"type":"Feature","geometry":{"type":"Point","coordinates":[14.3709048,50.0545541]},"properties":{"id":"node/619170328","source":"osm","name":null,"fee":"yes","charge":null,"access":"yes","wheelchair":"yes","opening_hours":"Mo-Fr 07:00-20:00; Sa,Su,PH 08:00-19:00","operator":null,"description":null,"password":null}},{"type":"Feature","geometry":{"type":"Point","coordinates":[14.4035905,50.0686409]},"properties":{"id":"node/619170332","source":"osm","name":null,"fee":"yes","charge":null,"access":null,"wheelchair":"yes","opening_hours":"Mo-Fr 06:00-21:00; PH,Sa,Su 08:00-20:00","operator":null,"description":"Veřejné WC ve stanici metra","password":null}},{"type":"Feature","geometry":{"type":"Point","coordinates":[14.3314293,50.0446705]},"properties":{"id":"node/619170333","source":"osm","name":"Veřejné WC","fee":"no","charge":null,"access":null,"wheelchair":"yes","opening_hours":"Mo-Fr 07:00-20:00; Sa,Su,PH 08:00-19:00","operator":null,"description":null,"password":null}},{"type":"Feature","geometry":{"type":"Point","coordinates":[14.3419158,50.0500009]},"properties":{"id":"node/619170335","source":"osm","name":"Veřejné WC","fee":"yes","charge":null,"access":null,"wheelchair":null,"opening_hours":"Mo-Fr 08:00-20:00; PH,Sa,Su 08:00-19:00","operator":null,"description":null,"password":null}},{"type":"Feature","geometry":{"type":"Point","coordinates":[14.2911153,50.0539327]},"properties":{"id":"node/619170336","source":"osm","name":"Veřejné WC","fee":"yes","charge":null,"access":null,"wheelchair":"yes","opening_hours":"Sa,Su 08:00-20:00; Mo-Fr 06:00-21:00","operator":null,"description":null,"password":null}},{"type":"Feature","geometry":{"type":"Point","coordinates":[14.3888628,50.0579239]},"properties":{"id":"node/619170337","source":"osm","name":null,"fee":"yes","charge":null,"access":null,"wheelchair":"yes","opening_hours":"Mo-Fr 07:00-20:00; Sa,Su 08:00-19:00","operator":null,"description":"Veřejné WC ve stanici metra","password":null}},{"type":"Feature","geometry":{"type":"Point","coordinates":[14.3078615,50.0468576]},"properties":{"id":"node/619170338","source":"osm","name":"Veřejné WC","fee":null,"charge":null,"access":null,"wheelchair":null,"opening_hours":null,"operator":null,"description":null,"password":null}},{"type":"Feature","geometry":{"type":"Point","coordinates":[14.4477969,50.0450001]},"properties":{"id":"node/619170348","source":"osm","name":"Veřejné WC","fee":"yes","charge":null,"access":null,"wheelchair":"yes","opening_hours":null,"operator":null,"description":null,"password":null}},{"type":"Feature","geometry":{"type":"Point","coordinates":[14.4610526,50.0421902]},"properties":{"id":"node/619170350","source":"osm","name":"Veřejné WC","fee":"yes","charge":null,"access":null,"wheelchair":null,"opening_hours":"Mo-Fr 06:00-21:00; PH,Sa,Su 08:00-21:00","operator":null,"description":null,"password":null}},{"type":"Feature","geometry":{"type":"Point","coordinates":[14.4302755,50.0754821]},"properties":{"id":"node/619170352","source":"osm","name":null,"fee":"yes","charge":null,"access":"yes","wheelchair":"no","opening_hours":"Mo-Fr 06:00-21:00; Sa,Su 08:00-20:00","operator":null,"description":"vestibul stanice","password":null}},{"type":"Feature","geometry":{"type":"Point","coordinates":[14.4299949,50.0631879]},"properties":{"id":"node/619170353","source":"osm","name":"Veřejné WC","fee":null,"charge":null,"access":null,"wheelchair":null,"opening_hours":"Mo-Fr 06:00-21:00; Sa,Su,PH 08:00-21:00","operator":null,"description":null,"password":null}},{"type":"Feature","geometry":{"type":"Point","coordinates":[14.4368065,50.0748828]},"properties":{"id":"node/619170355","source":"osm","name":null,"fee":"yes","charge":null,"access":"yes","wheelchair":"no","opening_hours":"Mo-Fr 07:00-19:00; Sa 09:00-19:00; Su 10:00-19:00","operator":null,"description":"veřejné toalety jsou v budově společně s kavárnou","password":null}},{"type":"Feature","geometry":{"type":"Point","coordinates":[14.4402705,50.0644702]},"properties":{"id":"node/619170357","source":"osm","name":null,"fee":"yes","charge":null,"access":"yes","wheelchair":null,"opening_hours":"24/7","operator":"JCDecaux","description":"wc v sloupu","password":null}},{"type":"Feature","geometry":{"type":"Point","coordinates":[14.423536,50.0840338]},"properties":{"id":"node/619170358","source":"osm","name":"Veřejné WC","fee":"yes","charge":"10 CZK or 0.50 EUR","access":"yes","wheelchair":null,"opening_hours":"Mo-Fr 07:00-20:00; Sa-Su,PH 08:00-20:00","operator":null,"description":null,"password":null}},{"type":"Feature","geometry":{"type":"Point","coordinates":[14.430039,50.0790544]},"properties":{"id":"node/619170360","source":"osm","name":null,"fee":"yes","charge":null,"access":"yes","wheelchair":"no","opening_hours":"Mo-Fr 06:00-22:30; Sa,Su,PH 07:00-22:30","operator":null,"description":null,"password":null}},{"type":"Feature","geometry":{"type":"Point","coordinates":[14.426701,50.08588]},"properties":{"id":"node/619170362","source":"osm","name":"Veřejné WC","fee":null,"charge":null,"access":null,"wheelchair":null,"opening_hours":null,"operator":"JCDecaux","description":null,"password":null}},{"type":"Feature","geometry":{"type":"Point","coordinates":[14.4219175,50.0853793]},"properties":{"id":"node/619170364","source":"osm","name":null,"fee":"yes","charge":null,"access":"yes","wheelchair":"yes","opening_hours":"24/7","operator":"JCDecaux","description":null,"password":null}},{"type":"Feature","geometry":{"type":"Point","coordinates":[14.4290666,50.0882218]},"properties":{"id":"node/619170369","source":"osm","name":null,"fee":"yes","charge":"10.00 CZK","access":"yes","wheelchair":"no","opening_hours":"Mo-Fr 06:00-21:00; Sa,Su,PH 08:00-20:00","operator":null,"description":"Veřejné WC","password":null}},{"type":"Feature","geometry":{"type":"Point","coordinates":[14.4489794,50.0774085]},"properties":{"id":"node/619170371","source":"osm","name":"Veřejné WC","fee":"yes","charge":null,"access":"yes","wheelchair":"yes","opening_hours":"Mo-Fr 06:00-21:00; Sa,Su,PH 08:00-21:00","operator":null,"description":null,"password":null}},{"type":"Feature","geometry":{"type":"Point","coordinates":[14.4517366,50.093354]},"properties":{"id":"node/619170375","source":"osm","name":"Veřejné WC","fee":"yes","charge":null,"access":null,"wheelchair":"yes","opening_hours":"Sa,Su,PH 08:00-19:00; Mo-Fr 07:00-20:00","operator":null,"description":null,"password":null}},{"type":"Feature","geometry":{"type":"Point","coordinates":[14.4393562,50.0902811]},"properties":{"id":"node/619170377","source":"osm","name":"Veřejné WC","fee":"yes","charge":null,"access":"yes","wheelchair":null,"opening_hours":"Mo-Fr 06:00-21:00; Sa,Su,PH 08:00-20:00","operator":null,"description":null,"password":null}},{"type":"Feature","geometry":{"type":"Point","coordinates":[14.4913208,50.0728963]},"properties":{"id":"node/619170381","source":"osm","name":"Veřejné WC","fee":"yes","charge":null,"access":"yes","wheelchair":"no","opening_hours":"Mo-Fr 06:00-20:00; PH,Sa,Su 08:00-21:00","operator":null,"description":null,"password":null}},{"type":"Feature","geometry":{"type":"Point","coordinates":[14.4740102,50.078655]},"properties":{"id":"node/619170385","source":"osm","name":null,"fee":null,"charge":null,"access":"yes","wheelchair":null,"opening_hours":"Mo-Fr 06:00-21:00; PH,Sa,Su 08:00-21:00","operator":null,"description":null,"password":null}},{"type":"Feature","geometry":{"type":"Point","coordinates":[14.4610425,50.0778871]},"properties":{"id":"node/619170386","source":"osm","name":null,"fee":null,"charge":null,"access":"yes","wheelchair":null,"opening_hours":"Mo-Fr 06:00-21:00; Sa,Su,PH 08:00-21:00","operator":null,"description":null,"password":null}},{"type":"Feature","geometry":{"type":"Point","coordinates":[14.5263222,50.0304949]},"properties":{"id":"node/619170388","source":"osm","name":"Veřejné WC","fee":"yes","charge":"10 CZK","access":null,"wheelchair":"yes","opening_hours":"Mo-Fr 06:00-21:00; Sa,Su,PH 09:00-15:00","operator":null,"description":"little bit dirty","password":null}},{"type":"Feature","geometry":{"type":"Point","coordinates":[14.5600225,50.1068183]},"properties":{"id":"node/619170391","source":"osm","name":"Veřejné WC","fee":"yes","charge":null,"access":null,"wheelchair":"yes","opening_hours":"Mo-Fr 07:00-20:00; PH,Sa,Su 08:00-19:00","operator":null,"description":"Toalety se nacházejí ve 3. patře.","password":null}},{"type":"Feature","geometry":{"type":"Point","coordinates":[14.5156016,50.1104151]},"properties":{"id":"node/619170400","source":"osm","name":null,"fee":"yes","charge":null,"access":"yes","wheelchair":"yes","opening_hours":null,"operator":null,"description":null,"password":null}},{"type":"Feature","geometry":{"type":"Point","coordinates":[14.438444,50.0991496]},"properties":{"id":"node/619170401","source":"osm","name":"Veřejné WC","fee":"yes","charge":null,"access":null,"wheelchair":"no","opening_hours":"Mo-Fr 06:00-21:00; Sa,Su,PH 08:00-20:00","operator":null,"description":null,"password":null}},{"type":"Feature","geometry":{"type":"Point","coordinates":[14.4734032,50.1033963]},"properties":{"id":"node/619170402","source":"osm","name":"Veřejné WC","fee":"yes","charge":null,"access":null,"wheelchair":"yes","opening_hours":"Mo-Fr 06:00-21:00; Sa,Su,PH 08:00-20:00","operator":null,"description":null,"password":null}},{"type":"Feature","geometry":{"type":"Point","coordinates":[14.4688844,50.1266362]},"properties":{"id":"node/619170403","source":"osm","name":null,"fee":"yes","charge":"10 CZK","access":"yes","wheelchair":"yes","opening_hours":"Mo-Fr 06:30-20:00; Sa, Su 09:00-18:00; PH 09:00-15:00","operator":null,"description":null,"password":null}},{"type":"Feature","geometry":{"type":"Point","coordinates":[14.5376454,50.1066011]},"properties":{"id":"node/619170404","source":"osm","name":null,"fee":"yes","charge":null,"access":null,"wheelchair":"yes","opening_hours":null,"operator":null,"description":null,"password":null}},{"type":"Feature","geometry":{"type":"Point","coordinates":[14.3985258,50.0763026]},"properties":{"id":"node/632556065","source":"osm","name":null,"fee":"no","charge":null,"access":"yes","wheelchair":null,"opening_hours":null,"operator":null,"description":null,"password":null}},{"type":"Feature","geometry":{"type":"Point","coordinates":[14.5393483,50.0762136]},"properties":{"id":"node/1037208020","source":"osm","name":null,"fee":"no","charge":null,"access":"yes","wheelchair":null,"opening_hours":null,"operator":null,"description":null,"password":null}},{"type":"Feature","geometry":{"type":"Point","coordinates":[14.3984079,50.0922708]},"properties":{"id":"node/1096688573","source":"osm","name":null,"fee":"yes","charge":null,"access":"yes","wheelchair":"yes","opening_hours":null,"operator":null,"description":null,"password":null}},{"type":"Feature","geometry":{"type":"Point","coordinates":[14.4014428,50.0894432]},"properties":{"id":"node/1096688577","source":"osm","name":null,"fee":null,"charge":null,"access":null,"wheelchair":null,"opening_hours":null,"operator":null,"description":null,"password":null}},{"type":"Feature","geometry":{"type":"Point","coordinates":[14.4015854,50.090855]},"properties":{"id":"node/1096688612","source":"osm","name":null,"fee":"yes","charge":null,"access":null,"wheelchair":null,"opening_hours":"Mo-Su 09:00-17:00","operator":null,"description":null,"password":null}},{"type":"Feature","geometry":{"type":"Point","coordinates":[14.4012849,50.0903801]},"properties":{"id":"node/1096688616","source":"osm","name":null,"fee":"no","charge":null,"access":"yes","wheelchair":"no","opening_hours":"Mo-Su 09:00-17:00","operator":null,"description":null,"password":null}},{"type":"Feature","geometry":{"type":"Point","coordinates":[14.4018351,50.0904182]},"properties":{"id":"node/1096688622","source":"osm","name":null,"fee":"no","charge":null,"access":null,"wheelchair":null,"opening_hours":null,"operator":null,"description":null,"password":null}},{"type":"Feature","geometry":{"type":"Point","coordinates":[14.4091146,50.0894544]},"properties":{"id":"node/1229732613","source":"osm","name":null,"fee":"yes","charge":null,"access":null,"wheelchair":null,"opening_hours":"Mo-Su 09:00-19:45","operator":null,"description":null,"password":null}},{"type":"Feature","geometry":{"type":"Point","coordinates":[14.425938,50.096416]},"properties":{"id":"node/1229742718","source":"osm","name":null,"fee":"yes","charge":null,"access":"yes","wheelchair":"no","opening_hours":"Mo-Su 09:00-23:00","operator":null,"description":null,"password":null}},{"type":"Feature","geometry":{"type":"Point","coordinates":[14.4342115,50.08527]},"properties":{"id":"node/1358756043","source":"osm","name":null,"fee":"no","charge":null,"access":"yes","wheelchair":null,"opening_hours":null,"operator":null,"description":null,"password":null}},{"type":"Feature","geometry":{"type":"Point","coordinates":[14.4066102,50.1068793]},"properties":{"id":"node/1420903356","source":"osm","name":null,"fee":"no","charge":null,"access":null,"wheelchair":null,"opening_hours":null,"operator":null,"description":null,"password":null}},{"type":"Feature","geometry":{"type":"Point","coordinates":[14.4257408,50.0875462]},"properties":{"id":"node/1488480864","source":"osm","name":null,"fee":"yes","charge":null,"access":"yes","wheelchair":"yes","opening_hours":null,"operator":null,"description":null,"password":null}},{"type":"Feature","geometry":{"type":"Point","coordinates":[14.4935636,50.0715872]},"properties":{"id":"node/1797215129","source":"osm","name":null,"fee":null,"charge":null,"access":"customers","wheelchair":"yes","opening_hours":null,"operator":null,"description":null,"password":null}},{"type":"Feature","geometry":{"type":"Point","coordinates":[14.4137482,50.0739325]},"properties":{"id":"node/1799088851","source":"osm","name":null,"fee":"yes","charge":null,"access":null,"wheelchair":null,"opening_hours":null,"operator":null,"description":"Vstup z náplavky","password":null}},{"type":"Feature","geometry":{"type":"Point","coordinates":[14.2676868,50.1046632]},"properties":{"id":"node/1820676074","source":"osm","name":null,"fee":"no","charge":null,"access":"yes","wheelchair":null,"opening_hours":null,"operator":null,"description":null,"password":null}},{"type":"Feature","geometry":{"type":"Point","coordinates":[14.2665442,50.1053857]},"properties":{"id":"node/1820676077","source":"osm","name":null,"fee":"no","charge":null,"access":"yes","wheelchair":null,"opening_hours":null,"operator":null,"description":null,"password":null}},{"type":"Feature","geometry":{"type":"Point","coordinates":[14.4911077,50.0713266]},"properties":{"id":"node/1883993166","source":"osm","name":null,"fee":null,"charge":null,"access":null,"wheelchair":null,"opening_hours":null,"operator":null,"description":null,"password":null}},{"type":"Feature","geometry":{"type":"Point","coordinates":[14.4071703,50.119528]},"properties":{"id":"node/1940316517","source":"osm","name":null,"fee":"no","charge":null,"access":"customers","wheelchair":"no","opening_hours":null,"operator":null,"description":null,"password":null}},{"type":"Feature","geometry":{"type":"Point","coordinates":[14.4141483,50.0859571]},"properties":{"id":"node/1946542615","source":"osm","name":null,"fee":"yes","charge":null,"access":null,"wheelchair":null,"opening_hours":"Mo-Su 09:00-22:00","operator":null,"description":null,"password":null}},{"type":"Feature","geometry":{"type":"Point","coordinates":[14.417037,50.0901417]},"properties":{"id":"node/1948155685","source":"osm","name":null,"fee":"yes","charge":"25czk","access":"yes","wheelchair":null,"opening_hours":null,"operator":null,"description":null,"password":null}},{"type":"Feature","geometry":{"type":"Point","coordinates":[14.4222164,50.0876368]},"properties":{"id":"node/1948155695","source":"osm","name":null,"fee":"yes","charge":null,"access":null,"wheelchair":null,"opening_hours":null,"operator":null,"description":"20 kč / 1 €","password":null}},{"type":"Feature","geometry":{"type":"Point","coordinates":[14.407863,50.08326]},"properties":{"id":"node/1948155705","source":"osm","name":null,"fee":"yes","charge":null,"access":"yes","wheelchair":"yes","opening_hours":null,"operator":null,"description":null,"password":null}},{"type":"Feature","geometry":{"type":"Point","coordinates":[14.4202496,50.0837676]},"properties":{"id":"node/1990844650","source":"osm","name":null,"fee":"yes","charge":null,"access":"yes","wheelchair":"no","opening_hours":null,"operator":null,"description":null,"password":null}},{"type":"Feature","geometry":{"type":"Point","coordinates":[14.4526597,50.12341]},"properties":{"id":"node/2092146356","source":"osm","name":null,"fee":"yes","charge":null,"access":null,"wheelchair":null,"opening_hours":"Mo-Fr 07:00-21:00; Sa, Su 09:00-15:00","operator":null,"description":null,"password":null}},{"type":"Feature","geometry":{"type":"Point","coordinates":[14.429666,50.0495544]},"properties":{"id":"node/2197117362","source":"osm","name":null,"fee":"no","charge":null,"access":"private","wheelchair":"no","opening_hours":null,"operator":null,"description":null,"password":null}},{"type":"Feature","geometry":{"type":"Point","coordinates":[14.4019414,50.1186883]},"properties":{"id":"node/2242830326","source":"osm","name":null,"fee":"no","charge":null,"access":"customers","wheelchair":"no","opening_hours":null,"operator":null,"description":null,"password":null}},{"type":"Feature","geometry":{"type":"Point","coordinates":[14.4354987,50.0835545]},"properties":{"id":"node/2357131675","source":"osm","name":null,"fee":"no","charge":null,"access":null,"wheelchair":"yes","opening_hours":null,"operator":null,"description":null,"password":null}},{"type":"Feature","geometry":{"type":"Point","coordinates":[14.4129024,50.0811845]},"properties":{"id":"node/2359056135","source":"osm","name":null,"fee":"yes","charge":null,"access":null,"wheelchair":"no","opening_hours":null,"operator":null,"description":null,"password":null}},{"type":"Feature","geometry":{"type":"Point","coordinates":[14.4040941,50.1163454]},"properties":{"id":"node/2408590748","source":"osm","name":null,"fee":"no","charge":null,"access":"customers","wheelchair":"yes","opening_hours":null,"operator":null,"description":null,"password":null}},{"type":"Feature","geometry":{"type":"Point","coordinates":[14.4415274,50.0114794]},"properties":{"id":"node/2475691611","source":"osm","name":"WC (TOITOI)","fee":null,"charge":null,"access":null,"wheelchair":null,"opening_hours":null,"operator":null,"description":null,"password":null}},{"type":"Feature","geometry":{"type":"Point","coordinates":[14.4385479,50.0510299]},"properties":{"id":"node/2525562757","source":"osm","name":"Veřejné WC","fee":"no","charge":null,"access":"yes","wheelchair":"yes","opening_hours":null,"operator":null,"description":null,"password":null}},{"type":"Feature","geometry":{"type":"Point","coordinates":[14.4401601,50.0897705]},"properties":{"id":"node/2640708932","source":"osm","name":null,"fee":"yes","charge":null,"access":"yes","wheelchair":"yes","opening_hours":null,"operator":null,"description":null,"password":null}},{"type":"Feature","geometry":{"type":"Point","coordinates":[14.4453983,50.0986563]},"properties":{"id":"node/2691013566","source":"osm","name":null,"fee":"yes","charge":null,"access":null,"wheelchair":null,"opening_hours":null,"operator":null,"description":null,"password":null}},{"type":"Feature","geometry":{"type":"Point","coordinates":[14.4181952,50.127551]},"properties":{"id":"node/2792031912","source":"osm","name":null,"fee":"no","charge":null,"access":null,"wheelchair":"yes","opening_hours":null,"operator":null,"description":null,"password":null}},{"type":"Feature","geometry":{"type":"Point","coordinates":[14.502323,50.1104923]},"properties":{"id":"node/2794124047","source":"osm","name":null,"fee":"yes","charge":null,"access":null,"wheelchair":"yes","opening_hours":null,"operator":null,"description":null,"password":null}},{"type":"Feature","geometry":{"type":"Point","coordinates":[14.4077812,50.1188884]},"properties":{"id":"node/2813060617","source":"osm","name":null,"fee":"no","charge":null,"access":"customers","wheelchair":"no","opening_hours":null,"operator":null,"description":null,"password":null}},{"type":"Feature","geometry":{"type":"Point","coordinates":[14.4100678,50.0811909]},"properties":{"id":"node/2824693846","source":"osm","name":null,"fee":"yes","charge":"20 CZK / €1","access":"yes","wheelchair":"yes","opening_hours":"Apr-Oct 10:00-20:00","operator":null,"description":null,"password":null}},{"type":"Feature","geometry":{"type":"Point","coordinates":[14.6483011,50.0781019]},"properties":{"id":"node/2857998419","source":"osm","name":null,"fee":null,"charge":null,"access":"customers","wheelchair":null,"opening_hours":null,"operator":null,"description":null,"password":null}},{"type":"Feature","geometry":{"type":"Point","coordinates":[14.4019408,50.0732538]},"properties":{"id":"node/2909004799","source":"osm","name":null,"fee":"yes","charge":null,"access":null,"wheelchair":"yes","opening_hours":null,"operator":null,"description":null,"password":null}},{"type":"Feature","geometry":{"type":"Point","coordinates":[14.4060781,50.0895056]},"properties":{"id":"node/2914273729","source":"osm","name":null,"fee":"yes","charge":"20 CZK; 1 EUR","access":"yes","wheelchair":"yes","opening_hours":"09:00-19:00","operator":null,"description":null,"password":null}},{"type":"Feature","geometry":{"type":"Point","coordinates":[14.4083091,50.0923399]},"properties":{"id":"node/2926454153","source":"osm","name":null,"fee":null,"charge":null,"access":"yes","wheelchair":null,"opening_hours":null,"operator":null,"description":null,"password":null}},{"type":"Feature","geometry":{"type":"Point","coordinates":[14.4108817,50.1168814]},"properties":{"id":"node/2940468641","source":"osm","name":null,"fee":"no","charge":null,"access":"customers","wheelchair":"yes","opening_hours":null,"operator":null,"description":null,"password":null}},{"type":"Feature","geometry":{"type":"Point","coordinates":[14.3370738,50.0846883]},"properties":{"id":"node/3068334839","source":"osm","name":null,"fee":"no","charge":null,"access":"yes","wheelchair":"no","opening_hours":null,"operator":null,"description":"mobilní wc toi toi","password":null}},{"type":"Feature","geometry":{"type":"Point","coordinates":[14.4151865,50.1177827]},"properties":{"id":"node/3203070491","source":"osm","name":null,"fee":"no","charge":null,"access":null,"wheelchair":null,"opening_hours":null,"operator":null,"description":null,"password":null}},{"type":"Feature","geometry":{"type":"Point","coordinates":[14.4151554,50.1192421]},"properties":{"id":"node/3203070493","source":"osm","name":null,"fee":null,"charge":null,"access":"customers","wheelchair":"no","opening_hours":null,"operator":null,"description":"na zimu je wc odstěhováno","password":null}},{"type":"Feature","geometry":{"type":"Point","coordinates":[14.4146494,50.1218967]},"properties":{"id":"node/3205832908","source":"osm","name":null,"fee":null,"charge":null,"access":"customers","wheelchair":null,"opening_hours":null,"operator":null,"description":null,"password":null}},{"type":"Feature","geometry":{"type":"Point","coordinates":[14.5781078,50.1089897]},"properties":{"id":"node/3269062581","source":"osm","name":null,"fee":"yes","charge":null,"access":null,"wheelchair":"yes","opening_hours":"Mo-Fr 06:00-21:00; PH,Sa,Su 08:00-20:00","operator":null,"description":"Na autobusovém nádraží","password":null}},{"type":"Feature","geometry":{"type":"Point","coordinates":[14.3901758,50.0878662]},"properties":{"id":"node/3298547462","source":"osm","name":null,"fee":"yes","charge":null,"access":"yes","wheelchair":"yes","opening_hours":"Mo-Th 09:00-16:00; Fr-Su 09:00-17:00","operator":null,"description":null,"password":null}},{"type":"Feature","geometry":{"type":"Point","coordinates":[14.4094775,50.0909225]},"properties":{"id":"node/3298547463","source":"osm","name":null,"fee":"yes","charge":null,"access":"yes","wheelchair":"no","opening_hours":null,"operator":null,"description":"nachází se ve vestibulu metra","password":null}},{"type":"Feature","geometry":{"type":"Point","coordinates":[14.4171502,50.0874113]},"properties":{"id":"node/3298563305","source":"osm","name":null,"fee":"yes","charge":"10 CZK","access":"yes","wheelchair":"yes","opening_hours":null,"operator":null,"description":null,"password":null}},{"type":"Feature","geometry":{"type":"Point","coordinates":[14.421884,50.0878882]},"properties":{"id":"node/3298563306","source":"osm","name":null,"fee":"yes","charge":"20.00 CZK;1.00 EUR","access":null,"wheelchair":null,"opening_hours":"Mo-Su 09:00-20:00","operator":null,"description":null,"password":null}},{"type":"Feature","geometry":{"type":"Point","coordinates":[14.4978734,50.0358585]},"properties":{"id":"node/3310948192","source":"osm","name":null,"fee":"no","charge":null,"access":"yes","wheelchair":"no","opening_hours":null,"operator":null,"description":null,"password":null}},{"type":"Feature","geometry":{"type":"Point","coordinates":[14.5379185,50.054632]},"properties":{"id":"node/3370578354","source":"osm","name":null,"fee":null,"charge":null,"access":"customers","wheelchair":"yes","opening_hours":null,"operator":null,"description":null,"password":null}},{"type":"Feature","geometry":{"type":"Point","coordinates":[14.4431383,50.080476]},"properties":{"id":"node/3379257597","source":"osm","name":null,"fee":"no","charge":null,"access":null,"wheelchair":"no","opening_hours":null,"operator":null,"description":null,"password":null}},{"type":"Feature","geometry":{"type":"Point","coordinates":[14.4430852,50.0806585]},"properties":{"id":"node/3379257600","source":"osm","name":null,"fee":null,"charge":null,"access":null,"wheelchair":null,"opening_hours":null,"operator":null,"description":null,"password":null}},{"type":"Feature","geometry":{"type":"Point","coordinates":[14.4220898,50.0821624]},"properties":{"id":"node/3401438770","source":"osm","name":null,"fee":"no","charge":null,"access":null,"wheelchair":null,"opening_hours":null,"operator":null,"description":null,"password":null}},{"type":"Feature","geometry":{"type":"Point","coordinates":[14.3951853,50.0835057]},"properties":{"id":"node/3406917206","source":"osm","name":null,"fee":"yes","charge":null,"access":"yes","wheelchair":"limited","opening_hours":null,"operator":null,"description":null,"password":null}},{"type":"Feature","geometry":{"type":"Point","coordinates":[14.4088088,50.0924788]},"properties":{"id":"node/3407015306","source":"osm","name":null,"fee":"yes","charge":"1 EUR;20 CZK","access":"yes","wheelchair":"yes","opening_hours":null,"operator":null,"description":null,"password":null}},{"type":"Feature","geometry":{"type":"Point","coordinates":[14.4203372,50.086952]},"properties":{"id":"node/3407125197","source":"osm","name":null,"fee":"yes","charge":null,"access":"yes","wheelchair":"limited","opening_hours":"Mo-Su 10:00-19:00","operator":null,"description":null,"password":null}},{"type":"Feature","geometry":{"type":"Point","coordinates":[14.4435388,50.0826327]},"properties":{"id":"node/3444747906","source":"osm","name":null,"fee":"no","charge":null,"access":"yes","wheelchair":"yes","opening_hours":"Apr-Nov: 07:00-21:00","operator":null,"description":null,"password":null}},{"type":"Feature","geometry":{"type":"Point","coordinates":[14.4780355,50.0712747]},"properties":{"id":"node/3469671241","source":"osm","name":null,"fee":null,"charge":null,"access":"yes","wheelchair":null,"opening_hours":null,"operator":null,"description":"Toi Toi","password":null}},{"type":"Feature","geometry":{"type":"Point","coordinates":[14.3355129,50.0786748]},"properties":{"id":"node/3472684544","source":"osm","name":null,"fee":"no","charge":null,"access":"yes","wheelchair":"no","opening_hours":null,"operator":null,"description":"mobilní wc toi toi","password":null}},{"type":"Feature","geometry":{"type":"Point","coordinates":[14.3446925,50.0876155]},"properties":{"id":"node/3474538098","source":"osm","name":null,"fee":"yes","charge":null,"access":"yes","wheelchair":"yes","opening_hours":"Mo-Fr 06:00-21:00; Sa,Su 08:00-21:00","operator":null,"description":"vchod z boku budovy stanice metra v úrovni chodníku","password":null}},{"type":"Feature","geometry":{"type":"Point","coordinates":[14.4176579,50.0923439]},"properties":{"id":"node/3497621362","source":"osm","name":null,"fee":"yes","charge":"20 CZK","access":"yes","wheelchair":"no","opening_hours":"Mo-Su 10:00-19:00","operator":null,"description":null,"password":null}},{"type":"Feature","geometry":{"type":"Point","coordinates":[14.4044085,50.0919577]},"properties":{"id":"node/3531653840","source":"osm","name":null,"fee":"no","charge":"10 CZK","access":"yes","wheelchair":"no","opening_hours":null,"operator":null,"description":null,"password":null}},{"type":"Feature","geometry":{"type":"Point","coordinates":[14.5057443,50.1508353]},"properties":{"id":"node/3541488118","source":"osm","name":null,"fee":"no","charge":null,"access":"yes","wheelchair":"yes","opening_hours":null,"operator":null,"description":null,"password":null}},{"type":"Feature","geometry":{"type":"Point","coordinates":[14.4052974,50.0866405]},"properties":{"id":"node/3553798894","source":"osm","name":"Toilette","fee":null,"charge":null,"access":null,"wheelchair":"yes","opening_hours":null,"operator":null,"description":null,"password":null}},{"type":"Feature","geometry":{"type":"Point","coordinates":[14.427143,50.0615244]},"properties":{"id":"node/3617050381","source":"osm","name":null,"fee":"no","charge":null,"access":"permissive","wheelchair":null,"opening_hours":null,"operator":null,"description":null,"password":null}},{"type":"Feature","geometry":{"type":"Point","coordinates":[14.4969503,50.0849337]},"properties":{"id":"node/3625093359","source":"osm","name":null,"fee":"no","charge":null,"access":null,"wheelchair":"yes","opening_hours":null,"operator":null,"description":null,"password":null}},{"type":"Feature","geometry":{"type":"Point","coordinates":[14.4062669,50.1157256]},"properties":{"id":"node/3668096049","source":"osm","name":null,"fee":"no","charge":null,"access":"customers","wheelchair":"no","opening_hours":null,"operator":null,"description":null,"password":null}},{"type":"Feature","geometry":{"type":"Point","coordinates":[14.4088137,50.1166211]},"properties":{"id":"node/3671337795","source":"osm","name":null,"fee":"no","charge":null,"access":"customers","wheelchair":"yes","opening_hours":null,"operator":null,"description":null,"password":null}},{"type":"Feature","geometry":{"type":"Point","coordinates":[14.4109888,50.1166911]},"properties":{"id":"node/3671337797","source":"osm","name":null,"fee":"no","charge":null,"access":"customers","wheelchair":"no","opening_hours":null,"operator":null,"description":null,"password":null}},{"type":"Feature","geometry":{"type":"Point","coordinates":[14.4065346,50.117437]},"properties":{"id":"node/3671337798","source":"osm","name":null,"fee":"no","charge":null,"access":"customers","wheelchair":"no","opening_hours":null,"operator":null,"description":null,"password":null}},{"type":"Feature","geometry":{"type":"Point","coordinates":[14.4008454,50.1179761]},"properties":{"id":"node/3671626903","source":"osm","name":null,"fee":"no","charge":null,"access":"customers","wheelchair":"yes","opening_hours":null,"operator":null,"description":null,"password":null}},{"type":"Feature","geometry":{"type":"Point","coordinates":[14.3996055,50.1192013]},"properties":{"id":"node/3671626907","source":"osm","name":null,"fee":"no","charge":null,"access":"customers","wheelchair":"no","opening_hours":null,"operator":null,"description":null,"password":null}},{"type":"Feature","geometry":{"type":"Point","coordinates":[14.2682157,50.1084791]},"properties":{"id":"node/3749792288","source":"osm","name":null,"fee":null,"charge":null,"access":null,"wheelchair":"yes","opening_hours":null,"operator":null,"description":null,"password":null}},{"type":"Feature","geometry":{"type":"Point","coordinates":[14.4512209,50.1361811]},"properties":{"id":"node/3757073601","source":"osm","name":null,"fee":"no","charge":null,"access":"customers","wheelchair":"yes","opening_hours":null,"operator":null,"description":null,"password":null}},{"type":"Feature","geometry":{"type":"Point","coordinates":[14.4400781,50.1097946]},"properties":{"id":"node/3772866063","source":"osm","name":null,"fee":"yes","charge":"10 CZK","access":"yes","wheelchair":"yes","opening_hours":"24/7","operator":null,"description":null,"password":null}},{"type":"Feature","geometry":{"type":"Point","coordinates":[14.4300545,50.0893951]},"properties":{"id":"node/3813716094","source":"osm","name":null,"fee":"yes","charge":null,"access":null,"wheelchair":"yes","opening_hours":null,"operator":null,"description":null,"password":null}},{"type":"Feature","geometry":{"type":"Point","coordinates":[14.4441308,50.070484]},"properties":{"id":"node/3916053263","source":"osm","name":null,"fee":"no","charge":null,"access":"yes","wheelchair":null,"opening_hours":null,"operator":null,"description":null,"password":null}},{"type":"Feature","geometry":{"type":"Point","coordinates":[14.4342322,50.0563893]},"properties":{"id":"node/3936824169","source":"osm","name":null,"fee":"yes","charge":null,"access":null,"wheelchair":null,"opening_hours":null,"operator":null,"description":null,"password":null}},{"type":"Feature","geometry":{"type":"Point","coordinates":[14.418369,50.1237994]},"properties":{"id":"node/3939123168","source":"osm","name":null,"fee":"no","charge":null,"access":"customers","wheelchair":"yes","opening_hours":null,"operator":null,"description":null,"password":null}},{"type":"Feature","geometry":{"type":"Point","coordinates":[14.4912614,50.1043268]},"properties":{"id":"node/4007988379","source":"osm","name":null,"fee":"no","charge":null,"access":null,"wheelchair":null,"opening_hours":null,"operator":null,"description":null,"password":null}},{"type":"Feature","geometry":{"type":"Point","coordinates":[14.4653937,50.1090506]},"properties":{"id":"node/4118334762","source":"osm","name":null,"fee":"no","charge":null,"access":"yes","wheelchair":"yes","opening_hours":"24/7","operator":"ÚMČ Praha 8","description":null,"password":null}},{"type":"Feature","geometry":{"type":"Point","coordinates":[14.4943206,50.1110217]},"properties":{"id":"node/4120536433","source":"osm","name":null,"fee":null,"charge":null,"access":"customers","wheelchair":"no","opening_hours":null,"operator":null,"description":null,"password":null}},{"type":"Feature","geometry":{"type":"Point","coordinates":[14.4302281,50.0931558]},"properties":{"id":"node/4153060446","source":"osm","name":null,"fee":"no","charge":null,"access":"customers","wheelchair":"yes","opening_hours":null,"operator":null,"description":null,"password":null}},{"type":"Feature","geometry":{"type":"Point","coordinates":[14.3930112,50.1004877]},"properties":{"id":"node/4171179392","source":"osm","name":null,"fee":"yes","charge":null,"access":null,"wheelchair":"limited","opening_hours":"Mo-Fr 06:00-20:00; Sa,Su 08:00-20:00; PH 08:00-20:00","operator":null,"description":null,"password":null}},{"type":"Feature","geometry":{"type":"Point","coordinates":[14.4508756,50.0808959]},"properties":{"id":"node/4213598542","source":"osm","name":null,"fee":"yes","charge":null,"access":null,"wheelchair":"yes","opening_hours":null,"operator":null,"description":null,"password":null}},{"type":"Feature","geometry":{"type":"Point","coordinates":[14.2892414,50.0536681]},"properties":{"id":"node/4245196349","source":"osm","name":null,"fee":"no","charge":null,"access":null,"wheelchair":"yes","opening_hours":null,"operator":null,"description":null,"password":null}},{"type":"Feature","geometry":{"type":"Point","coordinates":[14.2865082,50.0538816]},"properties":{"id":"node/4245196350","source":"osm","name":null,"fee":"no","charge":null,"access":null,"wheelchair":"yes","opening_hours":null,"operator":null,"description":null,"password":null}},{"type":"Feature","geometry":{"type":"Point","coordinates":[14.2854407,50.0532031]},"properties":{"id":"node/4245196351","source":"osm","name":null,"fee":null,"charge":null,"access":null,"wheelchair":"yes","opening_hours":null,"operator":null,"description":null,"password":null}},{"type":"Feature","geometry":{"type":"Point","coordinates":[14.4220276,50.1029464]},"properties":{"id":"node/4253464154","source":"osm","name":null,"fee":"no","charge":null,"access":"yes","wheelchair":null,"opening_hours":null,"operator":null,"description":null,"password":null}},{"type":"Feature","geometry":{"type":"Point","coordinates":[14.4486701,50.0760724]},"properties":{"id":"node/4305061078","source":"osm","name":null,"fee":"no","charge":null,"access":"yes","wheelchair":"yes","opening_hours":null,"operator":null,"description":null,"password":null}},{"type":"Feature","geometry":{"type":"Point","coordinates":[14.4139263,50.1166153]},"properties":{"id":"node/4321849719","source":"osm","name":null,"fee":null,"charge":null,"access":null,"wheelchair":null,"opening_hours":null,"operator":null,"description":null,"password":null}},{"type":"Feature","geometry":{"type":"Point","coordinates":[14.4248751,50.0893706]},"properties":{"id":"node/4321864756","source":"osm","name":null,"fee":null,"charge":null,"access":null,"wheelchair":null,"opening_hours":null,"operator":null,"description":null,"password":null}},{"type":"Feature","geometry":{"type":"Point","coordinates":[14.4454052,50.1000838]},"properties":{"id":"node/4340851719","source":"osm","name":null,"fee":null,"charge":null,"access":"yes","wheelchair":null,"opening_hours":null,"operator":null,"description":null,"password":null}},{"type":"Feature","geometry":{"type":"Point","coordinates":[14.4615877,50.0785518]},"properties":{"id":"node/4407424281","source":"osm","name":null,"fee":"no","charge":null,"access":"customers","wheelchair":"yes","opening_hours":null,"operator":"OC Flóra","description":null,"password":null}},{"type":"Feature","geometry":{"type":"Point","coordinates":[14.4615838,50.07857]},"properties":{"id":"node/4407424282","source":"osm","name":null,"fee":"no","charge":null,"access":"customers","wheelchair":"yes","opening_hours":null,"operator":"OC Flóra","description":null,"password":null}},{"type":"Feature","geometry":{"type":"Point","coordinates":[14.4723038,50.1263152]},"properties":{"id":"node/4413053864","source":"osm","name":null,"fee":null,"charge":null,"access":null,"wheelchair":null,"opening_hours":null,"operator":null,"description":null,"password":null}},{"type":"Feature","geometry":{"type":"Point","coordinates":[14.413975,50.0856897]},"properties":{"id":"node/4460816465","source":"osm","name":null,"fee":null,"charge":null,"access":null,"wheelchair":null,"opening_hours":null,"operator":null,"description":null,"password":null}},{"type":"Feature","geometry":{"type":"Point","coordinates":[14.4196609,50.0872307]},"properties":{"id":"node/4460829168","source":"osm","name":null,"fee":"yes","charge":"20 CZK","access":"yes","wheelchair":"no","opening_hours":null,"operator":null,"description":"20 kč / 1 €","password":null}},{"type":"Feature","geometry":{"type":"Point","coordinates":[14.40511,50.0916744]},"properties":{"id":"node/4471336894","source":"osm","name":null,"fee":"yes","charge":null,"access":null,"wheelchair":"no","opening_hours":null,"operator":null,"description":null,"password":null}},{"type":"Feature","geometry":{"type":"Point","coordinates":[14.4227452,50.0791708]},"properties":{"id":"node/4472049020","source":"osm","name":null,"fee":"no","charge":null,"access":"yes","wheelchair":null,"opening_hours":null,"operator":null,"description":"V pasáži Úřadu městské části Praha 1","password":null}},{"type":"Feature","geometry":{"type":"Point","coordinates":[14.4210855,50.0821625]},"properties":{"id":"node/4488710350","source":"osm","name":null,"fee":"no","charge":null,"access":"yes","wheelchair":null,"opening_hours":null,"operator":null,"description":"V přízemí budovy Magistrátu hlavního města Prahy","password":null}},{"type":"Feature","geometry":{"type":"Point","coordinates":[14.4779852,50.0373974]},"properties":{"id":"node/4544771389","source":"osm","name":null,"fee":"yes","charge":"10 CZK","access":"yes","wheelchair":"limited","opening_hours":"Mo-Fr 06:00-19:30; Sa 08:00-20:00; Su 09:00-20:00","operator":null,"description":null,"password":null}},{"type":"Feature","geometry":{"type":"Point","coordinates":[14.4135539,50.1222218]},"properties":{"id":"node/4706421612","source":"osm","name":null,"fee":null,"charge":null,"access":"customers","wheelchair":null,"opening_hours":null,"operator":null,"description":null,"password":null}},{"type":"Feature","geometry":{"type":"Point","coordinates":[14.3470053,50.0957681]},"properties":{"id":"node/4706863276","source":"osm","name":null,"fee":"yes","charge":null,"access":null,"wheelchair":"yes","opening_hours":"Mo-Fr 06:00-21:00; Sa,Su 08:00-21:00","operator":null,"description":null,"password":null}},{"type":"Feature","geometry":{"type":"Point","coordinates":[14.3830795,50.0852528]},"properties":{"id":"node/4798905600","source":"osm","name":null,"fee":null,"charge":null,"access":null,"wheelchair":null,"opening_hours":null,"operator":null,"description":null,"password":null}},{"type":"Feature","geometry":{"type":"Point","coordinates":[14.4660806,50.0238984]},"properties":{"id":"node/4840673097","source":"osm","name":null,"fee":"no","charge":null,"access":"customers","wheelchair":"yes","opening_hours":null,"operator":null,"description":null,"password":null}},{"type":"Feature","geometry":{"type":"Point","coordinates":[14.42202,50.0636883]},"properties":{"id":"node/4867002863","source":"osm","name":null,"fee":"no","charge":null,"access":"permissive","wheelchair":null,"opening_hours":null,"operator":null,"description":null,"password":null}},{"type":"Feature","geometry":{"type":"Point","coordinates":[14.4037593,50.0286039]},"properties":{"id":"node/4879098557","source":"osm","name":null,"fee":"no","charge":null,"access":"yes","wheelchair":"yes","opening_hours":null,"operator":null,"description":null,"password":null}},{"type":"Feature","geometry":{"type":"Point","coordinates":[14.4518745,50.093375]},"properties":{"id":"node/4899417248","source":"osm","name":"Veřejné WC","fee":"yes","charge":null,"access":null,"wheelchair":"yes","opening_hours":"Mo-Fr 07:00-20:00; Sa,Su,PH 08:00-19:00","operator":null,"description":null,"password":null}},{"type":"Feature","geometry":{"type":"Point","coordinates":[14.4848926,50.0255927]},"properties":{"id":"node/4909464746","source":"osm","name":null,"fee":"no","charge":null,"access":"permissive","wheelchair":null,"opening_hours":"24/7","operator":null,"description":null,"password":null}},{"type":"Feature","geometry":{"type":"Point","coordinates":[14.508244,50.0279319]},"properties":{"id":"node/4952461522","source":"osm","name":null,"fee":"yes","charge":"10 CZK","access":"yes","wheelchair":null,"opening_hours":null,"operator":null,"description":null,"password":null}},{"type":"Feature","geometry":{"type":"Point","coordinates":[14.2969097,50.053015]},"properties":{"id":"node/4973185803","source":"osm","name":null,"fee":"no","charge":null,"access":null,"wheelchair":"yes","opening_hours":null,"operator":null,"description":null,"password":null}},{"type":"Feature","geometry":{"type":"Point","coordinates":[14.4442546,50.0900564]},"properties":{"id":"node/5010970675","source":"osm","name":null,"fee":null,"charge":null,"access":"customers","wheelchair":null,"opening_hours":null,"operator":null,"description":null,"password":null}},{"type":"Feature","geometry":{"type":"Point","coordinates":[14.3878975,50.093968]},"properties":{"id":"node/5032063028","source":"osm","name":null,"fee":"no","charge":null,"access":null,"wheelchair":"no","opening_hours":null,"operator":"Museum of Transport","description":null,"password":null}},{"type":"Feature","geometry":{"type":"Point","coordinates":[14.5399587,50.0280387]},"properties":{"id":"node/5129063559","source":"osm","name":null,"fee":"no","charge":null,"access":null,"wheelchair":"yes","opening_hours":null,"operator":null,"description":null,"password":null}},{"type":"Feature","geometry":{"type":"Point","coordinates":[14.4221311,50.0628022]},"properties":{"id":"node/5141272124","source":"osm","name":null,"fee":"yes","charge":"20 CZK","access":null,"wheelchair":"yes","opening_hours":"Mo-Su 10:00-18:00","operator":null,"description":null,"password":null}},{"type":"Feature","geometry":{"type":"Point","coordinates":[14.4488679,50.1002386]},"properties":{"id":"node/5157792621","source":"osm","name":null,"fee":"no","charge":null,"access":null,"wheelchair":"yes","opening_hours":null,"operator":null,"description":null,"password":null}},{"type":"Feature","geometry":{"type":"Point","coordinates":[14.4145016,50.0691273]},"properties":{"id":"node/5196387028","source":"osm","name":null,"fee":"no","charge":null,"access":null,"wheelchair":"no","opening_hours":null,"operator":null,"description":null,"password":null}},{"type":"Feature","geometry":{"type":"Point","coordinates":[14.3268936,50.0838776]},"properties":{"id":"node/5332921850","source":"osm","name":null,"fee":"no","charge":null,"access":"yes","wheelchair":"no","opening_hours":null,"operator":null,"description":"mobilní wc toi toi","password":null}},{"type":"Feature","geometry":{"type":"Point","coordinates":[14.3420988,50.081102]},"properties":{"id":"node/5332921851","source":"osm","name":null,"fee":"no","charge":null,"access":"yes","wheelchair":"no","opening_hours":null,"operator":null,"description":"mobilní wc toi toi","password":null}},{"type":"Feature","geometry":{"type":"Point","coordinates":[14.5707595,50.1111122]},"properties":{"id":"node/5452091521","source":"osm","name":null,"fee":null,"charge":null,"access":null,"wheelchair":null,"opening_hours":null,"operator":null,"description":null,"password":null}},{"type":"Feature","geometry":{"type":"Point","coordinates":[14.4397621,50.0511965]},"properties":{"id":"node/5470581177","source":"osm","name":"Veřejné WC","fee":null,"charge":null,"access":null,"wheelchair":null,"opening_hours":"Mo-Fr 06:00-21:00; Sa,Su,PH 08:00-21:00","operator":null,"description":null,"password":null}},{"type":"Feature","geometry":{"type":"Point","coordinates":[14.3571786,49.965689]},"properties":{"id":"node/5525084547","source":"osm","name":null,"fee":null,"charge":null,"access":null,"wheelchair":null,"opening_hours":null,"operator":null,"description":null,"password":null}},{"type":"Feature","geometry":{"type":"Point","coordinates":[14.4064877,50.117483]},"properties":{"id":"node/5528816683","source":"osm","name":"Cernohouska Toilets","fee":null,"charge":null,"access":null,"wheelchair":null,"opening_hours":null,"operator":null,"description":null,"password":null}},{"type":"Feature","geometry":{"type":"Point","coordinates":[14.401552,50.0913989]},"properties":{"id":"node/5530971751","source":"osm","name":null,"fee":"yes","charge":null,"access":null,"wheelchair":"no","opening_hours":null,"operator":null,"description":null,"password":null}},{"type":"Feature","geometry":{"type":"Point","coordinates":[14.4286129,50.0884275]},"properties":{"id":"node/5585669824","source":"osm","name":null,"fee":"yes","charge":null,"access":null,"wheelchair":null,"opening_hours":"Mo-Fr 06:00-21:00; Sa,Su,PH 08:00-20:00","operator":null,"description":null,"password":null}},{"type":"Feature","geometry":{"type":"Point","coordinates":[14.4162553,50.068174]},"properties":{"id":"node/5596477933","source":"osm","name":null,"fee":"no","charge":null,"access":null,"wheelchair":"yes","opening_hours":null,"operator":null,"description":null,"password":null}},{"type":"Feature","geometry":{"type":"Point","coordinates":[14.4059881,50.0910556]},"properties":{"id":"node/5605407321","source":"osm","name":null,"fee":null,"charge":null,"access":null,"wheelchair":null,"opening_hours":null,"operator":null,"description":null,"password":null}},{"type":"Feature","geometry":{"type":"Point","coordinates":[14.4048822,50.1384644]},"properties":{"id":"node/5631071057","source":"osm","name":null,"fee":null,"charge":null,"access":null,"wheelchair":null,"opening_hours":null,"operator":null,"description":null,"password":null}},{"type":"Feature","geometry":{"type":"Point","coordinates":[14.265427,50.105896]},"properties":{"id":"node/5845625686","source":"osm","name":null,"fee":"no","charge":null,"access":null,"wheelchair":"yes","opening_hours":null,"operator":null,"description":null,"password":null}},{"type":"Feature","geometry":{"type":"Point","coordinates":[14.516788,50.0534634]},"properties":{"id":"node/5863161631","source":"osm","name":null,"fee":"no","charge":null,"access":null,"wheelchair":"yes","opening_hours":null,"operator":null,"description":null,"password":null}},{"type":"Feature","geometry":{"type":"Point","coordinates":[14.5180788,50.0535148]},"properties":{"id":"node/5871468561","source":"osm","name":null,"fee":null,"charge":null,"access":null,"wheelchair":null,"opening_hours":null,"operator":null,"description":null,"password":null}},{"type":"Feature","geometry":{"type":"Point","coordinates":[14.5178862,50.0536087]},"properties":{"id":"node/5871468562","source":"osm","name":null,"fee":null,"charge":null,"access":null,"wheelchair":null,"opening_hours":null,"operator":null,"description":null,"password":null}},{"type":"Feature","geometry":{"type":"Point","coordinates":[14.5181149,50.0531164]},"properties":{"id":"node/5871468573","source":"osm","name":null,"fee":"no","charge":null,"access":null,"wheelchair":"yes","opening_hours":null,"operator":null,"description":null,"password":null}},{"type":"Feature","geometry":{"type":"Point","coordinates":[14.4032207,50.0828926]},"properties":{"id":"node/5878335830","source":"osm","name":null,"fee":null,"charge":null,"access":null,"wheelchair":"yes","opening_hours":null,"operator":null,"description":null,"password":null}},{"type":"Feature","geometry":{"type":"Point","coordinates":[14.4300136,50.0893818]},"properties":{"id":"node/5917583421","source":"osm","name":null,"fee":"yes","charge":null,"access":null,"wheelchair":"yes","opening_hours":null,"operator":null,"description":null,"password":null}},{"type":"Feature","geometry":{"type":"Point","coordinates":[14.4203907,50.0959242]},"properties":{"id":"node/5966188944","source":"osm","name":null,"fee":"no","charge":null,"access":null,"wheelchair":"yes","opening_hours":null,"operator":null,"description":null,"password":null}},{"type":"Feature","geometry":{"type":"Point","coordinates":[14.5017222,50.1013702]},"properties":{"id":"node/6004176386","source":"osm","name":null,"fee":"yes","charge":null,"access":null,"wheelchair":"no","opening_hours":"Mo-Su 03:30-01:10","operator":null,"description":null,"password":null}},{"type":"Feature","geometry":{"type":"Point","coordinates":[14.4187547,50.1277508]},"properties":{"id":"node/6178496884","source":"osm","name":null,"fee":"no","charge":null,"access":null,"wheelchair":"yes","opening_hours":null,"operator":null,"description":null,"password":null}},{"type":"Feature","geometry":{"type":"Point","coordinates":[14.4201778,50.1051867]},"properties":{"id":"node/6276517569","source":"osm","name":null,"fee":null,"charge":null,"access":null,"wheelchair":null,"opening_hours":null,"operator":null,"description":null,"password":null}},{"type":"Feature","geometry":{"type":"Point","coordinates":[14.4692325,50.1272419]},"properties":{"id":"node/6461222669","source":"osm","name":null,"fee":"no","charge":null,"access":"customers","wheelchair":"yes","opening_hours":null,"operator":null,"description":null,"password":null}},{"type":"Feature","geometry":{"type":"Point","coordinates":[14.42003,50.0812567]},"properties":{"id":"node/6471967443","source":"osm","name":null,"fee":"yes","charge":null,"access":null,"wheelchair":"yes","opening_hours":null,"operator":null,"description":null,"password":null}},{"type":"Feature","geometry":{"type":"Point","coordinates":[14.4461318,50.0683928]},"properties":{"id":"node/6498357885","source":"osm","name":null,"fee":"no","charge":null,"access":null,"wheelchair":null,"opening_hours":null,"operator":null,"description":null,"password":null}},{"type":"Feature","geometry":{"type":"Point","coordinates":[14.4990305,50.0928916]},"properties":{"id":"node/6502182709","source":"osm","name":null,"fee":"yes","charge":null,"access":null,"wheelchair":"yes","opening_hours":"Mo-Su 07:00-22:00","operator":"Kaufland","description":null,"password":null}},{"type":"Feature","geometry":{"type":"Point","coordinates":[14.3934573,50.0858717]},"properties":{"id":"node/6516546465","source":"osm","name":null,"fee":"no","charge":null,"access":"yes","wheelchair":"no","opening_hours":"24/7","operator":null,"description":"mobilní wc toi toi","password":null}},{"type":"Feature","geometry":{"type":"Point","coordinates":[14.4140641,50.0864422]},"properties":{"id":"node/6644534533","source":"osm","name":null,"fee":"yes","charge":null,"access":null,"wheelchair":"no","opening_hours":"May-Sep 10:00-19:00; Oct-Apr 10:00-18:00","operator":null,"description":null,"password":null}},{"type":"Feature","geometry":{"type":"Point","coordinates":[14.4071923,50.0867077]},"properties":{"id":"node/6644559480","source":"osm","name":null,"fee":null,"charge":null,"access":"customers","wheelchair":null,"opening_hours":"10:00-19:00","operator":"Muzeum Karla Zemana","description":null,"password":null}},{"type":"Feature","geometry":{"type":"Point","coordinates":[14.5642434,50.0305255]},"properties":{"id":"node/6714893302","source":"osm","name":null,"fee":null,"charge":null,"access":"customers","wheelchair":"no","opening_hours":null,"operator":null,"description":null,"password":null}},{"type":"Feature","geometry":{"type":"Point","coordinates":[14.4093408,50.0772753]},"properties":{"id":"node/6752604285","source":"osm","name":null,"fee":null,"charge":null,"access":null,"wheelchair":null,"opening_hours":null,"operator":null,"description":null,"password":null}},{"type":"Feature","geometry":{"type":"Point","coordinates":[14.4288163,50.1042598]},"properties":{"id":"node/6909296630","source":"osm","name":null,"fee":null,"charge":null,"access":null,"wheelchair":null,"opening_hours":null,"operator":null,"description":null,"password":null}},{"type":"Feature","geometry":{"type":"Point","coordinates":[14.4170249,50.1106984]},"properties":{"id":"node/6909296631","source":"osm","name":null,"fee":"no","charge":null,"access":null,"wheelchair":"no","opening_hours":null,"operator":null,"description":null,"password":null}},{"type":"Feature","geometry":{"type":"Point","coordinates":[14.4183509,50.1094436]},"properties":{"id":"node/6909296632","source":"osm","name":null,"fee":"no","charge":null,"access":"yes","wheelchair":null,"opening_hours":"24/7","operator":null,"description":"mobilní wc toi toi","password":null}},{"type":"Feature","geometry":{"type":"Point","coordinates":[14.4148633,50.1073492]},"properties":{"id":"node/6909296642","source":"osm","name":null,"fee":"no","charge":null,"access":null,"wheelchair":"no","opening_hours":null,"operator":null,"description":null,"password":null}},{"type":"Feature","geometry":{"type":"Point","coordinates":[14.4187215,50.1086727]},"properties":{"id":"node/6909296654","source":"osm","name":null,"fee":"no","charge":null,"access":null,"wheelchair":"no","opening_hours":"24/7","operator":null,"description":null,"password":null}},{"type":"Feature","geometry":{"type":"Point","coordinates":[14.2653393,50.1052784]},"properties":{"id":"node/6914558585","source":"osm","name":null,"fee":null,"charge":null,"access":null,"wheelchair":null,"opening_hours":null,"operator":null,"description":null,"password":null}},{"type":"Feature","geometry":{"type":"Point","coordinates":[14.464333,50.1154713]},"properties":{"id":"node/7071841763","source":"osm","name":null,"fee":"no","charge":null,"access":"key","wheelchair":"yes","opening_hours":"24/7","operator":null,"description":null,"password":null}},{"type":"Feature","geometry":{"type":"Point","coordinates":[14.4479223,50.0443094]},"properties":{"id":"node/7109621388","source":"osm","name":null,"fee":"yes","charge":null,"access":null,"wheelchair":null,"opening_hours":null,"operator":null,"description":null,"password":null}},{"type":"Feature","geometry":{"type":"Point","coordinates":[14.426629,50.0847705]},"properties":{"id":"node/7109621389","source":"osm","name":null,"fee":"yes","charge":null,"access":null,"wheelchair":null,"opening_hours":null,"operator":null,"description":null,"password":null}},{"type":"Feature","geometry":{"type":"Point","coordinates":[14.4994497,50.1186556]},"properties":{"id":"node/7215854688","source":"osm","name":null,"fee":"yes","charge":null,"access":null,"wheelchair":"yes","opening_hours":"Mo-Fr 09:00-19:00","operator":null,"description":null,"password":null}},{"type":"Feature","geometry":{"type":"Point","coordinates":[14.599777,50.032185]},"properties":{"id":"node/7379144521","source":"osm","name":null,"fee":"yes","charge":null,"access":"yes","wheelchair":"yes","opening_hours":null,"operator":null,"description":null,"password":null}},{"type":"Feature","geometry":{"type":"Point","coordinates":[14.3230104,50.0454198]},"properties":{"id":"node/7580461498","source":"osm","name":"Veřejné WC","fee":null,"charge":null,"access":null,"wheelchair":null,"opening_hours":null,"operator":null,"description":null,"password":null}},{"type":"Feature","geometry":{"type":"Point","coordinates":[14.5254822,50.1474688]},"properties":{"id":"node/7588338350","source":"osm","name":null,"fee":null,"charge":null,"access":"customers","wheelchair":null,"opening_hours":null,"operator":null,"description":null,"password":null}},{"type":"Feature","geometry":{"type":"Point","coordinates":[14.4487117,50.0962196]},"properties":{"id":"node/7632243797","source":"osm","name":null,"fee":"no","charge":null,"access":"permissive","wheelchair":"no","opening_hours":null,"operator":null,"description":null,"password":null}},{"type":"Feature","geometry":{"type":"Point","coordinates":[14.4472167,50.0990552]},"properties":{"id":"node/7834869285","source":"osm","name":null,"fee":null,"charge":null,"access":null,"wheelchair":null,"opening_hours":null,"operator":null,"description":null,"password":null}},{"type":"Feature","geometry":{"type":"Point","coordinates":[14.5010311,50.1355033]},"properties":{"id":"node/7836903686","source":"osm","name":null,"fee":"no","charge":null,"access":"yes","wheelchair":"yes","opening_hours":"09:00-21:00","operator":null,"description":null,"password":null}},{"type":"Feature","geometry":{"type":"Point","coordinates":[14.4396479,50.0893124]},"properties":{"id":"node/7944873176","source":"osm","name":null,"fee":"yes","charge":null,"access":null,"wheelchair":null,"opening_hours":null,"operator":null,"description":null,"password":null}},{"type":"Feature","geometry":{"type":"Point","coordinates":[14.502262,50.1381244]},"properties":{"id":"node/7954242000","source":"osm","name":null,"fee":"no","charge":null,"access":"yes","wheelchair":"yes","opening_hours":"09:00-21:00","operator":null,"description":null,"password":null}},{"type":"Feature","geometry":{"type":"Point","coordinates":[14.5841549,50.1076785]},"properties":{"id":"node/8099256407","source":"osm","name":null,"fee":null,"charge":null,"access":"customers","wheelchair":null,"opening_hours":null,"operator":null,"description":null,"password":null}},{"type":"Feature","geometry":{"type":"Point","coordinates":[14.4888148,50.0744584]},"properties":{"id":"node/8116999850","source":"osm","name":null,"fee":null,"charge":null,"access":"yes","wheelchair":"no","opening_hours":null,"operator":null,"description":null,"password":null}},{"type":"Feature","geometry":{"type":"Point","coordinates":[14.3732796,50.098131]},"properties":{"id":"node/8141551720","source":"osm","name":null,"fee":"yes","charge":"10 CZK","access":"permissive","wheelchair":"no","opening_hours":"24/7","operator":"Praha 6","description":null,"password":null}},{"type":"Feature","geometry":{"type":"Point","coordinates":[14.4065304,50.0874066]},"properties":{"id":"node/8173694866","source":"osm","name":null,"fee":"yes","charge":"20 CZK","access":null,"wheelchair":null,"opening_hours":null,"operator":null,"description":null,"password":null}},{"type":"Feature","geometry":{"type":"Point","coordinates":[14.4892867,50.1259527]},"properties":{"id":"node/8324246318","source":"osm","name":null,"fee":"yes","charge":null,"access":null,"wheelchair":"yes","opening_hours":"Sa,Su 08:00-17:00; Mo-Fr 07:00-19:00","operator":null,"description":"v metru","password":null}},{"type":"Feature","geometry":{"type":"Point","coordinates":[14.4904073,50.0709994]},"properties":{"id":"node/8342429456","source":"osm","name":null,"fee":null,"charge":null,"access":null,"wheelchair":null,"opening_hours":null,"operator":null,"description":null,"password":null}},{"type":"Feature","geometry":{"type":"Point","coordinates":[14.4682532,50.102408]},"properties":{"id":"node/8410636874","source":"osm","name":null,"fee":"yes","charge":null,"access":"yes","wheelchair":"yes","opening_hours":null,"operator":null,"description":null,"password":null}},{"type":"Feature","geometry":{"type":"Point","coordinates":[14.4170254,50.1128254]},"properties":{"id":"node/8410691590","source":"osm","name":null,"fee":"yes","charge":null,"access":"customers","wheelchair":null,"opening_hours":null,"operator":null,"description":null,"password":null}},{"type":"Feature","geometry":{"type":"Point","coordinates":[14.484262,50.0770183]},"properties":{"id":"node/8436220834","source":"osm","name":null,"fee":null,"charge":null,"access":null,"wheelchair":null,"opening_hours":null,"operator":null,"description":null,"password":null}},{"type":"Feature","geometry":{"type":"Point","coordinates":[14.4087424,50.0603385]},"properties":{"id":"node/8458246252","source":"osm","name":null,"fee":"yes","charge":null,"access":"yes","wheelchair":null,"opening_hours":null,"operator":null,"description":null,"password":null}},{"type":"Feature","geometry":{"type":"Point","coordinates":[14.3983169,50.0770992]},"properties":{"id":"node/8512900801","source":"osm","name":null,"fee":null,"charge":null,"access":null,"wheelchair":null,"opening_hours":null,"operator":null,"description":null,"password":null}},{"type":"Feature","geometry":{"type":"Point","coordinates":[14.4714632,50.0553866]},"properties":{"id":"node/8611604745","source":"osm","name":null,"fee":null,"charge":null,"access":"customers","wheelchair":null,"opening_hours":null,"operator":null,"description":null,"password":null}},{"type":"Feature","geometry":{"type":"Point","coordinates":[14.3068622,50.0403284]},"properties":{"id":"node/8619141222","source":"osm","name":null,"fee":null,"charge":null,"access":null,"wheelchair":null,"opening_hours":null,"operator":null,"description":null,"password":null}},{"type":"Feature","geometry":{"type":"Point","coordinates":[14.4462166,50.051192]},"properties":{"id":"node/8659861232","source":"osm","name":null,"fee":null,"charge":null,"access":"customers","wheelchair":null,"opening_hours":null,"operator":null,"description":null,"password":null}},{"type":"Feature","geometry":{"type":"Point","coordinates":[14.4993725,50.1193739]},"properties":{"id":"node/8662174633","source":"osm","name":null,"fee":null,"charge":null,"access":"customers","wheelchair":"yes","opening_hours":null,"operator":null,"description":null,"password":null}},{"type":"Feature","geometry":{"type":"Point","coordinates":[14.51701,50.1030004]},"properties":{"id":"node/8680697639","source":"osm","name":null,"fee":null,"charge":null,"access":"customers","wheelchair":"yes","opening_hours":null,"operator":null,"description":null,"password":null}},{"type":"Feature","geometry":{"type":"Point","coordinates":[14.4244122,50.1138481]},"properties":{"id":"node/8807396238","source":"osm","name":null,"fee":null,"charge":null,"access":"customers","wheelchair":"no","opening_hours":null,"operator":null,"description":null,"password":null}},{"type":"Feature","geometry":{"type":"Point","coordinates":[14.3224226,50.0451989]},"properties":{"id":"node/8887302192","source":"osm","name":"Veřejné WC","fee":null,"charge":null,"access":null,"wheelchair":null,"opening_hours":"Mo-Fr 07:00-20:00; PH,Sa,Su 08:00-19:00","operator":null,"description":null,"password":null}},{"type":"Feature","geometry":{"type":"Point","coordinates":[14.3866391,50.0179307]},"properties":{"id":"node/8887506474","source":"osm","name":null,"fee":null,"charge":null,"access":null,"wheelchair":null,"opening_hours":null,"operator":null,"description":null,"password":null}},{"type":"Feature","geometry":{"type":"Point","coordinates":[14.4137527,50.0731649]},"properties":{"id":"node/8893041922","source":"osm","name":null,"fee":"no","charge":null,"access":null,"wheelchair":"no","opening_hours":null,"operator":null,"description":null,"password":null}},{"type":"Feature","geometry":{"type":"Point","coordinates":[14.2639659,50.1060328]},"properties":{"id":"node/8985356817","source":"osm","name":null,"fee":"no","charge":null,"access":null,"wheelchair":"yes","opening_hours":null,"operator":null,"description":null,"password":null}},{"type":"Feature","geometry":{"type":"Point","coordinates":[14.3866969,50.0910406]},"properties":{"id":"node/9032490788","source":"osm","name":null,"fee":"yes","charge":"10 CZK","access":null,"wheelchair":"no","opening_hours":null,"operator":null,"description":null,"password":null}},{"type":"Feature","geometry":{"type":"Point","coordinates":[14.40497,50.0864841]},"properties":{"id":"node/9062899722","source":"osm","name":null,"fee":null,"charge":null,"access":null,"wheelchair":"limited","opening_hours":null,"operator":null,"description":null,"password":null}},{"type":"Feature","geometry":{"type":"Point","coordinates":[14.4315541,50.0499276]},"properties":{"id":"node/9074729421","source":"osm","name":null,"fee":"no","charge":null,"access":null,"wheelchair":null,"opening_hours":null,"operator":null,"description":null,"password":null}},{"type":"Feature","geometry":{"type":"Point","coordinates":[14.4108212,50.0712549]},"properties":{"id":"node/9079138485","source":"osm","name":null,"fee":"no","charge":null,"access":null,"wheelchair":"limited","opening_hours":null,"operator":null,"description":null,"password":null}},{"type":"Feature","geometry":{"type":"Point","coordinates":[14.4111813,50.0695035]},"properties":{"id":"node/9095300717","source":"osm","name":null,"fee":null,"charge":null,"access":null,"wheelchair":null,"opening_hours":null,"operator":null,"description":null,"password":null}},{"type":"Feature","geometry":{"type":"Point","coordinates":[14.4111912,50.0694555]},"properties":{"id":"node/9099064417","source":"osm","name":null,"fee":null,"charge":null,"access":null,"wheelchair":null,"opening_hours":null,"operator":null,"description":null,"password":null}},{"type":"Feature","geometry":{"type":"Point","coordinates":[14.3529652,50.0509893]},"properties":{"id":"node/9327568428","source":"osm","name":null,"fee":"yes","charge":null,"access":"yes","wheelchair":"yes","opening_hours":"Mo-Fr 07:00-20:00; Sa,Su,PH 08:00-19:00","operator":null,"description":null,"password":null}},{"type":"Feature","geometry":{"type":"Point","coordinates":[14.542754,50.0724214]},"properties":{"id":"node/9379937698","source":"osm","name":null,"fee":"no","charge":null,"access":"customers","wheelchair":"yes","opening_hours":"Mo-Su 08:00-21:00","operator":null,"description":null,"password":null}},{"type":"Feature","geometry":{"type":"Point","coordinates":[14.5015197,50.1013143]},"properties":{"id":"node/9397069498","source":"osm","name":null,"fee":"no","charge":null,"access":"private","wheelchair":"designated","opening_hours":"24/7","operator":null,"description":null,"password":null}},{"type":"Feature","geometry":{"type":"Point","coordinates":[14.5045217,50.0621598]},"properties":{"id":"node/9399787250","source":"osm","name":null,"fee":null,"charge":null,"access":"customers","wheelchair":"yes","opening_hours":"Mo-Fr 06:05-17:55; Sa 06:20-15:20; Su 07:05-17:20","operator":"České dráhy","description":null,"password":null}},{"type":"Feature","geometry":{"type":"Point","coordinates":[14.4839625,50.0137186]},"properties":{"id":"node/9439318618","source":"osm","name":null,"fee":"no","charge":null,"access":"customers","wheelchair":"no","opening_hours":null,"operator":null,"description":null,"password":null}},{"type":"Feature","geometry":{"type":"Point","coordinates":[14.4182372,50.0058741]},"properties":{"id":"node/9597830234","source":"osm","name":null,"fee":"yes","charge":null,"access":null,"wheelchair":"yes","opening_hours":null,"operator":null,"description":null,"password":null}},{"type":"Feature","geometry":{"type":"Point","coordinates":[14.5124902,50.1085296]},"properties":{"id":"node/9706627535","source":"osm","name":null,"fee":null,"charge":null,"access":null,"wheelchair":null,"opening_hours":null,"operator":null,"description":null,"password":null}},{"type":"Feature","geometry":{"type":"Point","coordinates":[14.4765355,50.0748235]},"properties":{"id":"node/9717593093","source":"osm","name":null,"fee":null,"charge":null,"access":"customers","wheelchair":null,"opening_hours":null,"operator":null,"description":null,"password":null}},{"type":"Feature","geometry":{"type":"Point","coordinates":[14.4546911,50.0704737]},"properties":{"id":"node/9875977070","source":"osm","name":null,"fee":null,"charge":null,"access":null,"wheelchair":null,"opening_hours":null,"operator":"Dixi","description":null,"password":null}},{"type":"Feature","geometry":{"type":"Point","coordinates":[14.5137639,50.0099505]},"properties":{"id":"node/9923853567","source":"osm","name":null,"fee":null,"charge":null,"access":"customers","wheelchair":null,"opening_hours":null,"operator":null,"description":null,"password":null}},{"type":"Feature","geometry":{"type":"Point","coordinates":[14.4504916,50.0431214]},"properties":{"id":"node/9929172824","source":"osm","name":null,"fee":"no","charge":null,"access":"yes","wheelchair":null,"opening_hours":null,"operator":null,"description":null,"password":null}},{"type":"Feature","geometry":{"type":"Point","coordinates":[14.5805575,50.0882865]},"properties":{"id":"node/9997526487","source":"osm","name":null,"fee":null,"charge":null,"access":"customers","wheelchair":null,"opening_hours":null,"operator":null,"description":null,"password":null}},{"type":"Feature","geometry":{"type":"Point","coordinates":[14.262974,50.1066706]},"properties":{"id":"node/10034657628","source":"osm","name":null,"fee":"no","charge":null,"access":null,"wheelchair":"yes","opening_hours":null,"operator":null,"description":null,"password":null}},{"type":"Feature","geometry":{"type":"Point","coordinates":[14.5358993,50.1250579]},"properties":{"id":"node/10060759041","source":"osm","name":null,"fee":"no","charge":null,"access":"permissive","wheelchair":"yes","opening_hours":null,"operator":null,"description":null,"password":null}},{"type":"Feature","geometry":{"type":"Point","coordinates":[14.3069313,50.090912]},"properties":{"id":"node/10068808365","source":"osm","name":null,"fee":"yes","charge":null,"access":"yes","wheelchair":null,"opening_hours":"24/7","operator":null,"description":null,"password":null}},{"type":"Feature","geometry":{"type":"Point","coordinates":[14.4033388,50.1206313]},"properties":{"id":"node/10089953811","source":"osm","name":null,"fee":null,"charge":null,"access":"customers","wheelchair":null,"opening_hours":null,"operator":null,"description":null,"password":null}},{"type":"Feature","geometry":{"type":"Point","coordinates":[14.4345403,50.0840706]},"properties":{"id":"node/10093112219","source":"osm","name":null,"fee":"yes","charge":"20 CZK","access":null,"wheelchair":null,"opening_hours":null,"operator":null,"description":null,"password":null}},{"type":"Feature","geometry":{"type":"Point","coordinates":[14.4350137,50.0827344]},"properties":{"id":"node/10099791101","source":"osm","name":null,"fee":"yes","charge":"20 CZK","access":"yes","wheelchair":"yes","opening_hours":"24/7","operator":null,"description":null,"password":null}},{"type":"Feature","geometry":{"type":"Point","coordinates":[14.4244229,50.0812259]},"properties":{"id":"node/10120629090","source":"osm","name":null,"fee":"no","charge":null,"access":"customers","wheelchair":"yes","opening_hours":null,"operator":null,"description":null,"password":null}},{"type":"Feature","geometry":{"type":"Point","coordinates":[14.4242684,50.0873309]},"properties":{"id":"node/10120638519","source":"osm","name":null,"fee":null,"charge":null,"access":"customers","wheelchair":"yes","opening_hours":null,"operator":null,"description":null,"password":null}},{"type":"Feature","geometry":{"type":"Point","coordinates":[14.4256312,50.0852911]},"properties":{"id":"node/10120638940","source":"osm","name":null,"fee":"yes","charge":null,"access":"customers","wheelchair":"yes","opening_hours":null,"operator":null,"description":null,"password":null}},{"type":"Feature","geometry":{"type":"Point","coordinates":[14.4316135,50.1057057]},"properties":{"id":"node/10120638945","source":"osm","name":null,"fee":null,"charge":null,"access":"customers","wheelchair":"limited","opening_hours":null,"operator":null,"description":null,"password":null}},{"type":"Feature","geometry":{"type":"Point","coordinates":[14.557796,50.0972965]},"properties":{"id":"node/10124858331","source":"osm","name":null,"fee":"no","charge":null,"access":"yes","wheelchair":"no","opening_hours":null,"operator":"WC Servis","description":"Klasické 2x TOITOI budky","password":null}},{"type":"Feature","geometry":{"type":"Point","coordinates":[14.4330626,50.0834702]},"properties":{"id":"node/10130034730","source":"osm","name":null,"fee":"no","charge":null,"access":null,"wheelchair":"no","opening_hours":null,"operator":null,"description":null,"password":null}},{"type":"Feature","geometry":{"type":"Point","coordinates":[14.423657,50.0875008]},"properties":{"id":"node/10135589717","source":"osm","name":null,"fee":null,"charge":null,"access":null,"wheelchair":null,"opening_hours":null,"operator":null,"description":null,"password":null}},{"type":"Feature","geometry":{"type":"Point","coordinates":[14.3471537,50.0510746]},"properties":{"id":"node/10156501829","source":"osm","name":null,"fee":null,"charge":null,"access":"customers","wheelchair":null,"opening_hours":null,"operator":null,"description":null,"password":null}},{"type":"Feature","geometry":{"type":"Point","coordinates":[14.4014025,50.0888956]},"properties":{"id":"node/10169524917","source":"osm","name":null,"fee":null,"charge":null,"access":null,"wheelchair":null,"opening_hours":"24/7","operator":null,"description":null,"password":null}},{"type":"Feature","geometry":{"type":"Point","coordinates":[14.3625641,50.0851671]},"properties":{"id":"node/10189205365","source":"osm","name":null,"fee":"yes","charge":null,"access":"yes","wheelchair":null,"opening_hours":null,"operator":null,"description":null,"password":null}},{"type":"Feature","geometry":{"type":"Point","coordinates":[14.4396374,50.0893004]},"properties":{"id":"node/10582772576","source":"osm","name":null,"fee":"yes","charge":null,"access":"yes","wheelchair":"yes","opening_hours":null,"operator":null,"description":null,"password":null}},{"type":"Feature","geometry":{"type":"Point","coordinates":[14.4140568,50.0943181]},"properties":{"id":"node/10592265210","source":"osm","name":null,"fee":"no","charge":null,"access":null,"wheelchair":"no","opening_hours":"24/7","operator":null,"description":null,"password":null}},{"type":"Feature","geometry":{"type":"Point","coordinates":[14.4673192,50.0784187]},"properties":{"id":"node/10596271720","source":"osm","name":null,"fee":null,"charge":null,"access":"yes","wheelchair":null,"opening_hours":null,"operator":null,"description":null,"password":null}},{"type":"Feature","geometry":{"type":"Point","coordinates":[14.4049582,50.0939714]},"properties":{"id":"node/10614256358","source":"osm","name":null,"fee":"no","charge":null,"access":null,"wheelchair":"yes","opening_hours":null,"operator":null,"description":null,"password":null}},{"type":"Feature","geometry":{"type":"Point","coordinates":[14.5321862,50.0292066]},"properties":{"id":"node/10725507608","source":"osm","name":null,"fee":"no","charge":null,"access":null,"wheelchair":null,"opening_hours":"Mo-Su 06:30-22:00","operator":null,"description":"dixie klo, without toilet paper","password":null}},{"type":"Feature","geometry":{"type":"Point","coordinates":[14.3906749,50.1041601]},"properties":{"id":"node/10766946024","source":"osm","name":null,"fee":"no","charge":null,"access":"yes","wheelchair":"yes","opening_hours":null,"operator":null,"description":null,"password":null}},{"type":"Feature","geometry":{"type":"Point","coordinates":[14.3906901,50.1041521]},"properties":{"id":"node/10767892560","source":"osm","name":null,"fee":"no","charge":null,"access":"yes","wheelchair":"yes","opening_hours":null,"operator":null,"description":null,"password":null}},{"type":"Feature","geometry":{"type":"Point","coordinates":[14.3907061,50.1041441]},"properties":{"id":"node/10767892561","source":"osm","name":null,"fee":"no","charge":null,"access":"yes","wheelchair":"yes","opening_hours":null,"operator":null,"description":null,"password":null}},{"type":"Feature","geometry":{"type":"Point","coordinates":[14.3907213,50.1041359]},"properties":{"id":"node/10767892562","source":"osm","name":null,"fee":"no","charge":null,"access":"yes","wheelchair":"yes","opening_hours":null,"operator":null,"description":null,"password":null}},{"type":"Feature","geometry":{"type":"Point","coordinates":[14.4914409,50.0232065]},"properties":{"id":"node/10837652465","source":"osm","name":null,"fee":null,"charge":null,"access":null,"wheelchair":null,"opening_hours":null,"operator":null,"description":null,"password":null}},{"type":"Feature","geometry":{"type":"Point","coordinates":[14.4977289,50.1119982]},"properties":{"id":"node/10961791116","source":"osm","name":null,"fee":"yes","charge":"10.00 CZK","access":"yes","wheelchair":"yes","opening_hours":"Mo-Su 04:15-01:00","operator":null,"description":null,"password":null}},{"type":"Feature","geometry":{"type":"Point","coordinates":[14.5291983,50.0314076]},"properties":{"id":"node/10996660376","source":"osm","name":null,"fee":"yes","charge":"10 CZK or 0,50€","access":"yes","wheelchair":null,"opening_hours":null,"operator":null,"description":"in Mc Donalds, clean toilet","password":null}},{"type":"Feature","geometry":{"type":"Point","coordinates":[14.4249363,50.0858524]},"properties":{"id":"node/11036648978","source":"osm","name":null,"fee":"yes","charge":"20 CZK","access":"yes","wheelchair":"yes","opening_hours":null,"operator":"WC","description":null,"password":null}},{"type":"Feature","geometry":{"type":"Point","coordinates":[14.4129064,50.0822925]},"properties":{"id":"node/11138811152","source":"osm","name":null,"fee":null,"charge":null,"access":null,"wheelchair":null,"opening_hours":null,"operator":null,"description":null,"password":null}},{"type":"Feature","geometry":{"type":"Point","coordinates":[14.6140031,49.9997435]},"properties":{"id":"node/11252715550","source":"osm","name":null,"fee":null,"charge":null,"access":"yes","wheelchair":"no","opening_hours":null,"operator":null,"description":null,"password":null}},{"type":"Feature","geometry":{"type":"Point","coordinates":[14.4478998,50.1091838]},"properties":{"id":"node/11266317555","source":"osm","name":null,"fee":"no","charge":null,"access":null,"wheelchair":"yes","opening_hours":null,"operator":null,"description":null,"password":null}},{"type":"Feature","geometry":{"type":"Point","coordinates":[14.4492834,50.102058]},"properties":{"id":"node/11279288469","source":"osm","name":null,"fee":"yes","charge":null,"access":"customers","wheelchair":"yes","opening_hours":"We-Mo 09:00-22:00; Tu 09:00-15:00","operator":null,"description":null,"password":null}},{"type":"Feature","geometry":{"type":"Point","coordinates":[14.3316083,50.0436528]},"properties":{"id":"node/11337740855","source":"osm","name":null,"fee":"no","charge":null,"access":"yes","wheelchair":"no","opening_hours":"Mo-Su 09:00-21:00","operator":null,"description":null,"password":null}},{"type":"Feature","geometry":{"type":"Point","coordinates":[14.5173589,50.0252468]},"properties":{"id":"node/11379842478","source":"osm","name":null,"fee":"no","charge":null,"access":"yes","wheelchair":null,"opening_hours":"09:00-19:00","operator":null,"description":null,"password":null}},{"type":"Feature","geometry":{"type":"Point","coordinates":[14.574637,50.1010164]},"properties":{"id":"node/11784534299","source":"osm","name":null,"fee":null,"charge":null,"access":null,"wheelchair":null,"opening_hours":null,"operator":null,"description":null,"password":null}},{"type":"Feature","geometry":{"type":"Point","coordinates":[14.574641,50.1010256]},"properties":{"id":"node/11784534300","source":"osm","name":null,"fee":null,"charge":null,"access":null,"wheelchair":null,"opening_hours":null,"operator":null,"description":null,"password":null}},{"type":"Feature","geometry":{"type":"Point","coordinates":[14.4914949,50.1092126]},"properties":{"id":"node/11800207696","source":"osm","name":null,"fee":null,"charge":null,"access":null,"wheelchair":null,"opening_hours":null,"operator":null,"description":null,"password":null}},{"type":"Feature","geometry":{"type":"Point","coordinates":[14.5029424,50.1366338]},"properties":{"id":"node/11916526780","source":"osm","name":null,"fee":"no","charge":null,"access":null,"wheelchair":null,"opening_hours":"Mo-Su 09:00-21:00","operator":null,"description":null,"password":null}},{"type":"Feature","geometry":{"type":"Point","coordinates":[14.4177924,50.1278859]},"properties":{"id":"node/11953716881","source":"osm","name":null,"fee":"no","charge":null,"access":"yes","wheelchair":"yes","opening_hours":null,"operator":null,"description":null,"password":null}},{"type":"Feature","geometry":{"type":"Point","coordinates":[14.440816,50.1084965]},"properties":{"id":"node/12000900970","source":"osm","name":null,"fee":"yes","charge":null,"access":null,"wheelchair":"yes","opening_hours":"Mo-Fr 06:00-21:00; Sa-Su 08:00-20:00","operator":null,"description":null,"password":null}},{"type":"Feature","geometry":{"type":"Point","coordinates":[14.3297614,50.0476699]},"properties":{"id":"node/12026347070","source":"osm","name":null,"fee":null,"charge":null,"access":null,"wheelchair":null,"opening_hours":"24/7","operator":null,"description":null,"password":null}},{"type":"Feature","geometry":{"type":"Point","coordinates":[14.5829498,50.0888292]},"properties":{"id":"node/12051597136","source":"osm","name":null,"fee":"no","charge":null,"access":"customers","wheelchair":null,"opening_hours":null,"operator":null,"description":null,"password":null}},{"type":"Feature","geometry":{"type":"Point","coordinates":[14.582988,50.0888391]},"properties":{"id":"node/12051597151","source":"osm","name":null,"fee":null,"charge":null,"access":"customers","wheelchair":null,"opening_hours":null,"operator":null,"description":null,"password":null}},{"type":"Feature","geometry":{"type":"Point","coordinates":[14.2840377,50.044037]},"properties":{"id":"node/12070225295","source":"osm","name":null,"fee":null,"charge":null,"access":null,"wheelchair":null,"opening_hours":null,"operator":null,"description":null,"password":null}},{"type":"Feature","geometry":{"type":"Point","coordinates":[14.4941584,50.0601306]},"properties":{"id":"node/12075425239","source":"osm","name":null,"fee":null,"charge":null,"access":"customers","wheelchair":"no","opening_hours":null,"operator":null,"description":null,"password":null}},{"type":"Feature","geometry":{"type":"Point","coordinates":[14.297676,50.0496033]},"properties":{"id":"node/12129447902","source":"osm","name":null,"fee":null,"charge":null,"access":"yes","wheelchair":null,"opening_hours":null,"operator":null,"description":null,"password":null}},{"type":"Feature","geometry":{"type":"Point","coordinates":[14.4255613,50.084919]},"properties":{"id":"node/12130789807","source":"osm","name":null,"fee":"yes","charge":"0.5cz","access":"yes","wheelchair":null,"opening_hours":null,"operator":null,"description":null,"password":null}},{"type":"Feature","geometry":{"type":"Point","coordinates":[14.4440668,50.0964547]},"properties":{"id":"node/12149786901","source":"osm","name":null,"fee":null,"charge":null,"access":null,"wheelchair":null,"opening_hours":"Mo-Su 14:00-21:00","operator":null,"description":null,"password":null}},{"type":"Feature","geometry":{"type":"Point","coordinates":[14.3639948,49.9854226]},"properties":{"id":"node/12229500905","source":"osm","name":null,"fee":"yes","charge":"10","access":"yes","wheelchair":"yes","opening_hours":"24/7","operator":null,"description":null,"password":null}},{"type":"Feature","geometry":{"type":"Point","coordinates":[14.4489223,50.1016335]},"properties":{"id":"node/12246051348","source":"osm","name":null,"fee":"no","charge":null,"access":"permissive","wheelchair":"limited","opening_hours":null,"operator":null,"description":null,"password":null}},{"type":"Feature","geometry":{"type":"Point","coordinates":[14.4164255,50.0884334]},"properties":{"id":"node/12451357252","source":"osm","name":null,"fee":"yes","charge":"10CZK","access":null,"wheelchair":"no","opening_hours":"Mo-Fr 06:00-21:00; Sa, Su 08:00-21:00","operator":null,"description":null,"password":null}},{"type":"Feature","geometry":{"type":"Point","coordinates":[14.3841699,50.1161708]},"properties":{"id":"node/12486413212","source":"osm","name":null,"fee":"yes","charge":null,"access":null,"wheelchair":"yes","opening_hours":null,"operator":null,"description":null,"password":null}},{"type":"Feature","geometry":{"type":"Point","coordinates":[14.5192363,50.1067249]},"properties":{"id":"node/12492460239","source":"osm","name":"Café Park Zahrádky","fee":null,"charge":null,"access":null,"wheelchair":"yes","opening_hours":null,"operator":null,"description":null,"password":null}},{"type":"Feature","geometry":{"type":"Point","coordinates":[14.3994326,50.0971209]},"properties":{"id":"node/12549085444","source":"osm","name":null,"fee":"yes","charge":"10 CZK","access":null,"wheelchair":null,"opening_hours":"Mo-Su 04:30-01:00","operator":null,"description":null,"password":null}},{"type":"Feature","geometry":{"type":"Point","coordinates":[14.470038,50.0562315]},"properties":{"id":"node/12625443182","source":"osm","name":null,"fee":null,"charge":null,"access":null,"wheelchair":null,"opening_hours":null,"operator":null,"description":null,"password":null}},{"type":"Feature","geometry":{"type":"Point","coordinates":[14.3206086,50.0441685]},"properties":{"id":"node/12761610116","source":"osm","name":null,"fee":null,"charge":null,"access":"private","wheelchair":"no","opening_hours":null,"operator":null,"description":null,"password":null}},{"type":"Feature","geometry":{"type":"Point","coordinates":[14.3159211,50.042296]},"properties":{"id":"node/12769724926","source":"osm","name":null,"fee":"no","charge":null,"access":"customers","wheelchair":"limited","opening_hours":null,"operator":null,"description":null,"password":null}},{"type":"Feature","geometry":{"type":"Point","coordinates":[14.3339358,50.0949656]},"properties":{"id":"node/12772620638","source":"osm","name":null,"fee":null,"charge":null,"access":null,"wheelchair":null,"opening_hours":null,"operator":null,"description":null,"password":null}},{"type":"Feature","geometry":{"type":"Point","coordinates":[14.4997048,50.1198345]},"properties":{"id":"node/12776459424","source":"osm","name":null,"fee":"yes","charge":null,"access":null,"wheelchair":null,"opening_hours":null,"operator":null,"description":null,"password":null}},{"type":"Feature","geometry":{"type":"Point","coordinates":[14.266279,50.1082903]},"properties":{"id":"node/12791559275","source":"osm","name":null,"fee":"no","charge":null,"access":null,"wheelchair":"limited","opening_hours":null,"operator":null,"description":null,"password":null}},{"type":"Feature","geometry":{"type":"Point","coordinates":[14.4734132,50.0922536]},"properties":{"id":"node/12851874629","source":"osm","name":null,"fee":null,"charge":null,"access":"customers","wheelchair":null,"opening_hours":null,"operator":null,"description":null,"password":null}},{"type":"Feature","geometry":{"type":"Point","coordinates":[14.4353664,50.0857203]},"properties":{"id":"node/12857367746","source":"osm","name":null,"fee":"no","charge":null,"access":"yes","wheelchair":"limited","opening_hours":"24/7","operator":null,"description":null,"password":null}},{"type":"Feature","geometry":{"type":"Point","coordinates":[14.4169388,50.1224168]},"properties":{"id":"node/12876569373","source":"osm","name":null,"fee":"no","charge":null,"access":null,"wheelchair":null,"opening_hours":null,"operator":null,"description":null,"password":null}},{"type":"Feature","geometry":{"type":"Point","coordinates":[14.4224475,50.1056935]},"properties":{"id":"node/12944617941","source":"osm","name":null,"fee":"no","charge":null,"access":null,"wheelchair":"limited","opening_hours":null,"operator":null,"description":null,"password":null}},{"type":"Feature","geometry":{"type":"Point","coordinates":[14.4040228,50.0857378]},"properties":{"id":"node/12949117931","source":"osm","name":null,"fee":"yes","charge":null,"access":"yes","wheelchair":"no","opening_hours":null,"operator":null,"description":null,"password":null}},{"type":"Feature","geometry":{"type":"Point","coordinates":[14.6586661,50.0781195]},"properties":{"id":"node/12985469719","source":"osm","name":null,"fee":"no","charge":null,"access":"yes","wheelchair":"yes","opening_hours":null,"operator":null,"description":null,"password":null}},{"type":"Feature","geometry":{"type":"Point","coordinates":[14.4398471,50.0999056]},"properties":{"id":"node/13041961138","source":"osm","name":null,"fee":"yes","charge":null,"access":null,"wheelchair":null,"opening_hours":null,"operator":null,"description":null,"password":null}},{"type":"Feature","geometry":{"type":"Point","coordinates":[14.4375744,50.0985711]},"properties":{"id":"node/13072858410","source":"osm","name":null,"fee":null,"charge":null,"access":null,"wheelchair":"no","opening_hours":null,"operator":null,"description":null,"password":null}},{"type":"Feature","geometry":{"type":"Point","coordinates":[14.444689,50.0874876]},"properties":{"id":"node/13082415278","source":"osm","name":null,"fee":"no","charge":null,"access":null,"wheelchair":null,"opening_hours":null,"operator":null,"description":null,"password":null}},{"type":"Feature","geometry":{"type":"Point","coordinates":[14.3954587,50.0909786]},"properties":{"id":"node/13086596988","source":"osm","name":null,"fee":"no","charge":null,"access":null,"wheelchair":"no","opening_hours":null,"operator":null,"description":null,"password":null}},{"type":"Feature","geometry":{"type":"Point","coordinates":[14.3847386,50.0856514]},"properties":{"id":"node/13087308348","source":"osm","name":null,"fee":"no","charge":null,"access":null,"wheelchair":null,"opening_hours":null,"operator":null,"description":null,"password":null}},{"type":"Feature","geometry":{"type":"Point","coordinates":[14.2666415,50.1047736]},"properties":{"id":"node/13089296599","source":"osm","name":null,"fee":"no","charge":null,"access":null,"wheelchair":null,"opening_hours":null,"operator":null,"description":null,"password":null}},{"type":"Feature","geometry":{"type":"Point","coordinates":[14.5770623,50.0866562]},"properties":{"id":"node/13094466087","source":"osm","name":null,"fee":null,"charge":null,"access":null,"wheelchair":null,"opening_hours":null,"operator":null,"description":null,"password":null}},{"type":"Feature","geometry":{"type":"Point","coordinates":[14.375383,50.1306221]},"properties":{"id":"node/13236253251","source":"osm","name":null,"fee":null,"charge":null,"access":"unknown","wheelchair":null,"opening_hours":null,"operator":null,"description":null,"password":null}},{"type":"Feature","geometry":{"type":"Point","coordinates":[14.375368,50.1306906]},"properties":{"id":"node/13236253252","source":"osm","name":null,"fee":null,"charge":null,"access":"unknown","wheelchair":null,"opening_hours":null,"operator":null,"description":null,"password":null}},{"type":"Feature","geometry":{"type":"Point","coordinates":[14.4498499,50.0884283]},"properties":{"id":"node/13251887385","source":"osm","name":null,"fee":"no","charge":null,"access":null,"wheelchair":null,"opening_hours":"Mo-Su 10:00-18:00","operator":null,"description":null,"password":null}},{"type":"Feature","geometry":{"type":"Point","coordinates":[14.4731423,50.0039672]},"properties":{"id":"node/13443983201","source":"osm","name":null,"fee":null,"charge":null,"access":null,"wheelchair":null,"opening_hours":null,"operator":null,"description":null,"password":null}},{"type":"Feature","geometry":{"type":"Point","coordinates":[14.4732579,50.003514]},"properties":{"id":"node/13443994001","source":"osm","name":null,"fee":null,"charge":null,"access":null,"wheelchair":null,"opening_hours":null,"operator":null,"description":null,"password":null}},{"type":"Feature","geometry":{"type":"Point","coordinates":[14.4500793,50.0874515]},"properties":{"id":"node/13457938201","source":"osm","name":null,"fee":null,"charge":null,"access":null,"wheelchair":null,"opening_hours":null,"operator":null,"description":null,"password":null}},{"type":"Feature","geometry":{"type":"Point","coordinates":[14.3860925,50.1069096]},"properties":{"id":"node/13483175912","source":"osm","name":null,"fee":null,"charge":null,"access":null,"wheelchair":null,"opening_hours":null,"operator":null,"description":null,"password":null}},{"type":"Feature","geometry":{"type":"Point","coordinates":[14.3773535,50.0378429]},"properties":{"id":"node/13563612563","source":"osm","name":null,"fee":null,"charge":null,"access":"customers","wheelchair":null,"opening_hours":null,"operator":null,"description":null,"password":null}},{"type":"Feature","geometry":{"type":"Point","coordinates":[14.3536732,50.0473796]},"properties":{"id":"node/13566859669","source":"osm","name":null,"fee":"no","charge":null,"access":null,"wheelchair":"yes","opening_hours":null,"operator":null,"description":null,"password":null}},{"type":"Feature","geometry":{"type":"Point","coordinates":[14.5024005,50.0388157]},"properties":{"id":"node/13626290138","source":"osm","name":null,"fee":null,"charge":null,"access":null,"wheelchair":null,"opening_hours":null,"operator":null,"description":null,"password":null}},{"type":"Feature","geometry":{"type":"Point","coordinates":[14.3109847,50.0921462]},"properties":{"id":"node/13630253611","source":"osm","name":null,"fee":"no","charge":null,"access":null,"wheelchair":"yes","opening_hours":null,"operator":null,"description":null,"password":null}},{"type":"Feature","geometry":{"type":"Point","coordinates":[14.310584,50.092076]},"properties":{"id":"node/13647829903","source":"osm","name":null,"fee":null,"charge":null,"access":null,"wheelchair":null,"opening_hours":null,"operator":null,"description":null,"password":null}},{"type":"Feature","geometry":{"type":"Point","coordinates":[14.4584916,50.0849036]},"properties":{"id":"node/13794926768","source":"osm","name":null,"fee":null,"charge":null,"access":"yes","wheelchair":null,"opening_hours":null,"operator":null,"description":null,"password":null}},{"type":"Feature","geometry":{"type":"Point","coordinates":[14.5417711,50.0747231]},"properties":{"id":"node/13827203564","source":"osm","name":null,"fee":"no","charge":null,"access":null,"wheelchair":null,"opening_hours":null,"operator":null,"description":null,"password":null}},{"type":"Feature","geometry":{"type":"Point","coordinates":[14.443012,50.0806224]},"properties":{"id":"node/13852824936","source":"osm","name":null,"fee":"no","charge":null,"access":"yes","wheelchair":null,"opening_hours":null,"operator":null,"description":null,"password":null}},{"type":"Feature","geometry":{"type":"Point","coordinates":[14.4420916,50.0445478]},"properties":{"id":"node/13860634945","source":"osm","name":null,"fee":null,"charge":null,"access":"yes","wheelchair":null,"opening_hours":null,"operator":"Toi Toi","description":null,"password":null}},{"type":"Feature","geometry":{"type":"Point","coordinates":[14.4990456,50.0347206]},"properties":{"id":"node/13888381476","source":"osm","name":null,"fee":"no","charge":null,"access":null,"wheelchair":"yes","opening_hours":"Tu-Su 13:00-19:00","operator":null,"description":null,"password":null}},{"type":"Feature","geometry":{"type":"Point","coordinates":[14.4566933,50.0305928]},"properties":{"id":"node/13919475944","source":"osm","name":null,"fee":"no","charge":null,"access":null,"wheelchair":null,"opening_hours":null,"operator":null,"description":null,"password":null}},{"type":"Feature","geometry":{"type":"Point","coordinates":[14.5169691,50.1316051]},"properties":{"id":"node/13920656356","source":"osm","name":null,"fee":"no","charge":null,"access":null,"wheelchair":null,"opening_hours":null,"operator":null,"description":null,"password":null}},{"type":"Feature","geometry":{"type":"Point","coordinates":[14.6768958,50.0688198]},"properties":{"id":"node/13929821698","source":"osm","name":null,"fee":"no","charge":null,"access":"yes","wheelchair":"no","opening_hours":null,"operator":null,"description":null,"password":null}},{"type":"Feature","geometry":{"type":"Point","coordinates":[14.3928347,50.0619483]},"properties":{"id":"node/14004373013","source":"osm","name":null,"fee":null,"charge":null,"access":"permit","wheelchair":null,"opening_hours":null,"operator":null,"description":null,"password":null}},{"type":"Feature","geometry":{"type":"Point","coordinates":[14.360221,50.0389728]},"properties":{"id":"node/14049227070","source":"osm","name":null,"fee":null,"charge":null,"access":null,"wheelchair":null,"opening_hours":null,"operator":null,"description":null,"password":null}},{"type":"Feature","geometry":{"type":"Point","coordinates":[14.2627563,50.1067793]},"properties":{"id":"node/14084899002","source":"osm","name":null,"fee":"no","charge":null,"access":null,"wheelchair":"yes","opening_hours":null,"operator":null,"description":null,"password":null}},{"type":"Feature","geometry":{"type":"Point","coordinates":[14.2640335,50.1059902]},"properties":{"id":"node/14084899014","source":"osm","name":null,"fee":"no","charge":null,"access":null,"wheelchair":"yes","opening_hours":null,"operator":null,"description":null,"password":null}},{"type":"Feature","geometry":{"type":"Point","coordinates":[14.3321109,50.097254]},"properties":{"id":"way/29984428","source":"osm","name":null,"fee":"no","charge":null,"access":"customers","wheelchair":"no","opening_hours":null,"operator":null,"description":null,"password":null}},{"type":"Feature","geometry":{"type":"Point","coordinates":[14.4034988,50.0791809]},"properties":{"id":"way/30747928","source":"osm","name":null,"fee":"no","charge":null,"access":"yes","wheelchair":"yes","opening_hours":null,"operator":null,"description":null,"password":null}},{"type":"Feature","geometry":{"type":"Point","coordinates":[14.4088393,50.1151972]},"properties":{"id":"way/43285124","source":"osm","name":null,"fee":"no","charge":null,"access":"customers","wheelchair":"yes","opening_hours":null,"operator":null,"description":null,"password":null}},{"type":"Feature","geometry":{"type":"Point","coordinates":[14.4583582,50.0844166]},"properties":{"id":"way/108275247","source":"osm","name":null,"fee":"no","charge":null,"access":"yes","wheelchair":"yes","opening_hours":null,"operator":null,"description":null,"password":null}},{"type":"Feature","geometry":{"type":"Point","coordinates":[14.4093428,50.1178302]},"properties":{"id":"way/112290363","source":"osm","name":null,"fee":"no","charge":null,"access":"customers","wheelchair":"yes","opening_hours":null,"operator":null,"description":null,"password":null}},{"type":"Feature","geometry":{"type":"Point","coordinates":[14.4104108,50.1157085]},"properties":{"id":"way/113526103","source":"osm","name":null,"fee":"no","charge":null,"access":"customers","wheelchair":"yes","opening_hours":null,"operator":null,"description":null,"password":null}},{"type":"Feature","geometry":{"type":"Point","coordinates":[14.5417881,50.0373421]},"properties":{"id":"way/142305528","source":"osm","name":null,"fee":null,"charge":null,"access":null,"wheelchair":null,"opening_hours":null,"operator":null,"description":null,"password":null}},{"type":"Feature","geometry":{"type":"Point","coordinates":[14.394441,50.0831531]},"properties":{"id":"way/155743944","source":"osm","name":null,"fee":"yes","charge":"1 EUR/person;20 CZK/person","access":"yes","wheelchair":"yes","opening_hours":"Apr-Oct: Mo-Su,PH 09:15-20:00; Nov-Mar: Mo-Su,PH 09:15-18:00","operator":null,"description":null,"password":null}},{"type":"Feature","geometry":{"type":"Point","coordinates":[14.4312389,50.1060651]},"properties":{"id":"way/160218624","source":"osm","name":null,"fee":null,"charge":null,"access":null,"wheelchair":null,"opening_hours":null,"operator":null,"description":null,"password":null}},{"type":"Feature","geometry":{"type":"Point","coordinates":[14.3971244,50.0776905]},"properties":{"id":"way/268457490","source":"osm","name":null,"fee":"no","charge":null,"access":"yes","wheelchair":"yes","opening_hours":null,"operator":null,"description":null,"password":null}},{"type":"Feature","geometry":{"type":"Point","coordinates":[14.2699291,50.108683]},"properties":{"id":"way/371402648","source":"osm","name":null,"fee":"no","charge":null,"access":"yes","wheelchair":"yes","opening_hours":null,"operator":null,"description":null,"password":null}},{"type":"Feature","geometry":{"type":"Point","coordinates":[14.4468352,50.0928674]},"properties":{"id":"way/419267428","source":"osm","name":null,"fee":"yes","charge":null,"access":null,"wheelchair":"yes","opening_hours":null,"operator":null,"description":null,"password":null}},{"type":"Feature","geometry":{"type":"Point","coordinates":[14.4270299,50.1071848]},"properties":{"id":"way/487682038","source":"osm","name":null,"fee":null,"charge":null,"access":"customers","wheelchair":null,"opening_hours":null,"operator":null,"description":null,"password":null}},{"type":"Feature","geometry":{"type":"Point","coordinates":[14.3890307,50.104557]},"properties":{"id":"way/502108426","source":"osm","name":null,"fee":null,"charge":null,"access":"private","wheelchair":null,"opening_hours":null,"operator":null,"description":null,"password":null}},{"type":"Feature","geometry":{"type":"Point","coordinates":[14.3890482,50.1045704]},"properties":{"id":"way/502108427","source":"osm","name":null,"fee":"no","charge":null,"access":"yes","wheelchair":null,"opening_hours":null,"operator":null,"description":null,"password":null}},{"type":"Feature","geometry":{"type":"Point","coordinates":[14.389093,50.1045239]},"properties":{"id":"way/502108430","source":"osm","name":null,"fee":null,"charge":null,"access":"private","wheelchair":null,"opening_hours":null,"operator":null,"description":null,"password":null}},{"type":"Feature","geometry":{"type":"Point","coordinates":[14.3891045,50.1045409]},"properties":{"id":"way/502108431","source":"osm","name":null,"fee":"no","charge":null,"access":"yes","wheelchair":null,"opening_hours":null,"operator":null,"description":null,"password":null}},{"type":"Feature","geometry":{"type":"Point","coordinates":[14.4248003,50.1080657]},"properties":{"id":"way/826263709","source":"osm","name":null,"fee":"no","charge":null,"access":null,"wheelchair":null,"opening_hours":null,"operator":null,"description":null,"password":null}},{"type":"Feature","geometry":{"type":"Point","coordinates":[14.4407373,50.0889111]},"properties":{"id":"way/851815922","source":"osm","name":null,"fee":"yes","charge":null,"access":"yes","wheelchair":"no","opening_hours":"Mo-Su 00:00-00:00","operator":null,"description":null,"password":null}},{"type":"Feature","geometry":{"type":"Point","coordinates":[14.4812019,50.081266]},"properties":{"id":"way/894682101","source":"osm","name":null,"fee":null,"charge":null,"access":"permissive","wheelchair":"yes","opening_hours":null,"operator":null,"description":null,"password":null}},{"type":"Feature","geometry":{"type":"Point","coordinates":[14.4857165,50.0713617]},"properties":{"id":"way/919070693","source":"osm","name":null,"fee":"yes","charge":"5 CZK","access":"yes","wheelchair":"no","opening_hours":"24/7","operator":"JCDecaux","description":"wc v sloupu","password":null}},{"type":"Feature","geometry":{"type":"Point","coordinates":[14.4320604,50.0753253]},"properties":{"id":"way/923078889","source":"osm","name":null,"fee":"yes","charge":"5 CZK","access":null,"wheelchair":"no","opening_hours":null,"operator":null,"description":null,"password":null}},{"type":"Feature","geometry":{"type":"Point","coordinates":[14.4328645,50.0875209]},"properties":{"id":"way/1007391006","source":"osm","name":null,"fee":"yes","charge":null,"access":"yes","wheelchair":"yes","opening_hours":null,"operator":null,"description":null,"password":null}},{"type":"Feature","geometry":{"type":"Point","coordinates":[14.3898575,50.1050091]},"properties":{"id":"way/1114904980","source":"osm","name":null,"fee":"no","charge":null,"access":null,"wheelchair":"yes","opening_hours":null,"operator":null,"description":null,"password":null}},{"type":"Feature","geometry":{"type":"Point","coordinates":[14.3899332,50.1050664]},"properties":{"id":"way/1114904981","source":"osm","name":null,"fee":"no","charge":null,"access":null,"wheelchair":"yes","opening_hours":null,"operator":null,"description":null,"password":null}},{"type":"Feature","geometry":{"type":"Point","coordinates":[14.389515,50.1050934]},"properties":{"id":"way/1115005653","source":"osm","name":null,"fee":"no","charge":null,"access":null,"wheelchair":"yes","opening_hours":null,"operator":null,"description":null,"password":null}},{"type":"Feature","geometry":{"type":"Point","coordinates":[14.3895658,50.1050642]},"properties":{"id":"way/1115005654","source":"osm","name":null,"fee":"no","charge":null,"access":null,"wheelchair":"yes","opening_hours":null,"operator":null,"description":null,"password":null}},{"type":"Feature","geometry":{"type":"Point","coordinates":[14.3896243,50.1050586]},"properties":{"id":"way/1115005658","source":"osm","name":null,"fee":"no","charge":null,"access":null,"wheelchair":"yes","opening_hours":null,"operator":null,"description":null,"password":null}},{"type":"Feature","geometry":{"type":"Point","coordinates":[14.4108935,49.9911212]},"properties":{"id":"way/1145144624","source":"osm","name":"PID Záchody","fee":null,"charge":null,"access":null,"wheelchair":null,"opening_hours":null,"operator":null,"description":null,"password":null}},{"type":"Feature","geometry":{"type":"Point","coordinates":[14.6861382,50.0979237]},"properties":{"id":"way/1146120829","source":"osm","name":null,"fee":null,"charge":null,"access":null,"wheelchair":null,"opening_hours":null,"operator":null,"description":null,"password":null}},{"type":"Feature","geometry":{"type":"Point","coordinates":[14.3889572,50.104544]},"properties":{"id":"way/1162756957","source":"osm","name":null,"fee":"no","charge":null,"access":null,"wheelchair":null,"opening_hours":null,"operator":null,"description":null,"password":null}},{"type":"Feature","geometry":{"type":"Point","coordinates":[14.3890675,50.1045629]},"properties":{"id":"way/1162756958","source":"osm","name":null,"fee":"no","charge":null,"access":null,"wheelchair":null,"opening_hours":null,"operator":null,"description":null,"password":null}},{"type":"Feature","geometry":{"type":"Point","coordinates":[14.4412814,50.0827044]},"properties":{"id":"way/1175138777","source":"osm","name":null,"fee":"no","charge":null,"access":null,"wheelchair":"yes","opening_hours":null,"operator":null,"description":null,"password":null}},{"type":"Feature","geometry":{"type":"Point","coordinates":[14.4412586,50.0826334]},"properties":{"id":"way/1175138778","source":"osm","name":null,"fee":"no","charge":null,"access":null,"wheelchair":"yes","opening_hours":null,"operator":null,"description":null,"password":null}},{"type":"Feature","geometry":{"type":"Point","coordinates":[14.4436093,50.0904995]},"properties":{"id":"way/1193641307","source":"osm","name":null,"fee":null,"charge":null,"access":null,"wheelchair":null,"opening_hours":null,"operator":null,"description":null,"password":null}},{"type":"Feature","geometry":{"type":"Point","coordinates":[14.4547553,50.0806221]},"properties":{"id":"way/1266307407","source":"osm","name":null,"fee":"no","charge":null,"access":null,"wheelchair":"yes","opening_hours":null,"operator":null,"description":null,"password":null}},{"type":"Feature","geometry":{"type":"Point","coordinates":[14.4908066,50.1255106]},"properties":{"id":"way/1279445796","source":"osm","name":null,"fee":"no","charge":null,"access":null,"wheelchair":"yes","opening_hours":"\"Otevřeno během provozní doby bistra\"","operator":null,"description":null,"password":null}},{"type":"Feature","geometry":{"type":"Point","coordinates":[14.4555557,50.0776266]},"properties":{"id":"way/1303339345","source":"osm","name":null,"fee":"yes","charge":null,"access":"yes","wheelchair":"yes","opening_hours":"24/7","operator":null,"description":null,"password":null}},{"type":"Feature","geometry":{"type":"Point","coordinates":[14.5129237,50.1048188]},"properties":{"id":"way/1309356942","source":"osm","name":null,"fee":"no","charge":null,"access":"customers","wheelchair":null,"opening_hours":null,"operator":null,"description":null,"password":null}},{"type":"Feature","geometry":{"type":"Point","coordinates":[14.4978106,50.0694901]},"properties":{"id":"way/1325736966","source":"osm","name":null,"fee":null,"charge":null,"access":"private","wheelchair":null,"opening_hours":null,"operator":null,"description":null,"password":null}},{"type":"Feature","geometry":{"type":"Point","coordinates":[14.4968473,50.0693485]},"properties":{"id":"way/1325736967","source":"osm","name":null,"fee":null,"charge":null,"access":"private","wheelchair":null,"opening_hours":null,"operator":null,"description":null,"password":null}},{"type":"Feature","geometry":{"type":"Point","coordinates":[14.4974841,50.0691913]},"properties":{"id":"way/1325736980","source":"osm","name":null,"fee":null,"charge":null,"access":"private","wheelchair":null,"opening_hours":null,"operator":null,"description":null,"password":null}},{"type":"Feature","geometry":{"type":"Point","coordinates":[14.4965997,50.0690034]},"properties":{"id":"way/1325736985","source":"osm","name":null,"fee":null,"charge":null,"access":"private","wheelchair":null,"opening_hours":null,"operator":null,"description":null,"password":null}},{"type":"Feature","geometry":{"type":"Point","coordinates":[14.5073644,50.0571676]},"properties":{"id":"way/1389537844","source":"osm","name":null,"fee":null,"charge":null,"access":"yes","wheelchair":null,"opening_hours":null,"operator":null,"description":null,"password":null}},{"type":"Feature","geometry":{"type":"Point","coordinates":[14.5073214,50.0571683]},"properties":{"id":"way/1389537845","source":"osm","name":null,"fee":null,"charge":null,"access":"yes","wheelchair":null,"opening_hours":null,"operator":null,"description":null,"password":null}},{"type":"Feature","geometry":{"type":"Point","coordinates":[14.4022572,50.1030835]},"properties":{"id":"way/1419641064","source":"osm","name":null,"fee":"yes","charge":"10 CZK","access":null,"wheelchair":null,"opening_hours":"24/7","operator":null,"description":null,"password":null}},{"type":"Feature","geometry":{"type":"Point","coordinates":[14.3965162,50.1042446]},"properties":{"id":"way/1420807107","source":"osm","name":null,"fee":null,"charge":null,"access":null,"wheelchair":null,"opening_hours":null,"operator":null,"description":null,"password":null}},{"type":"Feature","geometry":{"type":"Point","coordinates":[14.496521,50.0559178]},"properties":{"id":"way/1422351462","source":"osm","name":null,"fee":null,"charge":null,"access":null,"wheelchair":null,"opening_hours":null,"operator":null,"description":null,"password":null}},{"type":"Feature","geometry":{"type":"Point","coordinates":[14.4965581,50.0559169]},"properties":{"id":"way/1422351463","source":"osm","name":null,"fee":null,"charge":null,"access":null,"wheelchair":null,"opening_hours":null,"operator":null,"description":null,"password":null}},{"type":"Feature","geometry":{"type":"Point","coordinates":[14.4963285,50.0560061]},"properties":{"id":"way/1444550911","source":"osm","name":null,"fee":null,"charge":null,"access":null,"wheelchair":null,"opening_hours":null,"operator":null,"description":null,"password":null}},{"type":"Feature","geometry":{"type":"Point","coordinates":[14.4963276,50.0559891]},"properties":{"id":"way/1444550912","source":"osm","name":null,"fee":null,"charge":null,"access":null,"wheelchair":null,"opening_hours":null,"operator":null,"description":null,"password":null}},{"type":"Feature","geometry":{"type":"Point","coordinates":[14.4134933,50.0475723]},"properties":{"id":"way/1459003803","source":"osm","name":null,"fee":"no","charge":null,"access":"permissive","wheelchair":null,"opening_hours":null,"operator":null,"description":null,"password":null}},{"type":"Feature","geometry":{"type":"Point","coordinates":[14.3895742,50.0416789]},"properties":{"id":"way/1467525833","source":"osm","name":null,"fee":"no","charge":null,"access":null,"wheelchair":null,"opening_hours":null,"operator":null,"description":null,"password":null}},{"type":"Feature","geometry":{"type":"Point","coordinates":[14.4089137,50.0610902]},"properties":{"id":"way/1533007948","source":"osm","name":null,"fee":null,"charge":null,"access":null,"wheelchair":null,"opening_hours":null,"operator":null,"description":null,"password":null}}]}